"CRN","ARRIVAL_TM","AUTOMOBILE_COUNT","BELTED_DEATH_COUNT","BELTED_SUSP_SERIOUS_INJ_COUNT","BICYCLE_COUNT","BICYCLE_DEATH_COUNT","BICYCLE_SUSP_SERIOUS_INJ_COUNT","BUS_COUNT","CHLDPAS_DEATH_COUNT","CHLDPAS_SUSP_SERIOUS_INJ_COUNT","COLLISION_TYPE","COMM_VEH_COUNT","CONS_ZONE_SPD_LIM","COUNTY","CRASH_MONTH","CRASH_YEAR","DAY_OF_WEEK","DEC_LATITUDE","DEC_LONGITUDE","DISPATCH_TM","DISTRICT","DRIVER_COUNT_16YR","DRIVER_COUNT_17YR","DRIVER_COUNT_18YR","DRIVER_COUNT_19YR","DRIVER_COUNT_20YR","DRIVER_COUNT_50_64YR","DRIVER_COUNT_65_74YR","DRIVER_COUNT_75PLUS","EST_HRS_CLOSED","FATAL_COUNT","HEAVY_TRUCK_COUNT","HORSE_BUGGY_COUNT","HOUR_OF_DAY","ILLUMINATION","INJURY_COUNT","INTERSECTION_RELATED","INTERSECT_TYPE","LANE_CLOSED","LATITUDE","LN_CLOSE_DIR","LOCATION_TYPE","LONGITUDE","MAX_SEVERITY_LEVEL","MCYCLE_DEATH_COUNT","MCYCLE_SUSP_SERIOUS_INJ_COUNT","MOTORCYCLE_COUNT","MUNICIPALITY","NONMOTR_COUNT","NONMOTR_DEATH_COUNT","NONMOTR_SUSP_SERIOUS_INJ_COUNT","NTFY_HIWY_MAINT","PED_COUNT","PED_DEATH_COUNT","PED_SUSP_SERIOUS_INJ_COUNT","PERSON_COUNT","POLICE_AGCY","POSSIBLE_INJ_COUNT","RDWY_SURF_TYPE_CD","RELATION_TO_ROAD","ROADWAY_CLEARED","ROAD_CONDITION","SCH_BUS_IND","SCH_ZONE_IND","SECONDARY_CRASH","SMALL_TRUCK_COUNT","SPEC_JURIS_CD","SUSP_MINOR_INJ_COUNT","SUSP_SERIOUS_INJ_COUNT","SUV_COUNT","TCD_FUNC_CD","TCD_TYPE","TFC_DETOUR_IND","TIME_OF_DAY","TOTAL_UNITS","TOT_INJ_COUNT","UNBELTED_OCC_COUNT","UNB_DEATH_COUNT","UNB_SUSP_SERIOUS_INJ_COUNT","UNK_INJ_DEG_COUNT","UNK_INJ_PER_COUNT","URBAN_RURAL","VAN_COUNT","VEHICLE_COUNT","WEATHER1","WEATHER2","WORKERS_PRES","WORK_ZONE_IND","WORK_ZONE_LOC","WORK_ZONE_TYPE","WZ_CLOSE_DETOUR","WZ_FLAGGER","WZ_LAW_OFFCR_IND","WZ_LN_CLOSURE","WZ_MOVING","WZ_OTHER","WZ_SHLDER_MDN","WZ_WORKERS_INJ_KILLED"
"2012022301","0728","0","0","0","0","0","0","0","0","0","1","0","","02","2","2012","7","40.519726","-80.217799","0725","11","0","0","0","0","0","2","0","0","","0","0","0","","","1","","1","","40 31:11.012","","0","80 13:04.075","8","0","0","0","2213","0","0","0","N","0","0","0","2","02213","0","","1.0","","6","N","N","","1","","0","0","0","","2","","","2","1","0","0","0","1","0","2","1","2","","","","N","","","","","","","","","",""
"2012023408","0708","2","0","0","0","0","0","0","0","0","1","0","","02","2","2012","7","40.441115","-79.961414","0654","11","0","0","0","0","0","2","0","0","2","0","0","0","","","1","","2","","40 26:28.014","5","0","79 57:41.090","8","0","0","0","2301","0","0","0","N","0","0","0","2","02301","0","","1.0","","7","N","N","","0","","0","0","0","","0","Y","","2","1","0","0","0","1","0","2","0","2","","","","N","","","","","","","","","",""
"2012022428","2122","2","0","0","0","0","0","0","0","0","4","0","","02","2","2012","2","40.40785","-79.817703","2117","11","0","0","0","0","0","0","0","0","1","0","0","0","","","0","","1","","40 24:28.260","5","0","79 49:03.730","0","0","0","0","2467","0","0","0","N","0","0","0","2","02467","0","","1.0","","1","N","N","","0","","0","0","0","","0","N","","2","0","1","0","0","0","0","2","0","2","","","","N","","","","","","","","","",""
"2012021537","0214","2","0","0","0","0","0","0","0","0","6","0","","02","2","2012","7","40.453184","-79.891127","0214","11","0","0","0","0","0","1","0","0","","0","0","0","","","0","","1","","40 27:11.462","","0","79 53:28.057","0","0","0","0","2301","0","0","0","N","0","0","0","2","02301","0","","1.0","","1","N","N","","0","","0","0","0","","2","","","2","0","1","0","0","0","0","2","0","2","","","","N","","","","","","","","","",""
"2012022712","2147","2","0","0","0","0","0","0","0","0","4","0","","02","2","2012","7","40.438334","-79.842884","2143","11","0","0","0","0","0","0","0","0","","0","0","0","","","1","","2","","40 26:18.004","","0","79 50:34.384","4","0","0","0","2419","0","0","0","N","0","0","0","6","02419","1","","1.0","","1","N","N","","0","","0","0","0","","3","","","2","1","0","0","0","0","0","2","0","2","","","","N","","","","","","","","","",""
"2012021676","0825","0","0","0","0","0","0","0","0","0","7","0","","02","2","2012","7","40.497338","-79.772578","0820","11","0","0","0","0","0","0","0","0","1","0","0","0","","","0","","0","","40 29:50.418","3","0","79 46:21.279","0","0","0","0","2466","0","0","0","N","0","0","0","2","02466","0","","4.0","","7","N","N","","0","","0","0","1","","0","N","","1","0","0","0","0","0","0","2","0","1","","","","N","","","","","","","","","",""
"2012021889","1409","0","0","0","0","0","0","0","0","0","1","0","","02","2","2012","2","40.538437","-79.962538","1408","11","0","0","0","0","0","0","0","0","","0","0","0","","","1","","1","","40 32:18.373","","0","79 57:45.136","4","0","0","0","2118","0","0","0","","0","0","0","9","02118","1","","1.0","","1","N","N","","0","","0","0","0","","2","","","2","1","0","0","0","0","0","2","2","2","","","","N","","","","","","","","","",""
"2012021539","0329","0","0","0","0","0","0","0","0","0","7","0","","02","2","2012","7","40.328653","-79.840977","0328","11","0","0","0","0","0","0","0","0","2","0","0","0","","","1","","2","","40 19:43.151","5","0","79 50:27.517","8","0","0","0","2304","0","0","0","N","0","0","0","1","02304","0","","4.0","","9","N","N","","0","","0","0","1","","0","Y","","1","1","1","0","0","1","0","2","0","1","","","","N","","","","","","","","","",""
"2012021664","0847","2","0","0","0","0","0","0","0","0","1","0","","02","2","2012","7","40.415923","-79.847541","0846","11","0","0","0","0","0","0","0","0","","0","0","0","","","3","","2","","40 24:57.323","","0","79 50:51.147","4","0","0","0","2431","0","0","0","N","0","0","0","4","02431","1","","1.0","","9","N","N","","1","","0","0","0","","2","","","3","3","0","0","0","2","0","2","0","3","","","","N","","","","","","","","","",""
"2012022431","2055","1","0","0","0","0","0","0","0","0","7","0","","02","2","2012","2","40.457272","-79.973542","2047","11","0","0","0","0","1","0","0","0","","0","0","0","","","0","","1","","40 27:26.180","","0","79 58:24.750","0","0","0","0","2301","0","0","0","N","0","0","0","1","02301","0","","2.0","","1","N","N","","0","","0","0","0","","2","","","1","0","1","0","0","0","0","2","0","1","","","","N","","","","","","","","","",""
"2012022869","2015","2","0","0","0","0","0","0","0","0","1","0","","02","2","2012","3","40.451596","-80.06943","1955","11","0","0","0","0","0","0","0","0","1","0","0","0","","","0","","1","","40 27:05.745","2","0","80 04:09.948","0","0","0","0","2301","0","0","0","N","0","0","0","2","02301","0","","1.0","","1","N","N","","0","","0","0","0","","3","N","","2","0","0","0","0","0","0","2","0","2","","","","N","","","","","","","","","",""
"2012021679","2035","1","0","0","0","0","0","0","0","0","8","0","","02","2","2012","5","40.539337","-80.036288","2032","11","0","0","0","0","0","0","0","0","","0","0","0","","","1","","0","","40 32:21.612","","0","80 02:10.637","8","0","0","0","2116","1","0","0","N","1","0","0","2","02116","0","","1.0","","9","N","N","","0","","0","0","0","","0","","","2","1","0","0","0","1","0","2","0","1","","","","N","","","","","","","","","",""
"2012022729","1441","0","0","0","0","0","0","0","0","0","1","1","","02","2","2012","3","40.521782","-80.005197","1433","11","0","0","0","0","0","0","0","0","","0","1","0","","","0","","2","","40 31:18.414","","0","80 00:18.708","0","0","0","0","2116","0","0","0","N","0","0","0","2","02116","0","","1.0","","1","N","N","","0","","0","0","1","","2","","","2","0","0","0","0","0","0","2","0","2","","","","N","","","","","","","","","",""
"2012021814","0322","1","0","0","0","0","0","0","0","0","7","0","","02","2","2012","1","40.436146","-79.971323","0322","11","0","0","0","0","0","0","0","0","","0","0","0","","","0","","0","","40 26:10.125","","0","79 58:16.762","9","0","0","0","2301","0","0","0","N","0","0","0","1","02301","0","","4.0","","1","N","N","","0","","0","0","0","","0","","","1","0","0","0","0","0","1","2","0","1","","","","N","","","","","","","","","",""
"2012023303","0138","1","0","0","0","0","0","0","0","0","7","0","","02","2","2012","2","40.338379","-79.898246","0131","11","0","0","0","0","0","0","0","0","5","1","0","0","","","0","","0","","40 20:18.163","6","0","79 53:53.687","1","0","0","0","2473","0","0","0","N","0","0","0","1","02473","0","2","2.0","","1","N","N","","0","0","0","0","0","","0","Y","","1","0","0","0","0","0","0","2","0","1","","","","N","","","","","","","","","",""
"2012021542","0216","0","0","0","0","0","0","0","0","0","2","0","","02","2","2012","7","40.475049","-80.059105","0216","11","0","0","0","0","0","1","0","0","2","0","0","0","","","1","","0","","40 28:30.176","6","3","80 03:32.779","8","0","0","0","2444","0","0","0","Y","0","0","0","3","02444","0","","1.0","","9","N","N","","1","","0","0","2","","0","Y","","3","1","0","0","0","1","1","2","0","3","","","","N","","","","","","","","","",""
"2012022293","1655","0","0","0","0","0","0","0","0","0","8","0","","02","2","2012","2","40.451128","-79.982475","1645","11","0","0","0","0","0","0","0","0","","0","0","0","","","1","","1","","40 27:04.060","","0","79 58:56.910","8","0","0","0","2301","1","0","0","N","1","0","0","2","02301","0","","1.0","","1","N","N","","0","","0","0","1","","2","","","2","1","0","0","0","1","0","2","0","1","","","","N","","","","","","","","","",""
"2012021815","2330","2","0","0","0","0","0","0","0","0","2","0","","02","2","2012","7","40.412831","-79.981699","2325","11","0","0","0","0","0","1","0","0","","0","0","0","","","2","","0","","40 24:46.191","","0","79 58:54.116","4","0","0","0","2301","1","0","0","","1","0","0","2","02301","2","","1.0","","1","","","","0","","0","0","1","","0","","","4","2","0","0","0","0","0","2","0","3","","","","N","","","","","","","","","",""
"2012021893","2033","0","0","0","0","0","0","0","0","0","7","0","","02","2","2012","6","40.330686","-79.892525","2033","11","0","0","0","0","0","1","0","0","","0","0","0","","","0","","0","","40 19:50.470","","0","79 53:33.090","0","0","0","0","2433","0","0","0","N","0","0","0","2","02433","0","","5.0","","9","N","N","","1","","0","0","0","","0","","","1","0","2","0","0","0","0","2","0","1","","","","N","","","","","","","","","",""
"2012022731","1352","1","0","0","0","0","0","0","0","0","7","0","","02","2","2012","3","40.444211","-80.237071","1344","11","0","0","0","0","0","1","0","0","","0","0","0","","","0","","1","","40 26:39.159","","0","80 14:13.455","0","0","0","0","2214","0","0","0","N","0","0","0","1","02214","0","","5.0","","1","N","N","","0","","0","0","0","","0","","","1","0","0","0","0","0","0","2","0","1","","","","N","","","","","","","","","",""
"2012022450","0112","1","0","0","0","0","0","0","0","0","7","0","","02","2","2012","1","40.396551","-79.993059","0110","11","0","0","0","0","0","0","0","0","","0","0","0","","","0","","1","","40 23:47.583","","0","79 59:35.012","0","0","0","0","2301","0","0","0","N","0","0","0","1","02301","0","","5.0","","1","N","N","","0","","0","0","0","","0","","","1","0","0","0","0","0","0","2","0","1","","","","N","","","","","","","","","",""
"2012022873","2110","2","0","0","0","0","0","0","0","0","4","0","","02","2","2012","3","40.409424","-80.081716","2108","11","0","0","0","0","0","0","1","0","","0","0","0","","","0","","1","","40 24:33.927","","0","80 04:54.178","9","0","0","0","2415","0","0","0","N","0","0","0","2","02415","0","","1.0","","1","N","N","","0","","0","0","0","","2","","","2","0","0","0","0","0","1","2","0","2","","","","N","","","","","","","","","",""
"2012022653","0829","2","0","0","0","0","0","0","0","0","2","0","","02","2","2012","3","40.457146","-80.030633","0817","11","0","0","0","0","0","1","0","0","","0","0","0","","","0","","0","","40 27:25.727","","0","80 01:50.280","0","0","0","0","2301","0","0","0","N","0","0","0","2","02301","0","","1.0","","1","N","N","","0","","0","0","0","","0","","","2","0","2","0","0","0","0","2","0","2","","","","N","","","","","","","","","",""
"2012023259","1811","2","0","0","0","0","0","0","0","0","4","0","","02","2","2012","4","40.418539","-80.045731","1810","11","0","0","0","0","0","1","0","0","1","0","0","0","","","0","","1","","40 25:06.740","2","0","80 02:44.633","0","0","0","0","2435","0","0","0","N","0","0","0","2","02435","0","","1.0","","1","N","N","","0","","0","0","0","","2","N","","2","0","0","0","0","0","0","2","0","2","","","","N","","","","","","","","","",""
"2012022438","2330","2","0","0","0","0","0","0","0","0","2","0","","02","2","2012","6","40.469669","-79.921032","2325","11","0","0","0","0","0","0","0","0","","0","0","0","","","0","","1","","40 28:10.808","","0","79 55:15.715","0","0","0","0","2301","0","0","0","N","0","0","0","2","02301","0","","1.0","","1","N","N","","0","","0","0","0","","2","","","2","0","0","0","0","0","0","2","0","2","","","","N","","","","","","","","","",""
"2012022452","0030","1","0","0","0","0","0","0","0","0","7","0","","02","2","2012","3","40.424013","-79.966514","0022","11","0","0","0","0","0","0","0","0","","0","0","0","","","0","","0","","40 25:26.446","","0","79 57:59.450","9","0","0","0","2301","0","0","0","N","0","0","0","2","02301","0","","5.0","","1","N","N","","0","","0","0","0","","8","","","1","0","0","0","0","0","1","2","0","1","","","","N","","","","","","","","","",""
"2012022877","2200","2","0","0","0","0","0","0","0","0","4","0","","02","2","2012","6","40.373071","-80.099344","2157","11","0","0","0","0","0","0","0","0","1","0","0","0","","","1","","2","","40 22:23.054","4","0","80 05:57.638","4","0","0","0","2102","0","0","0","N","0","0","0","3","02102","1","","1.0","","9","N","N","","0","","0","0","0","","2","N","","2","1","0","0","0","0","0","2","0","2","","","","N","","","","","","","","","",""
"2012022736","0536","0","0","0","0","0","0","0","0","0","7","0","","02","2","2012","2","40.433521","-80.071385","0534","11","0","0","0","0","0","0","0","0","","0","0","0","","","1","","0","","40 26:00.677","","0","80 04:16.985","4","0","0","0","2421","0","0","0","N","0","0","0","1","02421","1","","2.0","","1","N","N","","0","","0","0","1","","0","","","1","1","0","0","0","0","0","2","0","1","","","","N","","","","","","","","","",""
"2012022798","1600","0","0","0","0","0","0","0","0","0","1","0","","02","2","2012","5","40.429068","-79.940653","1558","11","0","0","0","0","0","1","0","0","1","0","0","0","","","0","","0","","40 25:44.643","3","0","79 56:26.352","0","0","0","0","2301","0","0","0","N","0","0","0","2","68B03","0","","1.0","","1","N","N","","0","","0","0","2","","0","N","","2","0","0","0","0","0","0","2","0","2","","","","N","","","","","","","","","",""
"2012022454","0652","1","0","0","0","0","0","0","0","0","8","0","","02","2","2012","2","40.424955","-79.97662","0649","11","0","0","0","0","0","0","0","0","","0","0","0","","","1","","1","","40 25:29.838","","0","79 58:35.832","4","0","0","0","2301","1","0","0","N","1","0","0","2","02301","1","","1.0","","1","N","N","","0","","0","0","0","","3","","","2","1","0","0","0","0","0","2","0","1","","","","N","","","","","","","","","",""
"2012022878","2235","2","0","0","0","0","0","0","0","0","4","0","","02","2","2012","3","40.516238","-79.84299","2231","11","0","0","0","0","1","0","0","0","","0","0","0","","","0","","1","","40 30:58.456","","0","79 50:34.764","0","0","0","0","2451","0","0","0","N","0","0","0","5","02451","0","","1.0","","1","N","N","","0","","0","0","0","","3","","","2","0","3","0","0","0","0","2","0","2","","","","N","","","","","","","","","",""
"2012021548","0405","1","0","0","0","0","0","0","0","0","7","0","","02","2","2012","7","40.489865","-80.271494","0356","11","0","0","0","0","0","1","0","0","","0","0","0","","","0","","3","","40 29:23.514","","2","80 16:17.378","0","0","0","0","2203","0","0","0","N","0","0","0","1","02501","0","","2.0","","2","N","N","","0","","0","0","0","","0","","","1","0","0","0","0","0","0","1","0","1","","","","N","","","","","","","","","",""
"2012022670","1542","1","0","0","0","0","0","0","0","0","1","0","","02","2","2012","2","40.501944","-80.011224","1534","11","0","0","0","0","0","1","0","0","","0","0","0","","","0","","0","","40 30:06.998","","0","80 00:40.405","0","0","0","0","2116","0","0","0","N","0","0","0","2","02116","0","","1.0","","1","N","N","","0","","0","0","1","","0","","","2","0","0","0","0","0","0","2","0","2","","","","N","","","","","","","","","",""
"2012022799","1451","1","0","0","0","0","0","0","0","0","4","0","","02","2","2012","1","40.519085","-80.136772","1419","11","0","0","0","0","0","2","0","0","2","0","0","0","","","0","","0","","40 31:08.706","2","0","80 08:12.380","0","0","0","0","2434","0","0","0","N","0","0","0","3","68B03","0","","1.0","","1","N","N","","1","","0","0","0","","0","N","","2","0","0","0","0","0","0","2","0","2","","","","N","","","","","","","","","",""
"2012023528","1245","1","0","0","0","0","0","0","0","0","7","0","","02","3","2012","5","40.432359","-79.923146","1241","11","0","0","0","0","0","0","0","1","","0","0","0","","","1","","1","","40 25:56.492","","0","79 55:23.325","3","0","0","0","2301","0","0","0","N","0","0","0","1","02301","0","","5.0","","1","N","N","","0","","1","0","0","","2","","","1","1","0","0","0","0","0","2","0","1","","","","N","","","","","","","","","",""
"2012021688","0908","1","0","0","0","0","0","0","0","0","7","0","","02","2","2012","7","40.475317","-79.76592","0901","11","0","0","0","0","0","0","0","0","1","0","0","0","","","0","","0","","40 28:31.141","3","0","79 45:57.312","0","0","0","0","2466","0","0","0","N","0","0","0","2","02466","0","","2.0","","6","N","N","","0","","0","0","0","","0","N","","1","0","0","0","0","0","0","2","0","1","","","","N","","","","","","","","","",""
"2012022739","1516","2","0","0","0","0","0","0","0","0","2","0","","02","2","2012","3","40.492728","-80.111732","1514","11","0","0","0","0","0","0","1","0","1","0","0","0","","","1","","3","","40 29:33.820","2","0","80 06:42.236","8","0","0","0","2126","0","0","0","N","0","0","0","3","02126","0","","1.0","","1","N","N","","0","","0","0","0","","3","Y","","2","1","0","0","0","1","0","2","0","2","","","","N","","","","","","","","","",""
"2012022800","1618","3","0","0","0","0","0","0","0","0","1","0","","02","2","2012","1","40.428094","-79.889824","1611","11","0","0","0","0","0","1","0","0","1","0","0","0","","","4","","0","","40 25:41.138","3","0","79 53:23.365","8","0","0","0","2426","0","0","0","N","0","0","0","9","68B03","0","","1.0","","1","N","N","","0","","0","0","0","","0","N","","3","4","0","0","0","4","0","2","0","3","","","","N","","","","","","","","","",""
"2012023595","0848","0","0","0","0","0","0","0","0","0","7","0","","02","2","2012","4","40.332095","-79.961423","0848","11","0","0","0","0","0","1","0","0","2","0","0","0","","","1","","0","","40 19:55.541","5","0","79 57:41.121","4","0","0","0","2454","0","0","0","N","0","0","0","1","02454","1","","5.0","","1","N","N","","0","","0","0","0","","0","N","","1","1","0","0","0","0","0","2","1","1","","","","N","","","","","","","","","",""
"2012021689","0841","2","0","0","0","0","0","0","0","0","4","0","","02","2","2012","7","40.440863","-79.973978","0839","11","0","0","0","0","0","0","0","1","","0","0","0","","","2","","1","","40 26:27.106","","0","79 58:26.320","8","0","0","0","2301","0","0","0","N","0","0","0","4","02301","0","","1.0","","9","N","N","","0","","0","0","0","","3","","","2","2","0","0","0","2","0","2","0","2","","","","N","","","","","","","","","",""
"2012022801","0648","2","0","0","0","0","0","0","0","0","1","0","","02","2","2012","2","40.420096","-80.050365","0630","11","0","0","0","0","1","0","0","0","","0","0","0","","","0","","0","","40 25:12.344","","0","80 03:01.315","0","0","0","0","2435","0","0","0","N","0","0","0","2","68B03","0","","1.0","","1","N","N","","0","","0","0","0","","0","","","2","0","0","0","0","0","0","2","0","2","","","","N","","","","","","","","","",""
"2012000450","1704","0","0","0","0","0","0","0","0","0","7","0","","02","1","2012","2","40.359259","-79.814954","1655","11","0","0","0","0","0","0","0","0","2","0","0","0","","","1","","0","","40 21:33.333","5","0","79 48:53.834","4","0","0","0","2477","0","0","0","Y","0","0","0","1","02477","1","","5.0","","2","N","N","","0","","0","0","1","","0","N","","1","1","0","0","0","0","0","2","0","1","","","","N","","","","","","","","","",""
"2012000514","1718","1","0","0","0","0","0","0","0","0","7","0","","02","1","2012","2","40.53527","-79.961414","1711","11","0","0","0","0","0","0","0","0","","0","0","0","","","0","","0","","40 32:06.971","","0","79 57:41.092","0","0","0","0","2118","0","0","0","N","0","0","0","1","02118","0","","5.0","","7","N","N","","0","","0","0","0","","0","","","1","0","0","0","0","0","0","2","0","1","","","","N","","","","","","","","","",""
"2012021981","1732","2","0","0","0","0","0","0","0","0","1","0","","02","2","2012","1","40.457752","-79.814201","1730","11","0","0","1","0","0","0","0","0","","0","0","0","","","0","","0","","40 27:27.907","","0","79 48:51.123","0","0","0","0","2113","0","0","0","N","0","0","0","6","02113","0","","1.0","","1","N","N","","0","","0","0","0","","0","","","2","0","6","0","0","0","0","2","0","2","","","","N","","","","","","","","","",""
"2012021918","0240","1","0","0","0","0","0","0","0","0","4","0","","02","2","2012","6","40.448933","-80.000739","0140","11","0","0","0","0","0","1","0","0","","0","0","0","","","0","","1","","40 26:56.157","","0","80 00:02.660","0","0","0","0","2301","0","0","0","N","0","0","0","5","02301","0","","1.0","","1","N","N","","1","","0","0","0","","2","","","2","0","1","0","0","0","0","2","0","2","","","","N","","","","","","","","","",""
"2012022049","0858","2","0","0","0","0","0","0","0","0","1","0","","02","2","2012","2","40.280175","-79.906162","0850","11","0","0","0","0","0","0","0","0","","0","0","0","","","0","","0","","40 16:48.631","","0","79 54:22.184","9","0","0","0","2440","0","0","0","N","0","0","0","3","02440","0","","1.0","","2","N","N","","0","","0","0","1","","0","","","3","0","0","0","0","0","2","2","0","3","","","","N","","","","","","","","","",""
"2012021313","1708","2","0","0","0","0","0","0","0","0","1","0","","02","2","2012","3","40.403558","-80.057726","1704","11","0","0","0","0","0","1","0","0","","0","0","0","","","0","","1","","40 24:12.809","","0","80 03:27.815","0","0","0","0","2117","0","0","0","N","0","0","0","2","02117","0","","1.0","","1","N","N","","0","","0","0","0","","2","","","2","0","0","0","0","0","0","2","0","2","","","","N","","","","","","","","","",""
"2012000518","1952","0","0","0","0","0","0","0","0","0","0","0","","02","1","2012","2","40.383716","-79.933351","1949","11","0","0","0","0","0","0","0","0","2","0","0","0","","","0","","3","","40 23:01.377","1","0","79 56:00.064","0","0","0","0","2301","0","0","0","N","0","0","0","1","02301","0","","1.0","","2","N","N","","0","","0","0","1","","0","Y","","1","0","0","0","0","0","0","2","0","1","","","","N","","","","","","","","","",""
"2012021132","1351","2","0","0","0","0","0","0","0","0","1","0","","02","2","2012","2","40.357898","-79.84416","1349","11","0","0","0","0","0","0","0","0","2","0","0","0","","","2","","0","","40 21:28.433","3","3","79 50:38.975","8","0","0","0","2303","0","0","0","N","0","0","0","2","02303","0","","1.0","","1","N","N","","0","","0","0","0","","0","N","","2","2","0","0","0","2","0","2","0","2","","","","N","","","","","","","","","",""
"2012023027","0731","1","0","0","0","0","0","0","0","0","2","0","","02","2","2012","4","40.410579","-79.944335","0725","11","0","0","0","0","0","0","0","0","1","0","0","0","","","0","","2","","40 24:38.085","4","0","79 56:39.607","0","0","0","0","2301","0","0","0","N","0","0","0","3","02301","0","","1.0","","9","Y","N","","0","","0","0","0","","2","Y","","2","0","0","0","0","0","0","2","1","2","","","","N","","","","","","","","","",""
"2012021197","0725","2","0","0","0","0","0","0","0","0","1","0","","02","2","2012","4","40.494235","-79.903777","0652","11","0","0","0","0","0","0","0","0","","0","0","0","","","0","","0","","40 29:39.246","","0","79 54:13.598","0","0","0","0","2401","0","0","0","N","0","0","0","2","68D02","0","","1.0","","9","N","N","","0","","0","0","0","","0","","","2","0","0","0","0","0","0","2","0","2","","","","N","","","","","","","","","",""
"2012000532","2144","1","0","0","0","0","0","0","0","0","1","1","","02","1","2012","2","40.510459","-80.263667","2138","11","0","0","0","0","0","2","0","0","","0","1","0","","","0","","0","","40 30:37.654","","0","80 15:49.201","0","0","0","0","2203","0","0","0","N","0","0","0","2","02203","0","","1.0","","7","N","N","","0","","0","0","0","","0","","","2","0","0","0","0","0","0","2","0","2","","","","N","","","","","","","","","",""
"2012001148","1445","1","0","0","0","0","0","0","0","0","7","0","","02","1","2012","2","40.372491","-80.112499","1440","11","0","0","0","0","0","0","0","0","","0","0","0","","","1","","0","","40 22:20.967","","0","80 06:44.997","4","0","0","0","2102","0","0","0","N","0","0","0","1","68B03","1","","4.0","","2","N","N","","0","","0","0","0","","0","","","1","1","0","0","0","0","0","2","0","1","","","","N","","","","","","","","","",""
"2012002622","1728","3","0","0","0","0","0","0","0","0","1","0","","02","1","2012","6","40.473948","-79.957956","1722","11","0","0","0","0","0","1","0","0","","0","0","0","","","0","","2","","40 28:26.212","","0","79 57:28.643","0","0","0","0","2301","0","0","0","N","0","0","0","6","02301","0","","1.0","","1","N","N","","0","","0","0","0","","0","","","3","0","1","0","0","0","0","2","0","3","","","","N","","","","","","","","","",""
"2012002686","0040","1","0","0","0","0","0","0","0","0","2","0","","02","1","2012","7","40.452412","-80.014017","0039","11","0","0","0","0","0","0","0","0","","0","0","0","","","1","","1","","40 27:08.682","","0","80 00:50.461","8","0","0","0","2301","0","0","0","N","0","0","0","3","02301","0","","1.0","","1","N","N","","0","","0","0","1","","1","","","3","1","0","0","0","1","0","2","1","3","","","","N","","","","","","","","","",""
"2012021136","0750","0","0","0","0","0","0","0","0","0","7","0","","02","2","2012","4","40.655358","-79.837564","0746","11","0","0","0","0","0","0","0","0","2","0","0","0","","","0","","0","","40 39:19.288","2","0","79 50:15.230","0","0","0","0","2220","0","0","0","N","0","0","0","1","02220","0","","5.0","","2","N","N","","0","","0","0","1","","0","N","","1","0","0","0","0","0","0","1","0","1","","","","N","","","","","","","","","",""
"2012001875","1902","1","0","0","0","0","0","0","0","0","1","0","","02","1","2012","4","40.34837","-79.944808","1859","11","0","0","0","0","0","1","1","0","","0","0","0","","","1","","1","","40 20:54.133","","0","79 56:41.310","8","0","0","0","2473","0","0","0","N","0","0","0","7","02473","0","","1.0","","1","N","N","","0","","0","0","1","","4","","","2","1","0","0","0","1","0","2","0","2","","","","N","","","","","","","","","",""
"2012002623","2152","2","0","0","0","0","0","0","0","0","1","0","","02","1","2012","5","40.493289","-80.268325","2150","11","0","0","0","0","0","1","0","0","2","0","0","0","","","0","","0","","40 29:35.840","2","0","80 16:05.970","0","0","0","0","2203","0","0","0","N","0","0","0","4","02501","0","","1.0","","1","N","N","","0","","0","0","0","","0","N","","2","0","1","0","0","0","0","2","0","2","","","","N","","","","","","","","","",""
"2012021926","1044","1","0","0","0","0","0","0","0","0","7","0","","02","2","2012","1","40.293671","-79.899611","1040","11","0","0","0","0","0","0","0","0","","0","0","0","","","1","","2","","40 17:37.215","","0","79 53:58.599","8","0","0","0","2302","0","0","0","N","0","0","0","1","02302","0","","4.0","","1","N","N","","0","","0","0","0","","0","","","1","1","1","0","0","1","0","2","0","1","","","","N","","","","","","","","","",""
"2012023045","1155","1","0","0","0","0","0","0","0","0","7","0","","02","2","2012","3","40.514619","-79.952335","1150","11","0","0","0","0","0","0","1","0","1","0","0","0","","","0","","0","","40 30:52.627","1","0","79 57:08.405","0","0","0","0","2118","0","0","0","Y","0","0","0","1","02118","0","","2.0","","1","N","N","","0","","0","0","1","","0","N","","2","0","0","0","0","0","0","2","0","2","","","","N","","","","","","","","","",""
"2012021399","1611","0","0","0","0","0","0","0","0","0","4","0","","02","2","2012","6","40.379821","-80.030144","1607","11","0","0","0","0","0","1","0","0","","0","0","0","","","0","","0","","40 22:47.355","","7","80 01:48.518","0","0","0","0","2109","0","0","0","N","0","0","0","5","02109","0","","1.0","","1","N","N","","0","","0","0","1","","0","","","2","0","0","0","0","0","0","2","1","2","","","","N","","","","","","","","","",""
"2012022911","0825","1","0","0","0","0","0","0","0","0","7","0","","02","2","2012","7","40.324794","-80.030161","0822","11","0","0","0","0","0","0","0","0","1","0","0","0","","","1","","0","","40 19:29.258","2","0","80 01:48.579","4","0","0","0","2407","0","0","0","N","0","0","0","1","02407","1","","4.0","","7","N","N","","0","","0","0","0","","0","N","","1","1","0","0","0","0","0","2","0","1","","","","N","","","","","","","","","",""