"CRN","ARRIVAL_TM","AUTOMOBILE_COUNT","BELTED_DEATH_COUNT","BELTED_SUSP_SERIOUS_INJ_COUNT","BICYCLE_COUNT","BICYCLE_DEATH_COUNT","BICYCLE_SUSP_SERIOUS_INJ_COUNT","BUS_COUNT","CHLDPAS_DEATH_COUNT","CHLDPAS_SUSP_SERIOUS_INJ_COUNT","COLLISION_TYPE","COMM_VEH_COUNT","CONS_ZONE_SPD_LIM","COUNTY","CRASH_MONTH","CRASH_YEAR","DAY_OF_WEEK","DEC_LATITUDE","DEC_LONGITUDE","DISPATCH_TM","DISTRICT","DRIVER_COUNT_16YR","DRIVER_COUNT_17YR","DRIVER_COUNT_18YR","DRIVER_COUNT_19YR","DRIVER_COUNT_20YR","DRIVER_COUNT_50_64YR","DRIVER_COUNT_65_74YR","DRIVER_COUNT_75PLUS","EST_HRS_CLOSED","FATAL_COUNT","HEAVY_TRUCK_COUNT","HORSE_BUGGY_COUNT","HOUR_OF_DAY","ILLUMINATION","INJURY_COUNT","INTERSECTION_RELATED","INTERSECT_TYPE","LANE_CLOSED","LATITUDE","LN_CLOSE_DIR","LOCATION_TYPE","LONGITUDE","MAX_SEVERITY_LEVEL","MCYCLE_DEATH_COUNT","MCYCLE_SUSP_SERIOUS_INJ_COUNT","MOTORCYCLE_COUNT","MUNICIPALITY","NONMOTR_COUNT","NONMOTR_DEATH_COUNT","NONMOTR_SUSP_SERIOUS_INJ_COUNT","NTFY_HIWY_MAINT","PED_COUNT","PED_DEATH_COUNT","PED_SUSP_SERIOUS_INJ_COUNT","PERSON_COUNT","POLICE_AGCY","POSSIBLE_INJ_COUNT","RDWY_SURF_TYPE_CD","RELATION_TO_ROAD","ROADWAY_CLEARED","ROAD_CONDITION","SCH_BUS_IND","SCH_ZONE_IND","SECONDARY_CRASH","SMALL_TRUCK_COUNT","SPEC_JURIS_CD","SUSP_MINOR_INJ_COUNT","SUSP_SERIOUS_INJ_COUNT","SUV_COUNT","TCD_FUNC_CD","TCD_TYPE","TFC_DETOUR_IND","TIME_OF_DAY","TOTAL_UNITS","TOT_INJ_COUNT","UNBELTED_OCC_COUNT","UNB_DEATH_COUNT","UNB_SUSP_SERIOUS_INJ_COUNT","UNK_INJ_DEG_COUNT","UNK_INJ_PER_COUNT","URBAN_RURAL","VAN_COUNT","VEHICLE_COUNT","WEATHER1","WEATHER2","WORKERS_PRES","WORK_ZONE_IND","WORK_ZONE_LOC","WORK_ZONE_TYPE","WZ_CLOSE_DETOUR","WZ_FLAGGER","WZ_LAW_OFFCR_IND","WZ_LN_CLOSURE","WZ_MOVING","WZ_OTHER","WZ_SHLDER_MDN","WZ_WORKERS_INJ_KILLED"
"2012022041","2215","1","0","0","0","0","0","0","0","0","2","0","","02","2","2012","1","40.519017","-80.267253","2210","11","0","0","0","0","0","0","0","0","","0","0","0","","","2","","0","","40 31:08.460","","0","80 16:02.110","3","0","0","0","2203","0","0","0","N","0","0","0","2","02203","1","","1.0","","1","N","N","","0","","1","0","1","","0","","","2","2","0","0","0","0","0","2","0","2","","","","N","","","","","","","","","",""
"2012021185","1214","1","0","0","0","0","0","0","0","0","4","0","","02","2","2012","5","40.432603","-79.870969","1152","11","0","0","0","0","0","0","0","1","2","0","0","0","","","1","","6","","40 25:57.371","2","0","79 52:15.488","8","0","0","0","2411","0","0","0","Y","0","0","0","3","68B03","0","","1.0","","1","N","N","","0","","0","0","1","","3","N","","2","1","0","0","0","1","0","2","0","2","","","","N","","","","","","","","","",""
"2012021976","1537","1","0","0","0","0","0","0","0","0","1","0","","02","2","2012","7","40.34889","-79.939012","1534","11","0","0","0","0","0","2","1","0","2","0","0","0","","","2","","2","","40 20:56.003","1","0","79 56:20.443","8","0","0","0","2473","0","0","0","N","0","0","0","3","02473","0","","1.0","","1","N","N","","1","","0","0","1","","2","Y","","3","2","0","0","0","2","0","2","0","3","","","","N","","","","","","","","","",""
"2012021123","1713","0","0","0","0","0","0","0","0","0","1","0","","02","2","2012","5","40.615289","-80.095562","1713","11","0","0","0","1","0","0","0","0","","0","0","0","","","1","","0","","40 36:55.042","","3","80 05:44.022","4","0","0","0","2481","0","0","0","N","0","0","0","3","02481","1","","1.0","","1","N","N","","1","","0","0","1","","0","","","2","1","0","0","0","0","0","2","0","2","","","","N","","","","","","","","","",""
"2012021186","0928","1","0","0","0","0","0","0","0","0","7","0","","02","2","2012","2","40.428","-79.948358","0920","11","0","0","0","0","0","1","0","0","","0","0","0","","","0","","0","","40 25:40.800","","3","79 56:54.089","0","0","0","0","2301","0","0","0","N","0","0","0","1","68B03","0","","4.0","","9","N","N","","0","","0","0","0","","0","","","1","0","0","0","0","0","0","2","0","1","","","","N","","","","","","","","","",""
"2012023468","1357","1","0","0","0","0","0","0","0","0","4","0","","02","2","2012","1","40.436862","-79.781521","1357","11","0","0","0","0","1","0","0","0","","0","0","0","","","1","","0","","40 26:12.704","","7","79 46:53.474","4","0","0","0","2446","0","0","0","N","0","0","0","4","02446","1","","1.0","","1","N","N","","1","","0","0","0","","0","","","2","1","0","0","0","0","0","2","0","2","","","","N","","","","","","","","","",""
"2012021372","2002","0","0","0","0","0","0","0","0","0","6","1","","02","2","2012","5","40.432576","-80.030035","2002","11","0","0","0","0","0","1","0","0","","0","1","0","","","0","","2","","40 25:57.273","","0","80 01:48.126","0","0","0","0","2301","0","0","0","N","0","0","0","1","02301","0","","1.0","","1","N","N","","1","","0","0","0","","0","","","2","0","0","0","0","0","0","2","0","2","","","","N","","","","","","","","","",""
"2012002675","0256","0","0","0","0","0","0","0","0","0","7","0","","02","1","2012","7","40.328086","-79.81764","0253","11","0","0","0","1","0","0","0","0","2","0","0","0","","","0","","0","","40 19:41.108","5","0","79 49:03.504","9","0","0","0","2304","0","0","0","N","0","0","0","1","02304","0","","5.0","","9","N","N","","0","","0","0","1","","0","Y","","1","0","0","0","0","0","1","2","0","1","","","","N","","","","","","","","","",""
"2012000512","1801","0","0","0","0","0","0","0","0","0","7","0","","02","1","2012","2","40.374549","-80.093117","1756","11","0","0","0","0","0","0","0","0","","0","0","0","","","0","","2","","40 22:28.375","","0","80 05:35.222","0","0","0","0","2117","0","0","0","N","0","0","0","1","02117","0","","5.0","","9","N","N","","1","","0","0","0","","3","","","1","0","0","0","0","0","0","2","0","1","","","","N","","","","","","","","","",""
"2012021979","1738","1","0","0","0","0","0","0","0","0","1","0","","02","2","2012","1","40.445867","-80.011733","1735","11","0","0","0","0","0","0","1","0","","0","0","0","","","1","","0","","40 26:45.120","","0","80 00:42.240","4","0","0","0","2301","0","0","0","N","0","0","0","3","02301","1","","1.0","","1","N","N","","0","","0","0","0","","0","","","2","1","0","0","0","0","0","2","1","2","","","","N","","","","","","","","","",""
"2012000594","0834","0","0","0","0","0","0","0","0","0","7","0","","02","1","2012","3","40.361568","-80.06384","0815","11","0","0","0","0","0","1","0","0","3","0","0","0","","","0","","2","","40 21:41.645","2","0","80 03:49.823","0","0","0","0","2109","0","0","0","N","0","0","0","1","02109","0","","5.0","","7","N","N","","0","","0","0","1","","2","N","","1","0","0","0","0","0","0","2","0","1","","","","N","","","","","","","","","",""
"2012001403","1642","0","0","0","0","0","0","0","0","0","7","0","","02","1","2012","4","40.344777","-79.884583","1641","11","0","0","0","0","0","1","0","0","1","0","0","0","","","1","","0","","40 20:41.198","2","3","79 53:04.499","4","0","0","0","2423","0","0","0","N","0","0","0","2","02304","1","","3.0","","2","N","N","","0","","0","0","1","","0","N","","1","1","0","0","0","0","0","2","0","1","","","","N","","","","","","","","","",""
"2012002422","1255","1","0","0","0","0","0","0","0","0","1","0","","02","1","2012","5","40.522327","-80.084116","1252","11","0","0","0","0","0","0","0","0","1","0","0","0","","","0","","2","","40 31:20.377","3","0","80 05:02.817","0","0","0","0","2211","0","0","0","N","0","0","0","2","02215","0","","1.0","","1","N","N","","1","","0","0","0","","0","Y","","2","0","0","0","0","0","0","2","0","2","","","","N","","","","","","","","","",""
"2012000660","1425","0","0","0","0","0","0","0","0","0","2","0","","02","1","2012","3","40.416923","-80.014421","1420","11","0","0","0","1","0","1","0","0","1","0","0","0","","","1","","2","","40 25:00.921","5","0","80 00:51.917","8","0","0","0","2301","0","0","0","N","0","0","0","3","02301","0","","1.0","","2","N","N","","1","","0","0","0","","2","N","","2","1","0","0","0","1","0","2","1","2","","","","N","","","","","","","","","",""
"2012000674","1524","0","0","0","0","0","0","0","0","0","7","0","","02","1","2012","3","40.515403","-79.742976","1521","11","0","0","0","0","0","0","0","0","","0","0","0","","","1","","0","","40 30:55.450","","0","79 44:34.713","4","0","0","0","2466","0","0","0","N","0","0","0","2","02466","1","","5.0","","6","N","N","","0","","0","0","0","","0","","","1","1","0","0","0","0","0","2","1","1","","","","N","","","","","","","","","",""
"2012002284","2355","1","0","0","0","0","0","0","0","0","7","0","","02","1","2012","4","40.369828","-79.958487","2355","11","0","0","0","0","0","0","0","0","3","0","0","0","","","0","","0","","40 22:11.379","2","0","79 57:30.552","0","0","0","0","2403","0","0","0","N","0","0","0","2","02403","0","","5.0","","1","N","N","","0","","0","0","0","","0","N","","1","0","0","0","0","0","0","2","0","1","","","","N","","","","","","","","","",""
"2012002818","0943","1","0","0","0","0","0","0","0","0","1","0","","02","1","2012","7","40.402012","-80.000594","0933","11","0","0","0","0","0","0","0","0","1","0","0","0","","","0","","1","","40 24:07.244","1","0","80 00:02.139","0","0","0","0","2301","0","0","0","N","0","0","0","3","02301","0","","1.0","","1","N","N","","0","","0","0","1","","2","N","","2","0","1","0","0","0","0","2","0","2","","","","N","","","","","","","","","",""
"2012001340","1432","1","0","0","0","0","0","0","0","0","7","0","","02","1","2012","2","40.384341","-80.071752","1428","11","0","0","0","0","0","0","0","0","","0","0","0","","","0","","2","","40 23:03.627","","0","80 04:18.307","0","0","0","0","2117","0","0","0","N","0","0","0","4","02117","0","","5.0","","7","N","N","","0","","0","0","0","","0","","","1","0","0","0","0","0","0","2","0","1","","","","N","","","","","","","","","",""
"2012002285","0511","1","0","0","0","0","0","0","0","0","7","0","","02","1","2012","1","40.440373","-80.080154","0508","11","0","0","0","0","0","0","0","0","","0","0","0","","","1","","0","","40 26:25.343","","0","80 04:48.554","8","0","0","0","2421","0","0","0","N","0","0","0","1","02421","0","","5.0","","1","N","N","","0","","0","0","0","","0","","","1","1","0","0","0","1","0","2","0","1","","","","N","","","","","","","","","",""
"2012001620","0500","1","0","0","0","0","0","0","0","0","7","0","","02","1","2012","1","40.306567","-79.99644","0500","11","0","0","0","0","1","0","0","0","","0","0","0","","","0","","0","","40 18:23.641","","0","79 59:47.185","0","0","0","0","2219","0","0","0","N","0","0","0","1","02501","0","","2.0","","1","N","N","","0","","0","0","0","","0","","","1","0","0","0","0","0","0","2","0","1","","","","N","","","","","","","","","",""
"2012000187","1957","0","0","0","0","0","0","0","0","0","1","0","","02","1","2012","1","40.40218","-79.989427","1957","11","0","0","0","0","0","0","0","0","","0","0","0","","","0","","2","","40 24:07.848","","0","79 59:21.937","0","0","0","0","2301","0","0","0","N","0","0","0","3","02301","0","","1.0","","9","N","N","","1","","0","0","1","","0","","","3","0","0","0","0","0","0","2","1","3","","","","N","","","","","","","","","",""
"2012000676","1526","2","0","0","0","0","0","0","0","0","4","0","","02","1","2012","3","40.419926","-79.8833","1524","11","0","0","0","0","0","1","0","0","","0","0","0","","","0","","0","","40 25:11.733","","0","79 52:59.880","0","0","0","0","2463","0","0","0","N","0","0","0","2","02463","0","","1.0","","7","N","N","","0","","0","0","0","","0","","","2","0","0","0","0","0","0","2","0","2","","","","N","","","","","","","","","",""
"2012000663","1441","0","0","0","0","0","0","0","0","0","7","0","","02","1","2012","3","40.483887","-79.863133","1432","11","0","0","0","0","0","0","0","0","2","0","0","0","","","1","","0","","40 29:01.994","4","0","79 51:47.277","3","0","0","0","2113","0","0","0","N","0","0","0","1","02113","0","","5.0","","7","N","N","","0","","1","0","0","","0","N","","1","1","0","0","0","0","0","2","1","1","","","","N","","","","","","","","","",""
"2012000677","1550","2","0","0","0","0","0","0","0","0","1","0","","02","1","2012","3","40.385303","-79.978457","1525","11","0","0","1","0","0","1","0","0","","0","0","0","","","2","","0","","40 23:07.090","","0","79 58:42.445","8","0","0","0","2301","0","0","0","N","0","0","0","5","02301","0","","1.0","","6","N","N","","0","","0","0","0","","0","","","2","2","0","0","0","2","0","2","0","2","","","","N","","","","","","","","","",""
"2012000050","9999","0","0","0","0","0","0","0","0","0","7","0","","02","1","2012","1","40.548817","-79.961631","0830","11","0","0","0","0","0","0","0","0","2","0","0","0","","","0","","0","","40 32:55.741","4","0","79 57:41.870","0","0","0","0","2118","0","0","0","N","0","0","0","3","02118","0","","4.0","","1","N","N","","1","","0","0","0","","0","N","","1","0","0","0","0","0","0","2","0","1","","","","N","","","","","","","","","",""
"2012002937","1935","1","0","0","0","0","0","0","0","0","7","0","","02","1","2012","7","40.467416","-79.994721","1928","11","0","0","0","0","0","0","0","0","","0","0","0","","","0","","2","","40 28:02.697","","7","79 59:40.995","0","0","0","0","2301","0","0","0","N","0","0","0","1","02301","0","","5.0","","1","N","N","","0","","0","0","0","","0","","","1","0","0","0","0","0","0","2","0","1","","","","N","","","","","","","","","",""
"2012002143","1833","0","0","0","0","0","0","0","0","0","7","0","","02","1","2012","4","40.595327","-80.027842","1829","11","0","0","0","0","0","0","0","0","2","0","0","0","","","0","","0","","40 35:43.178","2","0","80 01:40.231","0","0","0","0","2108","0","0","0","N","0","0","0","1","02108","0","","2.0","","2","N","N","","0","","0","0","1","","0","N","","1","0","0","0","0","0","0","2","0","1","","","","N","","","","","","","","","",""
"2012001623","0004","2","0","0","0","0","0","0","0","0","1","0","","02","1","2012","5","40.343461","-79.863215","0003","11","0","0","0","0","0","0","0","0","","0","0","0","","","0","","0","","40 20:36.459","","0","79 51:47.573","0","0","0","0","2304","0","0","0","N","0","0","0","1","02304","0","","6.0","","1","N","N","","0","","0","0","0","","0","","","2","0","1","0","0","0","0","2","0","2","","","","N","","","","","","","","","",""
"2012000190","2015","1","0","0","0","0","0","0","0","0","4","0","","02","1","2012","1","40.404563","-80.091236","2013","11","0","0","0","0","0","0","1","0","","0","0","0","","","0","","2","","40 24:16.428","","0","80 05:28.451","0","0","0","0","2415","0","0","0","N","0","0","0","3","02415","0","","1.0","","9","N","N","","1","","0","0","0","","2","","","2","0","0","0","0","0","0","2","0","2","","","","N","","","","","","","","","",""
"2012002823","2112","1","0","0","0","0","0","0","0","0","1","0","","02","1","2012","6","40.330455","-79.892538","2108","11","0","0","0","0","0","0","0","0","2","0","0","0","","","1","","0","","40 19:49.638","5","0","79 53:33.136","8","0","0","0","2433","0","0","0","N","0","0","0","1","02433","0","","6.0","","1","N","N","","0","","0","0","1","","0","Y","","2","1","0","0","0","1","0","2","0","2","","","","N","","","","","","","","","",""
"2012002144","1824","1","0","0","0","0","0","0","0","0","7","0","","02","1","2012","2","40.433836","-80.141076","1820","11","0","0","0","0","0","0","0","0","2","0","0","0","","","1","","0","","40 26:01.809","6","0","80 08:27.875","4","0","0","0","2115","0","0","0","N","0","0","0","4","02115","1","","4.0","","7","N","N","","0","","0","0","1","","0","Y","","2","1","0","0","0","0","0","2","0","2","","","","N","","","","","","","","","",""
"2012000679","1543","1","0","0","0","0","0","0","0","0","7","0","","02","1","2012","3","40.467408","-80.024359","1536","11","0","0","0","0","0","0","0","0","2","0","0","0","","","1","","0","","40 28:02.669","4","0","80 01:27.692","8","0","0","0","2301","0","0","0","N","0","0","0","1","02301","0","","5.0","","2","N","N","","0","","0","0","0","","0","N","","1","1","0","0","0","1","0","2","0","1","","","","N","","","","","","","","","",""
"2012000603","0750","1","0","0","0","0","0","0","0","0","1","0","","02","1","2012","3","40.370598","-80.049426","0745","11","0","0","0","0","0","1","0","0","3","0","0","0","","","0","","0","","40 22:14.152","1","0","80 02:57.934","0","0","0","0","2109","0","0","0","N","0","0","0","2","02109","0","","1.0","","7","N","N","","0","","0","0","1","","0","N","","2","0","0","0","0","0","0","2","0","2","","","","N","","","","","","","","","",""
"2012002939","1941","2","0","0","0","0","0","0","0","0","4","0","","02","1","2012","7","40.465593","-79.965139","1937","11","0","0","0","0","0","1","0","0","1","0","0","0","","","0","","2","","40 27:56.133","2","0","79 57:54.501","0","0","0","0","2301","0","0","0","N","0","0","0","3","02301","0","","1.0","","1","N","N","","0","","0","0","0","","3","Y","","2","0","0","0","0","0","0","2","0","2","","","","N","","","","","","","","","",""
"2012001359","1226","0","0","0","0","0","0","0","0","0","4","0","35","02","1","2012","4","40.619007","-80.055442","1216","11","0","0","0","0","0","0","0","0","","0","0","0","","","0","","0","","40 37:08.426","","7","80 03:19.592","0","0","0","0","2216","0","0","0","N","0","0","0","4","02505","0","","1.0","","9","N","N","","0","","0","0","2","","0","","","2","0","0","0","0","0","0","2","0","2","","","Y","Y","3","1","","","N","Y","","","Y",""
"2012002145","0801","1","0","0","0","0","0","0","0","0","1","0","","02","1","2012","5","40.532221","-80.175318","0800","11","0","0","0","0","0","1","0","0","1","0","0","0","","","0","","2","","40 31:55.995","1","0","80 10:31.146","0","0","0","0","2452","0","0","0","N","0","0","0","2","02458","0","","1.0","","9","N","N","","0","","0","0","1","","0","N","","2","0","0","0","0","0","0","2","0","2","","","","N","","","","","","","","","",""
"2012002879","1755","0","0","0","0","0","0","0","0","0","1","0","","02","1","2012","6","40.348168","-79.947286","1751","11","0","0","0","0","0","2","0","0","","0","0","0","","","1","","1","","40 20:53.403","","0","79 56:50.231","8","0","0","0","2473","0","0","0","N","0","0","0","3","02473","0","","1.0","","1","N","N","","0","","0","0","2","","2","","","2","1","1","0","0","1","0","2","0","2","","","","N","","","","","","","","","",""
"2012000761","1345","2","0","0","0","0","0","0","0","0","2","0","","02","1","2012","2","40.51533","-80.071659","1342","11","0","0","0","0","0","1","1","0","","0","0","0","","","0","","1","","40 30:55.187","","0","80 04:17.972","9","0","0","0","2215","0","0","0","N","0","0","0","4","02215","0","","1.0","","1","N","N","","2","","0","0","0","","0","","","4","0","0","0","0","0","1","2","0","4","","","","N","","","","","","","","","",""
"2012002417","0903","1","0","0","0","0","0","0","0","0","7","0","","02","1","2012","3","40.248853","-79.877087","0855","11","0","0","0","0","0","0","0","0","2","0","0","0","","","0","","2","","40 14:55.870","1","0","79 52:37.512","0","0","0","0","2204","0","0","0","Y","0","0","0","1","02204","0","","4.0","","7","N","N","","0","","0","0","0","","0","Y","","1","0","0","0","0","0","0","1","0","1","","","","N","","","","","","","","","",""
"2012002953","0223","1","0","0","0","0","0","0","0","0","4","0","","02","1","2012","6","40.473545","-80.062391","0221","11","0","0","0","0","0","1","0","0","","0","0","0","","","2","","2","","40 28:24.763","","0","80 03:44.609","4","0","0","0","2444","0","0","0","N","0","0","0","3","02444","2","","1.0","","1","N","N","","0","","0","0","1","","2","","","2","2","0","0","0","0","1","2","0","2","","","","N","","","","","","","","","",""
"2012001499","2316","0","0","0","0","0","0","0","0","0","7","0","","02","1","2012","2","40.429216","-79.941799","2301","11","0","0","0","0","0","0","0","0","","0","0","0","","","0","","0","","40 25:45.177","","0","79 56:30.477","0","0","0","0","2301","0","0","0","N","0","0","0","2","68B03","0","","3.0","","6","N","N","","0","","0","0","1","","0","","","1","0","0","0","0","0","0","2","0","1","","","","N","","","","","","","","","",""
"2012001626","0021","1","0","0","0","0","0","0","0","0","7","0","","02","1","2012","4","40.518551","-79.845878","0020","11","0","0","0","0","0","0","0","0","","0","0","0","","","0","","0","","40 31:06.785","","7","79 50:45.162","0","0","0","0","2451","0","0","0","N","0","0","0","1","02451","0","","5.0","","9","N","N","","0","","0","0","0","","0","","","1","0","0","0","0","0","0","2","0","1","","","","N","","","","","","","","","",""
"2012000683","1518","1","0","0","0","0","0","0","0","0","7","0","","02","1","2012","3","40.481453","-80.046055","1511","11","0","0","0","0","0","0","0","0","2","0","0","0","","","0","","2","","40 28:53.232","3","0","80 02:45.797","0","0","0","0","2301","0","0","0","N","0","0","0","2","02301","0","","5.0","","6","N","N","","0","","0","0","0","","0","N","","1","0","0","0","0","0","0","2","0","1","","","","N","","","","","","","","","",""
"2012002881","1507","2","0","0","0","0","0","0","0","0","1","0","","02","1","2012","7","40.403558","-80.057726","1503","11","0","0","1","0","0","0","0","1","","0","0","0","","","0","","2","","40 24:12.809","","0","80 03:27.815","0","0","0","0","2117","0","0","0","N","0","0","0","3","02117","0","","1.0","","1","N","N","","0","","0","0","0","","2","","","2","0","0","0","0","0","0","2","0","2","","","","N","","","","","","","","","",""
"2012002292","0048","1","0","0","0","0","0","0","0","0","1","0","","02","1","2012","6","40.481671","-80.033871","0042","11","0","0","0","0","0","0","0","0","","0","0","0","","","0","","0","","40 28:54.014","","0","80 02:01.934","0","0","0","0","2301","0","0","0","N","0","0","0","1","02301","0","","6.0","","1","N","N","","0","","0","0","1","","0","","","2","0","0","0","0","0","0","2","0","2","","","","N","","","","","","","","","",""
"2012001348","1343","0","0","0","0","0","0","0","0","0","4","0","","02","1","2012","3","40.344837","-79.816557","1340","11","0","0","0","0","0","1","0","0","","0","0","0","","","0","","1","","40 20:41.413","","0","79 48:59.605","0","0","0","0","2477","0","0","0","N","0","0","0","2","02477","0","","1.0","","9","N","N","","0","","0","0","1","","3","","","2","0","0","0","0","0","0","2","1","2","","","","N","","","","","","","","","",""
"2012000619","0957","1","0","0","0","0","0","0","0","0","5","0","","02","1","2012","3","40.423472","-79.886873","0955","11","0","0","0","0","0","0","0","0","","0","0","0","","","0","","0","","40 25:24.500","","0","79 53:12.742","0","0","0","0","2463","0","0","0","","0","0","0","2","02463","0","","6.0","","1","","","","0","","0","0","0","","0","","","2","0","1","0","0","0","0","2","1","2","","","","N","","","","","","","","","",""
"2012002882","2059","1","0","0","0","0","0","0","0","0","4","0","","02","1","2012","5","40.366427","-79.979996","2057","11","0","0","1","0","0","0","0","0","","0","0","0","","","0","","2","","40 21:59.137","","0","79 58:47.985","0","0","0","0","2413","0","0","0","N","0","0","0","3","02413","0","","1.0","","1","N","N","","0","","0","0","0","","3","","","2","0","0","0","0","0","0","2","1","2","","","","N","","","","","","","","","",""
"2012002293","0510","1","0","0","0","0","0","0","0","0","7","0","","02","1","2012","5","40.473979","-79.75675","0504","11","0","0","0","0","0","0","0","0","","0","0","0","","","0","","2","","40 28:26.324","","0","79 45:24.300","0","0","0","0","2466","0","0","0","N","0","0","0","1","02466","0","","4.0","","3","","N","","0","","0","0","0","","0","","","1","0","0","0","0","0","0","2","0","1","","","","N","","","","","","","","","",""
"2012000070","1318","1","0","0","0","0","0","0","0","0","7","0","","02","1","2012","1","40.401435","-80.050167","1315","11","0","0","0","0","0","1","0","0","2","0","0","0","","","1","","0","","40 24:05.166","3","0","80 03:00.601","8","0","0","0","2109","0","0","0","N","0","0","0","1","02109","0","","5.0","","9","N","N","","0","","0","0","0","","0","Y","","1","1","0","0","0","1","0","2","0","1","","","","N","","","","","","","","","",""
"2012001629","0339","2","0","0","0","0","0","0","0","0","4","0","","02","1","2012","1","40.466162","-79.952248","0339","11","0","0","0","0","0","1","0","0","","0","0","0","","","2","","1","","40 27:58.183","","0","79 57:08.092","3","0","0","0","2301","0","0","0","N","0","0","0","2","02301","1","","1.0","","1","N","N","","0","","1","0","0","","2","","","2","2","0","0","0","0","0","2","0","2","","","","N","","","","","","","","","",""
"2012002829","1320","1","0","0","0","0","0","0","0","0","8","0","","02","1","2012","3","40.45955","-79.926359","1311","11","0","0","0","0","1","0","0","0","","0","0","0","","","1","","2","","40 27:34.380","","0","79 55:34.892","3","0","0","0","2301","1","0","0","N","1","0","0","2","02301","0","","1.0","","9","N","N","","0","","1","0","0","","0","","","2","1","0","0","0","0","0","2","0","1","","","","N","","","","","","","","","",""
"2012001365","0322","1","0","0","0","0","0","0","0","0","7","0","","02","1","2012","3","40.545986","-80.147499","0322","11","0","0","0","1","0","0","0","0","","0","0","0","","","0","","0","","40 32:45.550","","0","80 08:50.996","0","0","0","0","2459","0","0","0","N","0","0","0","1","02459","0","","5.0","","7","N","N","","0","","0","0","0","","0","","","1","0","0","0","0","0","0","1","0","1","","","","N","","","","","","","","","",""
"2012002884","1637","1","0","0","0","0","0","0","0","0","1","0","","02","1","2012","7","40.446521","-80.026922","1627","11","0","0","0","0","0","0","0","0","1","0","0","0","","","0","","0","","40 26:47.477","2","3","80 01:36.920","0","0","0","0","2301","0","0","0","N","0","0","0","3","02301","0","","1.0","","1","N","N","","0","","0","0","1","","0","N","","2","0","0","0","0","0","0","2","0","2","","","","N","","","","","","","","","",""
"2012001351","1028","1","0","0","0","0","0","0","0","0","0","0","","02","1","2012","4","40.438024","-79.972659","1023","11","0","0","0","0","0","0","0","0","","0","0","0","","","0","","0","","40 26:16.885","","0","79 58:21.573","0","0","0","0","2301","0","0","0","N","0","0","0","1","02301","0","","1.0","","9","N","N","","0","","0","0","0","","2","","","1","0","0","0","0","0","0","2","0","1","","","","N","","","","","","","","","",""
"2012001366","1327","0","0","0","0","0","0","0","0","0","7","0","","02","1","2012","3","40.534515","-80.01947","1321","11","0","0","0","0","1","0","0","0","2","0","0","0","","","1","","0","","40 32:04.255","4","0","80 01:10.091","4","0","0","0","2116","0","0","0","N","0","0","0","1","02116","1","","5.0","","2","N","N","","0","","0","0","0","","0","N","","1","1","0","0","0","0","0","2","1","1","","","","N","","","","","","","","","",""
"2012001504","1830","2","0","0","0","0","0","0","0","0","1","0","","02","1","2012","3","40.493445","-79.900945","1830","11","0","0","0","0","0","0","0","0","3","0","0","0","","","0","","0","","40 29:36.401","2","0","79 54:03.401","0","0","0","0","2112","0","0","0","N","0","0","0","3","68D02","0","","1.0","","6","N","N","","0","","0","0","1","","0","N","","3","0","0","0","0","0","0","2","0","3","","","","N","","","","","","","","","",""
"2012001631","0044","2","0","0","0","0","0","0","0","0","1","0","","02","1","2012","5","40.473802","-80.063388","0043","11","0","0","0","0","0","1","0","0","","0","0","0","","","0","","0","","40 28:25.687","","0","80 03:48.197","0","0","0","0","2444","0","0","0","N","0","0","0","2","02444","0","","1.0","","9","N","N","","0","","0","0","0","","0","","","2","0","0","0","0","0","0","2","0","2","","","","N","","","","","","","","","",""
"2012001352","0809","2","0","0","0","0","0","0","0","0","1","0","","02","1","2012","4","40.311867","-79.938035","0806","11","0","0","0","0","0","2","1","0","1","0","0","0","","","2","","0","","40 18:42.721","1","0","79 56:16.927","8","0","0","0","2440","0","0","0","N","0","0","0","5","02440","0","","1.0","","6","N","N","","1","","0","0","0","","0","N","","3","2","1","0","0","2","0","2","0","3","","","","N","","","","","","","","","",""
"2012000688","1555","1","0","0","0","0","0","0","0","0","4","0","","02","1","2012","3","40.439444","-79.901449","1547","11","0","0","0","0","0","1","0","0","","0","0","0","","","0","","0","","40 26:21.997","","0","79 54:05.217","0","0","0","0","2301","0","0","0","N","0","0","0","2","02301","0","","1.0","","2","N","N","","0","","0","0","1","","0","","","2","0","2","0","0","0","0","2","0","2","","","","N","","","","","","","","","",""
"2012001505","2006","0","0","0","0","0","0","0","0","0","7","0","","02","1","2012","3","40.495867","-79.939182","2003","11","0","0","0","0","0","1","0","0","2","0","0","0","","","1","","0","","40 29:45.122","1","3","79 56:21.056","4","0","0","0","2461","0","0","0","N","0","0","0","1","68D02","1","","2.0","","9","N","N","","0","","0","0","1","","0","N","","1","1","1","0","0","0","0","2","0","1","","","","N","","","","","","","","","",""
"2012001569","1837","2","0","0","0","0","0","0","0","0","7","0","","02","1","2012","1","40.471233","-80.07615","1831","11","0","0","1","0","0","0","0","0","2","0","0","0","","","0","","0","","40 28:16.440","6","7","80 04:34.140","9","0","0","0","2444","0","0","0","N","0","0","0","1","02444","0","","4.0","","9","N","N","","0","","0","0","0","","0","Y","","2","0","0","0","0","0","1","2","0","2","","","","N","","","","","","","","","",""