"CRN","ARRIVAL_TM","AUTOMOBILE_COUNT","BELTED_DEATH_COUNT","BELTED_SUSP_SERIOUS_INJ_COUNT","BICYCLE_COUNT","BICYCLE_DEATH_COUNT","BICYCLE_SUSP_SERIOUS_INJ_COUNT","BUS_COUNT","CHLDPAS_DEATH_COUNT","CHLDPAS_SUSP_SERIOUS_INJ_COUNT","COLLISION_TYPE","COMM_VEH_COUNT","CONS_ZONE_SPD_LIM","COUNTY","CRASH_MONTH","CRASH_YEAR","DAY_OF_WEEK","DEC_LATITUDE","DEC_LONGITUDE","DISPATCH_TM","DISTRICT","DRIVER_COUNT_16YR","DRIVER_COUNT_17YR","DRIVER_COUNT_18YR","DRIVER_COUNT_19YR","DRIVER_COUNT_20YR","DRIVER_COUNT_50_64YR","DRIVER_COUNT_65_74YR","DRIVER_COUNT_75PLUS","EST_HRS_CLOSED","FATAL_COUNT","HEAVY_TRUCK_COUNT","HORSE_BUGGY_COUNT","HOUR_OF_DAY","ILLUMINATION","INJURY_COUNT","INTERSECTION_RELATED","INTERSECT_TYPE","LANE_CLOSED","LATITUDE","LN_CLOSE_DIR","LOCATION_TYPE","LONGITUDE","MAX_SEVERITY_LEVEL","MCYCLE_DEATH_COUNT","MCYCLE_SUSP_SERIOUS_INJ_COUNT","MOTORCYCLE_COUNT","MUNICIPALITY","NONMOTR_COUNT","NONMOTR_DEATH_COUNT","NONMOTR_SUSP_SERIOUS_INJ_COUNT","NTFY_HIWY_MAINT","PED_COUNT","PED_DEATH_COUNT","PED_SUSP_SERIOUS_INJ_COUNT","PERSON_COUNT","POLICE_AGCY","POSSIBLE_INJ_COUNT","RDWY_SURF_TYPE_CD","RELATION_TO_ROAD","ROADWAY_CLEARED","ROAD_CONDITION","SCH_BUS_IND","SCH_ZONE_IND","SECONDARY_CRASH","SMALL_TRUCK_COUNT","SPEC_JURIS_CD","SUSP_MINOR_INJ_COUNT","SUSP_SERIOUS_INJ_COUNT","SUV_COUNT","TCD_FUNC_CD","TCD_TYPE","TFC_DETOUR_IND","TIME_OF_DAY","TOTAL_UNITS","TOT_INJ_COUNT","UNBELTED_OCC_COUNT","UNB_DEATH_COUNT","UNB_SUSP_SERIOUS_INJ_COUNT","UNK_INJ_DEG_COUNT","UNK_INJ_PER_COUNT","URBAN_RURAL","VAN_COUNT","VEHICLE_COUNT","WEATHER1","WEATHER2","WORKERS_PRES","WORK_ZONE_IND","WORK_ZONE_LOC","WORK_ZONE_TYPE","WZ_CLOSE_DETOUR","WZ_FLAGGER","WZ_LAW_OFFCR_IND","WZ_LN_CLOSURE","WZ_MOVING","WZ_OTHER","WZ_SHLDER_MDN","WZ_WORKERS_INJ_KILLED"
"2012014768","","1","0","0","0","0","0","0","0","0","4","0","","02","1","2012","7","40.427542","-80.129198","","11","0","0","0","0","0","0","0","0","1","0","0","0","","","0","","0","","40 25:39.152","3","0","80 07:45.111","0","0","0","0","2115","0","0","0","N","0","0","0","2","68B03","0","","1.0","","7","N","N","","0","","0","0","1","","0","N","","2","0","0","0","0","0","0","2","0","2","","","","N","","","","","","","","","",""
"2012007654","","0","0","0","0","0","0","0","0","0","7","0","","02","1","2012","5","40.468951","-80.00142","","11","0","0","0","0","0","1","0","0","","0","0","0","","","0","","2","","40 28:08.223","","0","80 00:05.112","0","0","0","0","2301","0","0","0","N","0","0","0","1","02301","0","","5.0","","7","N","N","","1","","0","0","0","","0","","","1","0","0","0","0","0","0","2","0","1","","","","N","","","","","","","","","",""
"2012006197","","1","0","0","0","0","0","0","0","0","4","0","","02","1","2012","2","40.454112","-79.996601","","11","0","0","0","0","0","0","0","0","2","0","0","0","","","0","","1","","40 27:14.804","6","0","79 59:47.764","0","0","0","0","2301","0","0","0","N","0","0","0","3","02301","0","","1.0","","9","N","N","","0","","0","0","0","","2","Y","","2","0","0","0","0","0","0","2","1","2","","","","N","","","","","","","","","",""
"2012007799","","1","0","0","0","0","0","0","0","0","8","1","","02","1","2012","6","40.439983","-79.9942","","11","0","0","0","0","0","1","0","0","1","0","0","0","","","1","","2","","40 26:23.940","2","0","79 59:39.120","3","0","0","0","2301","1","0","0","N","1","0","0","3","02503","0","","1.0","","6","N","N","","0","","1","0","0","","2","N","","2","1","1","0","0","0","0","2","0","1","","","","N","","","","","","","","","",""
"2012014769","","5","0","0","0","0","0","0","0","0","1","0","","02","1","2012","5","40.420764","-80.041024","","11","0","0","0","0","0","2","0","0","1","0","0","0","","","2","","0","","40 25:14.750","3","0","80 02:27.685","4","0","0","0","2435","0","0","0","N","0","0","0","7","68B03","2","","1.0","","1","N","N","","1","","0","0","1","","0","N","","7","2","0","0","0","0","0","2","0","7","","","","N","","","","","","","","","",""
"2012014024","","1","0","0","0","0","0","0","0","0","8","0","","02","2","2012","6","40.368272","-80.036646","","11","0","0","0","0","0","0","0","0","2","0","0","0","","","1","","0","","40 22:05.778","5","0","80 02:11.927","8","0","0","0","2416","1","0","0","N","1","0","0","2","02416","0","","1.0","","1","N","N","","0","","0","0","0","","0","N","","2","1","0","0","0","1","0","2","0","1","","","","N","","","","","","","","","",""
"2012007655","","0","0","0","0","0","0","0","0","0","7","0","","02","1","2012","5","40.463019","-79.905672","","11","0","0","0","0","0","0","0","0","","0","0","0","","","0","","0","","40 27:46.870","","0","79 54:20.418","0","0","0","0","2301","0","0","0","N","0","0","0","1","02301","0","","5.0","","7","N","N","","1","","0","0","0","","0","","","1","0","0","0","0","0","0","2","0","1","","","","N","","","","","","","","","",""
"2012007785","","1","0","0","0","0","0","0","0","0","8","0","","02","1","2012","6","40.441603","-79.956898","","11","0","0","0","0","0","0","0","0","2","0","0","0","","","1","","1","","40 26:29.770","1","0","79 57:24.832","4","0","0","0","2301","1","0","0","N","1","0","0","2","02301","1","","1.0","","2","N","N","","0","","0","0","0","","2","Y","","2","1","0","0","0","0","0","2","0","1","","","","N","","","","","","","","","",""
"2012012537","","1","0","0","0","0","0","0","0","0","4","0","","02","2","2012","4","40.443882","-80.237134","","11","0","0","0","0","0","0","0","0","","0","0","0","","","2","","2","","40 26:37.975","","7","80 14:13.682","4","0","0","0","2214","0","0","0","N","0","0","0","2","02214","2","","1.0","","1","N","Y","","0","","0","0","1","","3","","","2","2","0","0","0","0","0","2","0","2","","","","N","","","","","","","","","",""
"2012006887","","1","0","0","0","0","0","0","0","0","7","0","","02","1","2012","1","40.450227","-79.999025","","11","0","0","0","0","0","0","0","0","","0","0","0","","","1","","0","","40 27:00.817","","0","79 59:56.491","8","0","0","0","2301","0","0","0","N","0","0","0","1","68B03","0","","2.0","","1","N","N","","0","","0","0","0","","0","","","1","1","0","0","0","1","0","2","0","1","","","","N","","","","","","","","","",""
"2012007657","","0","0","0","0","0","0","0","0","0","7","0","","02","1","2012","5","40.490269","-79.816214","","11","0","0","0","0","0","0","0","0","1","0","0","0","","","0","","0","","40 29:24.969","3","0","79 48:58.370","0","0","0","0","2113","0","0","0","N","0","0","0","2","02113","0","","5.0","","7","N","N","","0","","0","0","1","","0","Y","","1","0","0","0","0","0","0","2","0","1","","","","N","","","","","","","","","",""
"2012006349","","1","0","0","0","0","0","0","0","0","7","0","","02","1","2012","7","40.418218","-79.750467","","11","0","1","0","0","0","0","0","0","2","0","0","0","","","1","","0","","40 25:05.584","1","0","79 45:01.681","3","0","0","0","2446","0","0","0","N","0","0","0","1","02446","0","","2.0","","1","N","N","","0","","1","0","0","","0","N","","1","1","0","0","0","0","0","2","0","1","","","","N","","","","","","","","","",""
"2012007788","","2","0","0","0","0","0","0","0","0","4","0","","02","1","2012","6","40.439585","-79.89922","","11","0","0","0","0","0","0","0","0","","0","0","0","","","0","","0","","40 26:22.506","","3","79 53:57.192","0","0","0","0","2301","0","0","0","N","0","0","0","2","02301","0","","1.0","","7","N","N","","0","","0","0","0","","0","","","2","0","0","0","0","0","0","2","0","2","","","","N","","","","","","","","","",""
"2012014013","","5","0","0","0","0","0","0","0","0","5","0","","02","2","2012","1","40.462244","-79.944544","","11","0","0","0","0","0","0","0","0","1","0","0","0","","","0","","0","","40 27:44.078","1","0","79 56:40.358","0","0","0","0","2301","0","0","0","N","0","0","0","1","02301","0","","6.0","","1","N","N","","0","","0","0","0","","0","Y","","5","0","1","0","0","0","0","2","0","5","","","","N","","","","","","","","","",""
"2012013221","","1","0","0","0","0","0","0","0","0","1","0","","02","2","2012","5","40.408692","-79.895197","","11","0","0","0","0","1","1","0","0","1","0","0","0","","","0","","2","","40 24:31.292","4","0","79 53:42.710","0","0","0","0","2448","0","0","0","N","0","0","0","3","02448","0","","1.0","","1","N","N","","1","","0","0","0","","2","N","","2","0","0","0","0","0","0","2","0","2","","","","N","","","","","","","","","",""
"2012007026","","0","0","0","0","0","0","0","0","0","8","0","","02","1","2012","3","40.329488","-79.937645","","11","0","0","0","0","0","0","0","0","","0","0","0","","","1","","0","","40 19:46.157","","0","79 56:15.522","8","0","0","0","2440","1","0","0","N","1","0","0","2","02440","0","","5.0","","1","N","","","1","","0","0","0","","0","","","2","1","0","0","0","1","1","2","0","1","","","","N","","","","","","","","","",""
"2012008608","","2","0","0","0","0","0","1","0","0","4","1","","02","1","2012","6","40.644725","-79.938231","","11","0","0","0","0","0","1","1","0","1","0","0","0","","","1","","2","","40 38:41.009","6","0","79 56:17.631","8","0","0","0","2217","0","0","0","N","0","0","0","4","02505","0","","1.0","","6","Y","N","","0","","0","0","0","","2","N","","3","1","0","0","0","1","0","2","0","3","","","","N","","","","","","","","","",""
"2012007094","","2","0","0","0","0","0","0","0","0","4","0","","02","1","2012","4","40.4384","-79.95775","","11","0","0","0","0","0","0","0","0","","0","0","0","","","5","","2","","40 26:18.240","","0","79 57:27.900","8","0","0","0","2301","0","0","0","N","0","0","0","5","02301","0","","1.0","","1","N","N","","0","","0","0","0","","3","","","2","5","0","0","0","5","0","2","0","2","","","","N","","","","","","","","","",""
"2012007873","","1","0","0","0","0","0","0","0","0","7","0","","02","1","2012","5","40.352978","-79.996287","","11","0","0","0","0","0","0","0","0","1","0","0","0","","","0","","0","","40 21:10.720","1","0","79 59:46.633","0","0","0","0","2476","0","0","0","N","0","0","0","1","02476","0","","4.0","","7","N","N","","0","","0","0","0","","0","N","","1","0","0","0","0","0","0","2","0","1","","","","N","","","","","","","","","",""
"2012013211","","0","0","0","0","0","0","0","0","0","8","0","","02","1","2012","3","40.405787","-79.907481","","11","0","0","0","0","0","0","0","0","","0","0","0","","","1","","1","","40 24:20.833","","0","79 54:26.931","8","0","0","0","2438","1","0","0","N","1","0","0","4","02438","0","","1.0","","1","N","N","","1","","0","0","0","","0","","","2","1","0","0","0","1","0","2","0","1","","","","N","","","","","","","","","",""
"2012007662","","1","0","0","0","0","0","0","0","0","7","0","","02","1","2012","4","40.394439","-79.799121","","11","0","0","0","0","0","0","0","0","1","0","0","0","","","0","","0","","40 23:39.980","4","0","79 47:56.834","0","0","0","0","2446","0","0","0","N","0","0","0","1","02446","0","","2.0","","1","N","N","","0","","0","0","0","","0","N","","1","0","0","0","0","0","0","2","0","1","","","","N","","","","","","","","","",""
"2012006203","","2","0","0","0","0","0","0","0","0","1","0","","02","1","2012","2","40.452816","-79.825994","","11","0","0","0","0","0","0","0","0","","0","0","0","","","1","","2","","40 27:10.139","","0","79 49:33.579","4","0","0","0","2113","0","0","0","N","0","0","0","2","02113","1","","1.0","","1","N","N","","0","","0","0","0","","0","","","2","1","0","0","0","0","0","2","0","2","","","","N","","","","","","","","","",""
"2012007028","","2","0","0","0","0","0","0","0","0","4","0","","02","1","2012","3","40.460816","-79.867511","","11","0","0","0","0","0","1","0","0","","0","0","0","","","1","","0","","40 27:38.936","","0","79 52:03.040","4","0","0","0","2113","0","0","0","N","0","0","0","4","02113","1","","1.0","","9","N","N","","0","","0","0","0","","0","","","2","1","2","0","0","0","0","2","0","2","","","","N","","","","","","","","","",""
"2012014710","","0","0","0","0","0","0","0","0","0","2","0","","02","2","2012","1","40.406467","-79.826811","","11","0","0","0","0","0","0","0","0","1","0","0","0","","","0","","5","","40 24:23.281","4","0","79 49:36.519","9","0","0","0","2467","0","0","0","N","0","0","0","2","02467","0","","1.0","","1","N","N","","0","","0","0","1","","2","Y","","2","0","0","0","0","0","2","2","0","2","","","","N","","","","","","","","","",""
"2012013212","","0","0","0","0","0","0","0","0","0","1","0","","02","2","2012","5","40.342778","-79.885556","","11","0","0","0","0","0","1","0","0","2","0","0","0","","","1","","0","","40 20:34.000","2","0","79 53:08.000","4","0","0","0","2433","0","0","0","N","0","0","0","3","02433","1","","1.0","","1","N","N","","1","","0","0","1","","3","Y","","2","1","0","0","0","0","0","2","0","2","","","","N","","","","","","","","","",""
"2012007808","","1","0","0","0","0","0","0","0","0","7","0","","02","1","2012","6","40.513197","-79.910179","","11","0","0","0","0","0","0","1","0","","0","0","0","","","0","","0","","40 30:47.509","","0","79 54:36.644","0","0","0","0","2432","0","0","0","N","0","0","0","1","02432","0","","2.0","","9","N","N","","0","","0","0","0","","0","","","1","0","0","0","0","0","0","2","0","1","","","","N","","","","","","","","","",""
"2012008622","","1","0","0","0","0","0","0","0","0","7","0","","02","1","2012","1","40.496193","-80.007886","","11","0","0","0","0","0","0","0","0","","0","0","0","","","0","","0","","40 29:46.293","","0","80 00:28.390","0","0","0","0","2301","0","0","0","N","0","0","0","1","02301","0","","2.0","","9","N","N","","0","","0","0","0","","0","","","1","0","0","0","0","0","0","2","0","1","","","","N","","","","","","","","","",""
"2012012465","","0","0","0","0","0","0","0","0","0","7","0","","02","2","2012","4","40.543835","-80.043447","","11","0","0","0","0","0","0","0","0","","0","0","0","","","0","","0","","40 32:37.805","","0","80 02:36.410","0","0","0","0","2116","0","0","0","N","0","0","0","1","02116","0","","1.0","","2","N","N","","0","","0","0","1","","0","","","1","0","0","0","0","0","0","2","0","1","","","","N","","","","","","","","","",""
"2012012478","","1","0","0","0","0","0","0","0","0","8","0","","02","2","2012","4","40.444028","-79.964136","","11","0","0","0","0","0","1","0","0","","0","0","0","","","1","","0","","40 26:38.500","","7","79 57:50.890","4","0","0","0","2301","1","0","0","N","1","0","0","2","02506","1","","1.0","","9","N","N","","0","","0","0","0","","0","","","2","1","0","0","0","0","0","2","0","1","","","","N","","","","","","","","","",""
"2012012544","","2","0","0","0","0","0","0","0","0","5","0","","02","2","2012","4","40.487902","-79.920338","","11","0","0","0","0","0","1","0","0","","0","0","0","","","2","","2","","40 29:16.447","","0","79 55:13.218","8","0","0","0","2301","0","0","0","N","0","0","0","3","02301","0","","1.0","","1","N","N","","0","","0","0","0","","2","","","2","2","1","0","0","2","0","2","0","2","","","","N","","","","","","","","","",""
"2012007664","","1","0","0","0","0","0","0","0","0","7","0","","02","1","2012","5","40.452415","-79.748759","","11","0","0","0","0","0","1","0","0","2","0","0","0","","","0","","0","","40 27:08.693","3","0","79 44:55.534","0","0","0","0","2446","0","0","0","N","0","0","0","2","02446","0","","5.0","","7","N","N","","0","","0","0","0","","0","N","","1","0","0","0","0","0","0","2","0","1","","","","N","","","","","","","","","",""
"2012007794","","2","0","0","0","0","0","0","0","0","1","0","","02","1","2012","5","40.384503","-80.093067","","11","0","0","0","0","0","2","0","0","","0","0","0","","","0","","0","","40 23:04.209","","0","80 05:35.042","0","0","0","0","2117","0","0","0","N","0","0","0","4","02117","0","","1.0","","9","N","N","","0","","0","0","2","","2","","","4","0","0","0","0","0","0","2","0","4","","","","N","","","","","","","","","",""
"2012007030","","2","0","0","0","0","0","0","0","0","2","0","","02","1","2012","3","40.389477","-79.754468","","11","0","0","0","0","0","2","0","0","","0","0","0","","","2","","0","","40 23:22.116","","0","79 45:16.086","3","0","0","0","2446","0","0","0","N","0","0","0","2","02446","0","","1.0","","9","N","N","","0","","2","0","0","","0","","","2","2","0","0","0","0","0","2","0","2","","","","N","","","","","","","","","",""
"2012007877","","1","0","0","0","0","0","0","0","0","4","0","","02","1","2012","5","40.355851","-80.028223","","11","0","0","0","0","0","1","0","0","","0","0","0","","","0","","10","","40 21:21.063","","0","80 01:41.601","0","0","0","0","2407","0","0","0","N","0","0","0","2","02503","0","","1.0","","2","N","N","","1","","0","0","0","","0","","","2","0","0","0","0","0","0","2","0","2","","","","N","","","","","","","","","",""
"2012006287","","1","0","0","0","0","0","0","0","0","1","0","","02","1","2012","7","40.438871","-79.760628","","11","0","0","0","0","0","0","0","0","1","0","0","0","","","1","","2","","40 26:19.934","2","0","79 45:38.259","8","0","0","0","2446","0","0","0","N","0","0","0","3","02446","0","","1.0","","1","N","N","","0","","0","0","0","","2","N","","2","1","0","0","0","1","0","2","1","2","","","","N","","","","","","","","","",""
"2012014714","","1","0","0","0","0","0","0","0","0","0","0","","02","2","2012","1","40.329777","-79.931809","","11","0","0","0","0","1","0","0","0","1","0","0","0","","","0","","0","","40 19:47.197","5","0","79 55:54.513","0","0","0","0","2473","0","0","0","N","0","0","0","1","02473","0","","1.0","","1","N","N","","0","","0","0","0","","0","Y","","1","0","1","0","0","0","0","2","0","1","","","","N","","","","","","","","","",""
"2012007667","","2","0","0","0","0","0","0","0","0","1","0","","02","1","2012","5","40.40997","-80.023726","","11","0","0","0","0","0","0","0","0","3","0","0","0","","","0","","0","","40 24:35.892","5","0","80 01:25.413","0","0","0","0","2301","0","0","0","N","0","0","0","1","02301","0","","2.0","","7","N","N","","0","","0","0","0","","0","N","","4","0","0","0","0","0","0","2","2","4","","","","N","","","","","","","","","",""
"2012007811","","1","0","0","0","0","0","0","0","0","4","0","","02","1","2012","6","40.435957","-79.956133","","11","0","0","0","0","0","0","0","0","","0","0","0","","","0","","1","","40 26:09.445","","0","79 57:22.078","0","0","0","0","2301","0","0","0","N","0","0","0","1","02301","0","","1.0","","2","N","N","","0","","0","0","1","","3","","","2","0","0","0","0","0","0","2","0","2","","","","N","","","","","","","","","",""
"2012008627","","1","0","0","0","0","0","0","0","0","7","0","","02","1","2012","1","40.559187","-80.087179","","11","0","0","0","0","0","1","0","0","1","0","0","0","","","1","","0","","40 33:33.074","5","0","80 05:13.845","3","0","0","0","2481","0","0","0","N","0","0","0","1","02481","0","","5.0","","1","N","N","","0","","1","0","0","","0","N","","1","1","0","0","0","0","0","2","0","1","","","","N","","","","","","","","","",""
"2012013230","","1","0","0","0","0","0","0","0","0","7","0","","02","1","2012","6","40.374842","-80.094736","","11","0","0","0","0","0","0","0","0","","0","0","0","","","0","","2","","40 22:29.431","","0","80 05:41.049","0","0","0","0","2117","0","0","0","N","0","0","0","2","02117","0","","5.0","","1","N","N","","0","","0","0","0","","0","","","1","0","0","0","0","0","0","2","0","1","","","","N","","","","","","","","","",""
"2012014035","","2","0","0","0","0","0","0","0","0","1","0","","02","1","2012","4","40.429376","-80.028549","","11","0","0","0","0","0","0","0","0","","0","0","0","","","0","","0","","40 25:45.752","","0","80 01:42.776","0","0","0","0","2301","0","0","0","N","0","0","0","3","68B03","0","","1.0","","1","N","N","","0","","0","0","0","","0","","","2","0","0","0","0","0","0","2","0","2","","","","N","","","","","","","","","",""
"2012007734","","2","0","0","0","0","0","0","0","0","1","0","","02","1","2012","2","40.496459","-79.915603","","11","0","0","0","0","0","0","0","0","1","0","0","0","","","0","","0","","40 29:47.253","1","0","79 54:56.169","0","0","0","0","2112","0","0","0","N","0","0","0","2","68D02","0","","1.0","","1","N","N","","0","","0","0","0","","0","N","","2","0","0","0","0","0","0","2","0","2","","","","N","","","","","","","","","",""
"2012007814","","2","0","0","0","0","0","0","0","0","1","0","","02","1","2012","5","40.496999","-79.940508","","11","0","0","0","0","0","1","0","0","1","0","0","0","","","1","","6","","40 29:49.198","2","2","79 56:25.828","8","0","0","0","2430","0","0","0","N","0","0","0","2","02430","0","","1.0","","7","N","N","","0","","0","0","0","","0","Y","","2","1","0","0","0","1","0","2","0","2","","","","N","","","","","","","","","",""
"2012013970","","0","0","0","0","0","0","0","0","0","7","0","","02","2","2012","6","40.482692","-80.065624","","11","0","0","0","0","0","1","0","0","1","0","0","0","","","1","","0","","40 28:57.691","5","0","80 03:56.246","3","0","0","0","2122","0","0","0","N","0","0","0","1","02122","0","","5.0","","1","N","N","","1","","1","0","0","","0","Y","","1","1","0","0","0","0","0","2","0","1","","","","N","","","","","","","","","",""
"2012012484","","1","0","0","0","0","0","0","0","0","4","0","","02","2","2012","4","40.438334","-79.842884","","11","0","0","0","0","0","1","1","0","","0","0","0","","","1","","2","","40 26:18.004","","0","79 50:34.384","8","0","0","0","2419","0","0","0","N","0","0","0","2","02419","0","","1.0","","1","N","N","","0","","0","0","1","","3","","","2","1","0","0","0","1","0","2","0","2","","","","N","","","","","","","","","",""
"2012014036","","2","0","0","0","0","0","0","0","0","1","0","","02","1","2012","4","40.425875","-79.901129","","11","0","0","0","1","0","0","0","0","","0","0","0","","","0","","0","","40 25:33.151","","0","79 54:04.065","0","0","0","0","2301","0","0","0","N","0","0","0","3","68B03","0","","1.0","","1","N","N","","0","","0","0","0","","0","","","2","0","1","0","0","0","0","2","0","2","","","","N","","","","","","","","","",""
"2012007735","","3","0","0","0","0","0","0","0","0","1","0","","02","1","2012","4","40.494696","-79.905394","","11","0","0","0","0","0","0","1","0","1","0","0","0","","","1","","0","","40 29:40.905","2","0","79 54:19.417","4","0","0","0","2401","0","0","0","N","0","0","0","5","68D02","1","","1.0","","1","N","N","","1","","0","0","0","","0","N","","4","1","0","0","0","0","0","2","0","4","","","","N","","","","","","","","","",""
"2012007882","","0","0","0","0","0","0","0","0","0","4","0","","02","1","2012","5","40.436131","-80.063168","","11","0","0","0","0","0","0","0","0","3","0","0","0","","","0","","0","","40 26:10.071","5","0","80 03:47.404","0","0","0","0","2421","0","0","0","N","0","0","0","1","02421","0","","1.0","","7","N","N","","1","","0","0","1","","0","Y","","2","0","0","0","0","0","0","2","0","2","","","","N","","","","","","","","","",""
"2012014730","","1","0","0","0","0","0","0","0","0","7","0","","02","2","2012","1","40.346356","-79.853207","","11","0","0","0","0","0","0","0","0","2","0","0","0","","","0","","3","","40 20:46.881","5","3","79 51:11.545","0","0","0","0","2304","0","0","0","N","0","0","0","1","02304","0","","5.0","","1","N","N","","0","","0","0","0","","0","Y","","1","0","1","0","0","0","0","2","0","1","","","","N","","","","","","","","","",""
"2012013232","","2","0","0","0","0","0","0","0","0","4","0","","02","2","2012","6","40.463832","-79.95588","","11","0","0","0","0","0","0","0","0","1","0","0","0","","","0","","0","","40 27:49.795","3","0","79 57:21.168","9","0","0","0","2301","0","0","0","N","0","0","0","2","02301","0","","1.0","","1","N","N","","0","","0","0","0","","0","N","","2","0","0","0","0","0","1","2","0","2","","","","N","","","","","","","","","",""
"2012014037","","1","0","0","0","0","0","0","0","0","7","0","","02","1","2012","6","40.425952","-79.897768","","11","0","0","0","0","0","0","0","0","","0","0","0","","","0","","7","","40 25:33.426","","2","79 53:51.965","0","0","0","0","2301","0","0","0","N","0","0","0","2","68B03","0","","2.0","","2","N","N","","0","","0","0","0","","0","","","1","0","0","0","0","0","0","2","0","1","","","","N","","","","","","","","","",""
"2012007816","","1","0","0","0","0","0","0","0","0","5","0","","02","1","2012","5","40.434923","-79.912388","","11","0","0","0","0","0","0","0","0","","0","0","0","","","0","","0","","40 26:05.722","","0","79 54:44.596","0","0","0","0","2301","0","0","0","N","0","0","0","0","02301","0","","4.0","","7","N","N","","0","","0","0","0","","0","","","2","0","0","0","0","0","0","2","0","2","","","","N","","","","","","","","","",""
"2012007883","","2","0","0","0","0","0","0","0","0","4","0","","02","1","2012","5","40.53677","-79.971401","","11","0","0","0","0","0","1","0","0","","0","0","0","","","0","","2","","40 32:12.371","","0","79 58:17.042","0","0","0","0","2118","0","0","0","N","0","0","0","2","02118","0","","1.0","","7","N","N","","0","","0","0","0","","3","","","2","0","0","0","0","0","0","2","0","2","","","","N","","","","","","","","","",""
"2012014038","","1","0","0","0","0","0","0","0","0","7","0","","02","1","2012","7","40.443353","-79.782311","","11","0","0","0","0","0","0","0","0","2","0","0","0","","","1","","0","","40 26:36.069","4","0","79 46:56.320","4","0","0","0","2446","0","0","0","N","0","0","0","1","68B03","1","","4.0","","6","N","N","","0","","0","0","0","","0","N","","1","1","0","0","0","0","0","2","0","1","","","","N","","","","","","","","","",""
"2012007672","","1","0","0","0","0","0","0","0","0","7","0","","02","1","2012","5","40.496999","-79.940508","","11","0","0","0","0","0","0","1","0","","0","0","0","","","0","","6","","40 29:49.198","","1","79 56:25.828","0","0","0","0","2430","0","0","0","Y","0","0","0","1","02430","0","","7.0","","7","N","N","","0","","0","0","0","","0","","","1","0","0","0","0","0","0","2","0","1","","","","N","","","","","","","","","",""
"2012006212","","2","0","0","0","0","0","0","0","0","4","0","","02","1","2012","3","40.448652","-80.002304","","11","0","0","0","0","0","1","0","0","","0","0","0","","","0","","1","","40 26:55.147","","0","80 00:08.294","0","0","0","0","2301","0","0","0","N","0","0","0","4","02301","0","","1.0","","1","N","N","","0","","0","0","0","","1","","","2","0","0","0","0","0","0","2","0","2","","","","N","","","","","","","","","",""
"2012007817","","2","0","0","0","0","0","0","0","0","5","0","","02","1","2012","6","40.438163","-79.975903","","11","0","0","0","0","0","0","0","0","","0","0","0","","","0","","2","","40 26:17.386","","0","79 58:33.250","0","0","0","0","2301","0","0","0","N","0","0","0","2","02301","0","","1.0","","2","N","N","","0","","0","0","0","","0","","","2","0","0","0","0","0","0","2","0","2","","","","N","","","","","","","","","",""
"2012014039","","1","0","0","0","0","0","0","0","0","7","0","","02","1","2012","7","40.517949","-80.132294","","11","0","0","0","0","0","0","0","0","","0","0","0","","","0","","0","","40 31:04.615","","0","80 07:56.260","0","0","0","0","2434","0","0","0","N","0","0","0","1","68B03","0","","3.0","","2","N","N","","0","","0","0","0","","0","","","1","0","0","0","0","0","0","2","0","1","","","","N","","","","","","","","","",""
"2012006299","","1","0","0","0","0","0","0","0","0","7","0","","02","1","2012","2","40.390183","-79.952888","","11","0","0","0","0","0","0","0","0","2","0","0","0","","","1","","0","","40 23:24.658","6","0","79 57:10.398","8","0","0","0","2403","0","0","0","N","0","0","0","1","02403","0","","5.0","","2","N","N","","0","","0","0","0","","0","N","","1","1","0","0","0","1","0","2","0","1","","","","N","","","","","","","","","",""
"2012014735","","0","0","0","0","0","0","0","0","0","1","1","","02","2","2012","2","40.383342","-80.017918","","11","0","0","0","0","0","1","0","0","","0","1","0","","","1","","0","","40 23:00.031","","7","80 01:04.504","8","0","0","0","2101","0","0","0","N","0","0","0","3","02101","0","","1.0","","1","N","N","","0","","0","0","0","","0","","","2","1","0","0","0","1","0","2","1","2","","","","N","","","","","","","","","",""
"2012012488","","1","0","0","0","0","0","0","0","0","4","0","","02","2","2012","4","40.4532","-79.992708","","11","0","0","0","0","0","1","0","0","","0","0","0","","","0","","1","","40 27:11.520","","0","79 59:33.748","0","0","0","0","2301","0","0","0","N","0","0","0","2","02301","0","","1.0","","1","N","N","","0","","0","0","0","","2","","","2","0","0","0","0","0","0","2","1","2","","","","N","","","","","","","","","",""
"2012014040","","1","0","0","0","0","0","0","0","0","4","0","","02","2","2012","4","40.408022","-80.10791","","11","0","0","0","0","0","1","0","0","","0","0","0","","","0","","0","","40 24:28.878","","0","80 06:28.477","0","0","0","0","2102","0","0","0","N","0","0","0","2","68B03","0","","1.0","","1","N","N","","0","","0","0","1","","0","","","2","0","0","0","0","0","0","2","0","2","","","","N","","","","","","","","","",""
"2012012556","","0","0","0","0","0","0","0","0","0","0","0","","02","1","2012","3","40.625114","-79.841886","","11","0","0","0","0","0","1","0","0","","0","0","0","","","1","","0","","40 37:30.410","","0","79 50:30.789","3","0","0","1","2220","0","0","0","N","0","0","0","1","02220","0","","2.0","","1","N","N","","0","","1","0","0","","0","","","1","1","0","0","0","0","0","2","0","1","","","","N","","","","","","","","","",""