"CRN","ARRIVAL_TM","AUTOMOBILE_COUNT","BELTED_DEATH_COUNT","BELTED_SUSP_SERIOUS_INJ_COUNT","BICYCLE_COUNT","BICYCLE_DEATH_COUNT","BICYCLE_SUSP_SERIOUS_INJ_COUNT","BUS_COUNT","CHLDPAS_DEATH_COUNT","CHLDPAS_SUSP_SERIOUS_INJ_COUNT","COLLISION_TYPE","COMM_VEH_COUNT","CONS_ZONE_SPD_LIM","COUNTY","CRASH_MONTH","CRASH_YEAR","DAY_OF_WEEK","DEC_LATITUDE","DEC_LONGITUDE","DISPATCH_TM","DISTRICT","DRIVER_COUNT_16YR","DRIVER_COUNT_17YR","DRIVER_COUNT_18YR","DRIVER_COUNT_19YR","DRIVER_COUNT_20YR","DRIVER_COUNT_50_64YR","DRIVER_COUNT_65_74YR","DRIVER_COUNT_75PLUS","EST_HRS_CLOSED","FATAL_COUNT","HEAVY_TRUCK_COUNT","HORSE_BUGGY_COUNT","HOUR_OF_DAY","ILLUMINATION","INJURY_COUNT","INTERSECTION_RELATED","INTERSECT_TYPE","LANE_CLOSED","LATITUDE","LN_CLOSE_DIR","LOCATION_TYPE","LONGITUDE","MAX_SEVERITY_LEVEL","MCYCLE_DEATH_COUNT","MCYCLE_SUSP_SERIOUS_INJ_COUNT","MOTORCYCLE_COUNT","MUNICIPALITY","NONMOTR_COUNT","NONMOTR_DEATH_COUNT","NONMOTR_SUSP_SERIOUS_INJ_COUNT","NTFY_HIWY_MAINT","PED_COUNT","PED_DEATH_COUNT","PED_SUSP_SERIOUS_INJ_COUNT","PERSON_COUNT","POLICE_AGCY","POSSIBLE_INJ_COUNT","RDWY_SURF_TYPE_CD","RELATION_TO_ROAD","ROADWAY_CLEARED","ROAD_CONDITION","SCH_BUS_IND","SCH_ZONE_IND","SECONDARY_CRASH","SMALL_TRUCK_COUNT","SPEC_JURIS_CD","SUSP_MINOR_INJ_COUNT","SUSP_SERIOUS_INJ_COUNT","SUV_COUNT","TCD_FUNC_CD","TCD_TYPE","TFC_DETOUR_IND","TIME_OF_DAY","TOTAL_UNITS","TOT_INJ_COUNT","UNBELTED_OCC_COUNT","UNB_DEATH_COUNT","UNB_SUSP_SERIOUS_INJ_COUNT","UNK_INJ_DEG_COUNT","UNK_INJ_PER_COUNT","URBAN_RURAL","VAN_COUNT","VEHICLE_COUNT","WEATHER1","WEATHER2","WORKERS_PRES","WORK_ZONE_IND","WORK_ZONE_LOC","WORK_ZONE_TYPE","WZ_CLOSE_DETOUR","WZ_FLAGGER","WZ_LAW_OFFCR_IND","WZ_LN_CLOSURE","WZ_MOVING","WZ_OTHER","WZ_SHLDER_MDN","WZ_WORKERS_INJ_KILLED"
"2012011735","","1","0","0","0","0","0","0","0","0","7","0","","02","1","2012","7","40.574167","-80.016736","","11","0","0","1","0","0","0","0","0","2","0","0","0","","","1","","0","","40 34:27.001","1","0","80 01:00.250","4","0","0","0","2108","0","0","0","N","0","0","0","2","02108","1","","2.0","","9","N","N","","0","","0","0","0","","0","Y","","1","1","1","0","0","0","0","2","0","1","","","","N","","","","","","","","","",""
"2012009422","","1","0","0","0","0","0","0","0","0","6","0","","02","1","2012","3","40.29813","-79.875168","","11","0","0","0","0","0","1","0","0","","0","0","0","","","0","","0","","40 17:53.269","","0","79 52:30.606","0","0","0","0","2302","0","0","0","N","0","0","0","2","02302","0","","1.0","","9","N","N","","1","","0","0","0","","0","","","2","0","0","0","0","0","0","2","0","2","","","","N","","","","","","","","","",""
"2012011736","","1","0","0","0","0","0","0","0","0","7","0","","02","1","2012","6","40.509059","-80.213673","","11","0","0","0","0","0","0","0","0","","0","0","0","","","1","","0","","40 30:32.611","","0","80 12:49.223","4","0","0","0","2213","0","0","0","N","0","0","0","1","02213","1","","4.0","","1","N","N","","0","","0","0","0","","0","","","1","1","1","0","0","0","0","2","0","1","","","","N","","","","","","","","","",""
"2012009487","","2","0","0","0","0","0","0","0","0","4","0","","02","1","2012","3","40.428285","-79.93299","","11","0","0","0","0","0","0","0","0","","0","0","0","","","0","","0","","40 25:41.826","","0","79 55:58.764","0","0","0","0","2301","0","0","0","N","0","0","0","1","02301","0","","1.0","","1","N","N","","0","","0","0","0","","0","","","2","0","0","0","0","0","0","2","0","2","","","","N","","","","","","","","","",""
"2012011040","","1","0","0","0","0","0","0","0","0","4","0","","02","1","2012","6","40.619708","-79.944508","","11","0","0","0","0","0","0","0","0","2","0","0","0","","","1","","2","","40 37:10.950","1","0","79 56:40.229","8","0","0","0","2217","0","0","0","N","0","0","0","3","02505","0","","1.0","","9","N","N","","0","","0","0","1","","0","Y","","2","1","0","0","0","1","0","2","0","2","","","","N","","","","","","","","","",""
"2012014521","","2","0","0","0","0","0","0","0","0","4","0","","02","2","2012","7","40.355258","-79.818213","","11","0","0","0","0","0","1","0","0","","0","0","0","","","0","","0","","40 21:18.930","","0","79 49:05.566","0","0","0","0","2477","0","0","0","","0","0","0","1","02477","0","","6.0","","1","N","","","0","","0","0","0","","0","","","2","0","0","0","0","0","0","2","0","2","","","","N","","","","","","","","","",""
"2012011041","","1","0","0","0","0","0","0","0","0","2","0","","02","1","2012","6","40.340027","-79.82677","","11","0","1","0","0","0","0","1","0","1","0","0","0","","","1","","1","","40 20:24.097","7","0","79 49:36.372","8","0","0","0","2304","0","0","0","N","0","0","0","3","02304","0","","1.0","","1","N","N","","0","","0","0","1","","2","N","","2","1","1","0","0","1","0","2","0","2","","","","N","","","","","","","","","",""
"2012014522","","1","0","0","0","0","0","0","0","0","1","0","","02","2","2012","3","40.467146","-79.825734","","11","0","0","0","0","0","1","0","1","","0","0","0","","","1","","0","","40 28:01.726","","0","79 49:32.642","4","0","0","0","2113","0","0","0","N","0","0","0","4","02113","1","","1.0","","1","N","N","","1","","0","0","1","","2","","","3","1","0","0","0","0","0","2","0","3","","","","N","","","","","","","","","",""
"2012013779","","2","0","0","0","0","0","0","0","0","7","0","","02","2","2012","7","40.607556","-79.844169","","11","0","0","0","0","1","0","0","0","","0","0","0","","","0","","0","","40 36:27.201","","0","79 50:39.008","0","0","0","0","2220","0","0","0","N","0","0","0","1","02220","0","","4.0","","9","N","N","","0","","0","0","0","","0","","","2","0","0","0","0","0","0","2","0","2","","","","N","","","","","","","","","",""
"2012013792","","2","0","0","0","0","0","0","0","0","1","0","","02","2","2012","7","40.571615","-79.927324","","11","0","0","0","0","0","0","0","0","","0","0","0","","","0","","0","","40 34:17.813","","0","79 55:38.365","0","0","0","0","2207","0","0","0","N","0","0","0","3","02207","0","","1.0","","1","N","N","","0","","0","0","0","","0","","","2","0","0","0","0","0","0","2","0","2","","","","N","","","","","","","","","",""
"2012014523","","0","0","0","0","0","0","0","0","0","7","0","","02","2","2012","3","40.524731","-79.768785","","11","0","0","0","0","0","0","0","0","1","0","0","0","","","0","","0","","40 31:29.032","2","0","79 46:07.626","0","0","0","0","2466","0","0","0","N","0","0","0","1","02466","0","","2.0","","1","N","N","","0","","0","0","1","","0","N","","1","0","0","0","0","0","0","2","0","1","","","","N","","","","","","","","","",""
"2012013856","","1","0","0","0","0","0","0","0","0","4","0","","02","2","2012","7","40.632196","-80.058636","","11","0","0","1","0","0","0","0","0","","0","0","0","","","0","","0","","40 37:55.905","","0","80 03:31.088","0","0","0","0","2216","0","0","0","N","0","0","0","3","02505","0","","1.0","","9","N","N","","0","","0","0","1","","0","","","2","0","0","0","0","0","0","2","0","2","","","","N","","","","","","","","","",""
"2012013922","","1","0","0","0","0","0","0","0","0","7","0","","02","1","2012","5","40.413718","-79.851295","","11","0","0","0","0","0","0","0","0","","0","0","0","","","1","","0","","40 24:49.384","","0","79 51:04.662","8","0","0","0","2411","0","0","0","N","0","0","0","2","02411","0","","4.0","","7","N","N","","0","","0","0","0","","0","","","1","1","0","0","0","1","1","2","0","1","","","","N","","","","","","","","","",""
"2012011044","","1","0","0","0","0","0","0","0","0","4","0","","02","1","2012","5","40.522044","-80.21756","","11","0","0","0","0","0","2","0","0","1","0","0","0","","","2","","2","","40 31:19.358","5","0","80 13:03.217","3","0","0","0","2213","0","0","0","N","0","0","0","2","02213","1","","1.0","","9","N","N","","1","","1","0","0","","3","N","","2","2","0","0","0","0","0","2","0","2","","","","N","","","","","","","","","",""
"2012013795","","2","0","0","0","0","0","0","0","0","4","0","","02","2","2012","1","40.455949","-79.903192","","11","0","0","0","0","0","0","0","0","2","0","0","0","","","0","","0","","40 27:21.416","6","0","79 54:11.491","9","0","0","0","2301","0","0","0","N","0","0","0","1","02301","0","","1.0","","1","N","N","","1","","0","0","0","","0","Y","","3","0","1","0","0","0","1","2","0","3","","","","N","","","","","","","","","",""
"2012013857","","1","0","0","0","0","0","0","0","0","8","0","","02","2","2012","1","40.411009","-79.955527","","11","0","0","0","0","0","0","0","0","2","0","0","0","","","1","","0","","40 24:39.633","4","0","79 57:19.897","2","0","0","0","2301","1","0","1","N","1","0","1","2","02301","0","","2.0","","1","N","N","","0","","0","1","0","","0","N","","2","1","0","0","0","0","0","2","0","1","","","","N","","","","","","","","","",""
"2012013720","","1","0","0","0","0","0","0","0","0","2","0","","02","2","2012","6","40.487084","-80.055214","","11","0","0","0","0","0","1","0","0","2","0","0","0","","","1","","0","","40 29:13.502","3","0","80 03:18.772","3","0","0","0","2404","0","0","0","N","0","0","0","2","02404","0","","1.0","","1","N","N","","1","","1","0","0","","0","N","","2","1","0","0","0","0","0","2","0","2","","","","N","","","","","","","","","",""
"2012014538","","0","0","0","0","0","0","0","0","0","1","2","","02","2","2012","6","40.233316","-79.856648","","11","0","0","0","0","0","0","0","0","2","0","2","0","","","1","","0","","40 13:59.938","1","0","79 51:23.932","8","0","0","0","2204","0","0","0","N","0","0","0","2","02204","0","","1.0","","1","N","N","","0","","0","0","0","","2","N","","2","1","0","0","0","1","0","1","0","2","","","","N","","","","","","","","","",""
"2012009493","","0","0","0","0","0","0","0","0","0","2","1","","02","1","2012","3","40.550249","-80.190412","","11","0","0","0","0","0","1","0","0","1","0","0","0","","","0","","1","","40 33:00.896","6","0","80 11:25.483","0","0","0","0","2427","0","0","0","N","0","0","0","2","02427","0","","1.0","","1","Y","N","","0","","0","0","1","","3","Y","","2","0","0","0","0","0","0","2","1","2","","","","N","","","","","","","","","",""
"2012013721","","2","0","0","0","0","0","0","0","0","1","0","","02","2","2012","6","40.446193","-79.895545","","11","0","0","0","0","0","1","0","0","","0","0","0","","","1","","2","","40 26:46.294","","0","79 53:43.962","3","0","0","0","2301","0","0","0","N","0","0","0","2","02301","0","","1.0","","1","N","N","","0","","1","0","0","","2","","","2","1","0","0","0","0","0","2","0","2","","","","N","","","","","","","","","",""
"2012014539","","2","0","0","0","0","0","0","0","0","4","0","","02","2","2012","3","40.626185","-80.056151","","11","0","0","0","0","0","0","0","0","1","0","0","0","","","0","","1","","40 37:34.267","2","0","80 03:22.142","0","0","0","0","2216","0","0","0","N","0","0","0","2","02505","0","","1.0","","1","N","N","","0","","0","0","0","","3","N","","2","0","0","0","0","0","0","2","0","2","","","","N","","","","","","","","","",""
"2012012360","","1","0","0","0","0","0","0","0","0","7","0","","02","1","2012","5","40.31174","-80.026563","","11","0","1","0","0","0","0","0","0","","0","0","0","","","0","","0","","40 18:42.264","","0","80 01:35.626","0","0","0","0","2407","0","0","0","N","0","0","0","1","02407","0","","4.0","","7","N","N","","0","","0","0","0","","0","","","1","0","0","0","0","0","0","2","0","1","","","","N","","","","","","","","","",""
"2012011049","","1","0","0","0","0","0","0","0","0","8","0","","02","1","2012","6","40.443204","-80.000338","","11","0","0","0","0","0","0","0","0","","0","0","0","","","1","","1","","40 26:35.534","","0","80 00:01.216","3","0","0","0","2301","1","0","0","N","1","0","0","2","02301","0","","1.0","","1","N","N","","0","","1","0","0","","2","","","2","1","0","0","0","0","0","2","0","1","","","","N","","","","","","","","","",""
"2012013722","","2","0","0","0","0","0","0","0","0","1","0","","02","2","2012","4","40.34837","-79.944808","","11","0","0","0","0","0","0","0","0","","0","0","0","","","0","","1","","40 20:54.133","","0","79 56:41.310","0","0","0","0","2473","0","0","0","N","0","0","0","2","02473","0","","1.0","","1","N","N","","0","","0","0","0","","2","","","2","0","0","0","0","0","0","2","0","2","","","","N","","","","","","","","","",""
"2012014528","","0","0","0","0","0","0","0","0","0","7","0","","02","1","2012","4","40.344506","-79.883764","","11","0","0","0","1","0","0","0","0","4","1","0","0","","","1","","0","","40 20:40.220","6","3","79 53:01.550","1","0","0","0","2433","0","0","0","N","0","0","0","2","02501","0","2","1.0","","1","N","N","","0","0","0","1","1","","0","N","","1","1","2","1","1","0","0","2","0","1","","","","N","","","","","","","","","",""
"2012012361","","1","0","0","0","0","0","0","0","0","4","0","","02","1","2012","6","40.297857","-80.045369","","11","0","0","0","0","0","1","1","0","","0","0","0","","","2","","0","","40 17:52.284","","0","80 02:43.328","8","0","0","0","2407","0","0","0","N","0","0","0","7","02407","0","","1.0","","1","N","N","","0","","0","0","2","","0","","","4","2","0","0","0","2","0","2","1","4","","","","N","","","","","","","","","",""
"2012009495","","0","0","0","0","0","0","0","0","0","4","1","","02","1","2012","3","40.454175","-79.996854","","11","0","0","0","0","0","0","0","0","2","0","1","0","","","1","","10","","40 27:15.029","4","3","79 59:48.676","8","0","0","0","2301","0","0","0","N","0","0","0","2","02301","0","","1.0","","1","N","N","","0","","0","0","1","","2","N","","2","1","0","0","0","1","0","2","0","2","","","","N","","","","","","","","","",""
"2012013738","","2","0","0","0","0","0","0","0","0","4","0","","02","1","2012","3","40.442708","-79.819869","","11","0","0","0","0","0","1","1","0","","0","0","0","","","2","","0","","40 26:33.750","","0","79 49:11.530","8","0","0","0","2124","0","0","0","N","0","0","0","2","02124","0","","1.0","","1","N","N","","0","","0","0","0","","0","","","2","2","0","0","0","2","0","2","0","2","","","","N","","","","","","","","","",""
"2012014603","","0","0","0","0","0","0","0","0","0","7","0","","02","1","2012","3","40.398913","-80.105476","","11","0","0","0","0","0","0","0","0","2","0","0","0","","","0","","0","","40 23:56.088","2","0","80 06:19.713","0","0","0","0","2102","0","0","0","N","0","0","0","2","68B03","0","","2.0","","7","N","N","","1","","0","0","0","","0","N","","2","0","0","0","0","0","0","2","1","2","","","","N","","","","","","","","","",""
"2012012362","","2","0","0","0","0","0","0","0","0","4","0","","02","1","2012","5","40.332814","-80.020873","","11","0","0","0","0","0","0","0","1","","0","0","0","","","0","","0","","40 19:58.130","","0","80 01:15.144","0","0","0","0","2407","0","0","0","N","0","0","0","2","02407","0","","1.0","","1","N","N","","0","","0","0","0","","0","","","2","0","0","0","0","0","0","2","0","2","","","","N","","","","","","","","","",""
"2012009496","","3","0","0","0","0","0","0","0","0","4","0","","02","1","2012","3","40.340706","-80.063598","","11","0","0","0","0","0","0","1","1","1","0","0","0","","","1","","2","","40 20:26.541","5","0","80 03:48.953","8","0","0","0","2123","0","0","0","N","0","0","0","4","02123","0","","1.0","","1","N","N","","0","","0","0","0","","3","N","","3","1","0","0","0","1","0","2","0","3","","","","N","","","","","","","","","",""
"2012013041","","0","0","0","0","0","0","0","0","0","7","0","","02","2","2012","4","40.352918","-79.917481","","11","0","0","0","0","0","0","0","1","1","0","0","0","","","0","","0","","40 21:10.506","4","0","79 55:02.931","0","0","0","0","2473","0","0","0","N","0","0","0","1","02473","0","","3.0","","1","N","N","","1","","0","0","0","","0","Y","","1","0","0","0","0","0","0","2","0","1","","","","N","","","","","","","","","",""
"2012014604","","0","0","0","0","0","0","0","0","0","7","0","","02","1","2012","4","40.362129","-80.118703","","11","0","0","0","0","0","0","0","0","1","0","0","0","","","1","","0","","40 21:43.665","1","0","80 07:07.331","4","0","0","0","2414","0","0","0","N","0","0","0","2","68B03","1","","2.0","","7","N","N","","0","","0","0","1","","0","N","","1","1","0","0","0","0","0","2","0","1","","","","N","","","","","","","","","",""
"2012012363","","2","0","0","0","0","0","0","0","0","1","0","","02","1","2012","6","40.333574","-80.020481","","11","0","0","0","1","0","0","0","0","2","0","0","0","","","0","","2","","40 20:00.866","4","0","80 01:13.733","0","0","0","0","2407","0","0","0","N","0","0","0","4","02407","0","","1.0","","1","N","N","","0","","0","0","0","","3","N","","2","0","0","0","0","0","0","2","0","2","","","","N","","","","","","","","","",""
"2012010926","","0","0","0","0","0","0","0","0","0","7","0","","02","1","2012","5","40.590942","-79.827058","","11","0","0","0","0","1","0","0","0","1","0","0","0","","","0","","0","","40 35:27.391","1","0","79 49:37.410","0","0","0","0","2209","0","0","0","N","0","0","0","1","02209","0","","4.0","","9","N","N","","0","","0","0","1","","0","N","","1","0","0","0","0","0","0","1","0","1","","","","N","","","","","","","","","",""
"2012009432","","0","0","0","0","0","0","0","0","0","1","0","","02","1","2012","6","40.444986","-80.027753","","11","0","0","0","0","0","1","0","0","1","0","0","0","","","0","","0","","40 26:41.948","1","3","80 01:39.909","0","0","0","0","2301","0","0","0","N","0","0","0","2","02301","0","","1.0","","9","N","N","","0","","0","0","0","","0","N","","2","0","0","0","0","0","0","2","2","2","","","","N","","","","","","","","","",""
"2012013042","","1","0","0","0","0","0","0","0","0","1","0","","02","2","2012","5","40.525598","-79.840956","","11","0","0","0","0","0","0","1","0","","0","0","0","","","1","","1","","40 31:32.153","","0","79 50:27.440","8","0","0","0","2451","0","0","0","N","0","0","0","3","02451","0","","1.0","","1","N","N","","0","","0","0","0","","2","","","2","1","0","0","0","1","0","2","1","2","","","","N","","","","","","","","","",""
"2012014605","","1","0","0","0","0","0","0","0","0","1","1","","02","1","2012","3","40.434563","-79.99683","","11","0","0","0","0","0","1","0","0","2","0","1","0","","","0","","6","","40 26:04.428","3","2","79 59:48.589","0","0","0","0","2301","0","0","0","N","0","0","0","2","68B03","0","","1.0","","1","N","N","","0","","0","0","0","","0","N","","2","0","0","0","0","0","0","2","0","2","","","","N","","","","","","","","","",""
"2012013863","","1","0","0","0","0","0","0","0","0","1","0","","02","2","2012","7","40.634703","-79.939679","","11","0","0","0","0","0","1","0","0","","0","0","0","","","0","","1","","40 38:04.929","","0","79 56:22.843","0","0","0","0","2217","0","0","0","N","0","0","0","4","02505","0","","1.0","","9","N","N","","1","","0","0","0","","2","","","2","0","0","0","0","0","0","2","0","2","","","","N","","","","","","","","","",""
"2012010927","","2","0","0","0","0","0","0","0","0","4","0","","02","1","2012","4","40.513396","-80.222386","","11","0","0","0","0","0","0","0","1","","0","0","0","","","0","","2","","40 30:48.227","","0","80 13:20.591","0","0","0","0","2213","0","0","0","N","0","0","0","2","02213","0","","1.0","","1","N","N","","0","","0","0","0","","0","","","2","0","0","0","0","0","0","2","0","2","","","","N","","","","","","","","","",""
"2012011677","","1","0","0","0","0","0","0","0","0","1","0","","02","1","2012","2","40.386452","-80.054323","","11","0","0","0","0","0","0","1","0","1","0","0","0","","","0","","1","","40 23:11.227","2","0","80 03:15.564","0","0","0","0","2109","0","0","0","N","0","0","0","2","02109","0","","1.0","","1","N","N","","0","","0","0","1","","0","N","","2","0","0","0","0","0","0","2","0","2","","","","N","","","","","","","","","",""
"2012013729","","1","0","0","0","0","0","0","0","0","1","0","","02","2","2012","7","40.472245","-80.221863","","11","0","0","0","0","0","0","0","0","","0","0","0","","","1","","0","","40 28:20.081","","3","80 13:18.705","8","0","0","0","2203","0","0","0","N","0","0","0","2","02203","0","","1.0","","9","N","N","","0","","0","0","1","","0","","","2","1","1","0","0","1","0","2","0","2","","","","N","","","","","","","","","",""
"2012014606","","1","0","0","0","0","0","0","0","0","4","0","","02","1","2012","2","40.428113","-80.030363","","11","0","0","0","0","0","0","0","0","","0","0","0","","","0","","0","","40 25:41.206","","0","80 01:49.308","0","0","0","0","2301","0","0","0","N","0","0","0","6","68B03","0","","1.0","","1","N","N","","0","","0","0","2","","0","","","3","0","0","0","0","0","0","2","0","3","","","","N","","","","","","","","","",""
"2012010928","","0","0","0","0","0","0","0","0","0","4","0","","02","1","2012","5","40.345134","-80.027362","","11","0","0","0","0","0","1","0","0","","0","0","0","","","0","","1","","40 20:42.483","","0","80 01:38.503","0","0","0","0","2407","0","0","0","N","0","0","0","5","02407","0","","1.0","","9","N","N","","1","","0","0","1","","2","","","2","0","0","0","0","0","0","2","0","2","","","","N","","","","","","","","","",""
"2012013657","","1","0","0","0","0","0","0","0","0","1","0","","02","2","2012","6","40.578061","-79.953778","","11","0","0","0","0","0","0","0","0","1","0","0","0","","","0","","2","","40 34:41.021","2","0","79 57:13.600","0","0","0","0","2207","0","0","0","N","0","0","0","2","02207","0","","1.0","","1","N","N","","0","","0","0","1","","3","N","","2","0","0","0","0","0","0","2","0","2","","","","N","","","","","","","","","",""
"2012014607","","2","0","0","0","0","0","0","0","0","1","0","","02","1","2012","5","40.449008","-79.992632","","11","0","0","0","0","0","0","0","0","","0","0","0","","","0","","0","","40 26:56.428","","3","79 59:33.474","0","0","0","0","2301","0","0","0","N","0","0","0","2","68B03","0","","1.0","","7","N","N","","0","","0","0","0","","0","","","2","0","0","0","0","0","0","2","0","2","","","","N","","","","","","","","","",""
"2012013878","","1","0","0","0","0","0","0","0","0","1","0","","02","1","2012","2","40.511511","-79.947509","","11","0","0","0","0","0","1","0","0","","0","0","0","","","1","","1","","40 30:41.439","","0","79 56:51.032","8","0","0","0","2118","0","0","0","N","0","0","0","2","02118","0","","1.0","","1","N","N","","0","","0","0","1","","2","","","2","1","0","0","0","1","0","2","0","2","","","","N","","","","","","","","","",""
"2012012982","","1","0","0","0","0","0","0","0","0","5","0","","02","2","2012","5","40.351733","-79.850751","","11","0","0","0","0","0","1","0","0","","0","0","0","","","0","","0","","40 21:06.239","","7","79 51:02.705","0","0","0","0","2304","0","0","0","N","0","0","0","2","02304","0","","1.0","","1","N","N","","1","","0","0","0","","0","","","2","0","0","0","0","0","0","2","0","2","","","","N","","","","","","","","","",""
"2012014608","","1","0","0","0","0","0","0","0","0","4","1","","02","1","2012","5","40.373643","-80.104738","","11","0","0","0","0","0","0","0","0","1","0","0","0","","","0","","0","","40 22:25.115","2","0","80 06:17.058","0","0","0","0","2102","0","0","0","N","0","0","0","2","68B03","0","","1.0","","6","N","N","","0","","0","0","0","","0","N","","2","0","0","0","0","0","0","2","0","2","","","","N","","","","","","","","","",""
"2012013732","","0","0","0","0","0","0","0","0","0","7","0","","02","2","2012","6","40.511001","-79.957059","","11","0","0","0","0","0","1","0","0","1","0","0","0","","","0","","0","","40 30:39.605","1","0","79 57:25.412","0","0","0","0","2118","0","0","0","N","0","0","0","1","02118","0","","2.0","","1","N","N","","0","","0","0","1","","0","N","","1","0","0","0","0","0","0","2","0","1","","","","N","","","","","","","","","",""
"2012014535","","0","0","0","0","0","0","0","0","0","4","0","","02","2","2012","7","40.393109","-79.805088","","11","0","0","0","0","1","0","0","0","2","0","0","0","","","1","","2","","40 23:35.192","5","0","79 48:18.316","8","0","0","0","2479","0","0","0","N","0","0","0","5","02111","0","","1.0","","9","N","N","","1","","0","0","1","","2","N","","2","1","0","0","0","1","0","2","0","2","","","","N","","","","","","","","","",""
"2012014609","","1","0","0","0","0","0","0","0","0","7","0","","02","1","2012","1","40.443228","-79.839457","","11","0","0","0","0","0","0","1","0","","0","0","0","","","0","","0","","40 26:35.620","","0","79 50:22.044","9","0","0","0","2419","0","0","0","N","0","0","0","1","68B03","0","","4.0","","1","N","N","","0","","0","0","0","","0","","","1","0","0","0","0","0","1","2","0","1","","","","N","","","","","","","","","",""
"2012013867","","1","0","0","0","0","0","0","0","0","4","0","","02","2","2012","1","40.463414","-79.951811","","11","0","0","0","0","0","0","0","0","","0","0","0","","","0","","1","","40 27:48.290","","0","79 57:06.520","0","0","0","0","2301","0","0","0","N","0","0","0","2","02301","0","","1.0","","1","N","N","","1","","0","0","0","","2","","","2","0","0","0","0","0","0","2","0","2","","","","N","","","","","","","","","",""
"2012014536","","1","0","0","0","0","0","1","0","0","4","1","","02","2","2012","3","40.459998","-79.758701","","11","0","0","0","0","0","1","0","0","2","0","0","0","","","1","","2","","40 27:35.994","1","0","79 45:31.323","8","0","0","0","2466","0","0","0","N","0","0","0","2","02466","0","","1.0","","1","N","N","","0","","0","0","0","","3","N","","2","1","0","0","0","1","0","2","0","2","","","","N","","","","","","","","","",""
"2012014610","","1","0","0","0","0","0","0","0","0","7","0","","02","1","2012","1","40.477195","-80.253534","","11","0","0","0","0","0","1","0","0","","0","0","0","","","0","","0","","40 28:37.902","","0","80 15:12.723","0","0","0","0","2203","0","0","0","N","0","0","0","1","68B03","0","","2.0","","9","N","N","","0","","0","0","0","","0","","","1","0","0","0","0","0","0","2","0","1","","","","N","","","","","","","","","",""
"2012014673","","1","0","0","0","0","0","1","0","0","1","2","","02","1","2012","3","40.436233","-79.77244","","11","0","0","0","0","0","1","1","0","","0","1","0","","","5","","1","","40 26:10.438","","0","79 46:20.784","8","0","0","0","2446","0","0","0","N","0","0","0","29","02446","0","","1.0","","1","Y","N","","0","","0","0","0","","2","","","3","5","0","0","0","5","0","2","0","3","","","","N","","","","","","","","","",""
"2012014611","","1","0","0","0","0","0","0","0","0","7","0","","02","1","2012","1","40.488619","-80.269058","","11","0","0","0","0","0","0","0","0","","0","0","0","","","0","","0","","40 29:19.028","","0","80 16:08.608","0","0","0","0","2203","0","0","0","Y","0","0","0","1","68B03","0","","3.0","","1","N","N","","0","","0","0","0","","0","","","2","0","0","0","0","0","0","2","0","1","","","","N","","","","","","","","","",""
"2012013882","","1","0","0","0","0","0","0","0","0","7","0","","02","2","2012","1","40.459991","-79.902369","","11","0","0","0","0","0","0","0","0","","0","0","0","","","0","","0","","40 27:35.967","","0","79 54:08.528","0","0","0","0","2301","0","0","0","N","0","0","0","0","02301","0","","5.0","","1","N","N","","0","","0","0","0","","0","","","1","0","0","0","0","0","0","2","0","1","","","","N","","","","","","","","","",""
"2012014612","","2","0","0","0","0","0","0","0","0","1","0","","02","1","2012","3","40.601017","-80.093821","","11","0","1","0","0","0","0","0","0","2","0","0","0","","","1","","0","","40 36:03.660","2","0","80 05:37.757","4","0","0","0","2481","0","0","0","N","0","0","0","2","68B03","1","","1.0","","1","N","N","","0","","0","0","0","","0","N","","2","1","0","0","0","0","0","2","0","2","","","","N","","","","","","","","","",""
"2012013883","","2","0","0","0","0","0","0","0","0","6","0","","02","2","2012","7","40.344881","-79.854809","","11","0","0","0","0","0","2","0","0","","0","0","0","","","0","","2","","40 20:41.571","","0","79 51:17.312","0","0","0","0","2304","0","0","0","N","0","0","0","2","02304","0","","1.0","","1","N","N","","0","","0","0","0","","0","","","2","0","0","0","0","0","0","2","0","2","","","","N","","","","","","","","","",""
"2012014613","","1","0","0","0","0","0","0","0","0","99","0","","02","1","2012","3","40.402264","-80.106748","","11","0","0","0","0","0","0","0","0","","0","0","0","","","0","","0","","40 24:08.152","","0","80 06:24.293","0","0","0","0","2102","0","0","0","N","0","0","0","1","68B03","0","","1.0","","1","N","N","","0","","0","0","0","","0","","","1","0","0","0","0","0","0","2","0","1","","","","N","","","","","","","","","",""
"2012011687","","1","0","0","0","0","0","0","0","0","4","0","","02","1","2012","2","40.454112","-79.996601","","11","0","0","0","0","0","1","0","0","2","0","0","0","","","1","","1","","40 27:14.804","7","6","79 59:47.764","8","0","0","0","2301","0","0","0","N","0","0","0","2","02301","0","","1.0","","1","N","N","","1","","0","0","0","","2","N","","2","1","0","0","0","1","0","2","0","2","","","","N","","","","","","","","","",""
"2012012988","","1","0","0","0","0","0","0","0","0","7","0","","02","2","2012","4","40.436033","-79.970028","","11","0","0","0","0","0","1","0","0","","0","0","0","","","0","","7","","40 26:09.720","","0","79 58:12.099","9","0","0","0","2301","0","0","0","N","0","0","0","1","02301","0","","1.0","","1","N","N","","0","","0","0","0","","0","","","1","0","0","0","0","0","1","2","0","1","","","","N","","","","","","","","","",""