"CRN","ARRIVAL_TM","AUTOMOBILE_COUNT","BELTED_DEATH_COUNT","BELTED_SUSP_SERIOUS_INJ_COUNT","BICYCLE_COUNT","BICYCLE_DEATH_COUNT","BICYCLE_SUSP_SERIOUS_INJ_COUNT","BUS_COUNT","CHLDPAS_DEATH_COUNT","CHLDPAS_SUSP_SERIOUS_INJ_COUNT","COLLISION_TYPE","COMM_VEH_COUNT","CONS_ZONE_SPD_LIM","COUNTY","CRASH_MONTH","CRASH_YEAR","DAY_OF_WEEK","DEC_LATITUDE","DEC_LONGITUDE","DISPATCH_TM","DISTRICT","DRIVER_COUNT_16YR","DRIVER_COUNT_17YR","DRIVER_COUNT_18YR","DRIVER_COUNT_19YR","DRIVER_COUNT_20YR","DRIVER_COUNT_50_64YR","DRIVER_COUNT_65_74YR","DRIVER_COUNT_75PLUS","EST_HRS_CLOSED","FATAL_COUNT","HEAVY_TRUCK_COUNT","HORSE_BUGGY_COUNT","HOUR_OF_DAY","ILLUMINATION","INJURY_COUNT","INTERSECTION_RELATED","INTERSECT_TYPE","LANE_CLOSED","LATITUDE","LN_CLOSE_DIR","LOCATION_TYPE","LONGITUDE","MAX_SEVERITY_LEVEL","MCYCLE_DEATH_COUNT","MCYCLE_SUSP_SERIOUS_INJ_COUNT","MOTORCYCLE_COUNT","MUNICIPALITY","NONMOTR_COUNT","NONMOTR_DEATH_COUNT","NONMOTR_SUSP_SERIOUS_INJ_COUNT","NTFY_HIWY_MAINT","PED_COUNT","PED_DEATH_COUNT","PED_SUSP_SERIOUS_INJ_COUNT","PERSON_COUNT","POLICE_AGCY","POSSIBLE_INJ_COUNT","RDWY_SURF_TYPE_CD","RELATION_TO_ROAD","ROADWAY_CLEARED","ROAD_CONDITION","SCH_BUS_IND","SCH_ZONE_IND","SECONDARY_CRASH","SMALL_TRUCK_COUNT","SPEC_JURIS_CD","SUSP_MINOR_INJ_COUNT","SUSP_SERIOUS_INJ_COUNT","SUV_COUNT","TCD_FUNC_CD","TCD_TYPE","TFC_DETOUR_IND","TIME_OF_DAY","TOTAL_UNITS","TOT_INJ_COUNT","UNBELTED_OCC_COUNT","UNB_DEATH_COUNT","UNB_SUSP_SERIOUS_INJ_COUNT","UNK_INJ_DEG_COUNT","UNK_INJ_PER_COUNT","URBAN_RURAL","VAN_COUNT","VEHICLE_COUNT","WEATHER1","WEATHER2","WORKERS_PRES","WORK_ZONE_IND","WORK_ZONE_LOC","WORK_ZONE_TYPE","WZ_CLOSE_DETOUR","WZ_FLAGGER","WZ_LAW_OFFCR_IND","WZ_LN_CLOSURE","WZ_MOVING","WZ_OTHER","WZ_SHLDER_MDN","WZ_WORKERS_INJ_KILLED"
"2012014614","","1","0","0","0","0","0","0","0","0","7","0","","02","2","2012","4","40.436821","-80.211223","","11","0","0","0","0","1","0","0","0","","0","0","0","","","0","","6","","40 26:12.554","","2","80 12:40.402","0","0","0","0","2214","0","0","0","Y","0","0","0","1","68B03","0","","2.0","","1","N","N","","0","","0","0","0","","0","","","1","0","0","0","0","0","0","2","0","1","","","","N","","","","","","","","","",""
"2012012373","","1","0","0","0","0","0","0","0","0","7","0","","02","1","2012","6","40.496564","-80.122713","","11","0","0","0","0","0","0","0","0","","0","0","0","","","0","","0","","40 29:47.632","","0","80 07:21.768","0","0","0","0","2115","0","0","0","N","0","0","0","1","68B03","0","","4.0","","9","N","N","","0","","0","0","0","","0","","","1","0","0","0","0","0","0","2","0","1","","","","N","","","","","","","","","",""
"2012013115","","1","0","0","0","0","0","1","0","0","1","1","","02","2","2012","5","40.471794","-80.027015","","11","0","0","0","0","0","0","0","0","1","0","0","0","","","0","","3","","40 28:18.458","3","0","80 01:37.254","0","0","0","0","2301","0","0","0","N","0","0","0","11","02301","0","","1.0","","1","Y","N","","0","","0","0","0","","0","N","","2","0","0","0","0","0","0","2","0","2","","","","N","","","","","","","","","",""
"2012014615","","1","0","0","0","0","0","0","0","0","1","1","","02","2","2012","5","40.430016","-80.027601","","11","0","0","0","0","0","0","0","1","","0","1","0","","","0","","0","","40 25:48.056","","0","80 01:39.364","0","0","0","0","2301","0","0","0","N","0","0","0","3","68B03","0","","1.0","","1","N","N","","0","","0","0","1","","0","","","3","0","0","0","0","0","0","2","0","3","","","","N","","","","","","","","","",""
"2012012374","","1","0","0","0","0","0","0","0","0","7","0","","02","1","2012","6","40.502972","-80.136701","","11","0","0","0","0","0","0","0","0","","0","0","0","","","0","","0","","40 30:10.698","","0","80 08:12.124","0","0","0","0","2115","0","0","0","Y","0","0","0","3","68B03","0","","2.0","","2","N","N","","0","","0","0","0","","4","","","1","0","0","0","0","0","0","2","0","1","","","","N","","","","","","","","","",""
"2012014616","","1","0","0","0","0","0","0","0","0","1","0","","02","2","2012","6","40.431266","-79.872706","","11","0","0","0","0","0","1","0","0","1","0","0","0","","","2","","0","","40 25:52.557","4","0","79 52:21.743","3","0","0","0","2411","0","0","0","N","0","0","0","2","68B03","1","","1.0","","1","N","N","","0","","1","0","1","","0","N","","2","2","0","0","0","0","0","2","0","2","","","","N","","","","","","","","","",""
"2012012375","","1","0","1","0","0","0","0","0","0","0","0","","02","1","2012","7","40.441486","-79.828171","","11","0","0","0","0","0","0","0","1","1","0","0","0","","","2","","0","","40 26:29.350","3","3","79 49:41.415","2","0","0","0","2419","0","0","0","N","0","0","0","2","68B03","1","","2.0","","6","N","N","","0","","0","1","0","","0","N","","1","2","0","0","0","0","0","2","0","1","","","","N","","","","","","","","","",""
"2012014617","","2","0","0","0","0","0","0","0","0","5","0","","02","2","2012","7","40.426153","-79.895551","","11","0","0","0","0","0","0","1","0","","0","0","0","","","0","","6","","40 25:34.152","","2","79 53:43.982","0","0","0","0","2301","0","0","0","N","0","0","0","2","68B03","0","","1.0","","9","N","N","","0","","0","0","0","","4","","","2","0","0","0","0","0","0","2","0","2","","","","N","","","","","","","","","",""
"2012013118","","1","0","0","0","0","0","0","0","0","4","0","","02","2","2012","5","40.423853","-79.962195","","11","0","0","0","0","0","1","0","0","","0","0","0","","","0","","2","","40 25:25.870","","0","79 57:43.901","0","0","0","0","2301","0","0","0","N","0","0","0","2","02301","0","","1.0","","1","N","N","","0","","0","0","0","","2","","","2","0","0","0","0","0","0","2","1","2","","","","N","","","","","","","","","",""
"2012009447","","0","0","0","0","0","0","0","0","0","7","0","","02","1","2012","2","40.454243","-79.883891","","11","0","0","0","0","0","0","1","0","","0","0","0","","","1","","0","","40 27:15.273","","0","79 53:02.007","8","0","0","0","2301","0","0","0","N","0","0","0","1","02301","0","","4.0","","2","N","N","","0","","0","0","1","","0","","","1","1","0","0","0","1","0","2","0","1","","","","N","","","","","","","","","",""
"2012012993","","3","0","0","0","0","0","0","0","0","4","0","","02","2","2012","5","40.451749","-79.928776","","11","0","0","0","0","0","0","0","0","","0","0","0","","","1","","1","","40 27:06.296","","0","79 55:43.593","4","0","0","0","2301","0","0","0","N","0","0","0","2","02301","1","","1.0","","1","N","N","","0","","0","0","0","","0","","","3","1","0","0","0","0","0","2","0","3","","","","N","","","","","","","","","",""
"2012014556","","2","0","0","0","0","0","0","0","0","4","0","","02","2","2012","3","40.464751","-79.929934","","11","0","0","0","0","0","0","0","0","","0","0","0","","","1","","0","","40 27:53.103","","7","79 55:47.762","4","0","0","0","2301","0","0","0","N","0","0","0","3","02301","1","","1.0","","1","N","N","","0","","0","0","0","","0","","","2","1","0","0","0","0","0","2","0","2","","","","N","","","","","","","","","",""
"2012014618","","2","0","0","0","0","0","0","0","0","1","0","","02","2","2012","7","40.447038","-80.167541","","11","0","0","0","0","0","0","0","0","1","0","0","0","","","1","","0","","40 26:49.336","4","0","80 10:03.147","4","0","0","0","2115","0","0","0","N","0","0","0","6","68B03","1","","1.0","","9","N","N","","0","","0","0","0","","2","N","","3","1","0","0","0","0","0","2","1","3","","","","N","","","","","","","","","",""
"2012009529","","2","0","0","0","0","0","0","0","0","4","0","","02","1","2012","3","40.459214","-79.927463","","11","0","0","0","0","0","2","0","0","","0","0","0","","","1","","1","","40 27:33.170","","0","79 55:38.866","4","0","0","0","2301","0","0","0","N","0","0","0","3","02301","1","","1.0","","1","N","N","","0","","0","0","0","","2","","","2","1","0","0","0","0","0","2","0","2","","","","N","","","","","","","","","",""
"2012011372","","2","0","0","0","0","0","0","0","0","2","0","","02","1","2012","7","40.475201","-79.776533","","11","0","1","0","0","0","0","0","0","3","0","0","0","","","5","","0","","40 28:30.725","6","7","79 46:35.519","2","0","0","0","2466","0","0","0","N","0","0","0","5","02466","2","","1.0","","1","N","N","","0","","1","1","0","","0","N","","2","5","1","0","1","1","0","2","0","2","","","","N","","","","","","","","","",""
"2012011165","","1","0","0","0","0","0","0","0","0","4","1","","02","1","2012","6","40.623243","-79.923878","","11","0","0","0","0","0","0","0","0","1","0","1","0","","","0","","0","","40 37:23.674","1","0","79 55:25.962","0","0","0","0","2217","0","0","0","N","0","0","0","2","02505","0","","1.0","","9","N","N","","0","","0","0","0","","0","N","","2","0","0","0","0","0","0","2","0","2","","","","N","","","","","","","","","",""
"2012011232","","1","0","0","0","0","0","0","0","0","1","0","","02","1","2012","7","40.530577","-80.009757","","11","0","0","0","0","0","0","0","0","1","0","0","0","","","0","","1","","40 31:50.078","3","0","80 00:35.126","0","0","0","0","2116","0","0","0","N","0","0","0","4","02116","0","","1.0","","1","N","N","","0","","0","0","1","","2","Y","","2","0","0","0","0","0","0","2","0","2","","","","N","","","","","","","","","",""
"2012009752","","1","0","0","0","0","0","0","0","0","7","0","","02","1","2012","3","40.439925","-79.994182","","11","0","0","0","0","0","0","0","0","","0","0","0","","","0","","1","","40 26:23.730","","0","79 59:39.055","0","0","0","0","2301","0","0","0","N","0","0","0","1","02301","0","","5.0","","1","N","N","","0","","0","0","0","","0","","","1","0","0","0","0","0","0","2","0","1","","","","N","","","","","","","","","",""
"2012011777","","1","0","0","0","0","0","0","0","0","7","0","","02","1","2012","7","40.43953","-80.009545","","11","0","0","0","0","0","0","0","0","3","0","0","0","","","2","","0","","40 26:22.309","3","0","80 00:34.363","8","0","0","0","2301","0","0","0","N","0","0","0","2","68B03","0","","5.0","","7","N","N","","0","","0","0","0","","0","N","","1","2","1","0","0","2","0","2","0","1","","","","N","","","","","","","","","",""
"2012011167","","1","0","0","0","0","0","1","0","0","1","1","","02","1","2012","4","40.44558","-79.95323","","11","0","0","0","0","0","1","0","0","1","0","0","0","","","1","","2","","40 26:44.088","4","0","79 57:11.628","8","0","0","0","2301","0","0","0","N","0","0","0","2","02503","0","","1.0","","1","N","N","","0","","0","0","0","","3","N","","2","1","0","0","0","1","0","2","0","2","","","","N","","","","","","","","","",""
"2012010475","","1","0","0","0","0","0","0","0","0","4","0","","02","1","2012","5","40.4317","-79.791161","","11","0","0","0","0","0","1","0","0","1","0","0","0","","","0","","0","","40 25:54.120","3","0","79 47:28.180","0","0","0","0","2446","0","0","0","N","0","0","0","3","02446","0","","1.0","","9","N","N","","0","","0","0","1","","0","N","","3","0","0","0","0","0","0","2","1","3","","","","N","","","","","","","","","",""
"2012011910","","1","0","0","0","0","0","0","0","0","7","0","","02","1","2012","7","40.541082","-79.802078","","11","0","0","0","0","0","1","0","0","","0","0","0","","","0","","0","","40 32:27.896","","7","79 48:07.481","0","0","0","0","2418","0","0","0","N","0","0","0","1","02418","0","","4.0","","1","N","N","","2","","0","0","0","","0","","","4","0","0","0","0","0","0","2","1","4","","","","N","","","","","","","","","",""
"2012011313","","1","0","0","0","0","0","0","0","0","1","0","","02","1","2012","3","40.423458","-80.106559","","11","0","0","0","0","0","0","0","0","2","0","0","0","","","0","","0","","40 25:24.449","3","0","80 06:23.613","0","0","0","0","2102","0","0","0","N","0","0","0","3","68B03","0","","1.0","","9","N","N","","1","","0","0","1","","0","N","","3","0","0","0","0","0","0","2","0","3","","","","N","","","","","","","","","",""
"2012011778","","2","0","0","0","0","0","0","0","0","7","0","","02","1","2012","1","40.427387","-79.890904","","11","0","0","0","0","0","0","0","0","1","0","0","0","","","2","","0","","40 25:38.593","3","3","79 53:27.253","4","0","0","0","2426","0","0","0","N","0","0","0","6","68B03","2","","2.0","","1","N","N","","0","","0","0","0","","0","N","","2","2","0","0","0","0","0","2","0","2","","","","N","","","","","","","","","",""
"2012011779","","2","0","0","0","0","0","0","0","0","1","0","","02","1","2012","4","40.4281","-79.890715","","11","0","0","0","0","0","1","0","0","","0","0","0","","","0","","6","","40 25:41.159","","2","79 53:26.573","0","0","0","0","2426","0","0","0","N","0","0","0","2","68B03","0","","1.0","","1","N","N","","0","","0","0","0","","4","","","2","0","0","0","0","0","0","2","0","2","","","","N","","","","","","","","","",""
"2012011780","","1","0","0","0","0","0","0","0","0","7","0","","02","1","2012","5","40.444845","-79.851706","","11","0","0","0","0","0","0","0","0","2","0","0","0","","","0","","0","","40 26:41.441","3","0","79 51:06.140","0","0","0","0","2419","0","0","0","N","0","0","0","1","68B03","0","","5.0","","1","N","N","","0","","0","0","0","","0","N","","1","0","0","0","0","0","0","2","0","1","","","","N","","","","","","","","","",""
"2012009534","","1","0","0","0","0","0","0","0","0","5","0","25","02","1","2012","6","40.606466","-80.051668","","11","0","0","0","0","0","0","0","0","1","0","0","0","","","0","","0","","40 36:23.277","2","0","80 03:06.005","0","0","0","0","2108","0","0","0","N","0","0","0","2","02108","0","","1.0","","6","N","N","","0","","0","0","1","","0","N","","2","0","0","0","0","0","0","2","0","2","","","N","Y","4","1","N","N","N","Y","N","U","N",""
"2012011863","","2","0","0","0","0","0","0","0","0","4","0","","02","1","2012","7","40.449156","-79.762252","","11","0","1","0","0","0","0","0","0","","0","0","0","","","0","","1","","40 26:56.961","","0","79 45:44.107","0","0","0","0","2446","0","0","0","N","0","0","0","3","02446","0","","1.0","","1","N","N","","0","","0","0","0","","3","","","2","0","0","0","0","0","0","2","0","2","","","","N","","","","","","","","","",""
"2012011236","","1","0","0","0","0","0","0","0","0","6","0","","02","1","2012","7","40.37014","-80.010538","","11","0","0","0","0","0","0","1","0","","0","0","0","","","2","","0","","40 22:12.503","","0","80 00:37.937","8","0","0","0","2416","0","0","0","N","0","0","0","4","02416","0","","1.0","","1","N","N","","0","","0","0","1","","0","","","2","2","3","0","0","2","0","2","0","2","","","","N","","","","","","","","","",""
"2012009756","","2","0","0","0","0","0","0","0","0","5","0","","02","1","2012","3","40.346839","-79.856928","","11","0","0","0","0","0","0","0","0","1","0","0","0","","","0","","0","","40 20:48.620","3","0","79 51:24.940","9","0","0","0","2304","0","0","0","N","0","0","0","1","02304","0","","4.0","","1","N","N","","0","","0","0","0","","0","N","","2","0","0","0","0","0","1","2","0","2","","","","N","","","","","","","","","",""
"2012011781","","0","0","0","0","0","0","0","0","0","5","0","","02","1","2012","7","40.442173","-79.789525","","11","0","0","0","0","0","0","0","0","1","0","0","0","","","1","","0","","40 26:31.824","3","0","79 47:22.290","4","0","0","0","2446","0","0","0","N","0","0","0","3","68B03","1","","1.0","","9","N","N","","0","","0","0","0","","0","N","","2","1","0","0","0","0","0","2","1","2","","","","N","","","","","","","","","",""
"2012009535","","1","0","0","0","0","0","0","0","0","7","0","","02","1","2012","6","40.558141","-80.023489","","11","0","0","0","0","0","1","0","0","2","0","0","0","","","0","","1","","40 33:29.308","2","0","80 01:24.560","0","0","0","0","2108","0","0","0","N","0","0","0","1","02108","0","","2.0","","7","N","N","","0","","0","0","0","","2","N","","1","0","0","0","0","0","0","2","0","1","","","","N","","","","","","","","","",""
"2012010275","","0","0","0","0","0","0","0","0","0","4","0","","02","1","2012","5","40.516104","-80.004393","","11","0","0","0","0","1","0","0","0","","0","0","0","","","0","","2","","40 30:57.976","","2","80 00:15.813","0","0","0","0","2116","0","0","0","N","0","0","0","4","02116","0","","1.0","","9","N","N","","0","","0","0","2","","2","","","2","0","0","0","0","0","0","2","0","2","","","","N","","","","","","","","","",""
"2012009742","","1","0","0","0","0","0","0","0","0","4","0","","02","1","2012","7","40.291801","-80.029853","","11","0","0","0","0","0","0","0","0","1","0","0","0","","","2","","0","","40 17:30.482","1","0","80 01:47.469","4","0","0","0","2219","0","0","0","N","0","0","0","4","02219","2","","1.0","","2","N","N","","1","","0","0","0","","0","N","","2","2","0","0","0","0","0","2","0","2","","","","N","","","","","","","","","",""
"2012009879","","1","0","0","0","0","0","0","0","0","4","0","","02","1","2012","1","40.426227","-79.96752","","11","0","0","0","0","1","0","0","0","","0","0","0","","","1","","1","","40 25:34.417","","0","79 58:03.072","8","0","0","0","2301","0","0","0","N","0","0","0","3","02301","0","","1.0","","1","N","N","","0","","0","0","0","","3","","","2","1","0","0","0","1","1","2","0","2","","","","N","","","","","","","","","",""
"2012011172","","1","0","0","0","0","0","0","0","0","7","0","","02","1","2012","7","40.325234","-79.987465","","11","0","0","0","0","0","0","0","0","2","0","0","0","","","1","","0","","40 19:30.842","1","0","79 59:14.874","4","0","0","0","2219","0","0","0","N","0","0","0","1","02219","1","","5.0","","2","N","N","","0","","0","0","1","","0","N","","2","1","0","0","0","0","0","2","0","2","","","","N","","","","","","","","","",""
"2012011250","","0","0","0","0","0","0","0","0","0","1","0","","02","1","2012","3","40.6631","-79.718791","","11","0","0","0","0","0","1","0","0","","0","0","0","","","0","","0","","40 39:47.161","","0","79 43:07.649","0","0","0","0","2106","0","0","0","N","0","0","0","2","68D02","0","","1.0","","1","N","N","","0","","0","0","2","","0","","","2","0","1","0","0","0","0","2","0","2","","","","N","","","","","","","","","",""
"2012009758","","1","0","0","0","0","0","0","0","0","1","0","","02","1","2012","6","40.469651","-79.930071","","11","0","0","0","0","1","0","0","0","","0","0","0","","","2","","2","","40 28:10.743","","0","79 55:48.255","8","0","0","0","2301","0","0","0","N","0","0","0","4","02301","0","","1.0","","7","N","N","","1","","0","0","0","","2","","","2","2","0","0","0","2","1","2","0","2","","","","N","","","","","","","","","",""
"2012009073","","2","0","0","0","0","0","0","0","0","6","0","","02","1","2012","4","40.541141","-79.790619","","11","0","0","0","1","0","0","0","0","","0","0","0","","","1","","2","","40 32:28.108","","0","79 47:26.228","8","0","0","0","2462","0","0","0","N","0","0","0","2","02462","0","","1.0","","1","N","N","","0","","0","0","0","","0","","","2","1","0","0","0","1","1","2","0","2","","","","N","","","","","","","","","",""
"2012011867","","1","0","0","0","0","0","0","0","0","1","0","","02","1","2012","2","40.43858","-79.769695","","11","0","0","0","0","0","0","0","0","1","0","0","0","","","1","","0","","40 26:18.889","3","0","79 46:10.901","4","0","0","0","2446","0","0","0","N","0","0","0","3","02446","1","","1.0","","1","N","N","","0","","0","0","1","","2","N","","2","1","0","0","0","0","0","2","0","2","","","","N","","","","","","","","","",""
"2012011173","","0","0","0","0","0","0","0","0","0","7","0","","02","1","2012","2","40.393173","-79.806384","","11","0","0","0","0","0","0","0","0","2","0","0","0","","","1","","2","","40 23:35.422","3","0","79 48:22.982","8","0","0","0","2479","0","0","0","N","0","0","0","2","02111","0","","4.0","","1","N","N","","0","","0","0","1","","0","N","","1","1","0","0","0","1","0","2","0","1","","","","N","","","","","","","","","",""
"2012010412","","1","0","0","0","0","0","0","0","0","99","0","","02","1","2012","1","40.588362","-79.883411","","11","0","0","0","0","0","1","0","0","","0","0","0","","","0","","0","","40 35:18.104","","0","79 53:00.278","0","0","0","0","2209","0","0","0","N","0","0","0","1","68T02","0","","1.0","","1","N","N","","0","","0","0","0","","0","","","1","0","0","0","0","0","0","2","0","1","","","","N","","","","","","","","","",""
"2012009074","","2","0","0","0","0","0","0","0","0","1","0","","02","1","2012","5","40.414709","-80.010877","","11","0","0","0","0","0","1","0","0","","0","0","0","","","2","","1","","40 24:52.952","","0","80 00:39.156","4","0","0","0","2301","0","0","0","N","0","0","0","3","02301","2","","1.0","","1","N","N","","0","","0","0","0","","2","","","2","2","0","0","0","0","0","2","0","2","","","","N","","","","","","","","","",""
"2012011382","","1","0","0","0","0","0","0","0","0","99","0","","02","1","2012","7","40.522261","-80.039129","","11","0","0","0","0","0","0","0","1","1","0","0","0","","","0","","0","","40 31:20.139","4","0","80 02:20.863","0","0","0","0","2474","0","0","0","N","0","0","0","4","02474","0","","1.0","","9","N","N","","1","","0","0","0","","0","N","","2","0","0","0","0","0","0","2","0","2","","","","N","","","","","","","","","",""
"2012010501","","3","0","0","0","0","0","0","0","0","1","0","","02","1","2012","5","40.406838","-80.01832","","11","0","0","0","0","0","0","0","1","","0","0","0","","","0","","0","","40 24:24.615","","0","80 01:05.951","0","0","0","0","2301","0","0","0","N","0","0","0","1","02301","0","","1.0","","9","N","N","","0","","0","0","0","","0","","","3","0","0","0","0","0","0","2","0","3","","","","N","","","","","","","","","",""
"2012011918","","0","0","0","0","0","0","0","0","0","1","0","","02","1","2012","2","40.40335","-79.908675","","11","0","0","0","0","0","0","0","0","","0","0","0","","","0","","0","","40 24:12.061","","0","79 54:31.229","0","0","0","0","2438","0","0","0","N","0","0","0","3","02438","0","","1.0","","1","N","N","","0","","0","0","1","","0","","","2","0","2","0","0","0","0","2","1","2","","","","N","","","","","","","","","",""
"2012011385","","1","0","0","0","0","0","0","0","0","4","0","","02","1","2012","7","40.428343","-79.931512","","11","0","0","0","0","0","1","0","0","","0","0","0","","","0","","0","","40 25:42.034","","0","79 55:53.443","0","0","0","0","2301","0","0","0","N","0","0","0","2","02301","0","","1.0","","9","N","N","","0","","0","0","1","","0","","","2","0","0","0","0","0","0","2","0","2","","","","N","","","","","","","","","",""
"2012010293","","0","0","0","0","0","0","0","0","0","7","0","","02","1","2012","4","40.352558","-79.839622","","11","0","0","0","0","0","0","0","0","","0","0","0","","","0","","2","","40 21:09.208","","0","79 50:22.640","0","0","0","0","2304","0","0","0","N","0","0","0","1","02304","0","","2.0","","1","N","N","","0","","0","0","1","","0","","","1","0","1","0","0","0","0","2","0","1","","","","N","","","","","","","","","",""
"2012010282","","1","0","0","0","0","0","0","0","0","7","0","","02","1","2012","7","40.614445","-80.039866","","11","0","0","0","0","0","1","0","0","","0","0","0","","","0","","0","","40 36:52.001","","0","80 02:23.518","0","0","0","0","2216","0","0","0","N","0","0","0","3","02505","0","","5.0","","7","N","N","","0","","0","0","0","","0","","","1","0","0","0","0","0","0","1","0","1","","","","N","","","","","","","","","",""
"2012011859","","1","0","0","0","0","0","1","0","0","4","1","","02","1","2012","2","40.437704","-79.972679","","11","0","0","0","0","0","0","0","0","1","0","0","0","","","1","","2","","40 26:15.734","1","0","79 58:21.645","3","0","0","0","2301","0","0","0","N","0","0","0","2","02503","0","","7.0","","1","N","N","","0","","1","0","0","","4","N","","2","1","1","0","0","0","0","2","0","2","","","","N","","","","","","","","","",""
"2012011178","","0","0","0","0","0","0","0","0","0","1","0","","02","1","2012","5","40.511593","-79.947443","","11","0","0","0","0","0","1","0","0","","0","0","0","","","1","","1","","40 30:41.734","","0","79 56:50.796","8","0","0","0","2118","0","0","0","N","0","0","0","6","02118","0","","1.0","","9","N","N","","0","","0","0","1","","2","","","2","1","0","0","0","1","0","2","1","2","","","","N","","","","","","","","","",""
"2012011921","","3","0","0","0","0","0","0","0","0","1","0","","02","1","2012","7","40.309578","-80.03315","","11","0","0","0","0","0","1","0","0","","0","0","0","","","2","","0","","40 18:34.481","","0","80 01:59.339","4","0","0","0","2407","0","0","0","N","0","0","0","5","02407","2","","1.0","","9","N","N","","0","","0","0","0","","0","","","3","2","0","0","0","0","0","2","0","3","","","","N","","","","","","","","","",""
"2012011387","","1","0","0","0","0","0","0","0","0","7","0","","02","1","2012","3","40.390239","-79.945667","","11","0","0","0","0","0","0","0","0","","0","0","0","","","1","","0","","40 23:24.862","","0","79 56:44.402","8","0","0","0","2403","0","0","0","","0","0","0","1","02403","0","","5.0","","9","","","","0","","0","0","0","","0","","","1","1","0","0","0","1","0","2","0","1","","","","N","","","","","","","","","",""
"2012011922","","1","0","0","0","0","0","0","0","0","4","0","","02","1","2012","2","40.366025","-80.013724","","11","0","0","0","0","0","1","0","0","","0","0","0","","","1","","0","","40 21:57.690","","0","80 00:49.406","8","0","0","0","2416","0","0","0","N","0","0","0","2","02416","0","","1.0","","1","N","N","","0","","0","0","1","","0","","","2","1","0","0","0","1","0","2","0","2","","","","N","","","","","","","","","",""
"2012011180","","1","0","0","0","0","0","0","0","0","1","0","","02","1","2012","6","40.452587","-79.826193","","11","0","0","0","0","0","0","0","0","","0","0","0","","","1","","0","","40 27:09.314","","0","79 49:34.293","4","0","0","0","2113","0","0","0","N","0","0","0","2","02113","1","","1.0","","9","N","N","","0","","0","0","1","","0","","","2","1","2","0","0","0","0","2","0","2","","","","N","","","","","","","","","",""
"2012011181","","1","0","0","0","0","0","0","0","0","7","0","","02","1","2012","7","40.422247","-79.854391","","11","0","0","0","1","0","0","0","0","","0","0","0","","","0","","1","","40 25:20.088","","0","79 51:15.809","0","0","0","0","2431","0","0","0","Y","0","0","0","2","02431","0","","3.0","","1","N","N","","0","","0","0","0","","0","","","1","0","0","0","0","0","0","2","0","1","","","","N","","","","","","","","","",""
"2012010420","","1","0","0","0","0","0","0","0","0","6","0","","02","1","2012","2","40.623479","-80.051263","","11","0","0","0","0","0","1","0","0","","0","0","0","","","0","","0","","40 37:24.526","","0","80 03:04.547","9","0","0","0","2216","0","0","0","N","0","0","0","2","02505","0","","1.0","","1","N","N","","1","","0","0","0","","0","","","2","0","0","0","0","0","2","1","0","2","","","","N","","","","","","","","","",""
"2012009098","","1","0","0","0","0","0","0","0","0","7","0","","02","1","2012","2","40.451108","-79.889731","","11","0","0","0","0","0","0","0","0","1","0","0","0","","","0","","0","","40 27:03.988","6","0","79 53:23.031","9","0","0","0","2301","0","0","0","N","0","0","0","1","02301","0","","5.0","","1","N","N","","0","","0","0","0","","0","N","","1","0","1","0","0","0","1","2","0","1","","","","N","","","","","","","","","",""
"2012011878","","2","0","0","0","0","0","0","0","0","4","0","","02","1","2012","2","40.279607","-79.908867","","11","0","0","0","0","0","0","0","1","1","0","0","0","","","0","","1","","40 16:46.586","4","0","79 54:31.922","0","0","0","0","2440","0","0","0","N","0","0","0","2","02440","0","","1.0","","1","N","N","","0","","0","0","0","","3","N","","2","0","0","0","0","0","0","2","0","2","","","","N","","","","","","","","","",""
"2012011879","","0","0","0","0","0","0","0","0","0","4","1","","02","1","2012","2","40.438283","-79.996078","","11","0","0","0","0","0","0","0","0","","0","0","0","","","0","","1","","40 26:17.818","","0","79 59:45.880","0","0","0","0","2301","0","0","0","N","0","0","0","2","02301","0","","1.0","","1","N","N","","1","","0","0","0","","2","","","2","0","0","0","0","0","0","2","1","2","","","","N","","","","","","","","","",""
"2012011183","","2","0","0","0","0","0","0","0","0","1","0","","02","1","2012","6","40.477995","-79.828145","","11","0","0","0","0","0","0","0","0","","0","0","0","","","1","","0","","40 28:40.782","","7","79 49:41.322","4","0","0","0","2113","0","0","0","N","0","0","0","1","02113","1","","5.0","","9","N","N","","0","","0","0","0","","0","","","2","1","0","0","0","0","0","2","0","2","","","","N","","","","","","","","","",""
"2012010512","","1","0","0","0","0","0","0","0","0","5","1","","02","1","2012","4","40.443473","-80.004613","","11","0","0","0","0","0","0","0","0","","0","1","0","","","0","","2","","40 26:36.502","","0","80 00:16.606","0","0","0","0","2301","0","0","0","N","0","0","0","3","02301","0","","1.0","","1","N","N","","0","","0","0","0","","2","","","2","0","1","0","0","0","0","2","0","2","","","","N","","","","","","","","","",""
"2012011185","","1","0","0","0","0","0","0","0","0","4","0","","02","1","2012","6","40.367589","-79.780306","","11","0","0","0","0","0","0","0","1","","0","0","0","","","0","","2","","40 22:03.319","","0","79 46:49.100","9","0","0","0","2111","0","0","0","N","0","0","0","3","02111","0","","1.0","","9","N","N","","0","","0","0","1","","3","","","2","0","0","0","0","0","1","2","0","2","","","","N","","","","","","","","","",""