"CRN","ARRIVAL_TM","AUTOMOBILE_COUNT","BELTED_DEATH_COUNT","BELTED_SUSP_SERIOUS_INJ_COUNT","BICYCLE_COUNT","BICYCLE_DEATH_COUNT","BICYCLE_SUSP_SERIOUS_INJ_COUNT","BUS_COUNT","CHLDPAS_DEATH_COUNT","CHLDPAS_SUSP_SERIOUS_INJ_COUNT","COLLISION_TYPE","COMM_VEH_COUNT","CONS_ZONE_SPD_LIM","COUNTY","CRASH_MONTH","CRASH_YEAR","DAY_OF_WEEK","DEC_LATITUDE","DEC_LONGITUDE","DISPATCH_TM","DISTRICT","DRIVER_COUNT_16YR","DRIVER_COUNT_17YR","DRIVER_COUNT_18YR","DRIVER_COUNT_19YR","DRIVER_COUNT_20YR","DRIVER_COUNT_50_64YR","DRIVER_COUNT_65_74YR","DRIVER_COUNT_75PLUS","EST_HRS_CLOSED","FATAL_COUNT","HEAVY_TRUCK_COUNT","HORSE_BUGGY_COUNT","HOUR_OF_DAY","ILLUMINATION","INJURY_COUNT","INTERSECTION_RELATED","INTERSECT_TYPE","LANE_CLOSED","LATITUDE","LN_CLOSE_DIR","LOCATION_TYPE","LONGITUDE","MAX_SEVERITY_LEVEL","MCYCLE_DEATH_COUNT","MCYCLE_SUSP_SERIOUS_INJ_COUNT","MOTORCYCLE_COUNT","MUNICIPALITY","NONMOTR_COUNT","NONMOTR_DEATH_COUNT","NONMOTR_SUSP_SERIOUS_INJ_COUNT","NTFY_HIWY_MAINT","PED_COUNT","PED_DEATH_COUNT","PED_SUSP_SERIOUS_INJ_COUNT","PERSON_COUNT","POLICE_AGCY","POSSIBLE_INJ_COUNT","RDWY_SURF_TYPE_CD","RELATION_TO_ROAD","ROADWAY_CLEARED","ROAD_CONDITION","SCH_BUS_IND","SCH_ZONE_IND","SECONDARY_CRASH","SMALL_TRUCK_COUNT","SPEC_JURIS_CD","SUSP_MINOR_INJ_COUNT","SUSP_SERIOUS_INJ_COUNT","SUV_COUNT","TCD_FUNC_CD","TCD_TYPE","TFC_DETOUR_IND","TIME_OF_DAY","TOTAL_UNITS","TOT_INJ_COUNT","UNBELTED_OCC_COUNT","UNB_DEATH_COUNT","UNB_SUSP_SERIOUS_INJ_COUNT","UNK_INJ_DEG_COUNT","UNK_INJ_PER_COUNT","URBAN_RURAL","VAN_COUNT","VEHICLE_COUNT","WEATHER1","WEATHER2","WORKERS_PRES","WORK_ZONE_IND","WORK_ZONE_LOC","WORK_ZONE_TYPE","WZ_CLOSE_DETOUR","WZ_FLAGGER","WZ_LAW_OFFCR_IND","WZ_LN_CLOSURE","WZ_MOVING","WZ_OTHER","WZ_SHLDER_MDN","WZ_WORKERS_INJ_KILLED"
"2012017741","","0","0","0","0","0","0","0","0","0","1","0","","02","2","2012","2","40.34837","-79.944808","","11","0","0","0","0","0","0","0","0","","0","0","0","","","0","","1","","40 20:54.133","","0","79 56:41.310","0","0","0","0","2473","0","0","0","N","0","0","0","2","02473","0","","1.0","","2","N","N","","1","","0","0","1","","2","","","2","0","0","0","0","0","0","2","0","2","","","","N","","","","","","","","","",""
"2012010626","","2","0","0","0","0","0","0","0","0","1","0","","02","1","2012","5","40.454805","-80.041186","","11","0","0","0","0","0","2","0","0","2","0","0","0","","","0","","2","","40 27:17.298","4","0","80 02:28.271","0","0","0","0","2301","0","0","0","N","0","0","0","2","02301","0","","1.0","","9","N","N","","0","","0","0","0","","0","N","","2","0","0","0","0","0","0","2","0","2","","","","N","","","","","","","","","",""
"2012011447","","1","0","0","0","0","0","0","0","0","4","0","","02","1","2012","5","40.498358","-80.020306","","11","0","0","1","0","0","1","0","0","","0","0","0","","","0","","2","","40 29:54.088","","0","80 01:13.103","0","0","0","0","2116","0","0","0","N","0","0","0","3","02116","0","","1.0","","9","N","N","","0","","0","0","0","","2","","","2","0","0","0","0","0","0","2","1","2","","","","N","","","","","","","","","",""
"2012009264","","1","0","1","0","0","0","0","0","0","7","0","","02","1","2012","7","40.291827","-80.02993","","11","0","0","0","0","0","1","0","0","2","0","0","0","","","2","","0","","40 17:30.576","2","0","80 01:47.747","2","0","0","0","2219","0","0","0","N","0","0","0","2","02219","1","","5.0","","2","N","N","","0","","0","1","0","","0","N","","1","2","0","0","0","0","0","2","0","1","","","","N","","","","","","","","","",""
"2012009340","","0","0","0","0","0","0","0","0","0","7","0","","02","1","2012","7","40.495647","-79.940259","","11","0","0","0","0","0","0","0","0","1","0","0","0","","","0","","0","","40 29:44.329","2","3","79 56:24.931","0","0","0","0","2430","0","0","0","N","0","0","0","1","68D02","0","","2.0","","2","Y","Y","","0","","0","0","1","","0","N","","1","0","0","0","0","0","0","2","0","1","","05","","N","","","","","","","","","",""
"2012011436","","3","0","0","0","0","0","0","0","0","1","0","","02","1","2012","1","40.520823","-80.025258","","11","0","0","0","0","0","1","0","0","","0","0","0","","","2","","1","","40 31:14.962","","0","80 01:30.930","8","0","0","0","2474","0","0","0","N","0","0","0","5","02474","0","","1.0","","1","N","N","","0","","0","0","0","","2","","","3","2","5","0","0","2","0","2","0","3","","","","N","","","","","","","","","",""
"2012011437","","2","0","0","0","0","0","0","0","0","4","0","","02","1","2012","3","40.459436","-79.844022","","11","0","0","0","0","0","1","0","0","","0","0","0","","","0","","1","","40 27:33.969","","0","79 50:38.479","0","0","0","0","2113","0","0","0","N","0","0","0","2","02113","0","","1.0","","1","N","N","","0","","0","0","0","","0","","","2","0","0","0","0","0","0","2","0","2","","","","N","","","","","","","","","",""
"2012009883","","0","0","0","0","0","0","0","0","0","99","0","","02","1","2012","3","40.434118","-79.821697","","11","0","0","0","0","0","0","0","0","2","0","0","0","","","1","","0","","40 26:02.823","4","0","79 49:18.109","8","0","0","0","2419","0","0","0","N","0","0","0","1","02419","0","","1.0","","1","N","N","","0","","0","0","1","","0","N","","1","1","0","0","0","1","0","2","0","1","","","","N","","","","","","","","","",""
"2012009884","","1","0","0","0","0","0","0","0","0","7","0","","02","1","2012","3","40.43268","-80.020337","","11","0","0","0","0","0","0","0","0","","0","0","0","","","1","","0","","40 25:57.648","","0","80 01:13.213","4","0","0","0","2301","0","0","0","N","0","0","0","1","02301","1","","5.0","","1","N","N","","0","","0","0","0","","0","","","1","1","0","0","0","0","0","2","0","1","","","","N","","","","","","","","","",""
"2012017749","","1","0","0","0","0","0","0","0","0","4","0","","02","2","2012","3","40.315563","-79.954146","","11","0","0","0","0","0","0","1","0","","0","0","0","","","1","","0","","40 18:56.026","","0","79 57:14.925","4","0","0","0","2440","0","0","0","N","0","0","0","2","02440","1","","1.0","","9","N","N","","1","","0","0","0","","0","","","2","1","0","0","0","0","0","2","0","2","","","","N","","","","","","","","","",""
"2012017127","","1","0","0","0","0","0","0","0","0","7","0","","02","2","2012","2","40.337314","-79.992133","","11","0","0","0","0","0","0","0","0","1","0","0","0","","","1","","0","","40 20:14.330","2","0","79 59:31.678","3","0","0","0","2219","0","0","0","N","0","0","0","1","02219","0","","5.0","","2","N","N","","0","","1","0","0","","0","N","","1","1","0","0","0","0","0","2","0","1","","","","N","","","","","","","","","",""
"2012015111","","0","0","0","0","0","0","0","0","0","7","1","","02","2","2012","3","40.369437","-80.10019","","11","0","0","0","0","0","0","0","0","4","0","1","0","","","0","","10","","40 22:09.973","6","0","80 06:00.684","0","0","0","0","2102","0","0","0","N","0","0","0","1","02102","0","","5.0","","1","N","N","","0","","0","0","0","","0","Y","","1","0","0","0","0","0","0","2","0","1","","","","N","","","","","","","","","",""
"2012016331","","1","0","0","0","0","0","0","0","0","99","0","","02","2","2012","1","40.453796","-79.971463","","11","0","0","0","0","0","0","0","0","2","0","0","0","","","0","","0","","40 27:13.665","3","0","79 58:17.266","0","0","0","0","2301","0","0","0","N","0","0","0","1","02301","0","","2.0","","2","N","N","","0","","0","0","0","","0","N","","1","0","0","0","0","0","0","2","0","1","","","","N","","","","","","","","","",""
"2012015782","","1","0","0","0","0","0","0","0","0","4","0","","02","2","2012","4","40.329933","-79.945234","","11","0","0","0","0","0","0","0","0","","0","0","0","","","0","","0","","40 19:47.758","","0","79 56:42.842","0","0","0","0","2454","0","0","0","N","0","0","0","2","02454","0","","1.0","","9","N","N","","0","","0","0","1","","0","","","2","0","0","0","0","0","0","2","0","2","","","","N","","","","","","","","","",""
"2012016599","","1","0","0","0","0","0","0","0","0","7","0","","02","2","2012","6","40.396096","-79.904816","","11","0","0","0","0","0","0","0","0","1","0","0","0","","","0","","0","","40 23:45.945","5","0","79 54:17.337","0","0","0","0","2448","0","0","0","N","0","0","0","1","02448","0","","2.0","","2","N","N","","0","","0","0","0","","0","N","","1","0","0","0","0","0","0","2","0","1","","","","N","","","","","","","","","",""
"2012015574","","1","0","0","0","0","0","0","0","0","7","0","","02","2","2012","4","40.434126","-79.867152","","11","0","0","0","0","0","1","0","0","2","0","0","0","","","2","","6","","40 26:02.855","3","3","79 52:01.746","4","0","0","0","2478","0","0","0","N","0","0","0","3","68B03","2","","4.0","","2","N","N","","0","","0","0","0","","0","N","","1","2","0","0","0","0","0","2","0","1","","","","N","","","","","","","","","",""
"2012016332","","0","0","0","0","0","0","0","0","0","7","0","25","02","2","2012","1","40.461689","-80.031772","","11","0","0","0","0","0","0","0","0","9","0","0","0","","","0","","0","","40 27:42.082","4","1","80 01:54.378","9","0","0","0","2301","0","0","0","N","0","0","0","1","02301","0","","5.0","","2","N","N","","1","","0","0","0","","0","N","","1","0","0","0","0","0","1","2","0","1","","","N","Y","2","1","","","N","Y","","","",""
"2012016457","","0","0","0","0","0","0","0","0","0","7","1","","02","2","2012","6","40.363045","-79.879286","","11","0","0","0","0","0","0","0","0","1","0","1","0","","","0","","2","","40 21:46.961","5","0","79 52:45.430","0","0","0","0","2473","0","0","0","N","0","0","0","1","02473","0","","2.0","","1","N","N","","0","","0","0","0","","0","N","","1","0","0","0","0","0","0","2","0","1","","","","N","","","","","","","","","",""
"2012016393","","2","0","0","0","0","0","0","0","0","1","1","55","02","2","2012","2","40.654618","-80.067897","","11","0","0","0","0","0","0","0","0","1","0","1","0","","","1","","0","","40 39:16.623","4","0","80 04:04.429","8","0","0","0","2216","0","0","0","N","0","0","0","4","68T02","0","","1.0","","1","N","N","","1","","0","0","0","","8","N","","4","1","0","0","0","1","0","2","0","4","","","Y","Y","4","1","N","N","N","N","N","N","Y",""
"2012017342","","3","0","0","0","0","0","0","0","0","6","0","","02","2","2012","2","40.423392","-79.75019","","11","0","0","0","0","0","2","0","1","","0","0","0","","","3","","0","","40 25:24.211","","0","79 45:00.684","3","0","0","0","2446","0","0","0","N","0","0","0","3","02446","1","","1.0","","1","N","N","","0","","2","0","0","","0","","","3","3","0","0","0","0","0","2","0","3","","","","N","","","","","","","","","",""
"2012018014","","1","0","0","0","0","0","0","0","0","7","0","","02","2","2012","2","40.44098","-79.834976","","11","0","0","0","0","0","0","0","0","","0","0","0","","","0","","0","","40 26:27.528","","0","79 50:05.915","0","0","0","0","2419","0","0","0","N","0","0","0","3","68B03","0","","2.0","","2","N","N","","0","","0","0","0","","0","","","1","0","0","0","0","0","0","2","0","1","","","","N","","","","","","","","","",""
"2012016335","","1","0","0","0","0","0","0","0","0","7","0","","02","2","2012","1","40.37288","-80.034078","","11","0","0","0","0","0","0","0","0","2","0","0","0","","","1","","0","","40 22:22.368","6","0","80 02:02.680","4","0","0","0","2109","0","0","0","N","0","0","0","1","02109","1","","2.0","","2","N","N","","0","","0","0","0","","0","N","","1","1","0","0","0","0","0","2","0","1","","","","N","","","","","","","","","",""
"2012018015","","1","0","0","0","0","0","0","0","0","7","0","","02","2","2012","2","40.44098","-79.834976","","11","0","0","0","0","0","0","0","0","","0","0","0","","","0","","0","","40 26:27.528","","0","79 50:05.915","0","0","0","0","2419","0","0","0","Y","0","0","0","1","68B03","0","","2.0","","2","N","N","","0","","0","0","0","","0","","","1","0","0","0","0","0","0","2","0","1","","","","N","","","","","","","","","",""
"2012015786","","2","0","0","0","0","0","0","0","0","4","0","","02","2","2012","6","40.391114","-79.766047","","11","0","0","0","0","0","1","0","0","2","0","0","0","","","0","","10","","40 23:28.009","7","0","79 45:57.769","9","0","0","0","2446","0","0","0","N","0","0","0","2","02446","0","","1.0","","1","N","N","","0","","0","0","0","","2","Y","","2","0","1","0","0","0","2","2","0","2","","","","N","","","","","","","","","",""
"2012015566","","0","0","0","0","0","0","0","0","0","7","0","","02","2","2012","4","40.478953","-79.732339","","11","0","0","0","0","0","0","0","1","2","0","0","0","","","0","","2","","40 28:44.230","2","0","79 43:56.421","0","0","0","0","2466","0","0","0","N","0","0","0","1","02466","0","","5.0","","2","N","N","","0","","0","0","1","","0","N","","1","0","0","0","0","0","0","2","0","1","","","","N","","","","","","","","","",""
"2012018016","","2","0","0","0","0","0","0","0","0","1","0","","02","2","2012","2","40.425727","-79.90405","","11","0","0","0","0","0","0","0","0","","0","0","0","","","2","","0","","40 25:32.616","","0","79 54:14.581","3","0","0","0","2301","0","0","0","N","0","0","0","4","68B03","1","","1.0","","1","N","N","","0","","1","0","0","","0","","","2","2","0","0","0","0","0","2","0","2","","","","N","","","","","","","","","",""
"2012016256","","1","0","0","0","0","0","0","0","0","3","0","","02","2","2012","6","40.35747","-79.894669","","11","0","0","0","0","0","0","1","0","1","0","0","0","","","0","","2","","40 21:26.892","6","0","79 53:40.807","0","0","0","0","2304","0","0","0","N","0","0","0","2","02304","0","","5.0","","6","N","N","","2","","0","0","0","","0","N","","3","0","0","0","0","0","0","2","0","3","","","","N","","","","","","","","","",""
"2012016412","","0","0","0","0","0","0","0","0","0","6","0","","02","2","2012","7","40.623655","-79.924106","","11","0","0","0","0","0","1","0","0","1","0","0","0","","","0","","0","","40 37:25.159","3","0","79 55:26.781","0","0","0","0","2217","0","0","0","N","0","0","0","2","02505","0","","1.0","","6","N","N","","1","","0","0","0","","0","N","","2","0","0","0","0","0","0","2","1","2","","","","N","","","","","","","","","",""
"2012018017","","1","0","0","0","0","0","0","0","0","1","0","","02","2","2012","2","40.428696","-79.934428","","11","0","0","0","0","0","0","0","0","","0","0","0","","","0","","0","","40 25:43.306","","0","79 56:03.940","9","0","0","0","2301","0","0","0","N","0","0","0","2","68B03","0","","1.0","","1","N","N","","0","","0","0","0","","0","","","2","0","0","0","0","0","1","2","0","2","","","","N","","","","","","","","","",""
"2012017135","","0","0","0","0","0","0","0","0","0","4","0","","02","2","2012","3","40.403382","-80.015551","","11","0","0","0","0","0","0","0","0","1","0","0","0","","","2","","0","","40 24:12.175","7","0","80 00:55.983","8","0","0","0","2301","0","0","0","N","0","0","0","2","02301","0","","1.0","","1","N","N","","0","","0","0","2","","0","N","","2","2","0","0","0","2","0","2","0","2","","","","N","","","","","","","","","",""
"2012018018","","2","0","0","0","0","0","0","0","0","7","0","","02","2","2012","3","40.581035","-80.113431","","11","0","0","0","0","0","1","0","0","2","0","0","0","","","0","","0","","40 34:51.727","2","0","80 06:48.351","0","0","0","0","2481","0","0","0","N","0","0","0","4","68B03","0","","3.0","","1","N","N","","0","","0","0","0","","0","N","","2","0","0","0","0","0","0","1","0","2","","","","N","","","","","","","","","",""
"2012016259","","1","0","0","0","0","0","0","0","0","5","0","","02","2","2012","7","40.550877","-80.218922","","11","0","0","0","0","0","1","0","0","","0","0","0","","","1","","0","","40 33:03.157","","0","80 13:08.120","3","0","0","0","2103","0","0","0","N","0","0","0","2","02103","0","","2.0","","7","N","N","","0","","1","0","1","","0","","","2","1","0","0","0","0","0","2","0","2","","","","N","","","","","","","","","",""
"2012016480","","0","0","0","0","0","0","0","0","0","4","1","","02","2","2012","5","40.352794","-79.918019","","11","0","0","0","0","1","0","0","0","","0","1","0","","","1","","0","","40 21:10.059","","0","79 55:04.868","8","0","0","0","2473","0","0","0","N","0","0","0","2","02473","0","","1.0","","1","N","N","","0","","0","0","1","","0","","","2","1","0","0","0","1","0","2","0","2","","","","N","","","","","","","","","",""
"2012016556","","0","0","0","0","0","0","0","0","0","1","0","","02","2","2012","1","40.4776","-80.029422","","11","0","0","0","0","0","0","0","0","2","0","0","0","","","1","","0","","40 28:39.360","1","0","80 01:45.919","8","0","0","0","2301","0","0","0","N","0","0","0","1","02301","0","","4.0","","1","N","N","","1","","0","0","1","","0","Y","","2","1","0","0","0","1","0","2","0","2","","","","N","","","","","","","","","",""
"2012017349","","1","0","0","0","0","0","0","0","0","7","0","","02","2","2012","3","40.435783","-80.022275","","11","0","0","0","0","0","0","0","0","","0","0","0","","","0","","2","","40 26:08.818","","0","80 01:20.190","9","0","0","0","2301","0","0","0","N","0","0","0","1","02301","0","","2.0","","1","N","N","","0","","0","0","0","","0","","","1","0","0","0","0","0","1","2","0","1","","","","N","","","","","","","","","",""
"2012015120","","2","0","0","0","0","0","0","0","0","6","0","","02","2","2012","5","40.482294","-79.952177","","11","0","0","0","0","0","0","0","0","","0","0","0","","","0","","1","","40 28:56.257","","0","79 57:07.838","9","0","0","0","2301","0","0","0","N","0","0","0","2","02301","0","","1.0","","1","N","N","","0","","0","0","0","","1","","","2","0","0","0","0","0","2","2","0","2","","","","N","","","","","","","","","",""
"2012016260","","1","0","0","0","0","0","0","0","0","6","0","","02","2","2012","7","40.389511","-79.810701","","11","0","0","0","0","0","0","0","0","","0","0","0","","","1","","0","","40 23:22.239","","0","79 48:38.523","3","0","0","0","2111","0","0","0","N","0","0","0","2","02111","0","","1.0","","7","N","N","","0","","1","0","0","","0","","","2","1","0","0","0","0","0","2","1","2","","","","N","","","","","","","","","",""
"2012017337","","1","0","0","0","0","0","0","0","0","4","0","","02","2","2012","2","40.45208","-79.930982","","11","0","0","0","0","0","1","0","0","","0","0","0","","","0","","1","","40 27:07.488","","0","79 55:51.535","0","0","0","0","2301","0","0","0","N","0","0","0","2","02301","0","","1.0","","1","N","N","","0","","0","0","0","","0","","","2","0","0","0","0","0","0","2","1","2","","","","N","","","","","","","","","",""
"2012015109","","1","0","0","0","0","0","0","0","0","7","0","","02","2","2012","5","40.437953","-80.053855","","11","0","0","0","0","0","0","1","0","2","0","0","0","","","0","","3","","40 26:16.632","5","0","80 03:13.877","0","0","0","0","2301","0","0","0","N","0","0","0","1","02301","0","","2.0","","2","N","N","","0","","0","0","0","","0","Y","","1","0","0","0","0","0","0","2","0","1","","","","N","","","","","","","","","",""
"2012015727","","1","0","0","0","0","0","0","0","0","6","0","","02","2","2012","6","40.3394","-79.836477","","11","0","0","0","0","0","0","0","0","1","0","0","0","","","0","","2","","40 20:21.840","1","0","79 50:11.317","0","0","0","0","2304","0","0","0","N","0","0","0","2","02304","0","","1.0","","1","N","N","","1","","0","0","0","","0","N","","2","0","0","0","0","0","0","2","0","2","","","","N","","","","","","","","","",""
"2012016403","","1","0","0","0","0","0","0","0","0","7","0","","02","2","2012","6","40.346955","-80.087148","","11","0","0","0","0","0","0","1","0","1","0","0","0","","","1","","0","","40 20:49.039","2","0","80 05:13.732","8","0","0","0","2123","0","0","0","N","0","0","0","1","02123","0","","2.0","","1","N","N","","0","","0","0","0","","0","N","","1","1","0","0","0","1","0","2","0","1","","","","N","","","","","","","","","",""
"2012016417","","1","0","0","0","0","0","0","0","0","7","0","","02","2","2012","7","40.316076","-80.07125","","11","0","0","0","0","0","0","0","0","","0","0","0","","","0","","0","","40 18:57.874","","7","80 04:16.499","0","0","0","0","2123","0","0","0","N","0","0","0","1","02123","0","","4.0","","9","N","N","","0","","0","0","0","","0","","","1","0","0","0","0","0","0","2","0","1","","","","N","","","","","","","","","",""
"2012016483","","2","0","0","0","0","0","0","0","0","4","0","","02","2","2012","1","40.617082","-80.089444","","11","0","0","0","0","0","0","0","0","1","0","0","0","","","0","","2","","40 37:01.494","1","0","80 05:21.998","0","0","0","0","2212","0","0","0","N","0","0","0","11","02505","0","","1.0","","1","N","N","","0","","0","0","0","","2","N","","2","0","1","0","0","0","0","2","0","2","","","","N","","","","","","","","","",""
"2012017339","","0","0","0","0","0","0","0","0","0","7","0","","02","2","2012","3","40.450981","-80.196461","","11","0","0","1","0","0","0","0","0","3","0","0","0","","","2","","0","","40 27:03.530","5","0","80 11:47.260","4","0","0","0","2214","0","0","0","N","0","0","0","2","02214","2","","5.0","","1","N","N","","0","","0","0","1","","0","Y","","1","2","0","0","0","0","0","2","0","1","","","","N","","","","","","","","","",""
"2012016560","","1","0","0","0","0","0","0","0","0","7","0","","02","2","2012","1","40.488314","-79.922143","","11","0","0","0","0","0","0","0","0","1","0","0","0","","","0","","0","","40 29:17.932","3","0","79 55:19.713","0","0","0","0","2301","0","0","0","N","0","0","0","1","02301","0","","5.0","","2","N","N","","0","","0","0","0","","0","N","","1","0","0","0","0","0","0","2","0","1","","","","N","","","","","","","","","",""
"2012016279","","1","0","0","0","0","0","0","0","0","7","0","","02","2","2012","7","40.478541","-79.753294","","11","0","0","0","0","0","1","0","0","1","0","0","0","","","0","","0","","40 28:42.749","6","0","79 45:11.858","0","0","0","0","2466","0","0","0","N","0","0","0","1","02466","0","","2.0","","2","N","N","","0","","0","0","0","","0","N","","1","0","0","0","0","0","0","2","0","1","","","","N","","","","","","","","","",""
"2012016418","","1","0","0","0","0","0","0","0","0","7","0","","02","2","2012","7","40.627116","-80.048243","","11","0","0","0","0","0","0","0","0","","0","0","0","","","0","","0","","40 37:37.617","","0","80 02:53.676","0","0","0","0","2216","0","0","0","N","0","0","0","1","02505","0","","5.0","","7","N","N","","0","","0","0","0","","0","","","1","0","0","0","0","0","0","2","0","1","","","","N","","","","","","","","","",""
"2012016484","","2","0","0","0","0","0","0","0","0","4","0","","02","2","2012","1","40.441056","-80.006785","","11","0","0","0","0","1","0","0","0","","0","0","0","","","0","","1","","40 26:27.803","","3","80 00:24.425","0","0","0","0","2301","0","0","0","N","0","0","0","3","02301","0","","1.0","","1","N","N","","0","","0","0","0","","2","","","2","0","0","0","0","0","0","2","0","2","","","","N","","","","","","","","","",""
"2012016265","","1","0","0","0","0","0","0","0","0","4","0","","02","2","2012","7","40.458338","-79.999318","","11","0","0","0","0","1","0","0","0","","0","0","0","","","0","","2","","40 27:30.018","","0","79 59:57.543","0","0","0","0","2301","0","0","0","N","0","0","0","4","02301","0","","1.0","","7","N","N","","0","","0","0","1","","0","","","2","0","0","0","0","0","0","2","0","2","","","","N","","","","","","","","","",""
"2012016419","","1","0","0","0","0","0","0","0","0","7","0","","02","2","2012","7","40.53148","-79.710226","","11","0","0","0","0","0","0","1","0","","0","0","0","","","0","","0","","40 31:53.329","","0","79 42:36.813","0","0","0","0","2466","0","0","0","N","0","0","0","1","02466","0","","2.0","","2","N","N","","0","","0","0","0","","0","","","1","0","0","0","0","0","0","1","0","1","","","","N","","","","","","","","","",""
"2012015731","","2","0","0","0","0","0","0","0","0","4","0","","02","2","2012","6","40.495914","-79.805622","","11","0","0","0","0","0","0","0","0","1","0","0","0","","","1","","0","","40 29:45.291","6","0","79 48:20.240","4","0","0","0","2113","0","0","0","N","0","0","0","1","02113","1","","2.0","","1","N","N","","0","","0","0","0","","0","N","","2","1","1","0","0","0","0","2","0","2","","","","N","","","","","","","","","",""
"2012017354","","1","0","0","0","0","0","0","0","0","2","0","","02","2","2012","3","40.413597","-79.808146","","11","0","0","0","0","0","0","0","0","","0","0","0","","","1","","0","","40 24:48.950","","0","79 48:29.324","8","0","0","0","2446","0","0","0","N","0","0","0","2","02446","0","","1.0","","2","N","N","","0","","0","0","1","","0","","","2","1","0","0","0","1","0","2","0","2","","","","N","","","","","","","","","",""
"2012017780","","0","0","0","0","0","0","0","0","0","7","0","","02","2","2012","1","40.55632","-80.159362","","11","0","0","1","0","0","0","0","0","1","0","0","0","","","0","","0","","40 33:22.753","7","0","80 09:33.703","0","0","0","0","2459","0","0","0","N","0","0","0","1","02459","0","","5.0","","7","N","N","","0","","0","0","1","","0","N","","1","0","0","0","0","0","0","1","0","1","","","","N","","","","","","","","","",""
"2012015732","","0","0","0","0","0","0","0","0","0","7","0","","02","2","2012","2","40.608637","-80.112228","","11","0","0","0","0","0","0","0","0","2","0","0","0","","","0","","0","","40 36:31.094","4","0","80 06:44.021","0","0","0","0","2481","0","0","0","N","0","0","0","2","02481","0","","5.0","","1","N","N","","0","","0","0","1","","0","N","","1","0","0","0","0","0","0","1","0","1","","","","N","","","","","","","","","",""
"2012016550","","1","0","0","0","0","0","0","0","0","4","0","","02","2","2012","1","40.437428","-79.979527","","11","0","0","1","0","0","0","0","0","1","0","0","0","","","0","","1","","40 26:14.740","3","0","79 58:46.297","0","0","0","0","2301","0","0","0","N","0","0","0","2","02301","0","","1.0","","9","N","N","","0","","0","0","0","","3","N","","2","0","0","0","0","0","0","2","1","2","","","","N","","","","","","","","","",""
"2012016282","","0","0","0","0","0","0","0","0","0","7","0","","02","2","2012","1","40.536949","-79.971529","","11","0","0","0","0","0","0","0","0","1","0","0","0","","","0","","0","","40 32:13.016","1","0","79 58:17.505","0","0","0","0","2118","0","0","0","N","0","0","0","1","02118","0","","5.0","","1","N","N","","1","","0","0","0","","0","N","","1","0","0","0","0","0","0","2","0","1","","","","N","","","","","","","","","",""
"2012016408","","1","0","0","0","0","0","0","0","0","7","0","","02","2","2012","7","40.53062","-79.708595","","11","0","0","0","0","0","0","0","0","","0","0","0","","","1","","0","","40 31:50.232","","0","79 42:30.943","4","0","0","0","2466","0","0","0","N","0","0","0","1","02466","1","","2.0","","6","N","N","","0","","0","0","0","","0","","","1","1","0","0","0","0","0","1","0","1","","","","N","","","","","","","","","",""
"2012015797","","0","0","0","0","0","0","0","0","0","4","0","","02","2","2012","6","40.404804","-79.825906","","11","0","0","0","0","0","2","0","0","","0","0","0","","","2","","1","","40 24:17.294","","0","79 49:33.261","8","0","0","0","2467","0","0","0","N","0","0","0","2","02467","0","","1.0","","1","N","N","","0","","0","0","0","","2","","","2","2","0","0","0","2","0","2","2","2","","","","N","","","","","","","","","",""
"2012015057","","1","0","0","0","0","0","0","0","0","1","0","","02","2","2012","4","40.47152","-79.926282","","11","0","0","0","0","0","1","0","0","","0","0","0","","","0","","1","","40 28:17.472","","0","79 55:34.615","0","0","0","0","2301","0","0","0","N","0","0","0","3","02301","0","","1.0","","9","N","N","","0","","0","0","1","","2","","","2","0","0","0","0","0","0","2","0","2","","","","N","","","","","","","","","",""
"2012017358","","0","0","0","0","0","0","0","0","0","7","0","","02","2","2012","3","40.343781","-79.890887","","11","0","0","0","0","0","0","0","0","","0","0","0","","","0","","0","","40 20:37.611","","0","79 53:27.192","0","0","0","0","2423","0","0","0","N","0","0","0","1","02304","0","","2.0","","1","N","N","","1","","0","0","0","","0","","","1","0","0","0","0","0","0","2","0","1","","","","N","","","","","","","","","",""
"2012016347","","0","0","0","0","0","0","0","0","0","7","0","","02","2","2012","7","40.525064","-80.070296","","11","0","0","0","0","0","1","0","0","","0","0","0","","","0","","0","","40 31:30.230","","3","80 04:13.064","0","0","0","0","2215","0","0","0","N","0","0","0","1","68B03","0","","3.0","","6","N","N","","0","","0","0","1","","0","","","1","0","0","0","0","0","0","2","0","1","","","","N","","","","","","","","","",""
"2012016409","","2","0","0","0","0","0","0","0","0","4","0","","02","2","2012","1","40.472928","-80.072715","","11","0","0","0","1","0","0","0","0","1","0","0","0","","","0","","1","","40 28:22.541","1","0","80 04:21.774","0","0","0","0","2122","0","0","0","N","0","0","0","4","02122","0","","1.0","","1","N","N","","0","","0","0","0","","3","N","","2","0","0","0","0","0","0","2","0","2","","","","N","","","","","","","","","",""
"2012015811","","2","0","0","0","0","0","0","0","0","1","0","","02","2","2012","6","40.44515","-79.960953","","11","0","0","0","0","0","2","0","0","1","0","0","0","","","1","","0","","40 26:42.540","2","0","79 57:39.430","4","0","0","0","2301","0","0","0","N","0","0","0","2","02301","1","","1.0","","1","N","N","","0","","0","0","0","","0","N","","2","1","0","0","0","0","0","2","0","2","","","","N","","","","","","","","","",""