"CRN","ARRIVAL_TM","AUTOMOBILE_COUNT","BELTED_DEATH_COUNT","BELTED_SUSP_SERIOUS_INJ_COUNT","BICYCLE_COUNT","BICYCLE_DEATH_COUNT","BICYCLE_SUSP_SERIOUS_INJ_COUNT","BUS_COUNT","CHLDPAS_DEATH_COUNT","CHLDPAS_SUSP_SERIOUS_INJ_COUNT","COLLISION_TYPE","COMM_VEH_COUNT","CONS_ZONE_SPD_LIM","COUNTY","CRASH_MONTH","CRASH_YEAR","DAY_OF_WEEK","DEC_LATITUDE","DEC_LONGITUDE","DISPATCH_TM","DISTRICT","DRIVER_COUNT_16YR","DRIVER_COUNT_17YR","DRIVER_COUNT_18YR","DRIVER_COUNT_19YR","DRIVER_COUNT_20YR","DRIVER_COUNT_50_64YR","DRIVER_COUNT_65_74YR","DRIVER_COUNT_75PLUS","EST_HRS_CLOSED","FATAL_COUNT","HEAVY_TRUCK_COUNT","HORSE_BUGGY_COUNT","HOUR_OF_DAY","ILLUMINATION","INJURY_COUNT","INTERSECTION_RELATED","INTERSECT_TYPE","LANE_CLOSED","LATITUDE","LN_CLOSE_DIR","LOCATION_TYPE","LONGITUDE","MAX_SEVERITY_LEVEL","MCYCLE_DEATH_COUNT","MCYCLE_SUSP_SERIOUS_INJ_COUNT","MOTORCYCLE_COUNT","MUNICIPALITY","NONMOTR_COUNT","NONMOTR_DEATH_COUNT","NONMOTR_SUSP_SERIOUS_INJ_COUNT","NTFY_HIWY_MAINT","PED_COUNT","PED_DEATH_COUNT","PED_SUSP_SERIOUS_INJ_COUNT","PERSON_COUNT","POLICE_AGCY","POSSIBLE_INJ_COUNT","RDWY_SURF_TYPE_CD","RELATION_TO_ROAD","ROADWAY_CLEARED","ROAD_CONDITION","SCH_BUS_IND","SCH_ZONE_IND","SECONDARY_CRASH","SMALL_TRUCK_COUNT","SPEC_JURIS_CD","SUSP_MINOR_INJ_COUNT","SUSP_SERIOUS_INJ_COUNT","SUV_COUNT","TCD_FUNC_CD","TCD_TYPE","TFC_DETOUR_IND","TIME_OF_DAY","TOTAL_UNITS","TOT_INJ_COUNT","UNBELTED_OCC_COUNT","UNB_DEATH_COUNT","UNB_SUSP_SERIOUS_INJ_COUNT","UNK_INJ_DEG_COUNT","UNK_INJ_PER_COUNT","URBAN_RURAL","VAN_COUNT","VEHICLE_COUNT","WEATHER1","WEATHER2","WORKERS_PRES","WORK_ZONE_IND","WORK_ZONE_LOC","WORK_ZONE_TYPE","WZ_CLOSE_DETOUR","WZ_FLAGGER","WZ_LAW_OFFCR_IND","WZ_LN_CLOSURE","WZ_MOVING","WZ_OTHER","WZ_SHLDER_MDN","WZ_WORKERS_INJ_KILLED"
"2012045080","","0","0","0","0","0","0","0","0","0","7","0","","02","4","2012","3","40.528144","-80.040449","","11","0","0","0","0","0","1","0","0","","0","0","0","","","0","","0","","40 31:41.320","","0","80 02:25.616","0","0","0","0","2116","0","0","0","","0","0","0","1","02116","0","","5.0","","1","","","","0","","0","0","1","","0","","","1","0","0","0","0","0","0","2","0","1","","","","N","","","","","","","","","",""
"2012045081","","0","0","0","0","0","0","0","0","0","0","0","","02","5","2012","1","40.343587","-79.863308","","11","0","0","0","0","0","0","0","0","1","0","0","0","","","1","","2","","40 20:36.914","5","0","79 51:47.909","2","0","1","1","2304","0","0","0","N","0","0","0","1","02304","0","","1.0","","1","N","N","","0","","0","1","0","","0","Y","","1","1","0","0","0","0","0","2","0","1","","","","N","","","","","","","","","",""
"2012045975","","1","0","0","0","0","0","0","0","0","7","0","","02","5","2012","3","40.633151","-80.040478","","11","0","0","0","0","0","0","0","0","","0","0","0","","","1","","2","","40 37:59.343","","0","80 02:25.720","3","0","0","0","2216","0","0","0","N","0","0","0","1","02505","0","","5.0","","9","N","N","","0","","1","0","0","","0","","","1","1","1","0","0","0","0","2","0","1","","","","N","","","","","","","","","",""
"2012045096","","1","0","0","0","0","0","0","0","0","4","0","","02","5","2012","7","40.438351","-79.998585","","11","0","0","0","0","0","1","1","0","1","0","0","0","","","0","","1","","40 26:18.063","2","0","79 59:54.906","0","0","0","0","2301","0","0","0","N","0","0","0","4","02301","0","","1.0","","1","N","N","","0","","0","0","1","","2","N","","2","0","2","0","0","0","0","2","0","2","","","","N","","","","","","","","","",""
"2012045839","","1","0","0","0","0","0","0","0","0","4","0","","02","5","2012","7","40.566197","-80.043347","","11","0","0","1","0","0","1","0","0","2","0","0","0","","","3","","2","","40 33:58.309","1","0","80 02:36.049","3","0","0","0","2108","0","0","0","N","0","0","0","3","02108","1","","1.0","","1","N","N","","0","","2","0","1","","3","N","","2","3","0","0","0","0","0","2","0","2","","","","N","","","","","","","","","",""
"2012047411","","2","0","0","0","0","0","0","0","0","1","0","","02","4","2012","2","40.513519","-80.000925","","11","0","0","0","0","0","0","0","0","","0","0","0","","","0","","0","","40 30:48.669","","0","80 00:03.331","0","0","0","0","2116","0","0","0","N","0","0","0","2","02116","0","","1.0","","1","N","N","","0","","0","0","0","","0","","","2","0","0","0","0","0","0","2","0","2","","","","N","","","","","","","","","",""
"2012045238","","1","0","0","0","0","0","0","0","0","99","0","","02","5","2012","2","40.48317","-79.823777","","11","0","0","0","0","0","0","0","0","1","0","0","0","","","0","","0","","40 28:59.412","3","0","79 49:25.596","0","0","0","0","2113","0","0","0","N","0","0","0","1","02113","0","","1.0","","1","N","N","","0","","0","0","0","","0","N","","1","0","0","0","0","0","0","2","0","1","","","","N","","","","","","","","","",""
"2012047066","","1","0","0","0","0","0","0","0","0","4","0","","02","5","2012","6","40.423046","-79.927582","","11","0","0","0","0","1","1","0","0","","0","0","0","","","0","","1","","40 25:22.965","","0","79 55:39.295","0","0","0","0","2301","0","0","0","N","0","0","0","3","02301","0","","1.0","","1","N","N","","1","","0","0","0","","2","","","2","0","0","0","0","0","0","2","0","2","","","","N","","","","","","","","","",""
"2012045701","","0","0","0","0","0","0","0","0","0","8","0","","02","5","2012","3","40.44445","-79.954839","","11","0","0","0","0","0","1","0","0","1","0","0","0","","","1","","1","","40 26:40.020","4","0","79 57:17.420","8","0","0","0","2301","1","0","0","N","1","0","0","2","02301","0","","1.0","","9","N","N","","1","","0","0","0","","2","Y","","2","1","1","0","0","1","0","2","0","1","","","","N","","","","","","","","","",""
"2012045097","","3","0","0","0","0","0","0","0","0","4","0","","02","5","2012","7","40.451926","-79.952044","","11","0","0","0","0","0","0","1","0","2","0","0","0","","","1","","0","","40 27:06.933","7","0","79 57:07.358","8","0","0","0","2301","0","0","0","N","0","0","0","3","02301","0","","1.0","","1","N","N","","0","","0","0","0","","0","N","","3","1","0","0","0","1","0","2","0","3","","","","N","","","","","","","","","",""
"2012045841","","3","0","0","0","0","0","0","0","0","1","0","25","02","5","2012","6","40.602499","-80.049685","","11","0","0","1","0","0","0","1","0","","0","0","0","","","1","","0","","40 36:08.998","","0","80 02:58.866","4","0","0","0","2108","0","0","0","N","0","0","0","4","02108","1","","1.0","","1","N","N","","0","","0","0","0","","0","","","3","1","0","0","0","0","0","2","0","3","","","N","Y","4","1","N","N","N","Y","U","N","Y",""
"2012047307","","0","0","0","0","0","0","0","0","0","7","0","","02","5","2012","2","","","","11","0","0","0","1","0","0","0","0","1","0","0","0","","","0","","0","","","4","0","","9","0","0","0","2219","0","0","0","N","0","0","0","1","02501","0","","2.0","","9","N","N","","1","","0","0","0","","0","N","","1","0","0","0","0","0","1","1","0","1","","","","N","","","","","","","","","",""
"2012045991","","2","0","0","0","0","0","0","0","0","1","0","","02","4","2012","7","40.404738","-79.76221","","11","0","1","0","0","0","1","0","0","2","0","0","0","","","1","","2","","40 24:17.056","2","0","79 45:43.957","4","0","0","0","2446","0","0","0","N","0","0","0","4","02446","1","","1.0","","1","N","N","","0","","0","0","0","","0","N","","2","1","0","0","0","0","0","2","0","2","","","","N","","","","","","","","","",""
"2012045099","","0","0","0","0","0","0","0","0","0","1","0","","02","4","2012","2","40.396242","-79.998126","","11","0","0","0","0","0","1","0","0","","0","0","0","","","1","","1","","40 23:46.470","","0","79 59:53.254","4","0","0","0","2301","0","0","0","N","0","0","0","2","02301","1","","1.0","","1","N","N","","2","","0","0","0","","2","","","2","1","0","0","0","0","0","2","0","2","","","","N","","","","","","","","","",""
"2012045772","","1","0","0","0","0","0","0","0","0","4","0","","02","5","2012","3","40.444202","-80.028173","","11","0","0","0","0","0","1","0","0","","0","0","0","","","0","","1","","40 26:39.126","","0","80 01:41.424","0","0","0","0","2301","0","0","0","N","0","0","0","4","02301","0","","1.0","","9","N","N","","0","","0","0","1","","2","","","2","0","0","0","0","0","0","2","0","2","","","","N","","","","","","","","","",""
"2012045842","","2","0","0","0","0","0","0","0","0","4","0","","02","5","2012","2","40.576876","-80.055876","","11","0","0","0","0","0","0","0","0","","0","0","0","","","0","","1","","40 34:36.753","","0","80 03:21.153","0","0","0","0","2108","0","0","0","N","0","0","0","2","02108","0","","1.0","","9","N","N","","0","","0","0","0","","3","","","2","0","0","0","0","0","0","2","0","2","","","","N","","","","","","","","","",""
"2012047308","","1","0","0","0","0","0","0","0","0","1","0","","02","5","2012","2","40.648962","-79.93718","","11","0","1","0","0","0","0","0","0","","0","0","0","","","0","","0","","40 38:56.263","","0","79 56:13.849","0","0","0","0","2217","0","0","0","N","0","0","0","4","02505","0","","1.0","","9","N","N","","1","","0","0","0","","0","","","2","0","0","0","0","0","0","2","0","2","","","","N","","","","","","","","","",""
"2012046409","","0","0","0","0","0","0","0","0","0","1","0","","02","5","2012","5","40.494584","-79.904994","","11","0","0","0","0","0","1","0","0","","0","0","0","","","0","","0","","40 29:40.502","","0","79 54:17.977","9","0","0","0","2401","0","0","0","N","0","0","0","4","68D02","0","","1.0","","1","N","N","","0","","0","0","4","","0","","","4","0","0","0","0","0","1","2","0","4","","","","N","","","","","","","","","",""
"2012045241","","1","0","0","0","0","0","0","0","0","7","0","","02","4","2012","1","40.547069","-79.972233","","11","0","0","0","0","0","0","0","0","2","0","0","0","","","0","","0","","40 32:49.448","5","0","79 58:20.038","0","0","0","0","2118","0","0","0","N","0","0","0","1","02118","0","","1.0","","1","N","N","","0","","0","0","0","","0","Y","","1","0","0","0","0","0","0","2","0","1","","","","N","","","","","","","","","",""
"2012045302","","1","0","0","0","0","0","0","0","0","4","0","","02","4","2012","6","40.426975","-79.980753","","11","0","0","0","0","0","0","0","0","","0","0","0","","","2","","1","","40 25:37.110","","0","79 58:50.710","4","0","0","0","2301","0","0","0","N","0","0","0","4","02301","1","","1.0","","1","N","N","","0","","0","0","1","","2","","","2","2","0","0","0","1","0","2","0","2","","","","N","","","","","","","","","",""
"2012046684","","2","0","0","0","0","0","0","0","0","4","0","","02","5","2012","7","","","","11","0","0","0","0","0","1","0","0","1","0","0","0","","","1","","0","","","4","7","","8","0","0","0","2113","0","0","0","N","0","0","0","2","02113","0","","1.0","","1","N","N","","0","","0","0","0","","2","Y","","2","1","0","0","0","1","0","1","0","2","","","","N","","","","","","","","","",""
"2012046410","","2","0","0","0","0","0","0","0","0","7","0","","02","5","2012","5","40.602309","-79.766944","","11","0","0","0","0","0","0","0","0","","0","0","0","","","1","","0","","40 36:08.311","","0","79 46:00.998","4","0","0","0","2464","0","0","0","N","0","0","0","2","68D02","1","","2.0","","1","N","N","","0","","0","0","0","","0","","","2","1","1","0","0","0","0","2","0","2","","","","N","","","","","","","","","",""
"2012047416","","1","0","0","0","0","0","0","0","0","5","0","","02","5","2012","6","40.453142","-79.886466","","11","0","0","0","0","0","0","0","0","","0","0","0","","","0","","0","","40 27:11.311","","0","79 53:11.277","0","0","0","0","2301","0","0","0","N","0","0","0","3","02301","0","","6.0","","1","N","N","","0","","0","0","1","","0","","","2","0","0","0","0","0","0","2","0","2","","","","N","","","","","","","","","",""
"2012046411","","1","0","0","0","0","0","0","0","0","99","0","","02","5","2012","2","40.663586","-79.718431","","11","0","0","0","0","0","0","0","0","","0","0","0","","","0","","0","","40 39:48.908","","0","79 43:06.351","0","0","0","0","2106","0","0","0","N","0","0","0","1","68D02","0","","1.0","","9","N","N","","0","","0","0","0","","0","","","1","0","0","0","0","0","0","2","0","1","","","","N","","","","","","","","","",""
"2012045996","","1","0","0","0","0","0","0","0","0","4","0","","02","5","2012","3","40.334277","-79.812191","","11","0","0","0","1","0","0","0","0","1","0","0","0","","","0","","0","","40 20:03.398","1","0","79 48:43.889","0","0","0","0","2477","0","0","0","N","0","0","0","3","02477","0","","1.0","","9","N","N","","0","","0","0","2","","0","N","","3","0","0","0","0","0","0","2","0","3","","","","N","","","","","","","","","",""
"2012046412","","1","0","0","0","0","0","0","0","0","4","0","","02","5","2012","3","40.51793","-79.853688","","11","0","0","0","0","0","0","0","0","2","0","0","0","","","0","","0","","40 31:04.547","2","0","79 51:13.276","0","0","0","0","2112","0","0","0","N","0","0","0","2","68D02","0","","1.0","","9","N","N","","0","","0","0","1","","0","N","","2","0","0","0","0","0","0","2","0","2","","","","N","","","","","","","","","",""
"2012045244","","2","0","0","0","0","0","0","0","0","1","0","","02","5","2012","2","40.444063","-80.027983","","11","0","0","0","0","0","0","0","0","1","0","0","0","","","1","","1","","40 26:38.626","1","0","80 01:40.738","4","0","0","0","2301","0","0","0","N","0","0","0","2","02301","1","","1.0","","1","N","N","","0","","0","0","0","","2","N","","2","1","0","0","0","0","0","2","0","2","","","","N","","","","","","","","","",""
"2012047200","","1","0","0","0","0","0","0","0","0","1","0","15","02","5","2012","5","40.344614","-79.884564","","11","0","0","0","0","0","1","0","0","1","0","0","0","","","0","","0","","40 20:40.610","2","3","79 53:04.430","9","0","0","0","2304","0","0","0","N","0","0","0","2","02304","0","","1.0","","1","N","N","","1","","0","0","0","","2","N","","2","0","0","0","0","0","1","2","0","2","","","Y","Y","4","1","Y","","N","Y","","Y","",""
"2012045305","","1","0","0","0","0","0","0","0","0","7","0","","02","5","2012","1","40.358662","-79.844538","","11","0","0","0","0","0","0","0","0","","0","0","0","","","0","","0","","40 21:31.182","","3","79 50:40.338","0","0","0","0","2303","0","0","0","N","0","0","0","1","02303","0","","2.0","","1","N","N","","0","","0","0","0","","4","","","1","0","0","0","0","0","0","2","0","1","","","","N","","","","","","","","","",""
"2012045318","","2","0","0","0","0","0","0","0","0","6","0","","02","4","2012","2","40.467709","-79.934583","","11","0","0","0","0","0","1","0","0","","0","0","0","","","1","","1","","40 28:03.752","","0","79 56:04.498","4","0","0","0","2301","0","0","0","N","0","0","0","4","02301","1","","1.0","","1","N","N","","0","","0","0","0","","0","","","2","1","0","0","0","0","0","2","0","2","","","","N","","","","","","","","","",""
"2012045707","","0","0","0","0","0","0","0","0","0","4","0","","02","5","2012","6","40.477869","-79.953714","","11","0","0","0","0","0","0","0","0","","0","0","0","","","0","","0","","40 28:40.328","","0","79 57:13.370","0","0","0","0","2301","0","0","0","N","0","0","0","2","02301","0","","1.0","","1","N","N","","0","","0","0","2","","0","","","2","0","0","0","0","0","0","2","0","2","","","","N","","","","","","","","","",""
"2012046425","","2","0","0","0","0","0","0","0","0","4","0","","02","5","2012","4","40.37288","-80.049071","","11","0","0","0","0","0","0","0","0","2","0","0","0","","","0","","2","","40 22:22.367","4","0","80 02:56.655","0","0","0","0","2109","0","0","0","N","0","0","0","2","02109","0","","1.0","","1","N","N","","0","","0","0","0","","2","Y","","2","0","0","0","0","0","0","2","0","2","","","","N","","","","","","","","","",""
"2012046490","","1","0","0","0","0","0","0","0","0","7","0","","02","5","2012","5","40.437942","-79.992078","","11","0","0","0","0","0","0","0","0","","0","0","0","","","1","","2","","40 26:16.590","","0","79 59:31.480","8","0","0","0","2301","0","0","0","N","0","0","0","1","02301","0","","2.0","","1","N","N","","0","","0","0","0","","1","","","1","1","0","0","0","1","0","2","0","1","","","","N","","","","","","","","","",""
"2012045319","","0","0","0","0","0","0","0","0","0","1","0","","02","5","2012","2","40.427457","-79.968425","","11","0","0","0","0","0","0","0","0","2","0","0","0","","","0","","1","","40 25:38.846","7","0","79 58:06.329","0","0","0","0","2301","0","0","0","N","0","0","0","2","02301","0","","1.0","","1","N","N","","0","","0","0","2","","2","N","","2","0","0","0","0","0","0","2","0","2","","","","N","","","","","","","","","",""
"2012045036","","0","0","0","0","0","0","0","0","0","7","0","","02","5","2012","1","40.35593","-79.897856","","11","0","0","0","1","0","0","0","0","","0","0","0","","","1","","0","","40 21:21.349","","7","79 53:52.282","3","0","0","0","2423","0","0","0","N","0","0","0","1","02304","0","","5.0","","1","N","N","","1","","1","0","0","","0","","","1","1","0","0","0","0","0","2","0","1","","","","N","","","","","","","","","",""
"2012045708","","0","0","0","0","0","0","0","0","0","1","0","","02","5","2012","4","40.462997","-79.951522","","11","0","0","0","0","0","1","0","0","","0","0","0","","","0","","0","","40 27:46.790","","0","79 57:05.480","0","0","0","0","2301","0","0","0","N","0","0","0","2","02301","0","","1.0","","1","N","N","","0","","0","0","1","","0","","","2","0","0","0","0","0","0","2","1","2","","","","N","","","","","","","","","",""
"2012046491","","0","0","0","0","0","0","0","0","0","4","0","","02","5","2012","4","40.387934","-79.996376","","11","0","0","0","0","0","0","0","0","","0","0","0","","","0","","2","","40 23:16.562","","0","79 59:46.954","0","0","0","0","2301","0","0","0","N","0","0","0","4","02301","0","","1.0","","9","N","N","","1","","0","0","0","","2","","","2","0","0","0","0","0","0","2","0","2","","","","N","","","","","","","","","",""
"2012047310","","1","0","0","0","0","0","0","0","0","7","0","","02","5","2012","7","40.451833","-80.13286","","11","0","0","0","0","0","0","0","0","","0","0","0","","","0","","0","","40 27:06.598","","0","80 07:58.296","0","0","0","0","2115","0","0","0","N","0","0","0","2","02115","0","","4.0","","1","N","N","","0","","0","0","0","","0","","","1","0","0","0","0","0","0","2","0","1","","","","N","","","","","","","","","",""
"2012047311","","1","0","0","0","0","0","0","0","0","4","0","","02","5","2012","4","40.447576","-80.164241","","11","0","0","0","0","0","0","0","1","2","0","0","0","","","1","","0","","40 26:51.275","1","0","80 09:51.268","4","0","0","0","2115","0","0","0","N","0","0","0","2","02115","1","","1.0","","9","N","N","","1","","0","0","0","","2","N","","2","1","0","0","0","0","0","2","0","2","","","","N","","","","","","","","","",""
"2012045184","","1","0","0","0","0","0","0","0","0","7","0","","02","5","2012","1","40.477585","-79.759372","","11","0","1","0","0","0","0","0","0","1","0","0","0","","","0","","0","","40 28:39.306","1","0","79 45:33.740","0","0","0","0","2466","0","0","0","Y","0","0","0","1","02466","0","","5.0","","1","N","N","","0","","0","0","0","","0","Y","","1","0","0","0","0","0","0","2","0","1","","","","N","","","","","","","","","",""
"2012045309","","1","0","0","0","0","0","0","0","0","2","0","","02","5","2012","7","40.414423","-79.989693","","11","0","0","0","0","0","1","0","0","1","0","0","0","","","1","","0","","40 24:51.922","6","0","79 59:22.894","4","0","0","0","2301","0","0","0","N","0","0","0","3","02301","1","","1.0","","1","N","N","","0","","0","0","0","","0","Y","","2","1","3","0","0","0","0","2","1","2","","","","N","","","","","","","","","",""
"2012045988","","2","0","0","0","0","0","0","0","0","4","0","","02","5","2012","7","40.496131","-79.976872","","11","0","0","0","0","1","0","0","0","1","0","0","0","","","1","","2","","40 29:46.072","1","0","79 58:36.740","8","0","0","0","2118","0","0","0","N","0","0","0","5","02118","0","","1.0","","1","N","N","","0","","0","0","0","","3","Y","","2","1","0","0","0","1","0","2","0","2","","","","N","","","","","","","","","",""
"2012047312","","0","0","0","0","0","0","0","0","0","99","0","","02","4","2012","4","40.478093","-80.200712","","11","0","0","0","0","0","0","0","0","","0","0","0","","","0","","0","","40 28:41.136","","0","80 12:02.563","0","0","0","0","2213","0","0","0","N","0","0","0","1","02213","0","","1.0","","1","N","N","","0","","0","0","1","","0","","","1","0","0","0","0","0","0","2","0","1","","","","N","","","","","","","","","",""
"2012045389","","3","0","0","0","0","0","0","0","0","1","0","","02","5","2012","2","40.383617","-79.998224","","11","0","0","0","0","0","0","0","0","1","0","0","0","","","2","","3","","40 23:01.021","2","0","79 59:53.606","8","0","0","0","2301","0","0","0","N","0","0","0","4","02301","0","","1.0","","1","N","N","","0","","0","0","0","","0","N","","3","2","0","0","0","2","0","2","0","3","","","","N","","","","","","","","","",""
"2012047021","","1","0","0","0","0","0","0","0","0","4","0","","02","5","2012","6","40.440468","-79.991526","","11","0","0","0","0","0","2","0","0","1","0","0","0","","","0","","1","","40 26:25.686","2","0","79 59:29.493","0","0","0","0","2301","0","0","0","N","0","0","0","2","02301","0","","1.0","","1","N","N","","0","","0","0","1","","2","N","","2","0","0","0","0","0","0","2","0","2","","","","N","","","","","","","","","",""
"2012046429","","0","0","0","0","0","0","0","0","0","1","0","","02","5","2012","4","40.313298","-79.938775","","11","0","0","0","0","0","2","0","0","2","0","0","0","","","2","","2","","40 18:47.872","2","0","79 56:19.590","4","0","0","0","2440","0","0","0","N","0","0","0","3","02440","1","","1.0","","9","N","N","","1","","0","0","1","","2","N","","2","2","0","0","0","1","0","2","0","2","","","","N","","","","","","","","","",""
"2012045323","","2","0","0","0","0","0","0","0","0","2","0","","02","5","2012","7","40.435158","-79.956441","","11","0","0","0","0","0","0","0","0","","0","0","0","","","0","","1","","40 26:06.567","","0","79 57:23.189","0","0","0","0","2301","0","0","0","N","0","0","0","3","02301","0","","1.0","","1","N","N","","0","","0","0","0","","2","","","2","0","0","0","0","0","0","2","0","2","","","","N","","","","","","","","","",""
"2012046495","","0","0","0","0","0","0","0","0","0","7","0","","02","5","2012","4","40.371611","-79.958028","","11","0","0","0","0","0","0","0","0","","0","0","0","","","0","","0","","40 22:17.800","","0","79 57:28.900","0","0","0","0","2403","0","0","0","N","0","0","0","1","02403","0","","4.0","","1","N","N","","0","","0","0","1","","0","","","1","0","0","0","0","0","0","2","0","1","","","","N","","","","","","","","","",""
"2012046004","","1","0","0","0","0","0","0","0","0","1","0","","02","5","2012","3","40.557073","-79.973435","","11","0","1","0","0","0","0","0","0","","0","0","0","","","1","","2","","40 33:25.464","","0","79 58:24.366","8","0","0","0","2207","0","0","0","N","0","0","0","2","02207","0","","1.0","","1","N","N","","0","","0","0","1","","0","","","2","1","0","0","0","1","0","2","0","2","","","","N","","","","","","","","","",""
"2012045393","","0","0","0","0","0","0","0","0","0","4","0","","02","5","2012","6","40.449028","-79.761899","","11","1","0","0","0","0","0","0","0","1","0","0","0","","","0","","0","","40 26:56.500","6","0","79 45:42.836","0","0","0","0","2446","0","0","0","N","0","0","0","3","02446","0","","1.0","","1","N","N","","0","","0","0","2","","0","Y","","2","0","0","0","0","0","0","2","0","2","","","","N","","","","","","","","","",""
"2012046498","","1","0","0","0","0","0","0","0","0","7","0","","02","5","2012","1","40.397959","-79.836641","","11","0","0","0","0","0","0","0","0","1","0","0","0","","","1","","7","","40 23:52.654","3","2","79 50:11.906","4","0","0","0","2425","0","0","0","N","0","0","0","1","02111","1","","3.0","","1","N","N","","0","","0","0","0","","0","Y","","1","1","0","0","0","0","0","2","0","1","","","","N","","","","","","","","","",""
"2012045175","","1","0","0","0","0","0","0","0","0","7","0","","02","5","2012","1","40.44781","-79.849368","","11","0","0","0","0","0","1","0","0","","0","0","0","","","1","","2","","40 26:52.116","","0","79 50:57.726","3","0","0","0","2419","0","0","0","N","0","0","0","1","02419","0","","5.0","","1","N","N","","0","","1","0","0","","0","","","1","1","1","0","0","0","0","2","0","1","","","","N","","","","","","","","","",""
"2012046635","","0","0","0","0","0","0","0","0","0","7","0","","02","5","2012","4","40.381597","-80.045335","","11","0","0","0","0","0","0","1","0","","0","0","0","","","0","","0","","40 22:53.749","","0","80 02:43.206","0","0","0","0","2109","0","0","0","N","0","0","0","1","02109","0","","5.0","","1","N","N","","0","","0","0","0","","0","","","1","0","0","0","0","0","0","2","1","1","","","","N","","","","","","","","","",""
"2012045115","","1","0","0","0","0","0","0","0","0","7","0","","02","4","2012","3","40.442212","-79.837551","","11","0","0","0","0","0","0","0","0","","0","0","0","","","0","","7","","40 26:31.963","","2","79 50:15.182","0","0","0","0","2419","0","0","0","N","0","0","0","1","68B03","0","","2.0","","1","N","N","","0","","0","0","0","","0","","","1","0","0","0","0","0","0","2","0","1","","","","N","","","","","","","","","",""
"2012046210","","2","0","0","0","0","0","0","0","0","1","0","","02","5","2012","4","40.417209","-79.99572","","11","0","0","0","0","0","0","0","0","1","0","0","0","","","0","","0","","40 25:01.952","4","0","79 59:44.592","9","0","0","0","2301","0","0","0","N","0","0","0","1","02301","0","","4.0","","1","N","N","","0","","0","0","0","","0","N","","2","0","0","0","0","0","1","2","0","2","","","","N","","","","","","","","","",""
"2012030097","","1","0","0","0","0","0","0","0","0","0","0","","02","3","2012","2","40.369444","-79.830464","","11","0","0","0","0","0","0","0","0","3","0","0","0","","","0","","0","","40 22:10.000","1","0","79 49:49.670","0","0","0","0","2111","0","0","0","N","0","0","0","5","02111","0","","1.0","","1","N","N","","1","","0","0","0","","0","N","","2","0","0","0","0","0","0","2","0","2","","","","N","","","","","","","","","",""
"2012046857","","1","0","0","0","0","0","0","0","0","7","0","","02","5","2012","5","40.432873","-79.936537","","11","0","0","0","0","0","0","0","0","","0","0","0","","","1","","1","","40 25:58.342","","0","79 56:11.533","4","0","0","0","2301","0","0","0","N","0","0","0","2","02301","1","","5.0","","1","N","N","","0","","0","0","0","","2","","","1","1","0","0","0","0","0","2","0","1","","","","N","","","","","","","","","",""
"2012046211","","2","0","0","0","0","0","0","0","0","5","0","","02","5","2012","3","40.392576","-79.986625","","11","0","0","0","0","0","0","0","1","1","0","0","0","","","2","","0","","40 23:33.273","2","0","79 59:11.850","8","0","0","0","2301","1","0","0","N","1","0","0","4","02301","0","","1.0","","1","","N","","0","","0","0","1","","0","N","","4","2","0","0","0","2","0","2","0","3","","","","N","","","","","","","","","",""
"2012030863","","1","0","0","0","0","0","0","0","0","5","0","","02","3","2012","6","40.420884","-79.928633","","11","0","0","0","0","0","0","0","0","1","0","0","0","","","0","","0","","40 25:15.182","2","0","79 55:43.078","0","0","0","0","2301","0","0","0","N","0","0","0","1","02301","0","","4.0","","9","N","N","","1","","0","0","0","","0","N","","2","0","0","0","0","0","0","2","0","2","","","","N","","","","","","","","","",""
"2012046858","","0","0","0","0","0","0","0","0","0","8","0","","02","5","2012","5","40.444308","-80.257522","","11","0","0","0","0","0","0","0","0","2","0","0","0","","","1","","0","","40 26:39.508","5","7","80 15:27.079","2","0","0","0","2214","1","0","1","N","1","0","1","1","02214","0","","5.0","","1","N","N","","0","","0","1","0","","0","N","","2","1","0","0","0","0","0","2","1","1","","","","N","","","","","","","","","",""
"2012044880","","1","0","0","0","0","0","0","0","0","2","0","","02","4","2012","1","40.427685","-79.985306","","11","0","0","0","0","0","0","0","0","","0","0","0","","","0","","1","","40 25:39.666","","0","79 59:07.101","0","0","0","0","2301","0","0","0","N","0","0","0","3","02301","0","","1.0","","1","N","N","","0","","0","0","1","","3","","","2","0","0","0","0","0","0","2","0","2","","","","N","","","","","","","","","",""
"2012046298","","0","0","0","0","0","0","0","0","0","7","0","","02","5","2012","6","40.557604","-79.80352","","11","0","0","0","1","0","0","0","0","","0","0","0","","","1","","0","","40 33:27.376","","0","79 48:12.672","4","0","0","0","2121","0","0","0","N","0","0","0","5","02121","1","","5.0","","1","N","N","","0","","0","0","1","","0","","","1","1","0","0","0","0","0","2","0","1","","","","N","","","","","","","","","",""
"2012045406","","2","0","0","0","0","0","0","0","0","1","0","25","02","5","2012","6","40.606426","-80.051563","","11","0","0","0","1","0","1","0","0","1","0","0","0","","","1","","0","","40 36:23.133","1","0","80 03:05.626","4","0","0","0","2108","0","0","0","N","0","0","0","3","02108","1","","1.0","","1","N","N","","0","","0","0","1","","0","N","","3","1","0","0","0","0","0","2","0","3","","","Y","Y","4","1","N","N","N","N","Y","N","Y",""