"CRN","ARRIVAL_TM","AUTOMOBILE_COUNT","BELTED_DEATH_COUNT","BELTED_SUSP_SERIOUS_INJ_COUNT","BICYCLE_COUNT","BICYCLE_DEATH_COUNT","BICYCLE_SUSP_SERIOUS_INJ_COUNT","BUS_COUNT","CHLDPAS_DEATH_COUNT","CHLDPAS_SUSP_SERIOUS_INJ_COUNT","COLLISION_TYPE","COMM_VEH_COUNT","CONS_ZONE_SPD_LIM","COUNTY","CRASH_MONTH","CRASH_YEAR","DAY_OF_WEEK","DEC_LATITUDE","DEC_LONGITUDE","DISPATCH_TM","DISTRICT","DRIVER_COUNT_16YR","DRIVER_COUNT_17YR","DRIVER_COUNT_18YR","DRIVER_COUNT_19YR","DRIVER_COUNT_20YR","DRIVER_COUNT_50_64YR","DRIVER_COUNT_65_74YR","DRIVER_COUNT_75PLUS","EST_HRS_CLOSED","FATAL_COUNT","HEAVY_TRUCK_COUNT","HORSE_BUGGY_COUNT","HOUR_OF_DAY","ILLUMINATION","INJURY_COUNT","INTERSECTION_RELATED","INTERSECT_TYPE","LANE_CLOSED","LATITUDE","LN_CLOSE_DIR","LOCATION_TYPE","LONGITUDE","MAX_SEVERITY_LEVEL","MCYCLE_DEATH_COUNT","MCYCLE_SUSP_SERIOUS_INJ_COUNT","MOTORCYCLE_COUNT","MUNICIPALITY","NONMOTR_COUNT","NONMOTR_DEATH_COUNT","NONMOTR_SUSP_SERIOUS_INJ_COUNT","NTFY_HIWY_MAINT","PED_COUNT","PED_DEATH_COUNT","PED_SUSP_SERIOUS_INJ_COUNT","PERSON_COUNT","POLICE_AGCY","POSSIBLE_INJ_COUNT","RDWY_SURF_TYPE_CD","RELATION_TO_ROAD","ROADWAY_CLEARED","ROAD_CONDITION","SCH_BUS_IND","SCH_ZONE_IND","SECONDARY_CRASH","SMALL_TRUCK_COUNT","SPEC_JURIS_CD","SUSP_MINOR_INJ_COUNT","SUSP_SERIOUS_INJ_COUNT","SUV_COUNT","TCD_FUNC_CD","TCD_TYPE","TFC_DETOUR_IND","TIME_OF_DAY","TOTAL_UNITS","TOT_INJ_COUNT","UNBELTED_OCC_COUNT","UNB_DEATH_COUNT","UNB_SUSP_SERIOUS_INJ_COUNT","UNK_INJ_DEG_COUNT","UNK_INJ_PER_COUNT","URBAN_RURAL","VAN_COUNT","VEHICLE_COUNT","WEATHER1","WEATHER2","WORKERS_PRES","WORK_ZONE_IND","WORK_ZONE_LOC","WORK_ZONE_TYPE","WZ_CLOSE_DETOUR","WZ_FLAGGER","WZ_LAW_OFFCR_IND","WZ_LN_CLOSURE","WZ_MOVING","WZ_OTHER","WZ_SHLDER_MDN","WZ_WORKERS_INJ_KILLED"
"2012044881","","0","0","0","0","0","0","0","0","0","4","0","","02","4","2012","1","40.377273","-79.801368","","11","0","0","0","0","0","1","1","0","","0","0","0","","","0","","2","","40 22:38.184","","0","79 48:04.924","0","0","0","0","2111","0","0","0","N","0","0","0","3","02111","0","","1.0","","1","N","N","","0","","0","0","1","","3","","","2","0","0","0","0","0","0","2","1","2","","","","N","","","","","","","","","",""
"2012045691","","1","0","0","0","0","0","0","0","0","7","0","","02","5","2012","2","40.440239","-79.767912","","11","0","0","0","0","0","1","0","0","","0","0","0","","","0","","0","","40 26:24.860","","0","79 46:04.483","0","0","0","0","2446","0","0","0","N","0","0","0","1","02446","0","","5.0","","1","N","N","","0","","0","0","0","","0","","","1","0","0","0","0","0","0","2","0","1","","","","N","","","","","","","","","",""
"2012031657","","1","0","0","0","0","0","0","0","0","4","0","","02","3","2012","2","40.455455","-79.892235","","11","0","0","0","0","1","0","0","0","3","0","0","0","","","1","","1","","40 27:19.638","7","0","79 53:32.046","2","0","1","1","2301","0","0","0","N","0","0","0","2","02301","0","","1.0","","1","N","N","","0","","0","1","0","","3","Y","","2","1","0","0","0","0","1","2","0","2","","","","N","","","","","","","","","",""
"2012045407","","1","0","0","0","0","0","0","0","0","7","0","","02","5","2012","3","40.48702","-80.203024","","11","0","0","0","0","0","0","0","0","","0","0","0","","","1","","0","","40 29:13.273","","0","80 12:10.887","4","0","0","0","2213","0","0","0","N","0","0","0","2","02213","1","","4.0","","9","N","N","","0","","0","0","0","","0","","","1","1","0","0","0","0","0","2","0","1","","","","N","","","","","","","","","",""
"2012045563","","1","0","0","0","0","0","0","0","0","7","0","","02","5","2012","1","40.594514","-79.769338","","11","0","0","0","0","0","0","0","0","2","0","0","0","","","0","","0","","40 35:40.251","3","0","79 46:09.617","0","0","0","0","2104","0","0","0","N","0","0","0","1","02104","0","","5.0","","1","N","N","","0","","0","0","0","","0","Y","","1","0","0","0","0","0","0","2","0","1","","","","N","","","","","","","","","",""
"2012046300","","1","0","0","0","0","0","0","0","0","7","0","","02","5","2012","3","40.570716","-80.000641","","11","0","0","0","0","0","0","0","0","","0","0","0","","","0","","2","","40 34:14.577","","0","80 00:02.309","0","0","0","0","2108","0","0","0","N","0","0","0","1","02108","0","","4.0","","9","N","N","","0","","0","0","0","","0","","","1","0","0","0","0","0","0","2","0","1","","","","N","","","","","","","","","",""
"2012047002","","0","0","0","0","0","0","0","0","0","8","0","","02","5","2012","6","40.451941","-80.016578","","11","0","0","0","0","0","0","0","0","","0","0","0","","","1","","10","","40 27:06.989","","0","80 00:59.679","4","0","0","0","2301","1","0","0","N","1","0","0","2","02301","1","","1.0","","1","N","N","","0","","0","0","1","","0","","","2","1","0","0","0","0","0","2","0","1","","","","N","","","","","","","","","",""
"2012045627","","1","0","0","0","0","0","0","0","0","7","0","","02","5","2012","2","40.398024","-80.138837","","11","0","0","0","0","0","1","0","0","1","0","0","0","","","0","","0","","40 23:52.886","4","7","80 08:19.814","0","0","0","0","2214","0","0","0","Y","0","0","0","1","02214","0","","2.0","","1","N","N","","0","","0","0","0","","0","N","","1","0","0","0","0","0","0","2","0","1","","","","N","","","","","","","","","",""
"2012046301","","1","0","0","0","0","0","0","0","0","7","0","","02","5","2012","4","40.552088","-79.885172","","11","0","0","0","0","0","0","0","0","","0","0","0","","","0","","0","","40 33:07.516","","0","79 53:06.619","0","0","0","0","2209","0","0","0","N","0","0","0","1","02209","0","","2.0","","1","N","N","","0","","0","0","0","","0","","","1","0","0","0","0","0","0","2","0","1","","","","N","","","","","","","","","",""
"2012046302","","1","1","0","0","0","0","0","0","0","7","0","","02","4","2012","2","40.300218","-80.05058","","11","0","0","0","0","0","0","0","1","1","1","0","0","","","0","","0","","40 18:00.784","2","0","80 03:02.089","1","0","0","0","2407","0","0","0","N","0","0","0","1","02407","0","2","5.0","","1","N","N","","0","0","0","0","0","","0","Y","","1","0","0","0","0","0","0","2","0","1","","","","N","","","","","","","","","",""
"2012044885","","1","0","0","0","0","0","0","0","0","1","0","","02","5","2012","7","40.357419","-80.054897","","11","0","0","0","0","0","1","0","0","1","0","0","0","","","1","","0","","40 21:26.707","4","0","80 03:17.628","8","0","0","0","2109","0","0","0","N","0","0","0","3","02109","0","","1.0","","1","N","N","","0","","0","0","2","","0","N","","3","1","0","0","0","1","0","2","0","3","","","","N","","","","","","","","","",""
"2012031597","","1","0","0","0","0","0","0","0","0","1","0","","02","3","2012","2","40.465342","-80.074632","","11","0","0","0","0","0","0","0","0","","0","0","0","","","0","","3","","40 27:55.231","","0","80 04:28.675","0","0","0","0","2444","0","0","0","N","0","0","0","2","02444","0","","1.0","","1","N","N","","0","","0","0","1","","0","","","2","0","0","0","0","0","0","2","0","2","","","","N","","","","","","","","","",""
"2012030870","","0","0","0","0","0","0","0","0","0","7","0","","02","3","2012","6","40.346133","-79.863896","","11","0","0","0","0","0","0","0","0","","0","0","0","","","0","","1","","40 20:46.079","","0","79 51:50.025","0","0","0","0","2304","0","0","0","N","0","0","0","1","02304","0","","4.0","","1","N","N","","0","","0","0","0","","0","","","1","0","0","0","0","0","0","2","1","1","","","","N","","","","","","","","","",""
"2012047007","","2","0","0","0","0","0","0","0","0","4","0","","02","5","2012","5","40.417315","-80.005906","","11","0","0","0","0","0","0","0","0","1","0","0","0","","","1","","1","","40 25:02.334","7","0","80 00:21.261","4","0","0","0","2301","0","0","0","N","0","0","0","5","02301","1","","1.0","","1","N","N","","0","","0","0","0","","3","Y","","2","1","0","0","0","0","0","2","0","2","","","","N","","","","","","","","","",""
"2012030871","","1","0","0","0","0","0","0","0","0","7","0","","02","3","2012","7","40.406313","-80.003697","","11","0","0","0","0","0","0","0","0","","0","0","0","","","2","","2","","40 24:22.725","","0","80 00:13.309","4","0","0","0","2301","0","0","0","N","0","0","0","2","02301","2","","2.0","","9","N","N","","0","","0","0","0","","0","","","1","2","0","0","0","0","0","2","0","1","","","","N","","","","","","","","","",""
"2012044902","","1","0","0","0","0","0","0","0","0","0","0","","02","5","2012","7","40.492983","-80.022499","","11","0","0","0","0","0","0","1","0","1","0","0","0","","","0","","0","","40 29:34.740","6","0","80 01:20.996","0","0","0","0","2301","0","0","0","N","0","0","0","3","02301","0","","1.0","","1","N","N","","0","","0","0","0","","0","N","","2","0","0","0","0","0","0","2","0","1","","","","N","","","","","","","","","",""
"2012047009","","1","0","0","0","0","0","0","0","0","4","0","","02","5","2012","5","40.476482","-80.038067","","11","0","0","0","0","0","0","0","0","2","0","0","0","","","0","","0","","40 28:35.335","6","0","80 02:17.041","0","0","0","0","2301","0","0","0","N","0","0","0","1","02301","0","","1.0","","1","N","N","","0","","0","0","1","","0","Y","","2","0","0","0","0","0","0","2","0","2","","","","N","","","","","","","","","",""
"2012046868","","1","0","0","0","0","0","0","0","0","5","1","","02","5","2012","5","40.425047","-79.884114","","11","0","0","0","0","0","1","0","0","","0","1","0","","","0","","0","","40 25:30.170","","0","79 53:02.810","0","0","0","0","2463","0","0","0","N","0","0","0","1","02463","0","","1.0","","1","N","N","","0","","0","0","0","","0","","","2","0","0","0","0","0","0","2","0","2","","","","N","","","","","","","","","",""
"2012044890","","0","0","0","0","0","0","0","0","0","1","0","","02","5","2012","7","40.457399","-79.936915","","11","0","0","0","0","0","0","1","0","","0","0","0","","","1","","1","","40 27:26.636","","0","79 56:12.894","4","0","0","0","2301","0","0","0","N","0","0","0","2","02301","1","","1.0","","1","N","N","","0","","0","0","0","","0","","","2","1","0","0","0","0","0","2","2","2","","","","N","","","","","","","","","",""
"2012046238","","2","0","0","0","0","0","0","0","0","4","0","","02","5","2012","4","40.436579","-79.955532","","11","0","0","0","0","0","1","0","0","","0","0","0","","","0","","1","","40 26:11.684","","0","79 57:19.915","0","0","0","0","2301","0","0","0","N","0","0","0","2","02301","0","","1.0","","1","N","N","","0","","0","0","0","","3","","","2","0","0","0","0","0","0","2","0","2","","","","N","","","","","","","","","",""
"2012030109","","2","0","0","0","0","0","0","0","0","4","0","","02","3","2012","4","40.667308","-80.102196","","11","0","0","0","0","0","1","0","0","","0","0","0","","","1","","0","","40 40:02.308","","7","80 06:07.905","8","0","0","0","2212","0","0","0","N","0","0","0","3","02505","0","","1.0","","1","N","N","","0","","0","0","0","","0","","","2","1","0","0","0","1","0","2","0","2","","","","N","","","","","","","","","",""
"2012046744","","1","0","0","0","0","0","0","0","0","1","1","","02","5","2012","5","40.269047","-79.90151","","11","0","0","0","0","0","0","0","0","2","0","1","0","","","0","","0","","40 16:08.570","1","0","79 54:05.435","0","0","0","0","2471","0","0","0","N","0","0","0","2","02428","0","","1.0","","1","N","N","","0","","0","0","0","","0","Y","","2","0","0","0","0","0","0","2","0","2","","","","N","","","","","","","","","",""
"2012045030","","1","0","0","0","0","0","0","0","0","5","0","","02","5","2012","7","40.617151","-80.055539","","11","0","0","0","0","0","0","0","1","1","0","0","0","","","0","","2","","40 37:01.743","1","0","80 03:19.939","0","0","0","0","2216","0","0","0","N","0","0","0","2","02505","0","","1.0","","1","N","N","","0","","0","0","1","","0","Y","","2","0","0","0","0","0","0","2","0","2","","","","N","","","","","","","","","",""
"2012032361","","0","0","0","0","0","0","0","0","0","0","0","","02","3","2012","2","40.639371","-79.722063","","11","0","0","0","0","0","0","1","0","","0","0","0","","","0","","0","","40 38:21.735","","0","79 43:19.426","0","0","0","0","2106","0","0","0","N","0","0","0","1","68Z99","0","","1.0","","9","N","N","","1","","0","0","0","","0","","","1","0","0","0","0","0","0","2","0","1","","","","N","","","","","","","","","",""
"2012030875","","1","0","0","0","0","0","0","0","0","1","0","","02","3","2012","7","40.402882","-79.989707","","11","0","0","0","0","0","0","0","0","","0","0","0","","","0","","0","","40 24:10.375","","0","79 59:22.945","0","0","0","0","2301","0","0","0","N","0","0","0","2","02301","0","","4.0","","9","N","N","","1","","0","0","0","","0","","","2","0","0","0","0","0","0","2","0","2","","","","N","","","","","","","","","",""
"2012045430","","0","0","0","0","0","0","0","0","0","0","0","","02","5","2012","1","40.397498","-80.190504","","11","0","0","0","0","0","1","0","0","1","0","0","0","","","1","","0","","40 23:50.992","3","0","80 11:25.814","4","0","0","1","2214","0","0","0","N","0","0","0","1","02214","1","","1.0","","1","N","N","","0","","0","0","0","","0","N","","1","1","0","0","0","0","0","2","0","1","","","","N","","","","","","","","","",""
"2012044894","","1","0","0","0","0","0","0","0","0","1","0","","02","5","2012","3","40.383247","-79.827773","","11","0","0","0","1","0","0","0","0","2","0","0","0","","","2","","1","","40 22:59.689","2","0","79 49:39.981","8","0","0","0","2111","0","0","0","N","0","0","0","4","02111","0","","1.0","","1","N","N","","0","","0","0","1","","2","N","","2","2","1","0","0","2","0","2","0","2","","","","N","","","","","","","","","",""
"2012046242","","0","0","0","0","0","0","0","0","0","7","1","","02","5","2012","3","40.552092","-79.958691","","11","0","0","0","0","0","1","0","0","5","0","1","0","","","0","","0","","40 33:07.530","5","0","79 57:31.288","0","0","0","0","2118","0","0","0","Y","0","0","0","1","02118","0","","4.0","","9","N","N","","0","","0","0","0","","0","Y","","1","0","0","0","0","0","0","2","0","1","","","","N","","","","","","","","","",""
"2012045031","","1","0","0","0","0","0","0","0","0","4","0","","02","5","2012","5","40.537538","-80.011153","","11","0","0","0","0","1","0","0","1","2","0","0","0","","","2","","1","","40 32:15.135","1","0","80 00:40.152","4","0","0","0","2116","0","0","0","N","0","0","0","5","02116","2","","1.0","","1","N","N","","1","","0","0","1","","2","N","","3","2","0","0","0","0","0","2","0","3","","","","N","","","","","","","","","",""
"2012030877","","0","0","0","0","0","0","0","0","0","7","0","","02","3","2012","7","40.478908","-79.967316","","11","0","0","0","1","0","0","0","0","","0","0","0","","","0","","3","","40 28:44.067","","0","79 58:02.337","9","0","0","0","2118","0","0","0","N","0","0","0","2","02118","0","","5.0","","1","N","N","","0","","0","0","1","","0","","","1","0","0","0","0","0","1","2","0","1","","","","N","","","","","","","","","",""
"2012031670","","1","0","0","0","0","0","0","0","0","7","0","","02","3","2012","2","40.480017","-79.919668","","11","0","0","0","0","0","0","0","0","2","0","0","0","","","0","","0","","40 28:48.061","3","0","79 55:10.804","0","0","0","0","2301","0","0","0","N","0","0","0","2","02301","0","","5.0","","1","N","N","","0","","0","0","0","","0","N","","1","0","0","0","0","0","0","2","0","1","","","","N","","","","","","","","","",""
"2012046808","","2","0","0","0","0","0","0","0","0","7","0","","02","5","2012","3","40.442744","-79.813453","","11","0","0","0","0","0","1","0","0","","0","0","0","","","1","","0","","40 26:33.877","","0","79 48:48.430","4","0","0","0","2113","0","0","0","N","0","0","0","2","68B03","1","","2.0","","1","N","N","","0","","0","0","0","","0","","","2","1","0","0","0","0","0","2","0","2","","","","N","","","","","","","","","",""
"2012044970","","2","0","0","0","0","0","0","0","0","1","0","","02","5","2012","7","40.450259","-80.027297","","11","0","0","0","0","0","0","0","0","1","0","0","0","","","0","","7","","40 27:00.932","2","2","80 01:38.270","0","0","0","0","2301","0","0","0","N","0","0","0","3","02301","0","","1.0","","1","N","N","","0","","0","0","0","","0","N","","2","0","0","0","0","0","0","2","0","2","","","","N","","","","","","","","","",""
"2012030878","","1","0","0","0","0","0","0","0","0","7","0","","02","3","2012","7","40.453839","-79.884801","","11","0","0","0","0","0","0","0","0","","0","0","0","","","0","","0","","40 27:13.820","","0","79 53:05.283","9","0","0","0","2301","0","0","0","N","0","0","0","1","02301","0","","5.0","","9","N","N","","0","","0","0","0","","0","","","1","0","0","0","0","0","1","2","0","1","","","","N","","","","","","","","","",""
"2012031671","","1","0","0","0","0","0","0","0","0","7","0","","02","3","2012","2","40.424392","-79.885603","","11","0","0","0","0","0","0","1","0","","0","0","0","","","1","","1","","40 25:27.810","","0","79 53:08.170","3","0","0","0","2463","0","0","0","N","0","0","0","1","02463","0","","9.0","","1","N","N","","0","","1","0","0","","0","","","1","1","0","0","0","0","0","2","0","1","","","","N","","","","","","","","","",""
"2012046809","","2","0","0","0","0","0","0","0","0","1","0","","02","5","2012","4","40.429362","-79.956507","","11","0","0","0","1","0","0","0","0","","0","0","0","","","0","","0","","40 25:45.702","","0","79 57:23.425","0","0","0","0","2301","0","0","0","N","0","0","0","2","68B03","0","","1.0","","1","N","N","","0","","0","0","0","","0","","","2","0","1","0","0","0","0","2","0","2","","","","N","","","","","","","","","",""
"2012044971","","1","0","0","0","0","0","0","0","0","8","0","","02","5","2012","5","40.417719","-79.981713","","11","0","0","0","0","0","0","0","0","1","0","0","0","","","1","","0","","40 25:03.788","4","0","79 58:54.166","4","0","0","0","2301","1","0","0","N","1","0","0","3","02301","1","","1.0","","1","N","N","","0","","0","0","0","","0","N","","2","1","0","0","0","0","0","2","0","1","","","","N","","","","","","","","","",""
"2012046748","","1","0","0","0","0","0","0","0","0","1","0","","02","5","2012","3","40.657002","-79.934794","","11","0","0","0","0","0","1","0","0","","0","0","0","","","0","","2","","40 39:25.206","","0","79 56:05.259","0","0","0","0","2217","0","0","0","N","0","0","0","2","02505","0","","1.0","","1","N","N","","0","","0","0","1","","0","","","2","0","0","0","0","0","0","2","0","2","","","","N","","","","","","","","","",""
"2012044972","","2","0","0","0","0","0","0","0","0","4","0","","02","5","2012","6","40.398967","-80.103854","","11","0","0","0","0","0","0","0","2","1","0","0","0","","","2","","2","","40 23:56.282","4","2","80 06:13.874","8","0","0","0","2102","0","0","0","N","0","0","0","2","02102","0","","1.0","","1","N","N","","0","","0","0","0","","0","N","","2","2","0","0","0","2","0","2","0","2","","","","N","","","","","","","","","",""
"2012046749","","2","0","0","0","0","0","0","0","0","4","0","","02","5","2012","4","40.321148","-79.942158","","11","0","0","0","0","0","1","0","0","","0","0","0","","","2","","1","","40 19:16.133","","0","79 56:31.769","4","0","0","0","2454","0","0","0","N","0","0","0","6","02454","2","","1.0","","1","N","N","","0","","0","0","0","","2","","","2","2","0","0","0","0","0","2","0","2","","","","N","","","","","","","","","",""
"2012046877","","0","0","0","0","0","0","0","0","0","7","0","","02","5","2012","5","40.432972","-80.003669","","11","0","0","0","0","0","1","0","0","2","0","0","0","","","3","","1","","40 25:58.700","6","1","80 00:13.210","4","0","0","0","2301","0","0","0","N","0","0","0","5","02301","3","","1.0","","1","N","N","","1","","0","0","0","","3","N","","1","3","2","0","0","0","0","2","0","1","","","","N","","","","","","","","","",""
"2012046179","","1","0","0","0","0","0","0","0","0","4","0","","02","5","2012","4","40.444202","-80.028173","","11","0","0","0","0","0","0","0","0","","0","0","0","","","1","","1","","40 26:39.126","","0","80 01:41.424","8","0","0","0","2301","0","0","0","N","0","0","0","2","02301","0","","1.0","","1","N","N","","0","","0","0","0","","2","","","2","1","0","0","0","1","0","2","1","2","","","","N","","","","","","","","","",""
"2012046891","","2","0","0","0","0","0","0","0","0","4","0","","02","5","2012","5","40.458687","-79.908061","","11","0","0","0","0","0","1","0","0","2","0","0","0","","","0","","1","","40 27:31.273","3","0","79 54:29.021","0","0","0","0","2301","0","0","0","N","0","0","0","2","02301","0","","1.0","","1","N","N","","0","","0","0","0","","0","N","","2","0","0","0","0","0","0","2","0","2","","","","N","","","","","","","","","",""
"2012047018","","1","0","0","0","0","0","0","0","0","4","0","","02","5","2012","4","40.551068","-80.024502","","11","0","0","0","0","0","0","1","0","1","0","0","0","","","0","","2","","40 33:03.844","1","0","80 01:28.207","0","0","0","0","2116","0","0","0","N","0","0","0","2","02116","0","","1.0","","1","N","N","","0","","0","0","0","","2","N","","2","0","0","0","0","0","0","2","1","2","","","","N","","","","","","","","","",""
"2012044989","","1","0","0","0","0","0","0","0","0","1","0","","02","5","2012","7","40.458552","-79.995249","","11","0","0","0","1","0","0","0","0","3","0","0","0","","","4","","0","","40 27:30.787","6","7","79 59:42.896","3","0","0","0","2301","0","0","0","N","0","0","0","4","02301","1","","1.0","","1","N","N","","0","","3","0","0","","0","N","","2","4","3","0","0","0","0","2","1","2","","","","N","","","","","","","","","",""
"2012031676","","1","0","0","0","0","0","0","0","0","7","0","","02","3","2012","3","40.381516","-79.882744","","11","0","0","0","0","0","0","0","0","","0","0","0","","","1","","0","","40 22:53.456","","0","79 52:57.880","8","0","0","0","2473","0","0","0","N","0","0","0","1","02473","0","","2.0","","1","N","N","","0","","0","0","0","","0","","","1","1","1","0","0","1","0","2","0","1","","","","N","","","","","","","","","",""
"2012046251","","2","0","0","0","0","0","0","0","0","2","0","","02","5","2012","7","40.478354","-79.955678","","11","0","0","0","0","0","0","0","0","1","0","0","0","","","0","","1","","40 28:42.075","3","0","79 57:20.439","9","0","0","0","2301","0","0","0","N","0","0","0","3","02301","0","","1.0","","1","N","N","","0","","0","0","1","","2","N","","3","0","0","0","0","0","1","2","0","3","","","","N","","","","","","","","","",""
"2012044990","","2","0","0","0","0","0","0","0","0","1","0","","02","4","2012","1","40.397655","-79.923639","","11","0","0","0","0","0","0","0","0","","0","0","0","","","0","","0","","40 23:51.557","","0","79 55:25.099","0","0","0","0","2472","0","0","0","","0","0","0","1","02472","0","","6.0","","1","","","","0","","0","0","0","","0","","","2","0","0","0","0","0","0","2","0","2","","","","N","","","","","","","","","",""
"2012047392","","1","0","0","0","0","0","0","0","0","7","0","","02","5","2012","6","40.453759","-79.99917","","11","0","0","0","0","0","0","0","0","1","0","0","0","","","3","","2","","40 27:13.532","4","0","79 59:57.013","3","0","0","0","2301","0","0","0","N","0","0","0","3","02301","2","","5.0","","1","N","N","","0","","1","0","0","","3","N","","1","3","3","0","0","0","0","2","0","1","","","","N","","","","","","","","","",""
"2012045514","","2","0","0","0","0","0","0","0","0","2","0","","02","5","2012","2","40.453925","-79.894292","","11","0","0","0","1","0","1","0","0","2","0","0","0","","","0","","2","","40 27:14.130","3","0","79 53:39.451","9","0","0","0","2301","0","0","0","N","0","0","0","3","02301","0","","1.0","","1","N","N","","0","","0","0","0","","0","Y","","2","0","0","0","0","0","1","2","0","2","","","","N","","","","","","","","","",""
"2012045583","","2","0","0","0","0","0","0","0","0","4","0","","02","5","2012","2","40.590712","-79.826952","","11","0","0","0","0","0","0","0","0","2","0","0","0","","","1","","0","","40 35:26.564","5","0","79 49:37.026","4","0","0","0","2209","0","0","0","N","0","0","0","2","02209","1","","1.0","","9","N","N","","1","","0","0","0","","0","N","","3","1","0","0","0","0","0","1","0","3","","","","N","","","","","","","","","",""
"2012046755","","1","0","0","0","0","0","0","0","0","1","0","","02","4","2012","2","40.428066","-79.719707","","11","0","0","0","1","0","1","0","0","2","0","0","0","","","1","","0","","40 25:41.038","4","0","79 43:10.946","4","0","0","0","2446","0","0","0","N","0","0","0","3","02446","1","","1.0","","1","N","N","","0","","0","0","1","","0","N","","2","1","0","0","0","0","0","2","0","2","","","","N","","","","","","","","","",""
"2012046256","","2","0","0","0","0","0","0","0","0","5","0","","02","5","2012","4","40.424458","-79.79139","","11","0","0","0","0","0","1","0","0","","0","0","0","","","0","","0","","40 25:28.049","","0","79 47:29.004","9","0","0","0","2467","0","0","0","N","0","0","0","1","02467","0","","4.0","","1","N","N","","0","","0","0","0","","0","","","2","0","0","0","0","0","1","2","0","2","","","","N","","","","","","","","","",""
"2012047394","","0","0","0","0","0","0","0","0","0","8","0","","02","5","2012","6","40.388402","-80.042929","","11","0","0","0","0","0","0","1","0","","0","0","0","","","1","","2","","40 23:18.248","","0","80 02:34.545","4","0","0","0","2109","1","0","0","N","1","0","0","2","02109","1","","1.0","","1","N","N","","0","","0","0","1","","2","","","2","1","0","0","0","0","0","2","0","1","","","","N","","","","","","","","","",""
"2012046186","","0","0","0","0","0","0","0","0","0","4","0","","02","5","2012","2","40.443892","-79.76865","","11","0","0","0","0","0","1","0","1","","0","0","0","","","0","","2","","40 26:38.010","","0","79 46:07.140","0","0","0","0","2446","0","0","0","N","0","0","0","2","02446","0","","1.0","","1","N","N","","0","","0","0","2","","3","","","2","0","0","0","0","0","0","2","0","2","","","","N","","","","","","","","","",""
"2012046898","","2","0","0","0","0","0","0","0","0","4","0","","02","5","2012","1","40.431219","-80.155167","","11","0","2","0","0","0","0","0","0","2","0","0","0","","","2","","0","","40 25:52.390","3","99","80 09:18.600","4","0","0","0","2102","0","0","0","N","0","0","0","3","02501","2","","1.0","","1","N","N","","0","","0","0","0","","0","N","","2","2","1","0","0","0","0","1","0","2","","","","N","","","","","","","","","",""
"2012044919","","1","0","0","0","0","0","0","0","0","8","0","","02","5","2012","6","40.327133","-80.137147","","11","0","0","0","0","0","0","0","0","","0","0","0","","","1","","0","","40 19:37.678","","7","80 08:13.729","4","0","0","0","2119","1","0","0","N","1","0","0","2","02119","1","","9.0","","1","N","N","","0","","0","0","0","","0","","","2","1","0","0","0","0","0","2","0","1","","","","N","","","","","","","","","",""
"2012046973","","0","0","0","0","0","0","0","0","0","8","0","","02","5","2012","6","40.423739","-79.991355","","11","0","0","0","0","0","0","0","0","1","0","0","0","","","1","","0","","40 25:25.460","1","0","79 59:28.878","8","0","0","0","2301","1","0","0","N","1","0","0","2","02301","0","","1.0","","1","N","N","","0","","0","0","0","","0","Y","","2","1","0","0","0","1","0","2","1","1","","","","N","","","","","","","","","",""
"2012030123","","1","0","0","0","0","0","0","0","0","1","0","","02","3","2012","5","40.394872","-80.029374","","11","0","0","0","0","0","0","0","0","","0","0","0","","","0","","0","","40 23:41.539","","0","80 01:45.746","0","0","0","0","2301","0","0","0","N","0","0","0","1","02301","0","","4.0","","1","N","N","","0","","0","0","2","","0","","","3","0","0","0","0","0","0","2","0","3","","","","N","","","","","","","","","",""
"2012047396","","1","0","0","0","0","0","0","0","0","2","0","","02","5","2012","6","40.453625","-79.915339","","11","0","1","0","0","0","0","0","0","","0","0","0","","","0","","2","","40 27:13.050","","0","79 54:55.220","0","0","0","0","2301","0","0","0","N","0","0","0","3","02301","0","","1.0","","1","N","N","","0","","0","0","1","","2","","","2","0","0","0","0","0","0","2","0","2","","","","N","","","","","","","","","",""
"2012046188","","0","0","0","0","0","0","0","0","0","8","0","","02","5","2012","4","40.483605","-79.94985","","11","0","0","0","0","0","0","0","0","","0","0","0","","","1","","0","","40 29:00.978","","0","79 56:59.461","8","0","0","0","2301","1","0","0","N","1","0","0","2","02301","0","","5.0","","3","Y","N","","0","","0","0","0","","0","","","2","1","0","0","0","1","0","2","1","1","","","","N","","","","","","","","","",""
"2012030890","","0","0","0","0","0","0","0","0","0","7","0","","02","3","2012","6","40.358109","-79.990579","","11","0","0","1","0","0","0","0","0","","0","0","0","","","1","","0","","40 21:29.192","","0","79 59:26.084","4","0","0","0","2476","0","0","0","N","0","0","0","2","02476","1","","5.0","","1","N","N","","0","","0","0","1","","0","","","1","1","0","0","0","0","0","2","0","1","","","","N","","","","","","","","","",""
"2012031683","","1","0","0","0","0","0","0","0","0","4","1","","02","3","2012","3","40.401405","-79.780035","","11","0","0","0","0","0","0","0","0","2","0","1","0","","","1","","2","","40 24:05.059","6","0","79 46:48.125","3","0","0","0","2453","0","0","0","N","0","0","0","2","02453","0","","1.0","","1","N","N","","0","","1","0","0","","2","Y","","2","1","0","0","0","0","0","2","0","2","","","","N","","","","","","","","","",""