"CRN","ARRIVAL_TM","AUTOMOBILE_COUNT","BELTED_DEATH_COUNT","BELTED_SUSP_SERIOUS_INJ_COUNT","BICYCLE_COUNT","BICYCLE_DEATH_COUNT","BICYCLE_SUSP_SERIOUS_INJ_COUNT","BUS_COUNT","CHLDPAS_DEATH_COUNT","CHLDPAS_SUSP_SERIOUS_INJ_COUNT","COLLISION_TYPE","COMM_VEH_COUNT","CONS_ZONE_SPD_LIM","COUNTY","CRASH_MONTH","CRASH_YEAR","DAY_OF_WEEK","DEC_LATITUDE","DEC_LONGITUDE","DISPATCH_TM","DISTRICT","DRIVER_COUNT_16YR","DRIVER_COUNT_17YR","DRIVER_COUNT_18YR","DRIVER_COUNT_19YR","DRIVER_COUNT_20YR","DRIVER_COUNT_50_64YR","DRIVER_COUNT_65_74YR","DRIVER_COUNT_75PLUS","EST_HRS_CLOSED","FATAL_COUNT","HEAVY_TRUCK_COUNT","HORSE_BUGGY_COUNT","HOUR_OF_DAY","ILLUMINATION","INJURY_COUNT","INTERSECTION_RELATED","INTERSECT_TYPE","LANE_CLOSED","LATITUDE","LN_CLOSE_DIR","LOCATION_TYPE","LONGITUDE","MAX_SEVERITY_LEVEL","MCYCLE_DEATH_COUNT","MCYCLE_SUSP_SERIOUS_INJ_COUNT","MOTORCYCLE_COUNT","MUNICIPALITY","NONMOTR_COUNT","NONMOTR_DEATH_COUNT","NONMOTR_SUSP_SERIOUS_INJ_COUNT","NTFY_HIWY_MAINT","PED_COUNT","PED_DEATH_COUNT","PED_SUSP_SERIOUS_INJ_COUNT","PERSON_COUNT","POLICE_AGCY","POSSIBLE_INJ_COUNT","RDWY_SURF_TYPE_CD","RELATION_TO_ROAD","ROADWAY_CLEARED","ROAD_CONDITION","SCH_BUS_IND","SCH_ZONE_IND","SECONDARY_CRASH","SMALL_TRUCK_COUNT","SPEC_JURIS_CD","SUSP_MINOR_INJ_COUNT","SUSP_SERIOUS_INJ_COUNT","SUV_COUNT","TCD_FUNC_CD","TCD_TYPE","TFC_DETOUR_IND","TIME_OF_DAY","TOTAL_UNITS","TOT_INJ_COUNT","UNBELTED_OCC_COUNT","UNB_DEATH_COUNT","UNB_SUSP_SERIOUS_INJ_COUNT","UNK_INJ_DEG_COUNT","UNK_INJ_PER_COUNT","URBAN_RURAL","VAN_COUNT","VEHICLE_COUNT","WEATHER1","WEATHER2","WORKERS_PRES","WORK_ZONE_IND","WORK_ZONE_LOC","WORK_ZONE_TYPE","WZ_CLOSE_DETOUR","WZ_FLAGGER","WZ_LAW_OFFCR_IND","WZ_LN_CLOSURE","WZ_MOVING","WZ_OTHER","WZ_SHLDER_MDN","WZ_WORKERS_INJ_KILLED"
"2012044984","","0","0","0","0","0","0","0","0","0","4","0","","02","5","2012","7","40.507527","-79.916471","","11","0","0","1","0","0","0","0","0","","0","0","0","","","1","","0","","40 30:27.097","","0","79 54:59.296","4","0","0","0","2112","0","0","0","N","0","0","0","1","02112","1","","2.0","","1","N","N","","0","","0","0","2","","0","","","2","1","0","0","0","0","0","2","0","2","","","","N","","","","","","","","","",""
"2012044922","","1","0","0","0","0","0","0","0","0","4","0","","02","5","2012","6","40.614343","-80.091466","","11","0","0","0","0","0","0","0","0","2","0","0","0","","","1","","0","","40 36:51.636","1","7","80 05:29.276","4","0","0","0","2481","0","0","0","N","0","0","0","3","02481","1","","1.0","","1","N","N","","0","","0","0","1","","2","N","","2","1","0","0","0","0","0","2","0","2","","","","N","","","","","","","","","",""
"2012044985","","2","0","0","0","0","0","0","0","0","4","0","","02","5","2012","7","40.427356","-80.052222","","11","0","0","0","0","0","0","0","0","","0","0","0","","","0","","2","","40 25:38.483","","0","80 03:07.998","0","0","0","0","2301","0","0","0","N","0","0","0","2","02301","0","","5.0","","1","N","N","","1","","0","0","0","","0","","","3","0","0","0","0","0","0","2","0","3","","","","N","","","","","","","","","",""
"2012046761","","2","0","0","0","0","0","0","0","0","1","0","25","02","5","2012","3","40.600876","-80.048666","","11","0","0","1","0","0","0","0","0","","0","0","0","","","0","","0","","40 36:03.153","","0","80 02:55.196","0","0","0","0","2108","0","0","0","N","0","0","0","5","02108","0","","1.0","","1","N","N","","0","","0","0","1","","0","","","3","0","0","0","0","0","0","2","0","3","","","N","Y","3","1","N","N","N","Y","Y","N","Y",""
"2012047399","","2","0","0","0","0","0","0","0","0","4","0","","02","5","2012","6","40.653969","-80.082519","","11","0","0","0","0","0","1","0","0","1","0","0","0","","","0","","1","","40 39:14.289","6","0","80 04:57.069","0","0","0","0","2212","0","0","0","N","0","0","0","2","02505","0","","1.0","","1","N","N","","0","","0","0","0","","0","Y","","2","0","0","0","0","0","0","2","0","2","","","","N","","","","","","","","","",""
"2012046977","","2","0","0","0","0","0","0","0","0","2","0","","02","5","2012","4","40.416923","-80.014421","","11","0","0","0","0","0","1","0","0","1","0","0","0","","","0","","5","","40 25:00.921","1","0","80 00:51.917","0","0","0","0","2301","0","0","0","N","0","0","0","3","02301","0","","1.0","","1","N","N","","0","","0","0","1","","2","Y","","3","0","0","0","0","0","0","2","0","3","","","","N","","","","","","","","","",""
"2012046762","","1","0","0","0","0","0","0","0","0","1","0","","02","4","2012","7","40.542719","-80.205464","","11","0","0","1","0","0","0","1","0","","0","0","0","","","1","","0","","40 32:33.790","","0","80 12:19.670","8","0","0","0","2213","0","0","0","N","0","0","0","3","02213","0","","1.0","","1","N","N","","0","","0","0","1","","0","","","2","1","0","0","0","1","1","2","0","2","","","","N","","","","","","","","","",""
"2012044924","","2","0","0","0","0","0","0","0","0","2","0","","02","5","2012","7","40.366002","-79.949448","","11","0","0","0","1","0","1","0","0","","0","0","0","","","2","","2","","40 21:57.607","","0","79 56:58.013","4","0","0","0","2403","0","0","0","N","0","0","0","2","02403","1","","1.0","","1","N","N","","0","","0","0","0","","0","","","2","2","1","0","0","1","0","2","0","2","","","","N","","","","","","","","","",""
"2012046264","","1","0","0","0","0","0","0","0","0","5","1","","02","5","2012","4","40.456864","-79.998807","","11","0","0","0","0","0","1","0","0","1","0","1","0","","","1","","1","","40 27:24.711","2","0","79 59:55.706","4","0","0","0","2301","0","0","0","N","0","0","0","3","02301","1","","1.0","","1","N","N","","0","","0","0","0","","2","N","","2","1","0","0","0","0","0","2","0","2","","","","N","","","","","","","","","",""
"2012045000","","1","0","0","0","0","0","0","0","0","4","0","","02","5","2012","7","40.451779","-79.997506","","11","0","0","0","0","0","0","0","0","1","0","0","0","","","2","","0","","40 27:06.404","2","0","79 59:51.022","4","0","0","0","2301","0","0","0","N","0","0","0","2","02301","2","","1.0","","1","N","Y","","0","","0","0","1","","0","N","","2","2","0","0","0","0","0","2","0","2","","","","N","","","","","","","","","",""
"2012047401","","2","0","0","0","0","0","0","0","0","4","0","","02","5","2012","6","40.437631","-79.770056","","11","0","0","0","0","0","0","0","0","","0","0","0","","","1","","0","","40 26:15.470","","0","79 46:12.200","4","0","0","0","2446","0","0","0","N","0","0","0","6","02446","1","","1.0","","1","N","N","","0","","0","0","0","","3","","","2","1","0","0","0","0","0","2","0","2","","","","N","","","","","","","","","",""
"2012044925","","3","0","0","0","0","0","0","0","0","1","0","","02","5","2012","6","40.451628","-80.018287","","11","0","0","0","0","0","0","0","0","","0","0","0","","","0","","0","","40 27:05.860","","0","80 01:05.834","9","0","0","0","2301","0","0","0","N","0","0","0","1","02301","0","","4.0","","1","N","N","","0","","0","0","1","","0","","","4","0","0","0","0","0","1","2","0","4","","","","N","","","","","","","","","",""
"2012046278","","2","0","0","0","0","0","0","0","0","4","0","","02","5","2012","4","40.455372","-79.97635","","11","0","0","0","0","0","1","0","0","1","0","0","0","","","0","","2","","40 27:19.340","3","0","79 58:34.860","0","0","0","0","2301","0","0","0","N","0","0","0","3","02301","0","","1.0","","9","N","N","","0","","0","0","0","","3","Y","","2","0","1","0","0","0","0","2","0","2","","","","N","","","","","","","","","",""
"2012045463","","0","0","0","0","0","0","0","0","0","7","0","","02","5","2012","7","40.520938","-80.065241","","11","0","0","0","0","0","0","1","0","","0","0","0","","","0","","0","","40 31:15.378","","0","80 03:54.867","0","0","0","0","2215","0","0","0","N","0","0","0","1","68B03","0","","5.0","","1","N","N","","0","","0","0","0","","0","","","1","0","0","0","0","0","0","2","1","1","","","","N","","","","","","","","","",""
"2012046838","","0","0","0","0","0","0","0","0","0","7","2","","02","5","2012","3","40.523338","-79.818712","","11","0","0","0","0","0","1","0","0","2","0","2","0","","","2","","0","","40 31:24.015","6","0","79 49:07.363","4","0","0","0","2451","0","0","0","N","0","0","0","2","68T02","2","","3.0","","9","N","N","","0","","0","0","0","","0","N","","2","2","0","0","0","0","0","2","0","2","","","","N","","","","","","","","","",""
"2012046966","","1","0","0","0","0","0","0","0","0","7","0","","02","5","2012","5","40.662635","-79.835796","","11","0","0","0","0","0","0","0","0","","0","0","0","","","0","","0","","40 39:45.485","","0","79 50:08.866","9","0","0","0","2220","0","0","0","","0","0","0","1","02220","0","","2.0","","9","","","","0","","0","0","0","","0","","","1","0","0","0","0","0","1","1","0","1","","","","N","","","","","","","","","",""
"2012046980","","2","0","0","0","0","0","0","0","0","1","0","","02","5","2012","5","40.446193","-79.827919","","11","0","0","1","0","0","0","1","0","","0","0","0","","","0","","1","","40 26:46.296","","0","79 49:40.507","9","0","0","0","2113","0","0","0","N","0","0","0","3","02113","0","","1.0","","1","N","N","","0","","0","0","0","","2","","","2","0","0","0","0","0","1","2","0","2","","","","N","","","","","","","","","",""
"2012045002","","2","0","0","0","0","0","0","0","0","1","0","","02","5","2012","7","40.381154","-79.811838","","11","0","0","0","0","0","2","0","0","","0","0","0","","","1","","1","","40 22:52.153","","0","79 48:42.618","4","0","0","0","2424","0","0","0","N","0","0","0","2","02424","1","","1.0","","1","N","N","","0","","0","0","0","","2","","","2","1","0","0","0","0","0","2","0","2","","","","N","","","","","","","","","",""
"2012030131","","2","0","0","0","0","0","0","0","0","6","0","","02","3","2012","4","40.369488","-80.032847","","11","0","0","0","0","0","0","0","0","","0","0","0","","","3","","0","","40 22:10.157","","0","80 01:58.248","4","0","0","0","2416","0","0","0","N","0","0","0","3","02416","3","","1.0","","1","N","N","","0","","0","0","0","","0","","","2","3","0","0","0","0","0","2","0","2","","","","N","","","","","","","","","",""
"2012046268","","1","0","0","0","0","0","0","0","0","2","0","","02","5","2012","1","40.464607","-79.94001","","11","0","0","0","0","0","0","0","0","","0","0","0","","","0","","1","","40 27:52.585","","0","79 56:24.036","0","0","0","0","2301","0","0","0","N","0","0","0","4","02301","0","","1.0","","1","N","N","","0","","0","0","1","","3","","","2","0","0","0","0","0","0","2","0","2","","","","N","","","","","","","","","",""
"2012045003","","1","0","0","0","0","0","0","0","0","7","0","","02","3","2012","7","40.504996","-79.949778","","11","0","0","0","0","0","0","0","0","","0","0","0","","","1","","0","","40 30:17.987","","0","79 56:59.200","3","0","0","0","2430","0","0","0","N","0","0","0","1","02430","0","","2.0","","1","N","N","","0","","1","0","0","","0","","","1","1","0","0","0","0","0","2","0","1","","","","N","","","","","","","","","",""
"2012031625","","1","0","0","0","0","0","0","0","0","1","0","","02","3","2012","2","40.484681","-79.785601","","11","0","0","0","1","0","0","0","0","","0","0","0","","","0","","0","","40 29:04.851","","0","79 47:08.163","0","0","0","0","2113","0","0","0","N","0","0","0","1","02113","0","","1.0","","1","N","N","","0","","0","0","1","","0","","","2","0","0","0","0","0","0","2","0","2","","","","N","","","","","","","","","",""
"2012046841","","1","0","0","0","0","0","0","0","0","1","1","","02","5","2012","4","40.411274","-79.726778","","11","0","0","0","0","0","0","0","0","","0","1","0","","","0","","0","","40 24:40.585","","0","79 43:36.402","0","0","0","0","2446","0","0","0","N","0","0","0","3","68T09","0","","1.0","","9","N","N","","0","","0","0","0","","0","","","2","0","0","0","0","0","0","2","0","2","","","","N","","","","","","","","","",""
"2012045529","","0","0","0","0","0","0","0","0","0","1","0","","02","5","2012","2","40.351338","-79.988451","","11","0","1","0","0","0","0","0","0","","0","0","0","","","0","","2","","40 21:04.816","","0","79 59:18.423","0","0","0","0","2476","0","0","0","N","0","0","0","2","02476","0","","1.0","","1","N","N","","2","","0","0","0","","0","","","2","0","0","0","0","0","0","2","0","2","","","","N","","","","","","","","","",""
"2012046270","","1","0","0","0","0","0","0","0","0","7","0","","02","5","2012","2","40.618212","-80.055624","","11","0","0","1","0","0","0","0","0","","0","0","0","","","0","","1","","40 37:05.564","","0","80 03:20.247","0","0","0","0","2216","0","0","0","N","0","0","0","1","02505","0","","5.0","","9","N","N","","0","","0","0","0","","2","","","1","0","0","0","0","0","0","1","0","1","","","","N","","","","","","","","","",""
"2012046984","","3","0","0","0","0","0","0","0","0","5","0","","02","5","2012","6","40.466006","-79.9206","","11","0","0","0","0","0","0","0","0","","0","0","0","","","0","","0","","40 27:57.621","","0","79 55:14.161","0","0","0","0","2301","0","0","0","N","0","0","0","1","02301","0","","4.0","","1","N","N","","0","","0","0","0","","0","","","4","0","0","0","0","0","0","2","1","4","","","","N","","","","","","","","","",""
"2012046843","","1","0","0","0","0","0","1","0","0","1","1","","02","5","2012","5","40.435701","-79.871429","","11","0","0","0","0","0","1","0","0","1","0","0","0","","","0","","1","","40 26:08.523","3","0","79 52:17.146","0","0","0","0","2478","0","0","0","N","0","0","0","2","02503","0","","1.0","","1","N","N","","0","","0","0","0","","2","N","","2","0","0","0","0","0","0","2","0","2","","","","N","","","","","","","","","",""
"2012045531","","1","0","0","0","0","0","0","0","0","1","0","","02","5","2012","2","40.36525","-80.048271","","11","0","0","0","0","0","1","1","0","","0","0","0","","","1","","0","","40 21:54.899","","0","80 02:53.775","4","0","0","0","2109","0","0","0","N","0","0","0","2","02109","1","","1.0","","1","N","N","","0","","0","0","1","","0","","","2","1","0","0","0","0","0","2","0","2","","","","N","","","","","","","","","",""
"2012044931","","2","0","0","0","0","0","0","0","0","1","0","","02","5","2012","7","40.328856","-79.945063","","11","0","0","0","0","1","1","0","0","1","0","0","0","","","0","","0","","40 19:43.882","2","0","79 56:42.226","0","0","0","0","2454","0","0","0","N","0","0","0","4","02454","0","","1.0","","1","N","N","","1","","0","0","0","","0","N","","3","0","0","0","0","0","0","2","0","3","","","","N","","","","","","","","","",""
"2012046986","","1","0","0","0","0","0","0","0","0","4","0","","02","5","2012","5","40.36172","-80.093124","","11","0","0","0","0","0","0","0","0","","0","0","0","","","0","","0","","40 21:42.192","","0","80 05:35.246","0","0","0","0","2123","0","0","0","N","0","0","0","4","02123","0","","1.0","","1","N","N","","1","","0","0","0","","0","","","2","0","0","0","0","0","0","2","0","2","","","","N","","","","","","","","","",""
"2012045469","","1","0","0","0","0","0","0","0","0","0","0","","02","5","2012","4","40.649704","-79.72293","","11","0","0","0","0","0","0","0","0","1","0","0","0","","","0","","0","","40 38:58.936","1","0","79 43:22.548","0","0","0","0","2106","0","0","0","N","0","0","0","1","68D02","0","","1.0","","1","N","N","","0","","0","0","0","","0","N","","1","0","0","0","0","0","0","2","0","1","","","","N","","","","","","","","","",""
"2012045008","","1","0","0","0","0","0","0","0","0","7","0","","02","5","2012","7","40.506483","-79.891445","","11","0","0","1","0","0","0","0","0","","0","0","0","","","1","","0","","40 30:23.337","","0","79 53:29.201","3","0","0","0","2432","0","0","0","N","0","0","0","1","02432","0","","5.0","","1","N","N","","0","","1","0","0","","0","","","1","1","0","0","0","0","0","2","0","1","","","","N","","","","","","","","","",""
"2012045678","","1","0","0","0","0","0","0","0","0","99","0","55","02","5","2012","2","40.625782","-79.983024","","11","0","0","0","0","0","1","0","0","","0","0","0","","","1","","0","","40 37:32.814","","0","79 58:58.888","4","0","0","0","2217","0","0","0","N","0","0","0","1","68T02","1","","1.0","","1","N","N","","0","","0","0","0","","8","","","1","1","0","0","0","0","0","1","0","1","","","N","Y","8","1","N","N","N","N","N","Y","N",""
"2012046846","","1","0","0","0","0","0","0","0","0","4","0","","02","5","2012","5","40.24087","-79.86011","","11","0","0","0","1","0","0","1","0","3","0","0","0","","","2","","1","","40 14:27.133","6","0","79 51:36.396","8","0","0","0","2105","0","0","0","N","0","0","0","2","02105","0","","1.0","","1","Y","N","","0","","0","0","0","","3","Y","","2","2","0","0","0","2","0","1","1","2","","","","N","","","","","","","","","",""
"2012045009","","2","0","0","0","0","0","0","0","0","2","0","","02","5","2012","7","40.460675","-79.844601","","11","0","0","0","0","0","0","0","0","2","0","0","0","","","3","","0","","40 27:38.431","6","0","79 50:40.565","2","0","0","0","2113","0","0","0","N","0","0","0","4","02113","0","","1.0","","1","N","N","","0","","0","1","0","","0","Y","","2","3","4","0","1","2","0","2","0","2","","","","N","","","","","","","","","",""
"2012046847","","1","0","0","1","0","0","0","0","0","8","0","","02","5","2012","5","40.430455","-79.856523","","11","0","0","0","1","0","0","0","0","1","0","0","0","","","1","","2","","40 25:49.638","4","0","79 51:23.482","8","0","0","0","2431","1","0","0","N","0","0","0","3","02431","0","","1.0","","1","N","N","","0","","0","0","0","","0","Y","","2","1","0","0","0","1","0","2","0","1","","","","N","","","","","","","","","",""
"2012046203","","1","0","0","0","0","0","0","0","0","1","0","","02","5","2012","6","40.611807","-80.099839","","11","0","0","0","0","0","0","0","0","1","0","0","0","","","1","","0","","40 36:42.504","1","7","80 05:59.419","4","0","0","0","2481","0","0","0","N","0","0","0","2","02481","1","","1.0","","1","N","N","","0","","0","0","1","","0","N","","2","1","0","0","0","0","0","2","0","2","","","","N","","","","","","","","","",""
"2012031646","","1","0","0","0","0","0","0","0","0","0","0","","02","3","2012","3","40.606921","-79.93417","","11","1","0","0","0","0","0","0","0","","0","0","0","","","1","","2","","40 36:24.915","","0","79 56:03.012","4","0","0","0","2207","0","0","0","N","0","0","0","3","02207","1","","5.0","","1","N","N","","0","","0","0","0","","0","","","1","1","0","0","0","0","0","2","0","1","","","","N","","","","","","","","","",""
"2012044870","","2","0","0","0","0","0","0","0","0","4","0","","02","5","2012","6","40.393024","-80.063374","","11","0","0","0","0","0","1","0","0","","0","0","0","","","0","","10","","40 23:34.886","","0","80 03:48.148","0","0","0","0","2117","0","0","0","N","0","0","0","2","02117","0","","1.0","","1","N","N","","0","","0","0","0","","0","","","2","0","0","0","0","0","0","2","0","2","","","","N","","","","","","","","","",""
"2012045535","","1","0","0","0","0","0","0","0","0","2","0","","02","5","2012","2","40.521631","-80.033943","","11","0","0","0","0","0","1","0","1","","0","0","0","","","0","","1","","40 31:17.870","","0","80 02:02.195","0","0","0","0","2474","0","0","0","N","0","0","0","2","02474","0","","1.0","","1","N","N","","0","","0","0","0","","2","","","2","0","0","0","0","0","0","2","1","2","","","","N","","","","","","","","","",""
"2012044935","","1","0","0","0","0","0","0","0","0","7","0","","02","5","2012","6","40.437112","-79.972681","","11","0","0","0","0","0","1","0","0","3","0","0","0","","","0","","2","","40 26:13.602","3","2","79 58:21.653","9","0","0","0","2301","0","0","0","N","0","0","0","1","02301","0","","5.0","","1","N","N","","0","","0","0","0","","2","N","","1","0","0","0","0","0","1","2","0","1","","","","N","","","","","","","","","",""
"2012045603","","1","0","0","0","0","0","0","0","0","1","0","","02","2","2012","1","40.432616","-80.140328","","11","0","0","0","1","0","0","0","0","","0","0","0","","","1","","0","","40 25:57.417","","0","80 08:25.181","4","0","0","0","2115","0","0","0","N","0","0","0","7","68B03","1","","1.0","","1","N","N","","1","","0","0","0","","0","","","2","1","0","0","0","0","0","2","0","2","","","","N","","","","","","","","","",""
"2012031647","","0","0","0","0","0","0","0","0","0","1","0","","02","3","2012","6","40.392563","-79.934199","","11","0","0","0","0","0","1","0","0","2","0","0","0","","","2","","0","","40 23:33.227","4","0","79 56:03.115","4","0","0","0","2472","0","0","0","N","0","0","0","2","02472","1","","1.0","","1","N","N","","1","","0","0","1","","7","N","","2","2","0","0","0","1","0","2","0","2","","","","N","","","","","","","","","",""
"2012045461","","1","0","0","0","0","0","0","0","0","7","0","","02","5","2012","6","40.425023","-80.120327","","11","1","0","0","0","0","0","0","0","","0","0","0","","","0","","0","","40 25:30.081","","0","80 07:13.176","0","0","0","0","2102","0","0","0","N","0","0","0","2","68B03","0","","4.0","","1","N","N","","0","","0","0","0","","0","","","1","0","1","0","0","0","0","2","0","1","","","","N","","","","","","","","","",""
"2012045604","","2","0","0","0","0","0","0","0","0","1","0","","02","4","2012","2","40.431105","-80.025703","","11","0","0","0","0","1","0","0","0","","0","0","0","","","0","","0","","40 25:51.978","","0","80 01:32.531","0","0","0","0","2301","0","0","0","N","0","0","0","4","68B03","0","","1.0","","9","N","N","","1","","0","0","0","","0","","","3","0","0","0","0","0","0","2","0","3","","","","N","","","","","","","","","",""
"2012030857","","0","0","0","0","0","0","0","0","0","7","0","","02","3","2012","6","40.40745","-79.914142","","11","0","0","1","0","0","0","0","0","","0","0","0","","","0","","1","","40 24:26.820","","3","79 54:50.910","0","0","0","0","2438","0","0","0","N","0","0","0","3","02438","0","","1.0","","1","N","N","","0","","0","0","1","","2","","","1","0","2","0","0","0","0","2","0","1","","","","N","","","","","","","","","",""
"2012045462","","3","0","0","0","0","0","0","0","0","1","0","","02","5","2012","6","40.421034","-80.043285","","11","0","0","0","0","0","0","0","1","","0","0","0","","","0","","0","","40 25:15.721","","0","80 02:35.827","0","0","0","0","2435","0","0","0","N","0","0","0","4","68B03","0","","1.0","","1","N","N","","0","","0","0","0","","4","","","3","0","0","0","0","0","0","2","0","3","","","","N","","","","","","","","","",""
"2012045013","","0","0","0","0","0","0","0","0","0","7","0","","02","5","2012","1","40.386977","-79.894679","","11","0","0","0","0","0","0","0","0","1","0","0","0","","","0","","0","","40 23:13.117","1","0","79 53:40.845","0","0","0","0","2448","0","0","0","","0","0","0","1","02448","0","","2.0","","1","","","","0","","0","0","1","","0","N","","1","0","0","0","0","0","0","2","0","1","","","","N","","","","","","","","","",""
"2012044938","","2","0","0","0","0","0","0","0","0","6","0","","02","5","2012","7","40.442136","-79.923524","","11","0","0","0","0","0","2","0","0","1","0","0","0","","","1","","2","","40 26:31.689","2","0","79 55:24.686","4","0","0","0","2301","0","0","0","N","0","0","0","3","02301","1","","1.0","","1","N","N","","0","","0","0","0","","3","N","","2","1","0","0","0","0","0","2","0","2","","","","N","","","","","","","","","",""
"2012046220","","2","0","0","0","0","0","0","0","0","4","0","","02","5","2012","6","40.537522","-80.011307","","11","0","0","0","0","0","1","0","0","3","0","0","0","","","3","","1","","40 32:15.080","2","0","80 00:40.705","3","0","0","0","2116","0","0","0","N","0","0","0","3","02116","1","","1.0","","1","N","N","","0","","1","0","0","","2","N","","2","3","1","0","0","1","0","2","0","2","","","","N","","","","","","","","","",""
"2012045686","","1","0","0","0","0","0","0","0","0","7","0","","02","5","2012","3","40.341675","-79.953911","","11","0","0","0","0","0","0","0","0","2","0","0","0","","","0","","0","","40 20:30.030","2","0","79 57:14.080","0","0","0","0","2473","0","0","0","N","0","0","0","1","02473","0","","5.0","","9","N","N","","0","","0","0","0","","0","N","","1","0","0","0","0","0","0","2","0","1","","","","N","","","","","","","","","",""
"2012031639","","1","0","0","0","0","0","0","0","0","1","0","","02","3","2012","2","40.408107","-80.032822","","11","0","0","0","0","0","1","0","0","","0","0","0","","","2","","0","","40 24:29.186","","0","80 01:58.158","8","0","0","0","2301","0","0","0","N","0","0","0","4","02301","0","","1.0","","1","N","N","","1","","0","0","0","","0","","","2","2","0","0","0","2","2","2","0","2","","","","N","","","","","","","","","",""
"2012032480","","2","0","0","0","0","0","0","0","0","6","0","","02","3","2012","5","40.456486","-79.957608","","11","0","0","0","0","0","1","0","1","","0","0","0","","","1","","0","","40 27:23.348","","0","79 57:27.387","4","0","0","0","2301","0","0","0","N","0","0","0","3","02301","1","","1.0","","1","N","N","","0","","0","0","0","","0","","","2","1","0","0","0","0","0","2","0","2","","","","N","","","","","","","","","",""
"2012031095","","0","0","0","0","0","0","0","0","0","7","0","","02","3","2012","7","40.443683","-79.795226","","11","0","0","0","0","0","0","0","0","1","0","0","0","","","2","","0","","40 26:37.259","3","0","79 47:42.814","4","0","0","0","2446","0","0","0","N","0","0","0","2","02446","2","","2.0","","1","N","N","","0","","0","0","1","","0","Y","","1","2","0","0","0","0","0","2","0","1","","","","N","","","","","","","","","",""
"2012032481","","0","0","0","0","0","0","0","0","0","7","0","","02","3","2012","6","40.373071","-80.099344","","11","0","0","0","0","0","0","0","0","","0","0","0","","","0","","1","","40 22:23.054","","2","80 05:57.638","0","0","0","0","2102","0","0","0","N","0","0","0","1","02102","0","","4.0","","1","N","N","","0","","0","0","0","","2","","","1","0","1","0","0","0","0","2","1","1","","","","N","","","","","","","","","",""
"2012032019","","1","0","0","0","0","0","0","0","0","7","0","","02","3","2012","4","40.444449","-79.995637","","11","0","0","0","0","0","0","0","0","","0","0","0","","","0","","2","","40 26:40.016","","99","79 59:44.293","0","0","0","0","2301","0","0","0","N","0","0","0","1","02301","0","","5.0","","1","N","N","","0","","0","0","0","","1","","","1","0","0","0","0","0","0","2","0","1","","","","N","","","","","","","","","",""
"2012030478","","2","0","0","0","0","0","0","0","0","4","0","","02","3","2012","5","40.445679","-79.994173","","11","0","0","0","0","0","0","0","1","","0","0","0","","","0","","2","","40 26:44.444","","0","79 59:39.022","0","0","0","0","2301","0","0","0","N","0","0","0","2","02301","0","","1.0","","1","N","N","","0","","0","0","0","","2","","","2","0","1","0","0","0","0","2","0","2","","","","N","","","","","","","","","",""
"2012030225","","0","0","0","0","0","0","0","0","0","1","0","","02","3","2012","4","40.518046","-79.952887","","11","0","0","0","0","0","2","0","0","1","0","0","0","","","1","","0","","40 31:04.965","1","0","79 57:10.394","8","0","0","0","2118","0","0","0","N","0","0","0","6","02118","0","","1.0","","1","N","N","","4","","0","0","1","","0","Y","","5","1","1","0","0","1","0","2","0","5","","","","N","","","","","","","","","",""
"2012030238","","1","0","0","0","0","0","0","0","0","7","0","","02","3","2012","5","40.39623","-79.979078","","11","0","0","0","0","0","0","0","0","1","0","0","0","","","2","","0","","40 23:46.427","2","0","79 58:44.682","4","0","0","0","2301","0","0","0","N","0","0","0","2","02301","2","","2.0","","1","N","N","","0","","0","0","0","","0","N","","1","2","2","0","0","0","0","2","0","1","","","","N","","","","","","","","","",""
"2012030467","","1","0","0","0","0","0","0","0","0","7","0","","02","3","2012","4","40.520366","-79.822773","","11","0","0","0","1","0","0","0","0","","0","0","0","","","0","","2","","40 31:13.317","","0","79 49:21.982","0","0","0","0","2451","0","0","0","N","0","0","0","2","02451","0","","5.0","","1","N","N","","0","","0","0","0","","3","","","1","0","0","0","0","0","0","2","0","1","","","","N","","","","","","","","","",""
"2012031223","","2","0","0","0","0","0","0","0","0","2","0","","02","3","2012","1","40.460957","-80.07332","","11","0","0","0","0","0","0","1","0","1","0","0","0","","","3","","0","","40 27:39.445","6","0","80 04:23.951","8","0","0","0","2301","0","0","0","N","0","0","0","3","02301","0","","1.0","","1","N","N","","0","","0","0","0","","0","Y","","2","3","0","0","0","3","0","2","0","2","","","","N","","","","","","","","","",""
"2012030990","","1","0","0","0","0","0","0","0","0","4","0","","02","3","2012","6","40.545401","-80.030581","","11","0","0","0","0","0","1","1","0","","0","0","0","","","0","","0","","40 32:43.443","","7","80 01:50.091","0","0","0","0","2116","0","0","0","N","0","0","0","2","02116","0","","1.0","","1","N","N","","0","","0","0","1","","0","","","2","0","0","0","0","0","0","2","0","2","","","","N","","","","","","","","","",""
"2012031226","","1","0","0","0","0","0","0","0","0","7","0","","02","3","2012","1","40.396714","-79.978688","","11","0","0","0","0","0","0","0","0","2","0","0","0","","","0","","3","","40 23:48.170","5","0","79 58:43.276","0","0","0","0","2301","0","0","0","N","0","0","0","1","02301","0","","5.0","","1","N","N","","0","","0","0","0","","0","Y","","1","0","1","0","0","0","0","2","0","1","","","","N","","","","","","","","","",""
"2012030482","","1","0","0","0","0","0","0","0","0","4","0","","02","3","2012","2","40.395496","-79.882931","","11","0","0","0","0","0","0","0","0","","0","0","0","","","1","","0","","40 23:43.786","","0","79 52:58.553","4","0","0","0","2473","0","0","0","N","0","0","0","1","02473","1","","2.0","","1","N","N","","0","","0","0","1","","0","","","2","1","1","0","0","0","0","2","0","2","","","","N","","","","","","","","","",""