"CRN","ARRIVAL_TM","AUTOMOBILE_COUNT","BELTED_DEATH_COUNT","BELTED_SUSP_SERIOUS_INJ_COUNT","BICYCLE_COUNT","BICYCLE_DEATH_COUNT","BICYCLE_SUSP_SERIOUS_INJ_COUNT","BUS_COUNT","CHLDPAS_DEATH_COUNT","CHLDPAS_SUSP_SERIOUS_INJ_COUNT","COLLISION_TYPE","COMM_VEH_COUNT","CONS_ZONE_SPD_LIM","COUNTY","CRASH_MONTH","CRASH_YEAR","DAY_OF_WEEK","DEC_LATITUDE","DEC_LONGITUDE","DISPATCH_TM","DISTRICT","DRIVER_COUNT_16YR","DRIVER_COUNT_17YR","DRIVER_COUNT_18YR","DRIVER_COUNT_19YR","DRIVER_COUNT_20YR","DRIVER_COUNT_50_64YR","DRIVER_COUNT_65_74YR","DRIVER_COUNT_75PLUS","EST_HRS_CLOSED","FATAL_COUNT","HEAVY_TRUCK_COUNT","HORSE_BUGGY_COUNT","HOUR_OF_DAY","ILLUMINATION","INJURY_COUNT","INTERSECTION_RELATED","INTERSECT_TYPE","LANE_CLOSED","LATITUDE","LN_CLOSE_DIR","LOCATION_TYPE","LONGITUDE","MAX_SEVERITY_LEVEL","MCYCLE_DEATH_COUNT","MCYCLE_SUSP_SERIOUS_INJ_COUNT","MOTORCYCLE_COUNT","MUNICIPALITY","NONMOTR_COUNT","NONMOTR_DEATH_COUNT","NONMOTR_SUSP_SERIOUS_INJ_COUNT","NTFY_HIWY_MAINT","PED_COUNT","PED_DEATH_COUNT","PED_SUSP_SERIOUS_INJ_COUNT","PERSON_COUNT","POLICE_AGCY","POSSIBLE_INJ_COUNT","RDWY_SURF_TYPE_CD","RELATION_TO_ROAD","ROADWAY_CLEARED","ROAD_CONDITION","SCH_BUS_IND","SCH_ZONE_IND","SECONDARY_CRASH","SMALL_TRUCK_COUNT","SPEC_JURIS_CD","SUSP_MINOR_INJ_COUNT","SUSP_SERIOUS_INJ_COUNT","SUV_COUNT","TCD_FUNC_CD","TCD_TYPE","TFC_DETOUR_IND","TIME_OF_DAY","TOTAL_UNITS","TOT_INJ_COUNT","UNBELTED_OCC_COUNT","UNB_DEATH_COUNT","UNB_SUSP_SERIOUS_INJ_COUNT","UNK_INJ_DEG_COUNT","UNK_INJ_PER_COUNT","URBAN_RURAL","VAN_COUNT","VEHICLE_COUNT","WEATHER1","WEATHER2","WORKERS_PRES","WORK_ZONE_IND","WORK_ZONE_LOC","WORK_ZONE_TYPE","WZ_CLOSE_DETOUR","WZ_FLAGGER","WZ_LAW_OFFCR_IND","WZ_LN_CLOSURE","WZ_MOVING","WZ_OTHER","WZ_SHLDER_MDN","WZ_WORKERS_INJ_KILLED"
"2012030200","","2","0","0","0","0","0","0","0","0","5","0","","02","3","2012","5","40.451842","-80.041603","","11","0","0","0","0","0","0","0","0","2","0","0","0","","","0","","0","","40 27:06.630","1","0","80 02:29.770","0","0","0","0","2301","0","0","0","N","0","0","0","1","02301","0","","1.0","","1","N","N","","0","","0","0","1","","0","N","","3","0","1","0","0","0","0","2","0","3","","","","N","","","","","","","","","",""
"2012031127","","0","0","0","0","0","0","0","0","0","0","0","","02","3","2012","2","40.584844","-79.80298","","11","0","0","0","0","0","0","0","0","2","0","0","0","","","0","","0","","40 35:05.439","6","0","79 48:10.728","0","0","0","1","2206","0","0","0","N","0","0","0","1","02206","0","","1.0","","9","N","N","","0","","0","0","0","","0","Y","","1","0","0","0","0","0","0","1","0","1","","","","N","","","","","","","","","",""
"2012031699","","1","0","0","0","0","0","0","0","0","7","0","","02","3","2012","5","40.51723","-80.128448","","11","0","0","0","0","0","0","0","0","2","0","0","0","","","1","","0","","40 31:02.029","2","0","80 07:42.412","3","0","0","0","2434","0","0","0","N","0","0","0","1","68B03","0","","3.0","","9","N","N","","0","","1","0","0","","0","N","","1","1","1","0","0","0","0","2","0","1","","","","N","","","","","","","","","",""
"2012029745","","0","0","0","0","0","0","0","0","0","1","0","","02","3","2012","3","40.414755","-80.045027","","11","0","0","0","0","0","0","0","0","2","0","0","0","","","3","","0","","40 24:53.119","1","0","80 02:42.096","8","0","0","0","2435","0","0","0","N","0","0","0","3","02435","0","","1.0","","1","N","N","","1","","0","0","0","","0","N","","2","3","0","0","0","3","0","2","1","2","","","","N","","","","","","","","","",""
"2012031700","","3","0","0","0","0","0","0","0","0","1","0","","02","3","2012","7","40.425603","-79.904337","","11","0","0","0","1","0","1","0","0","1","0","0","0","","","0","","0","","40 25:32.169","3","4","79 54:15.613","0","0","0","0","2301","0","0","0","N","0","0","0","7","68B03","0","","1.0","","1","N","N","","1","","0","0","2","","0","N","","6","0","0","0","0","0","0","2","0","6","","","","N","","","","","","","","","",""
"2012031129","","1","0","0","0","0","0","0","0","0","7","0","","02","3","2012","1","40.441421","-80.008812","","11","0","0","0","0","0","0","0","0","2","0","0","0","","","1","","7","","40 26:29.114","1","8","80 00:31.723","2","0","0","0","2301","0","0","0","N","0","0","0","1","02301","0","","4.0","","1","N","N","","0","","0","1","0","","0","Y","","1","1","1","0","1","0","0","2","0","1","","","","N","","","","","","","","","",""
"2012031701","","4","0","0","0","0","0","0","0","0","1","0","","02","3","2012","3","40.463659","-79.999526","","11","0","0","0","0","0","0","0","0","2","0","0","0","","","1","","0","","40 27:49.173","1","0","79 59:58.292","4","0","0","0","2301","0","0","0","N","0","0","0","4","68B03","1","","1.0","","1","N","N","","0","","0","0","0","","0","N","","4","1","0","0","0","0","0","2","0","4","","","","N","","","","","","","","","",""
"2012031702","","2","0","0","0","0","0","0","0","0","5","0","","02","3","2012","5","40.549836","-80.086525","","11","0","0","0","0","0","0","1","0","3","0","0","0","","","0","","0","","40 32:59.408","2","0","80 05:11.490","0","0","0","0","2215","0","0","0","N","0","0","0","2","68B03","0","","1.0","","1","N","N","","0","","0","0","0","","0","N","","2","0","0","0","0","0","0","2","0","2","","","","N","","","","","","","","","",""
"2012031040","","0","0","0","0","0","0","0","0","0","4","0","","02","3","2012","5","40.362872","-79.876194","","11","0","0","0","0","0","0","1","0","2","0","0","0","","","1","","0","","40 21:46.340","6","7","79 52:34.300","2","0","1","1","2473","0","0","0","N","0","0","0","2","02473","0","","1.0","","1","N","N","","1","","0","1","0","","0","Y","","2","1","0","0","0","0","0","2","0","2","","","","N","","","","","","","","","",""
"2012031132","","0","0","0","0","0","0","0","0","0","7","0","","02","3","2012","6","40.438956","-80.072949","","11","0","0","0","0","0","0","0","0","","0","0","0","","","1","","0","","40 26:20.241","","0","80 04:22.618","4","0","0","0","2421","0","0","0","N","0","0","0","1","02421","1","","5.0","","1","N","N","","0","","0","0","1","","0","","","1","1","0","0","0","0","0","2","0","1","","","","N","","","","","","","","","",""
"2012031703","","0","0","0","0","0","0","0","0","0","0","0","","02","3","2012","7","40.534226","-80.073649","","11","0","0","0","0","0","1","0","0","","0","0","0","","","0","","0","","40 32:03.215","","0","80 04:25.138","0","0","0","0","2215","0","0","0","N","0","0","0","1","68B03","0","","1.0","","1","N","N","","0","","0","0","1","","0","","","1","0","0","0","0","0","0","2","0","1","","","","N","","","","","","","","","",""
"2012031041","","0","0","0","0","0","0","0","0","0","1","0","","02","3","2012","1","40.410966","-80.006048","","11","0","0","0","0","0","1","1","0","","0","0","0","","","1","","1","","40 24:39.476","","0","80 00:21.772","3","0","0","0","2301","0","0","0","N","0","0","0","2","02301","0","","1.0","","1","N","N","","0","","1","0","1","","0","","","2","1","0","0","0","0","0","2","1","2","","","","N","","","","","","","","","",""
"2012031145","","1","0","0","0","0","0","0","0","0","5","1","","02","3","2012","3","40.650968","-80.094115","","11","0","0","0","0","0","0","0","0","2","0","1","0","","","0","","0","","40 39:03.486","1","0","80 05:38.814","0","0","0","0","2212","0","0","0","N","0","0","0","2","68B03","0","","1.0","","1","N","N","","0","","0","0","0","","0","N","","2","0","0","0","0","0","0","2","0","2","","","","N","","","","","","","","","",""
"2012031704","","1","0","0","0","0","0","0","0","0","1","0","","02","3","2012","4","40.48391","-80.008139","","11","0","0","0","0","0","0","0","0","","0","0","0","","","1","","0","","40 29:02.076","","0","80 00:29.301","4","0","0","0","2301","0","0","0","N","0","0","0","2","68B03","1","","1.0","","1","N","N","","0","","0","0","1","","0","","","2","1","0","0","0","0","0","2","0","2","","","","N","","","","","","","","","",""
"2012031146","","0","0","0","0","0","0","0","0","0","1","0","","02","3","2012","5","40.420516","-80.039151","","11","0","0","0","0","1","0","0","0","","0","0","0","","","1","","0","","40 25:13.856","","0","80 02:20.942","4","0","0","0","2301","0","0","0","N","0","0","0","4","68B03","1","","1.0","","1","N","N","","0","","0","0","2","","0","","","2","1","0","0","0","0","0","2","0","2","","","","N","","","","","","","","","",""
"2012031705","","1","0","0","0","0","0","0","0","0","1","0","","02","3","2012","5","40.425956","-79.897683","","11","0","0","0","0","0","1","0","0","","0","0","0","","","0","","0","","40 25:33.443","","0","79 53:51.660","0","0","0","0","2301","0","0","0","N","0","0","0","2","68B03","0","","1.0","","1","N","N","","0","","0","0","1","","0","","","2","0","0","0","0","0","0","2","0","2","","","","N","","","","","","","","","",""
"2012031147","","1","0","0","0","0","0","0","0","0","1","0","","02","3","2012","6","40.4159","-80.059367","","11","0","0","0","0","0","0","1","0","2","0","0","0","","","2","","0","","40 24:57.241","3","0","80 03:33.720","4","0","0","0","2435","0","0","0","N","0","0","0","6","68B03","1","","1.0","","1","N","N","","0","","0","0","3","","0","N","","4","2","0","0","0","1","0","2","0","4","","","","N","","","","","","","","","",""
"2012029754","","2","0","0","0","0","0","0","0","0","4","0","","02","3","2012","3","40.489256","-80.047058","","11","0","0","0","1","0","0","0","0","1","0","0","0","","","0","","2","","40 29:21.321","7","0","80 02:49.408","0","0","0","0","2404","0","0","0","N","0","0","0","2","02404","0","","1.0","","1","N","N","","0","","0","0","0","","0","Y","","2","0","0","0","0","0","0","2","0","2","","","","N","","","","","","","","","",""
"2012031706","","2","0","0","0","0","0","0","0","0","4","0","","02","3","2012","7","40.608354","-80.09474","","11","0","0","0","0","0","1","0","0","2","0","0","0","","","2","","0","","40 36:30.075","2","0","80 05:41.065","4","0","0","0","2481","0","0","0","N","0","0","0","3","68B03","2","","1.0","","1","N","N","","0","","0","0","0","","0","N","","2","2","1","0","0","0","0","2","0","2","","","","N","","","","","","","","","",""
"2012031044","","1","0","0","0","0","0","0","0","0","7","0","","02","3","2012","6","40.580976","-79.904272","","11","0","0","0","0","0","0","0","0","9","0","0","0","","","1","","0","","40 34:51.515","6","0","79 54:15.380","8","0","0","0","2209","0","0","0","N","0","0","0","1","02220","0","","4.0","","1","N","N","","0","","0","0","0","","0","Y","","1","1","1","0","0","1","0","1","0","1","","","","N","","","","","","","","","",""
"2012031138","","2","0","0","0","0","0","0","0","0","2","0","","02","3","2012","6","40.589343","-79.827641","","11","1","0","0","0","0","1","0","0","2","0","0","0","","","1","","2","","40 35:21.636","5","0","79 49:39.508","3","0","0","0","2209","0","0","0","N","0","0","0","3","02209","0","","1.0","","9","N","N","","0","","1","0","0","","3","N","","2","1","0","0","0","0","0","2","0","2","","","","N","","","","","","","","","",""
"2012032474","","1","0","0","0","0","0","0","0","0","7","0","","02","3","2012","4","40.373883","-79.845029","","11","0","0","0","0","0","0","0","0","1","0","0","0","","","1","","1","","40 22:25.980","4","0","79 50:42.106","4","0","0","0","2303","0","0","0","N","0","0","0","1","02303","1","","3.0","","1","N","N","","0","","0","0","0","","2","N","","1","1","0","0","0","0","0","2","0","1","","","","N","","","","","","","","","",""
"2012031835","","1","0","0","0","0","0","0","0","0","1","0","","02","3","2012","2","40.618212","-80.055624","","11","0","0","0","0","0","0","0","0","","0","0","0","","","3","","1","","40 37:05.564","","0","80 03:20.247","8","0","0","0","2216","0","0","0","N","0","0","0","4","02505","0","","1.0","","1","N","N","","0","","0","0","1","","2","","","2","3","0","0","0","3","0","2","0","2","","","","N","","","","","","","","","",""
"2012032025","","1","0","0","0","0","0","0","0","0","4","0","","02","3","2012","4","40.42875","-79.980556","","11","0","0","0","0","0","1","0","0","","0","0","0","","","0","","1","","40 25:43.501","","0","79 58:50.003","0","0","0","0","2301","0","0","0","N","0","0","0","2","02301","0","","1.0","","1","N","N","","0","","0","0","1","","2","","","2","0","0","0","0","0","0","2","0","2","","","","N","","","","","","","","","",""
"2012030995","","1","0","0","0","0","0","0","0","0","2","0","","02","3","2012","7","","","","11","0","0","0","0","0","1","0","0","","0","0","0","","","1","","3","","","","0","","8","0","0","0","2112","0","0","0","N","0","0","0","3","02112","0","","1.0","","9","N","N","","0","","0","0","1","","0","","","2","1","0","0","0","1","0","1","0","2","","","","N","","","","","","","","","",""
"2012031836","","1","0","0","0","0","0","0","0","0","1","0","","02","3","2012","7","40.352363","-80.063109","","11","0","0","0","0","1","0","0","0","1","0","0","0","","","1","","2","","40 21:08.507","4","0","80 03:47.193","4","0","0","0","2123","0","0","0","N","0","0","0","2","02123","1","","1.0","","1","N","N","","1","","0","0","0","","0","N","","2","1","1","0","0","0","0","2","0","2","","","","N","","","","","","","","","",""
"2012030983","","1","0","0","0","0","0","0","0","0","7","0","","02","3","2012","7","","","","11","0","0","0","0","0","0","0","0","2","0","0","0","","","0","","0","","","2","0","","0","0","0","0","2204","0","0","0","N","0","0","0","1","02204","0","","3.0","","9","N","N","","0","","0","0","0","","0","N","","1","0","0","0","0","0","0","1","0","1","","","","N","","","","","","","","","",""
"2012029775","","1","0","0","0","0","0","0","0","0","2","0","","02","3","2012","2","40.389681","-79.956576","","11","0","0","0","0","0","1","0","0","2","0","0","0","","","2","","0","","40 23:22.851","6","0","79 57:23.674","8","0","0","0","2403","0","0","0","N","0","0","0","4","02403","0","","1.0","","1","N","N","","0","","0","0","0","","0","N","","2","2","1","0","0","2","0","2","1","2","","","","N","","","","","","","","","",""
"2012030220","","2","0","0","0","0","0","0","0","0","2","0","","02","3","2012","5","40.408649","-79.824564","","11","0","0","0","0","0","0","0","0","","0","0","0","","","1","","0","","40 24:31.136","","0","79 49:28.429","8","0","0","0","2467","0","0","0","N","0","0","0","2","02467","0","","1.0","","1","N","N","","0","","0","0","0","","0","","","2","1","0","0","0","1","0","2","0","2","","","","N","","","","","","","","","",""
"2012032029","","2","0","0","0","0","0","0","0","0","1","0","","02","3","2012","1","40.434103","-79.989686","","11","0","0","0","0","0","0","0","0","","0","0","0","","","0","","0","","40 26:02.770","","3","79 59:22.870","9","0","0","0","2301","0","0","0","N","0","0","0","7","02301","0","","1.0","","1","N","N","","0","","0","0","0","","0","","","2","0","0","0","0","0","2","2","0","2","","","","N","","","","","","","","","",""
"2012030221","","0","0","0","0","0","0","0","0","0","0","0","","02","3","2012","4","40.274572","-79.894891","","11","0","0","0","0","0","1","0","0","2","0","0","0","","","0","","0","","40 16:28.458","1","0","79 53:41.607","0","0","0","0","2440","0","0","0","N","0","0","0","1","02440","0","","1.0","","1","N","N","","0","","0","0","1","","0","N","","1","0","0","0","0","0","0","2","0","1","","","","N","","","","","","","","","",""
"2012030986","","0","0","0","0","0","0","0","0","0","1","0","","02","3","2012","7","40.510553","-79.956753","","11","0","0","1","0","0","0","0","0","","0","0","0","","","0","","2","","40 30:37.991","","0","79 57:24.311","9","0","0","0","2118","0","0","0","N","0","0","0","2","02118","0","","1.0","","1","N","N","","0","","0","0","2","","0","","","2","0","0","0","0","0","1","2","0","2","","","","N","","","","","","","","","",""
"2012030464","","1","0","0","0","0","0","0","0","0","4","0","","02","3","2012","5","40.465608","-79.946781","","11","0","0","0","0","0","1","0","0","2","0","0","0","","","0","","0","","40 27:56.190","6","0","79 56:48.410","0","0","0","0","2301","0","0","0","N","0","0","0","4","02301","0","","1.0","","1","N","N","","0","","0","0","1","","0","N","","2","0","0","0","0","0","0","2","0","2","","","","N","","","","","","","","","",""
"2012029766","","1","0","0","0","0","0","0","0","0","7","0","","02","3","2012","6","40.548108","-79.972208","","11","0","0","0","0","0","0","0","0","","0","0","0","","","0","","2","","40 32:53.189","","0","79 58:19.950","0","0","0","0","2118","0","0","0","N","0","0","0","1","02118","0","","4.0","","1","N","N","","0","","0","0","0","","0","","","2","0","0","0","0","0","0","2","0","1","","","","N","","","","","","","","","",""
"2012032160","","2","0","0","0","0","0","0","0","0","1","0","","02","3","2012","4","40.422434","-79.749697","","11","0","0","0","0","0","0","1","0","","0","0","0","","","2","","2","","40 25:20.762","","0","79 44:58.909","4","0","0","0","2446","0","0","0","N","0","0","0","3","02446","2","","1.0","","9","","","","0","","0","0","0","","3","","","2","2","0","0","0","0","0","2","0","2","","","","N","","","","","","","","","",""
"2012031496","","0","0","0","0","0","0","0","0","0","7","0","","02","3","2012","2","40.374614","-80.057018","","11","0","1","0","0","0","0","0","0","1","0","0","0","","","0","","0","","40 22:28.609","1","0","80 03:25.266","0","0","0","0","2109","0","0","0","N","0","0","0","1","02109","0","","5.0","","1","N","N","","0","","0","0","1","","0","N","","1","0","0","0","0","0","0","2","0","1","","","","N","","","","","","","","","",""
"2012030005","","0","0","0","0","0","0","0","0","0","4","1","","02","3","2012","4","40.527446","-80.185053","","11","0","0","0","0","0","1","0","0","","0","1","0","","","1","","2","","40 31:38.807","","7","80 11:06.189","4","0","0","0","2213","0","0","0","N","0","0","0","3","02213","1","","1.0","","1","N","N","","0","","0","0","0","","2","","","2","1","0","0","0","0","0","2","1","2","","","","N","","","","","","","","","",""
"2012031522","","1","0","0","0","0","0","0","0","0","7","0","","02","3","2012","1","40.568749","-80.056049","","11","0","0","0","0","0","0","0","0","1","0","0","0","","","1","","0","","40 34:07.498","5","0","80 03:21.778","4","0","0","0","2108","0","0","0","N","0","0","0","1","02108","1","","4.0","","1","N","N","","0","","0","0","0","","0","N","","1","1","1","0","0","0","0","2","0","1","","","","N","","","","","","","","","",""
"2012037705","","1","0","0","0","0","0","0","0","0","5","0","","02","4","2012","6","40.475529","-79.848493","","11","0","0","0","0","0","1","0","0","","0","0","0","","","1","","1","","40 28:31.904","","7","79 50:54.576","4","0","0","0","2113","0","0","0","N","0","0","0","3","02113","1","","1.0","","1","N","N","","1","","0","0","0","","2","","","3","1","0","0","0","0","0","2","1","3","","","","N","","","","","","","","","",""
"2012032095","","0","0","0","0","0","0","0","0","0","1","1","55","02","3","2012","6","40.635768","-79.990909","","11","0","0","0","0","0","0","1","0","1","0","1","0","","","1","","0","","40 38:08.764","4","0","79 59:27.273","4","0","0","0","2217","0","0","0","N","0","0","0","3","68T02","1","","1.0","","1","N","N","","0","","0","0","1","","0","N","","3","1","0","0","0","0","0","1","0","2","","","Y","Y","4","1","N","N","N","N","N","N","Y",""
"2012030006","","1","0","0","0","0","0","0","0","0","4","0","","02","3","2012","5","40.506898","-80.223297","","11","0","0","0","0","1","0","0","0","1","0","0","0","","","1","","0","","40 30:24.834","2","7","80 13:23.870","8","0","0","0","2213","0","0","0","N","0","0","0","2","02213","0","","1.0","","1","N","N","","1","","0","0","0","","2","N","","2","1","1","0","0","1","0","2","0","2","","","","N","","","","","","","","","",""
"2012031523","","0","0","0","0","0","0","0","0","0","2","0","","02","2","2012","7","40.52025","-80.21865","","11","0","0","0","0","0","0","0","0","","0","0","0","","","1","","0","","40 31:12.900","","7","80 13:07.140","3","0","0","0","2213","0","0","0","N","0","0","0","3","02213","0","","1.0","","9","N","N","","1","","1","0","1","","0","","","2","1","1","0","0","0","0","2","0","2","","","","N","","","","","","","","","",""
"2012038462","","2","0","0","0","0","0","0","0","0","4","0","","02","4","2012","2","40.454125","-79.906268","","11","0","0","0","0","0","1","0","1","","0","0","0","","","1","","1","","40 27:14.851","","0","79 54:22.563","8","0","0","0","2301","0","0","0","N","0","0","0","4","02301","0","","1.0","","1","N","N","","0","","0","0","0","","3","","","2","1","1","0","0","1","0","2","0","2","","","","N","","","","","","","","","",""
"2012032096","","1","0","0","0","0","0","0","0","0","99","0","","02","3","2012","3","40.587738","-79.881211","","11","0","0","0","0","0","0","0","0","","0","0","0","","","0","","0","","40 35:15.857","","0","79 52:52.359","0","0","0","0","2209","0","0","0","N","0","0","0","1","68T02","0","","1.0","","1","N","N","","0","","0","0","0","","0","","","1","0","0","0","0","0","0","2","0","1","","","","N","","","","","","","","","",""
"2012032190","","1","0","0","0","0","0","0","0","0","7","0","","02","3","2012","4","40.488266","-80.078204","","11","0","0","0","0","0","0","0","0","","0","0","0","","","0","","0","","40 29:17.757","","0","80 04:41.536","0","0","0","0","2444","0","0","0","N","0","0","0","1","02444","0","","5.0","","1","N","N","","0","","0","0","0","","0","","","2","0","0","0","0","0","0","2","0","1","","","","N","","","","","","","","","",""
"2012031524","","2","0","0","0","0","0","0","0","0","6","0","","02","3","2012","1","40.461371","-80.168447","","11","0","0","0","0","0","1","0","0","","0","0","0","","","0","","0","","40 27:40.936","","0","80 10:06.409","9","0","0","0","2213","0","0","0","N","0","0","0","4","02213","0","","1.0","","9","N","N","","0","","0","0","0","","0","","","2","0","0","0","0","0","1","2","0","2","","","","N","","","","","","","","","",""
"2012031299","","0","0","0","0","0","0","0","0","0","7","0","","02","3","2012","1","40.482895","-80.010003","","11","1","0","0","0","0","0","0","0","","0","0","0","","","1","","0","","40 28:58.422","","0","80 00:36.010","8","0","0","0","2301","0","0","0","N","0","0","0","1","02301","0","","2.0","","1","N","N","","0","","0","0","0","","0","","","1","1","0","0","0","1","0","2","0","1","","","","N","","","","","","","","","",""
"2012032191","","0","0","0","0","0","0","0","0","0","1","1","","02","3","2012","4","40.421753","-80.049569","","11","1","0","0","0","0","0","0","0","","0","1","0","","","0","","0","","40 25:18.312","","0","80 02:58.449","0","0","0","0","2435","0","0","0","N","0","0","0","3","02435","0","","1.0","","1","N","N","","0","","0","0","1","","0","","","2","0","0","0","0","0","0","2","0","2","","","","N","","","","","","","","","",""
"2012031525","","1","0","0","0","0","0","0","0","0","4","0","","02","3","2012","1","40.524489","-80.224312","","11","0","0","0","0","1","0","0","0","1","0","0","0","","","1","","2","","40 31:28.161","3","0","80 13:27.524","4","0","0","0","2213","0","0","0","N","0","0","0","3","02213","1","","1.0","","1","N","N","","0","","0","0","1","","0","Y","","2","1","0","0","0","0","0","2","0","2","","","","N","","","","","","","","","",""
"2012032328","","1","0","0","0","0","0","0","0","0","1","0","","02","3","2012","4","40.288813","-79.891169","","11","0","0","0","0","0","0","0","1","1","0","0","0","","","0","","2","","40 17:19.725","1","0","79 53:28.207","0","0","0","0","2302","0","0","0","N","0","0","0","1","02302","0","","1.0","","1","N","N","","0","","0","0","0","","0","N","","2","0","0","0","0","0","0","2","0","2","","","","N","","","","","","","","","",""
"2012038464","","2","0","0","0","0","0","0","0","0","1","0","","02","4","2012","2","40.416141","-79.847897","","11","0","0","0","0","0","0","0","0","1","0","0","0","","","1","","1","","40 24:58.108","3","0","79 50:52.429","4","0","0","0","2431","0","0","0","N","0","0","0","2","02431","1","","1.0","","1","N","N","","0","","0","0","0","","2","N","","2","1","0","0","0","0","0","2","0","2","","","","N","","","","","","","","","",""
"2012030843","","2","0","0","0","0","0","0","0","0","2","0","","02","3","2012","6","40.39337","-80.047499","","11","0","0","0","0","0","1","0","0","2","0","0","0","","","2","","0","","40 23:36.131","2","0","80 02:50.996","3","0","0","0","2109","0","0","0","N","0","0","0","2","02109","1","","1.0","","1","N","N","","0","","1","0","0","","0","Y","","2","2","0","0","0","0","0","2","0","2","","","","N","","","","","","","","","",""
"2012030624","","2","0","0","0","0","0","0","0","0","4","0","","02","3","2012","6","40.464576","-79.961551","","11","0","0","0","0","1","0","1","0","","0","0","0","","","0","","1","","40 27:52.473","","0","79 57:41.583","0","0","0","0","2301","0","0","0","N","0","0","0","3","02301","0","","1.0","","1","N","N","","0","","0","0","0","","3","","","2","0","0","0","0","0","0","2","0","2","","","","N","","","","","","","","","",""
"2012030845","","1","0","0","0","0","0","0","0","0","7","0","","02","3","2012","6","40.447088","-79.934777","","11","0","0","0","0","0","1","0","0","1","0","0","0","","","0","","0","","40 26:49.517","6","0","79 56:05.197","0","0","0","0","2301","0","0","0","N","0","0","0","2","02301","0","","2.0","","9","N","N","","0","","0","0","0","","0","N","","1","0","0","0","0","0","0","2","0","1","","","","N","","","","","","","","","",""
"2012031427","","1","0","0","0","0","0","0","0","0","7","0","","02","3","2012","5","40.436233","-79.885075","","11","0","0","0","0","0","1","0","0","1","0","0","0","","","0","","3","","40 26:10.438","5","0","79 53:06.270","0","0","0","0","2426","0","0","0","N","0","0","0","1","02426","0","","4.0","","1","N","N","","0","","0","0","0","","0","N","","1","0","0","0","0","0","0","2","0","1","","","","N","","","","","","","","","",""
"2012030078","","2","0","0","0","0","0","0","0","0","4","0","","02","3","2012","4","40.457254","-80.03031","","11","0","0","0","0","0","1","0","0","2","0","0","0","","","2","","2","","40 27:26.114","2","0","80 01:49.116","8","0","0","0","2301","0","0","0","N","0","0","0","5","02301","0","","1.0","","1","N","N","","0","","0","0","2","","3","Y","","4","2","0","0","0","2","0","2","0","4","","","","N","","","","","","","","","",""
"2012036164","","0","0","0","0","0","0","0","0","0","4","0","","02","4","2012","2","40.456642","-79.939679","","11","0","0","0","0","0","2","0","0","","0","0","0","","","1","","1","","40 27:23.912","","0","79 56:22.843","8","0","0","0","2301","0","0","0","N","0","0","0","5","02301","0","","1.0","","9","N","N","","0","","0","0","2","","2","","","2","1","0","0","0","1","0","2","0","2","","","","N","","","","","","","","","",""
"2012030627","","2","0","0","0","0","0","0","0","0","4","0","","02","3","2012","6","40.453882","-79.913319","","11","0","0","0","0","0","1","0","0","","0","0","0","","","0","","2","","40 27:13.975","","0","79 54:47.948","0","0","0","0","2301","0","0","0","N","0","0","0","2","02301","0","","1.0","","1","N","N","","0","","0","0","0","","0","","","2","0","2","0","0","0","0","2","0","2","","","","N","","","","","","","","","",""
"2012032196","","2","0","0","0","0","0","0","0","0","4","0","","02","3","2012","4","40.460355","-79.842619","","11","0","0","0","0","0","0","0","0","1","0","0","0","","","0","","0","","40 27:37.279","2","0","79 50:33.427","0","0","0","0","2113","0","0","0","N","0","0","0","2","02113","0","","1.0","","1","N","N","","0","","0","0","0","","0","N","","2","0","0","0","0","0","0","2","0","2","","","","N","","","","","","","","","",""
"2012031428","","1","0","0","0","0","0","0","0","0","7","0","","02","3","2012","6","40.432932","-79.848298","","11","0","0","0","0","1","0","0","0","","0","0","0","","","2","","2","","40 25:58.556","","0","79 50:53.872","3","0","0","0","2419","0","0","0","N","0","0","0","2","02419","1","","5.0","","1","N","N","","0","","1","0","0","","0","","","1","2","0","0","0","0","0","2","0","1","","","","N","","","","","","","","","",""
"2012030779","","0","0","0","0","0","0","0","0","0","2","0","","02","3","2012","6","40.442383","-79.999986","","11","0","0","0","0","0","0","0","0","","0","0","0","","","1","","1","","40 26:32.580","","0","79 59:59.950","3","0","0","1","2301","0","0","0","N","0","0","0","2","02301","0","","1.0","","1","N","N","","0","","1","0","1","","2","","","2","1","0","0","0","0","0","2","0","2","","","","N","","","","","","","","","",""
"2012036165","","0","0","0","0","0","0","0","0","0","1","0","","02","3","2012","4","40.510858","-80.016958","","11","0","0","0","0","0","0","0","0","","0","0","0","","","1","","0","","40 30:39.090","","0","80 01:01.050","4","0","0","1","2116","0","0","0","","0","0","0","3","02116","1","","1.0","","1","","","","0","","0","0","1","","0","","","2","1","0","0","0","0","0","2","0","2","","","","N","","","","","","","","","",""
"2012031305","","2","0","0","0","0","0","0","0","0","2","0","","02","3","2012","4","40.460221","-79.842652","","11","0","0","0","0","0","1","0","0","1","0","0","0","","","1","","1","","40 27:36.794","5","0","79 50:33.548","8","0","0","0","2113","0","0","0","N","0","0","0","4","02113","0","","1.0","","1","N","N","","0","","0","0","0","","0","N","","2","1","0","0","0","1","0","2","0","2","","","","N","","","","","","","","","",""