"CRN","ARRIVAL_TM","AUTOMOBILE_COUNT","BELTED_DEATH_COUNT","BELTED_SUSP_SERIOUS_INJ_COUNT","BICYCLE_COUNT","BICYCLE_DEATH_COUNT","BICYCLE_SUSP_SERIOUS_INJ_COUNT","BUS_COUNT","CHLDPAS_DEATH_COUNT","CHLDPAS_SUSP_SERIOUS_INJ_COUNT","COLLISION_TYPE","COMM_VEH_COUNT","CONS_ZONE_SPD_LIM","COUNTY","CRASH_MONTH","CRASH_YEAR","DAY_OF_WEEK","DEC_LATITUDE","DEC_LONGITUDE","DISPATCH_TM","DISTRICT","DRIVER_COUNT_16YR","DRIVER_COUNT_17YR","DRIVER_COUNT_18YR","DRIVER_COUNT_19YR","DRIVER_COUNT_20YR","DRIVER_COUNT_50_64YR","DRIVER_COUNT_65_74YR","DRIVER_COUNT_75PLUS","EST_HRS_CLOSED","FATAL_COUNT","HEAVY_TRUCK_COUNT","HORSE_BUGGY_COUNT","HOUR_OF_DAY","ILLUMINATION","INJURY_COUNT","INTERSECTION_RELATED","INTERSECT_TYPE","LANE_CLOSED","LATITUDE","LN_CLOSE_DIR","LOCATION_TYPE","LONGITUDE","MAX_SEVERITY_LEVEL","MCYCLE_DEATH_COUNT","MCYCLE_SUSP_SERIOUS_INJ_COUNT","MOTORCYCLE_COUNT","MUNICIPALITY","NONMOTR_COUNT","NONMOTR_DEATH_COUNT","NONMOTR_SUSP_SERIOUS_INJ_COUNT","NTFY_HIWY_MAINT","PED_COUNT","PED_DEATH_COUNT","PED_SUSP_SERIOUS_INJ_COUNT","PERSON_COUNT","POLICE_AGCY","POSSIBLE_INJ_COUNT","RDWY_SURF_TYPE_CD","RELATION_TO_ROAD","ROADWAY_CLEARED","ROAD_CONDITION","SCH_BUS_IND","SCH_ZONE_IND","SECONDARY_CRASH","SMALL_TRUCK_COUNT","SPEC_JURIS_CD","SUSP_MINOR_INJ_COUNT","SUSP_SERIOUS_INJ_COUNT","SUV_COUNT","TCD_FUNC_CD","TCD_TYPE","TFC_DETOUR_IND","TIME_OF_DAY","TOTAL_UNITS","TOT_INJ_COUNT","UNBELTED_OCC_COUNT","UNB_DEATH_COUNT","UNB_SUSP_SERIOUS_INJ_COUNT","UNK_INJ_DEG_COUNT","UNK_INJ_PER_COUNT","URBAN_RURAL","VAN_COUNT","VEHICLE_COUNT","WEATHER1","WEATHER2","WORKERS_PRES","WORK_ZONE_IND","WORK_ZONE_LOC","WORK_ZONE_TYPE","WZ_CLOSE_DETOUR","WZ_FLAGGER","WZ_LAW_OFFCR_IND","WZ_LN_CLOSURE","WZ_MOVING","WZ_OTHER","WZ_SHLDER_MDN","WZ_WORKERS_INJ_KILLED"
"2012036434","","2","0","0","0","0","0","0","0","0","2","0","","02","4","2012","3","40.547275","-79.907514","","11","0","0","1","0","0","0","0","0","","0","0","0","","","4","","2","","40 32:50.190","","0","79 54:27.052","4","0","0","0","2209","0","0","0","N","0","0","0","4","02209","4","","1.0","","1","N","N","","0","","0","0","0","","3","","","2","4","0","0","0","0","0","2","0","2","","","","N","","","","","","","","","",""
"2012037857","","0","0","0","0","0","0","0","0","0","6","0","","02","4","2012","5","40.490187","-79.937676","","11","0","0","0","0","0","0","0","0","1","0","0","0","","","1","","0","","40 29:24.672","1","3","79 56:15.634","3","0","0","0","2461","0","0","0","N","0","0","0","2","02461","0","","1.0","","1","N","N","","0","","1","0","2","","0","N","","2","1","0","0","0","0","1","2","0","2","","","","N","","","","","","","","","",""
"2012036435","","1","0","0","0","0","0","0","0","0","1","0","","02","4","2012","2","40.545027","-80.235376","","11","0","0","0","0","0","1","1","0","","0","0","0","","","1","","2","","40 32:42.098","","0","80 14:07.354","4","0","0","0","2213","0","0","0","N","0","0","0","2","02213","1","","1.0","","1","N","N","","0","","0","0","1","","0","","","2","1","0","0","0","0","0","2","0","2","","","","N","","","","","","","","","",""
"2012037053","","0","0","0","0","0","0","0","0","0","7","0","","02","4","2012","3","40.541543","-80.12173","","11","0","0","0","0","0","0","0","1","","0","0","0","","","2","","0","","40 32:29.556","","0","80 07:18.229","8","0","0","0","2215","0","0","0","N","0","0","0","2","68B03","0","","4.0","","1","N","N","","0","","0","0","1","","0","","","1","2","0","0","0","2","0","2","0","1","","","","N","","","","","","","","","",""
"2012036436","","1","0","0","0","0","0","0","0","0","4","0","","02","4","2012","4","40.541316","-80.202174","","11","0","0","0","0","0","1","0","0","2","0","0","0","","","1","","2","","40 32:28.736","6","0","80 12:07.827","2","0","1","1","2213","0","0","0","N","0","0","0","2","02213","0","","1.0","","1","N","N","","0","","0","1","0","","0","Y","","2","1","0","0","0","0","0","2","0","2","","","","N","","","","","","","","","",""
"2012038085","","0","0","0","0","0","0","0","0","0","7","0","","02","4","2012","2","40.434053","-79.794825","","11","0","0","0","0","0","0","0","0","2","0","0","0","","","0","","0","","40 26:02.590","3","0","79 47:41.371","0","0","0","0","2446","0","0","0","N","0","0","0","1","02446","0","","5.0","","1","N","N","","0","","0","0","0","","0","Y","","1","0","0","0","0","0","0","2","1","1","","","","N","","","","","","","","","",""
"2012037859","","1","0","0","0","0","0","0","0","0","1","0","","02","4","2012","6","40.448785","-79.9101","","11","0","0","0","0","0","0","1","0","","0","0","0","","","1","","1","","40 26:55.627","","0","79 54:36.360","4","0","0","0","2301","0","0","0","N","0","0","0","2","02301","1","","1.0","","1","N","N","","0","","0","0","1","","2","","","2","1","0","0","0","0","0","2","0","2","","","","N","","","","","","","","","",""
"2012038615","","0","0","0","0","0","0","0","0","0","7","0","","02","4","2012","1","40.433161","-80.073843","","11","0","0","0","0","0","0","0","0","","0","0","0","","","0","","0","","40 25:59.379","","0","80 04:25.835","0","0","0","0","2421","0","0","0","N","0","0","0","1","02421","0","","5.0","","1","N","N","","0","","0","0","1","","0","","","1","0","0","0","0","0","0","2","0","1","","","","N","","","","","","","","","",""
"2012038003","","1","0","0","0","0","0","0","0","0","4","0","","02","4","2012","7","40.319463","-79.888339","","11","0","0","0","0","0","0","0","0","1","0","0","0","","","2","","1","","40 19:10.066","7","0","79 53:18.020","4","0","0","0","2433","0","0","0","N","0","0","0","2","02433","1","","1.0","","9","N","N","","1","","0","0","0","","3","N","","2","2","0","0","0","1","0","2","0","2","","","","N","","","","","","","","","",""
"2012038087","","1","0","0","0","0","0","0","0","0","0","0","","02","4","2012","1","","","","11","0","0","0","0","0","0","0","0","2","0","0","0","","","0","","0","","","2","0","","0","0","0","0","2122","0","0","0","N","0","0","0","1","02122","0","","1.0","","9","N","N","","0","","0","0","0","","0","N","","1","0","0","0","0","0","0","1","0","1","","","","N","","","","","","","","","",""
"2012037862","","1","0","0","0","0","0","0","0","0","1","0","","02","4","2012","6","40.475702","-80.098963","","11","0","0","0","0","0","0","0","0","","0","0","0","","","1","","1","","40 28:32.527","","0","80 05:56.266","4","0","0","0","2126","0","0","0","N","0","0","0","2","02126","1","","1.0","","1","N","N","","0","","0","0","1","","2","","","2","1","0","0","0","0","1","2","0","2","","","","N","","","","","","","","","",""
"2012037255","","1","0","0","0","0","0","0","0","0","7","0","","02","4","2012","7","40.594347","-79.900799","","11","0","0","0","0","0","1","0","0","1","0","0","0","","","1","","0","","40 35:39.650","4","0","79 54:02.876","8","0","0","0","2209","0","0","0","N","0","0","0","1","68T02","0","","5.0","","1","N","N","","0","","0","0","0","","0","N","","1","1","0","0","0","1","0","1","0","1","","","","N","","","","","","","","","",""
"2012037786","","2","0","0","0","0","0","0","0","0","2","0","","02","4","2012","6","40.426355","-80.063545","","11","0","0","0","0","0","1","1","0","2","0","0","0","","","3","","0","","40 25:34.879","5","0","80 03:48.762","2","0","0","0","2301","0","0","0","N","0","0","0","3","02301","2","","1.0","","1","N","N","","0","","0","1","0","","0","Y","","2","3","0","0","0","0","0","2","0","2","","","","N","","","","","","","","","",""
"2012037927","","1","0","0","0","0","0","0","0","0","7","0","","02","4","2012","7","40.489383","-80.021619","","11","0","0","0","0","0","0","0","0","1","0","0","0","","","0","","0","","40 29:21.780","7","0","80 01:17.830","0","0","0","0","2301","0","0","0","N","0","0","0","1","02301","0","","5.0","","9","N","N","","0","","0","0","0","","0","N","","1","0","0","0","0","0","0","2","0","1","","","","N","","","","","","","","","",""
"2012038663","","1","0","0","0","0","0","0","0","0","7","0","","02","4","2012","7","40.551535","-79.817482","","11","1","0","0","0","0","0","0","0","2","0","0","0","","","0","","0","","40 33:05.527","2","0","79 49:02.934","0","0","0","0","2208","0","0","0","N","0","0","0","1","68D02","0","","2.0","","9","N","N","","0","","0","0","0","","0","N","","1","0","0","0","0","0","0","2","0","1","","","","N","","","","","","","","","",""
"2012036513","","0","0","0","0","0","0","0","0","0","4","0","","02","4","2012","3","40.426799","-80.057738","","11","0","0","0","0","0","1","1","0","","0","0","0","","","1","","0","","40 25:36.476","","0","80 03:27.856","8","0","0","0","2301","0","0","0","N","0","0","0","2","02301","0","","1.0","","1","N","N","","0","","0","0","1","","3","","","2","1","0","0","0","1","0","2","1","2","","","","N","","","","","","","","","",""
"2012035841","","0","0","0","0","0","0","0","0","0","7","0","","02","4","2012","1","40.417009","-79.972997","","11","0","0","0","0","0","0","0","0","","0","0","0","","","1","","2","","40 25:01.232","","0","79 58:22.789","4","0","0","0","2301","0","0","0","N","0","0","0","5","02301","1","","5.0","","1","N","N","","0","","0","0","0","","0","","","1","1","1","0","0","0","0","2","1","1","","","","N","","","","","","","","","",""
"2012037865","","2","0","0","0","0","0","0","0","0","4","0","","02","4","2012","6","40.484334","-80.035812","","11","0","0","0","0","0","0","0","1","2","0","0","0","","","1","","1","","40 29:03.602","2","0","80 02:08.923","8","0","0","0","2301","0","0","0","N","0","0","0","3","02301","0","","1.0","","1","N","N","","0","","0","0","0","","2","Y","","2","1","0","0","0","1","0","2","0","2","","","","N","","","","","","","","","",""
"2012038620","","2","0","0","0","0","0","0","0","0","4","0","","02","4","2012","6","40.449667","-80.0183","","11","0","0","0","0","0","0","0","0","","0","0","0","","","0","","1","","40 26:58.800","","0","80 01:05.879","0","0","0","0","2301","0","0","0","N","0","0","0","2","02301","0","","1.0","","1","N","N","","0","","0","0","0","","2","","","2","0","0","0","0","0","0","2","0","2","","","","N","","","","","","","","","",""
"2012038730","","2","0","0","0","0","0","0","0","0","1","0","","02","4","2012","3","40.454368","-79.947669","","11","0","0","0","0","0","0","0","0","","0","0","0","","","0","","1","","40 27:15.726","","0","79 56:51.608","0","0","0","0","2301","0","0","0","N","0","0","0","3","02301","0","","1.0","","1","N","N","","0","","0","0","0","","2","","","2","0","0","0","0","0","0","2","0","2","","","","N","","","","","","","","","",""
"2012038009","","0","0","0","0","0","0","0","0","0","7","0","","02","4","2012","7","40.274439","-79.89527","","11","0","0","0","0","0","0","0","0","2","0","0","0","","","1","","0","","40 16:27.981","1","0","79 53:42.973","8","0","0","0","2440","0","0","0","N","0","0","0","3","02440","0","","3.0","","9","N","N","","0","","0","0","0","","0","N","","1","1","0","0","0","1","0","2","1","1","","","","N","","","","","","","","","",""
"2012036516","","1","0","0","0","0","0","0","0","0","7","0","","02","4","2012","3","40.439309","-80.205255","","11","0","0","0","0","0","0","1","0","","0","0","0","","","0","","0","","40 26:21.512","","0","80 12:18.918","0","0","0","0","2214","0","0","0","N","0","0","0","1","02214","0","","5.0","","1","N","N","","0","","0","0","1","","0","","","2","0","0","0","0","0","0","2","0","2","","","","N","","","","","","","","","",""
"2012037259","","0","0","0","0","0","0","0","0","0","7","0","","02","4","2012","4","40.490431","-79.729356","","11","0","0","0","0","0","0","0","0","","0","0","0","","","1","","0","","40 29:25.550","","0","79 43:45.680","8","0","0","0","2466","0","0","0","N","0","0","0","1","02466","0","","5.0","","1","N","N","","1","","0","0","0","","0","","","2","1","0","0","0","1","0","2","0","1","","","","N","","","","","","","","","",""
"2012038092","","2","0","0","0","0","0","0","0","0","4","0","","02","4","2012","7","40.343947","-79.855222","","11","0","0","0","0","0","0","0","0","","0","0","0","","","0","","0","","40 20:38.209","","0","79 51:18.799","0","0","0","0","2304","0","0","0","N","0","0","0","1","02304","0","","6.0","","1","N","N","","0","","0","0","0","","0","","","2","0","0","0","0","0","0","2","0","2","","","","N","","","","","","","","","",""
"2012036394","","1","0","0","0","0","0","0","0","0","7","0","","02","4","2012","3","40.572561","-80.13868","","11","0","0","0","0","0","0","1","0","","0","0","0","","","0","","0","","40 34:21.220","","0","80 08:19.248","0","0","0","0","2459","0","0","0","N","0","0","0","1","02459","0","","2.0","","1","N","N","","0","","0","0","0","","0","","","1","0","0","0","0","0","0","1","0","1","","","","N","","","","","","","","","",""
"2012036517","","1","0","0","0","0","0","0","0","0","7","0","","02","4","2012","3","40.581051","-79.970903","","11","0","0","1","0","0","0","0","0","","0","0","0","","","0","","0","","40 34:51.784","","0","79 58:15.252","0","0","0","0","2207","0","0","0","N","0","0","0","2","02207","0","","5.0","","9","N","N","","0","","0","0","0","","0","","","1","0","0","0","0","0","0","2","0","1","","","","N","","","","","","","","","",""
"2012037260","","1","0","0","0","0","0","0","0","0","7","0","","02","4","2012","5","40.552241","-80.149086","","11","0","0","0","0","0","0","0","0","","0","0","0","","","0","","3","","40 33:08.067","","0","80 08:56.709","0","0","0","0","2459","0","0","0","N","0","0","0","2","02459","0","","5.0","","9","N","N","","0","","0","0","0","","0","","","1","0","0","0","0","0","0","1","0","1","","","","N","","","","","","","","","",""
"2012038093","","1","0","0","0","0","0","0","0","0","1","0","","02","4","2012","3","40.452675","-80.054528","","11","0","0","1","0","0","1","0","0","","0","0","0","","","0","","0","","40 27:09.630","","0","80 03:16.300","0","0","0","0","2301","0","0","0","","0","0","0","2","02301","0","","1.0","","1","N","N","","0","","0","0","1","","0","","","2","0","0","0","0","0","0","2","0","2","","","","N","","","","","","","","","",""
"2012038623","","0","0","0","0","0","0","0","0","0","7","0","","02","4","2012","7","40.381245","-80.026423","","11","0","0","0","0","0","1","0","0","","0","0","0","","","0","","2","","40 22:52.482","","0","80 01:35.122","0","0","0","0","2109","0","0","0","N","0","0","0","2","02109","0","","5.0","","1","N","N","","0","","0","0","1","","0","","","1","0","0","0","0","0","0","2","0","1","","","","N","","","","","","","","","",""
"2012036383","","2","0","0","0","0","0","0","0","0","4","0","","02","4","2012","7","40.448271","-80.004288","","11","0","0","0","0","0","0","1","0","1","0","0","0","","","1","","1","","40 26:53.775","3","0","80 00:15.436","8","0","0","0","2301","0","0","0","N","0","0","0","4","02301","0","","1.0","","1","N","N","","0","","0","0","0","","2","N","","2","1","0","0","0","1","0","2","0","2","","","","N","","","","","","","","","",""
"2012037804","","1","0","0","0","0","0","0","0","0","7","0","","02","4","2012","7","40.461935","-79.905745","","11","0","1","0","0","0","0","0","0","","0","0","0","","","0","","0","","40 27:42.966","","0","79 54:20.683","0","0","0","0","2301","0","0","0","N","0","0","0","1","02301","0","","5.0","","1","N","N","","0","","0","0","0","","0","","","1","0","0","0","0","0","0","2","0","1","","","","N","","","","","","","","","",""
"2012036396","","2","0","0","0","0","0","0","0","0","4","0","","02","4","2012","6","40.437597","-79.770039","","11","0","0","0","0","0","0","1","0","","0","0","0","","","2","","0","","40 26:15.350","","0","79 46:12.140","8","0","0","0","2446","0","0","0","N","0","0","0","3","02446","0","","1.0","","1","N","N","","0","","0","0","0","","0","","","2","2","0","0","0","2","0","2","0","2","","","","N","","","","","","","","","",""
"2012038745","","1","0","0","0","0","0","0","0","0","2","0","","02","4","2012","3","40.462732","-79.92145","","11","0","0","0","0","0","2","0","0","","0","0","0","","","0","","1","","40 27:45.836","","0","79 55:17.220","0","0","0","0","2301","0","0","0","N","0","0","0","2","02301","0","","1.0","","1","N","N","","1","","0","0","0","","2","","","2","0","0","0","0","0","0","2","0","2","","","","N","","","","","","","","","",""
"2012036534","","0","0","0","0","0","0","0","0","0","4","0","","02","3","2012","6","40.57662","-80.222546","","11","0","0","0","0","0","0","0","0","2","0","0","0","","","2","","2","","40 34:35.833","5","0","80 13:21.166","4","0","0","0","2441","0","0","0","N","0","0","0","2","02441","1","","1.0","","1","N","N","","0","","0","0","2","","2","N","","2","2","0","0","0","1","0","2","0","2","","","","N","","","","","","","","","",""
"2012038625","","1","0","0","0","0","0","0","0","0","7","0","","02","4","2012","1","40.449156","-79.985424","","11","0","0","0","0","0","0","0","0","2","0","0","0","","","0","","2","","40 26:56.961","3","0","79 59:07.526","9","0","0","0","2301","0","0","0","N","0","0","0","2","02301","0","","4.0","","1","N","N","","0","","0","0","0","","0","N","","1","0","0","0","0","0","1","2","0","1","","","","N","","","","","","","","","",""
"2012036397","","1","0","0","0","0","0","0","0","0","99","0","","02","4","2012","7","40.376446","-79.776889","","11","0","0","0","0","0","1","0","0","","0","0","0","","","0","","2","","40 22:35.206","","0","79 46:36.800","0","0","0","0","2111","0","0","0","N","0","0","0","1","02111","0","","1.0","","1","N","N","","0","","0","0","0","","0","","","1","0","0","0","0","0","0","2","0","1","","","","N","","","","","","","","","",""
"2012037263","","0","0","0","0","0","0","0","0","0","2","0","","02","4","2012","4","40.42279","-80.040249","","11","0","0","0","0","0","1","0","0","1","0","0","0","","","0","","2","","40 25:22.043","3","0","80 02:24.896","0","0","0","0","2435","0","0","0","N","0","0","0","2","02435","0","","1.0","","1","N","N","","1","","0","0","1","","3","N","","2","0","0","0","0","0","0","2","0","2","","","","N","","","","","","","","","",""
"2012036521","","0","0","0","0","0","0","0","0","0","0","0","","02","4","2012","3","40.432873","-79.936537","","11","0","0","0","0","0","0","0","0","1","0","0","0","","","1","","1","","40 25:58.342","2","0","79 56:11.533","3","0","0","1","2301","0","0","0","N","0","0","0","1","02301","0","","1.0","","1","N","N","","0","","1","0","0","","2","N","","2","1","0","0","0","0","0","2","0","1","","","","N","","","","","","","","","",""
"2012038498","","1","0","0","0","0","0","0","0","0","7","0","","02","4","2012","1","40.420564","-80.103153","","11","0","0","0","0","0","0","0","0","","0","0","0","","","1","","0","","40 25:14.029","","0","80 06:11.349","8","0","0","0","2115","0","0","0","Y","0","0","0","1","68B03","0","","2.0","","1","N","N","","0","","0","0","0","","0","","","1","1","0","0","0","1","0","2","0","1","","","","N","","","","","","","","","",""
"2012036522","","2","0","0","0","0","0","0","0","0","7","0","","02","4","2012","7","40.21563","-79.842454","","11","0","0","0","0","0","0","0","0","2","0","0","0","","","0","","6","","40 12:56.269","2","0","79 50:32.834","0","0","0","0","2204","0","0","0","N","0","0","0","3","02204","0","","3.0","","1","N","N","","1","","0","0","0","","0","N","","4","0","0","0","0","0","0","1","0","3","","","","N","","","","","","","","","",""
"2012035785","","2","0","0","0","0","0","0","0","0","4","0","","02","4","2012","5","40.634228","-80.058275","","11","0","0","1","0","0","1","0","0","1","0","0","0","","","0","","1","","40 38:03.221","4","0","80 03:29.790","0","0","0","0","2216","0","0","0","N","0","0","0","3","02505","0","","1.0","","1","N","N","","0","","0","0","0","","2","N","","2","0","0","0","0","0","0","2","0","2","","","","N","","","","","","","","","",""
"2012037279","","2","0","0","0","0","0","0","0","0","4","0","","02","4","2012","5","40.401868","-80.001881","","11","0","0","0","0","0","1","1","0","","0","0","0","","","1","","3","","40 24:06.724","","0","80 00:06.771","8","0","0","0","2301","0","0","0","N","0","0","0","3","02301","0","","1.0","","1","N","N","","0","","0","0","0","","0","","","2","1","1","0","0","1","0","2","0","2","","","","N","","","","","","","","","",""
"2012038099","","1","0","0","0","0","0","0","0","0","1","0","","02","3","2012","5","40.416419","-79.758511","","11","0","0","0","0","0","2","0","0","","0","0","0","","","3","","0","","40 24:59.107","","0","79 45:30.638","4","0","0","0","2446","0","0","0","N","0","0","0","6","02446","3","","1.0","","1","N","N","","2","","0","0","0","","0","","","3","3","0","0","0","0","0","2","0","3","","","","N","","","","","","","","","",""
"2012038499","","1","0","0","0","0","0","0","0","0","1","0","","02","4","2012","6","40.374121","-80.104001","","11","0","0","0","0","0","0","0","0","1","0","0","0","","","1","","7","","40 22:26.836","3","2","80 06:14.402","4","0","0","0","2102","0","0","0","N","0","0","0","3","68B03","1","","1.0","","1","N","N","","1","","0","0","0","","0","N","","2","1","0","0","0","0","0","2","0","2","","","","N","","","","","","","","","",""
"2012038628","","1","0","0","0","0","0","0","0","0","8","0","","02","4","2012","7","40.485245","-80.025166","","11","0","0","0","0","0","0","1","0","","0","0","0","","","1","","2","","40 29:06.882","","0","80 01:30.597","3","0","0","0","2301","1","0","0","N","1","0","0","2","02301","0","","1.0","","1","N","N","","0","","1","0","0","","0","","","2","1","0","0","0","0","0","2","0","1","","","","N","","","","","","","","","",""
"2012038018","","2","0","0","0","0","0","0","0","0","5","0","","02","4","2012","7","40.436567","-79.963858","","11","0","0","0","0","1","0","0","0","","0","0","0","","","1","","0","","40 26:11.640","","0","79 57:49.888","3","0","0","0","2301","0","0","0","N","0","0","0","3","02301","0","","1.0","","1","N","N","","0","","1","0","0","","0","","","2","1","0","0","0","0","0","2","0","2","","","","N","","","","","","","","","",""
"2012037875","","2","0","0","0","0","0","0","0","0","4","0","","02","3","2012","1","40.506119","-79.990498","","11","0","0","0","0","0","1","1","0","","0","0","0","","","0","","3","","40 30:22.028","","0","79 59:25.791","0","0","0","0","2116","0","0","0","N","0","0","0","2","02116","0","","1.0","","1","N","N","","0","","0","0","0","","3","","","2","0","0","0","0","0","0","2","0","2","","","","N","","","","","","","","","",""
"2012037132","","1","0","0","0","0","0","0","0","0","8","0","","02","4","2012","4","40.429179","-79.921213","","11","0","0","0","0","0","1","0","0","1","0","0","0","","","1","","2","","40 25:45.044","5","0","79 55:16.366","8","0","0","0","2301","1","0","0","N","1","0","0","2","02301","0","","1.0","","1","N","N","","0","","0","0","0","","2","Y","","2","1","0","0","0","1","0","2","0","1","","","","N","","","","","","","","","",""
"2012038751","","1","0","0","0","0","0","0","0","0","1","0","","02","4","2012","7","40.460628","-80.048894","","11","0","0","0","0","0","0","0","0","","0","0","0","","","0","","2","","40 27:38.262","","0","80 02:56.017","0","0","0","0","2301","0","0","0","N","0","0","0","2","02301","0","","1.0","","1","N","N","","0","","0","0","1","","0","","","2","0","2","0","0","0","0","2","0","2","","","","N","","","","","","","","","",""
"2012038020","","1","0","0","1","0","0","0","0","0","8","0","","02","4","2012","1","40.427156","-79.938714","","11","0","0","0","0","0","0","0","0","","0","0","0","","","1","","1","","40 25:37.761","","0","79 56:19.370","3","0","0","0","2301","1","0","0","N","0","0","0","2","02301","0","","1.0","","1","N","N","","0","","1","0","0","","2","","","2","1","0","0","0","0","0","2","0","1","","","","N","","","","","","","","","",""
"2012038033","","1","0","0","0","0","0","0","0","0","4","0","","02","4","2012","1","40.364724","-79.869713","","11","0","0","0","0","0","1","0","0","2","0","0","0","","","1","","1","","40 21:53.006","5","0","79 52:10.966","8","0","0","0","2473","0","0","0","N","0","0","0","5","02473","0","","1.0","","1","N","N","","1","","0","0","1","","2","N","","3","1","1","0","0","1","0","2","0","3","","","","N","","","","","","","","","",""
"2012037889","","1","0","0","0","0","0","0","0","0","4","0","","02","4","2012","7","40.457209","-79.904368","","11","0","0","0","0","0","1","0","0","","0","0","0","","","0","","1","","40 27:25.954","","0","79 54:15.724","0","0","0","0","2301","0","0","0","N","0","0","0","2","02301","0","","1.0","","9","N","N","","0","","0","0","1","","2","","","2","0","0","0","0","0","0","2","0","2","","","","N","","","","","","","","","",""
"2012038752","","1","0","0","0","0","0","0","0","0","7","0","","02","4","2012","3","40.427506","-80.023266","","11","0","0","0","0","0","1","0","0","","0","0","0","","","0","","2","","40 25:39.023","","0","80 01:23.759","0","0","0","0","2301","0","0","0","N","0","0","0","1","02301","0","","2.0","","1","N","N","","0","","0","0","0","","0","","","1","0","0","0","0","0","0","2","0","1","","","","N","","","","","","","","","",""
"2012038021","","2","0","0","0","0","0","0","0","0","4","0","","02","4","2012","6","40.420068","-79.889074","","11","0","0","0","0","0","0","0","0","1","0","0","0","","","1","","0","","40 25:12.245","7","0","79 53:20.667","4","0","0","0","2463","0","0","0","N","0","0","0","1","02463","1","","1.0","","1","N","N","","0","","0","0","1","","0","Y","","3","1","0","0","0","0","0","2","0","3","","","","N","","","","","","","","","",""
"2012036392","","1","0","0","0","0","0","0","0","0","1","0","","02","4","2012","3","40.363848","-79.842953","","11","0","0","0","0","0","1","0","0","","0","0","0","","","0","","1","","40 21:49.853","","0","79 50:34.629","0","0","0","0","2303","0","0","0","N","0","0","0","2","02303","0","","1.0","","9","N","N","","0","","0","0","1","","2","","","2","0","0","0","0","0","0","2","0","2","","","","N","","","","","","","","","",""
"2012038036","","1","0","0","0","0","0","0","0","0","7","0","25","02","4","2012","1","40.343355","-79.864992","","11","0","0","0","0","0","1","0","0","1","0","0","0","","","1","","2","","40 20:36.078","3","0","79 51:53.971","8","0","0","0","2304","0","0","0","Y","0","0","0","1","02304","0","","3.0","","1","N","N","","0","","0","0","0","","2","N","","1","1","0","0","0","1","0","2","0","1","","","N","Y","1","1","","","N","","","","",""
"2012037751","","1","0","0","0","0","0","0","0","0","7","0","","02","4","2012","7","40.493689","-79.945333","","11","0","0","0","0","0","0","0","0","1","0","0","0","","","0","","0","","40 29:37.279","2","0","79 56:43.198","0","0","0","0","2430","0","0","0","N","0","0","0","1","02430","0","","1.0","","1","N","N","","0","","0","0","0","","0","N","","2","0","0","0","0","0","0","2","0","1","","","","N","","","","","","","","","",""
"2012037879","","2","0","0","0","0","0","0","0","0","1","0","","02","4","2012","7","40.618212","-80.055624","","11","0","0","0","0","0","0","0","0","1","0","0","0","","","0","","1","","40 37:05.564","2","0","80 03:20.247","0","0","0","0","2216","0","0","0","N","0","0","0","3","02505","0","","1.0","","9","N","N","","0","","0","0","1","","2","N","","3","0","0","0","0","0","0","1","0","3","","","","N","","","","","","","","","",""
"2012036393","","2","0","0","0","0","0","0","0","0","4","0","","02","4","2012","3","40.454368","-79.947672","","11","0","0","0","0","0","0","1","0","","0","0","0","","","2","","1","","40 27:15.724","","0","79 56:51.620","4","0","0","0","2301","0","0","0","N","0","0","0","3","02301","2","","1.0","","1","N","N","","0","","0","0","0","","0","","","2","2","0","0","0","0","0","2","0","2","","","","N","","","","","","","","","",""
"2012037891","","1","0","0","0","0","0","0","0","0","7","0","","02","4","2012","5","40.51025","-80.094697","","11","0","0","0","1","0","0","0","0","1","0","0","0","","","0","","0","","40 30:36.900","2","7","80 05:40.908","0","0","0","0","2429","0","0","0","N","0","0","0","1","02215","0","","4.0","","1","N","N","","0","","0","0","0","","0","N","","1","0","0","0","0","0","0","2","0","1","","","","N","","","","","","","","","",""
"2012036529","","0","0","0","0","0","0","0","0","0","7","0","","02","4","2012","2","40.347428","-79.950578","","11","0","0","0","0","0","0","1","0","2","0","0","0","","","1","","2","","40 20:50.740","4","0","79 57:02.080","4","0","0","0","2473","0","0","0","N","0","0","0","1","02473","1","","5.0","","1","N","N","","0","","0","0","1","","2","Y","","1","1","0","0","0","0","0","2","0","1","","","","N","","","","","","","","","",""
"2012038105","","1","0","0","0","0","0","1","0","0","4","1","","02","4","2012","4","40.585503","-80.036023","","11","0","0","0","0","0","1","1","0","1","0","0","0","","","0","","1","","40 35:07.811","2","0","80 02:09.684","0","0","0","0","2108","0","0","0","N","0","0","0","2","02108","0","","1.0","","1","Y","N","","0","","0","0","0","","2","N","","2","0","0","0","0","0","0","2","0","2","","","","N","","","","","","","","","",""
"2012036329","","1","0","0","0","0","0","0","0","0","1","0","","02","4","2012","6","40.438802","-79.752134","","11","0","0","0","0","0","0","1","0","","0","0","0","","","0","","0","","40 26:19.686","","0","79 45:07.683","0","0","0","0","2446","0","0","0","N","0","0","0","2","02446","0","","1.0","","1","N","N","","1","","0","0","0","","0","","","2","0","0","0","0","0","0","2","0","2","","","","N","","","","","","","","","",""