"CRN","ARRIVAL_TM","AUTOMOBILE_COUNT","BELTED_DEATH_COUNT","BELTED_SUSP_SERIOUS_INJ_COUNT","BICYCLE_COUNT","BICYCLE_DEATH_COUNT","BICYCLE_SUSP_SERIOUS_INJ_COUNT","BUS_COUNT","CHLDPAS_DEATH_COUNT","CHLDPAS_SUSP_SERIOUS_INJ_COUNT","COLLISION_TYPE","COMM_VEH_COUNT","CONS_ZONE_SPD_LIM","COUNTY","CRASH_MONTH","CRASH_YEAR","DAY_OF_WEEK","DEC_LATITUDE","DEC_LONGITUDE","DISPATCH_TM","DISTRICT","DRIVER_COUNT_16YR","DRIVER_COUNT_17YR","DRIVER_COUNT_18YR","DRIVER_COUNT_19YR","DRIVER_COUNT_20YR","DRIVER_COUNT_50_64YR","DRIVER_COUNT_65_74YR","DRIVER_COUNT_75PLUS","EST_HRS_CLOSED","FATAL_COUNT","HEAVY_TRUCK_COUNT","HORSE_BUGGY_COUNT","HOUR_OF_DAY","ILLUMINATION","INJURY_COUNT","INTERSECTION_RELATED","INTERSECT_TYPE","LANE_CLOSED","LATITUDE","LN_CLOSE_DIR","LOCATION_TYPE","LONGITUDE","MAX_SEVERITY_LEVEL","MCYCLE_DEATH_COUNT","MCYCLE_SUSP_SERIOUS_INJ_COUNT","MOTORCYCLE_COUNT","MUNICIPALITY","NONMOTR_COUNT","NONMOTR_DEATH_COUNT","NONMOTR_SUSP_SERIOUS_INJ_COUNT","NTFY_HIWY_MAINT","PED_COUNT","PED_DEATH_COUNT","PED_SUSP_SERIOUS_INJ_COUNT","PERSON_COUNT","POLICE_AGCY","POSSIBLE_INJ_COUNT","RDWY_SURF_TYPE_CD","RELATION_TO_ROAD","ROADWAY_CLEARED","ROAD_CONDITION","SCH_BUS_IND","SCH_ZONE_IND","SECONDARY_CRASH","SMALL_TRUCK_COUNT","SPEC_JURIS_CD","SUSP_MINOR_INJ_COUNT","SUSP_SERIOUS_INJ_COUNT","SUV_COUNT","TCD_FUNC_CD","TCD_TYPE","TFC_DETOUR_IND","TIME_OF_DAY","TOTAL_UNITS","TOT_INJ_COUNT","UNBELTED_OCC_COUNT","UNB_DEATH_COUNT","UNB_SUSP_SERIOUS_INJ_COUNT","UNK_INJ_DEG_COUNT","UNK_INJ_PER_COUNT","URBAN_RURAL","VAN_COUNT","VEHICLE_COUNT","WEATHER1","WEATHER2","WORKERS_PRES","WORK_ZONE_IND","WORK_ZONE_LOC","WORK_ZONE_TYPE","WZ_CLOSE_DETOUR","WZ_FLAGGER","WZ_LAW_OFFCR_IND","WZ_LN_CLOSURE","WZ_MOVING","WZ_OTHER","WZ_SHLDER_MDN","WZ_WORKERS_INJ_KILLED"
"2012036745","","1","0","0","0","0","0","0","0","0","5","0","","02","4","2012","2","40.32447","-79.892462","","11","0","0","0","0","0","1","0","0","","0","0","0","","","0","","0","","40 19:28.092","","0","79 53:32.862","0","0","0","0","2433","0","0","0","N","0","0","0","2","02433","0","","1.0","","1","N","N","","1","","0","0","0","","0","","","2","0","0","0","0","0","0","2","0","2","","","","N","","","","","","","","","",""
"2012037498","","1","0","0","0","0","0","0","0","0","1","0","","02","4","2012","4","40.461124","-79.866306","","11","0","0","0","0","0","0","0","0","","0","0","0","","","1","","1","","40 27:40.047","","0","79 51:58.700","8","0","0","0","2113","0","0","0","N","0","0","0","2","02113","0","","1.0","","1","N","N","","0","","0","0","1","","2","","","2","1","0","0","0","1","0","2","0","2","","","","N","","","","","","","","","",""
"2012037499","","0","0","0","0","0","0","1","0","0","5","1","","02","4","2012","5","40.437397","-80.002656","","11","0","0","0","0","0","1","0","0","","0","0","0","","","1","","1","","40 26:14.630","","0","80 00:09.560","4","0","0","0","2301","0","0","0","N","0","0","0","3","02503","1","","1.0","","1","N","N","","0","","0","0","1","","2","","","2","1","0","0","0","0","0","2","0","2","","","","N","","","","","","","","","",""
"2012033893","","2","0","0","0","0","0","0","0","0","5","0","","02","4","2012","2","40.432502","-79.790364","","11","0","0","0","0","0","1","0","0","1","0","0","0","","","0","","1","","40 25:57.007","3","0","79 47:25.310","0","0","0","0","2446","0","0","0","N","0","0","0","3","02446","0","","1.0","","1","N","N","","0","","0","0","0","","2","N","","2","0","0","0","0","0","0","2","0","2","","","","N","","","","","","","","","",""
"2012035932","","1","0","0","0","0","0","0","0","0","1","0","","02","4","2012","7","40.434234","-79.793965","","11","0","0","0","0","1","1","0","0","","0","0","0","","","1","","3","","40 26:03.242","","0","79 47:38.275","4","0","0","0","2446","0","0","0","N","0","0","0","2","02446","1","","1.0","","1","N","N","","1","","0","0","0","","3","","","2","1","0","0","0","0","0","2","0","2","","","","N","","","","","","","","","",""
"2012036676","","1","0","0","0","0","0","0","0","0","1","0","","02","4","2012","4","40.484872","-79.856284","","11","0","0","0","0","0","0","0","0","","0","0","0","","","1","","0","","40 29:05.538","","0","79 51:22.621","4","0","0","0","2113","0","0","0","N","0","0","0","2","02113","1","","1.0","","1","N","N","","1","","0","0","0","","0","","","2","1","0","0","0","0","0","2","0","2","","","","N","","","","","","","","","",""
"2012035405","","1","0","0","0","0","0","0","0","0","7","0","","02","4","2012","6","40.401142","-79.989288","","11","0","0","0","0","0","0","0","0","1","0","0","0","","","0","","0","","40 24:04.110","2","0","79 59:21.436","0","0","0","0","2301","0","0","0","N","0","0","0","1","02301","0","","5.0","","1","N","N","","0","","0","0","0","","0","N","","1","0","1","0","0","0","0","2","0","1","","","","N","","","","","","","","","",""
"2012036597","","1","0","0","0","0","0","0","0","0","7","0","","02","3","2012","1","40.425851","-79.899515","","11","0","0","0","0","0","0","0","0","","0","0","0","","","0","","0","","40 25:33.064","","3","79 53:58.255","9","0","0","0","2301","0","0","0","N","0","0","0","3","68B03","0","","2.0","","1","N","N","","0","","0","0","0","","0","","","1","0","0","0","0","0","1","2","0","1","","","","N","","","","","","","","","",""
"2012037523","","1","0","0","0","0","0","0","0","0","2","0","","02","4","2012","5","40.456888","-80.052379","","11","0","0","0","0","0","0","0","0","","0","0","0","","","0","","0","","40 27:24.796","","0","80 03:08.564","0","0","0","0","2301","0","0","0","N","0","0","0","1","02301","0","","4.0","","1","N","N","","0","","0","0","1","","0","","","2","0","0","0","0","0","0","2","0","2","","","","N","","","","","","","","","",""
"2012037650","","2","0","0","0","0","0","0","0","0","1","0","","02","4","2012","6","40.428759","-79.995038","","11","0","0","0","0","0","0","0","0","","0","0","0","","","0","","2","","40 25:43.532","","0","79 59:42.137","0","0","0","0","2301","0","0","0","N","0","0","0","8","02301","0","","1.0","","1","N","N","","0","","0","0","0","","3","","","3","0","0","0","0","0","0","2","1","3","","","","N","","","","","","","","","",""
"2012033900","","2","0","0","0","0","0","0","0","0","1","0","","02","3","2012","7","40.447041","-80.158398","","11","0","0","0","0","0","0","0","0","","0","0","0","","","1","","2","","40 26:49.347","","0","80 09:30.232","4","0","0","0","2115","0","0","0","N","0","0","0","7","02115","1","","1.0","","1","N","N","","0","","0","0","0","","0","","","2","1","0","0","0","0","0","2","0","2","","","","N","","","","","","","","","",""
"2012036681","","1","0","0","0","0","0","0","0","0","2","0","","02","4","2012","2","40.487211","-79.837223","","11","0","0","0","0","0","0","0","0","2","0","0","0","","","0","","0","","40 29:13.959","1","0","79 50:14.002","0","0","0","0","2113","0","0","0","N","0","0","0","3","02113","0","","1.0","","9","N","N","","0","","0","0","0","","0","N","","2","0","2","0","0","0","0","2","1","2","","","","N","","","","","","","","","",""
"2012037507","","1","0","0","0","0","0","0","0","0","4","0","","02","4","2012","4","40.434707","-79.754578","","11","0","0","0","0","0","0","0","0","1","0","0","0","","","0","","0","","40 26:04.945","2","0","79 45:16.482","0","0","0","0","2446","0","0","0","N","0","0","0","2","02446","0","","1.0","","1","N","N","","0","","0","0","1","","0","N","","2","0","0","0","0","0","0","2","0","2","","","","N","","","","","","","","","",""
"2012033901","","2","0","0","0","0","0","0","0","0","1","0","","02","3","2012","6","40.448068","-80.162487","","11","0","0","0","0","0","0","0","0","1","0","0","0","","","0","","1","","40 26:53.043","3","0","80 09:44.953","0","0","0","0","2115","0","0","0","N","0","0","0","2","02115","0","","1.0","","1","N","N","","0","","0","0","0","","2","N","","2","0","0","0","0","0","0","2","0","2","","","","N","","","","","","","","","",""
"2012036012","","2","0","0","0","0","0","0","0","0","5","0","","02","4","2012","2","40.455375","-80.01507","","11","0","0","0","0","0","0","0","0","2","0","0","0","","","0","","2","","40 27:19.350","2","0","80 00:54.252","0","0","0","0","2301","0","0","0","N","0","0","0","1","02301","0","","1.0","","9","N","N","","1","","0","0","1","","0","Y","","4","0","0","0","0","0","0","2","0","4","","","","N","","","","","","","","","",""
"2012033902","","1","0","0","0","0","0","0","0","0","7","0","","02","1","2012","7","40.506792","-80.22767","","11","0","0","0","0","0","1","0","0","","0","0","0","","","0","","0","","40 30:24.451","","0","80 13:39.612","0","0","0","0","2213","0","0","0","N","0","0","0","1","02213","0","","5.0","","7","N","N","","0","","0","0","0","","0","","","1","0","0","0","0","0","0","2","0","1","","","","N","","","","","","","","","",""
"2012035851","","0","0","0","0","0","0","0","0","0","7","0","","02","4","2012","7","40.327644","-79.815996","","11","0","0","0","0","0","0","0","0","3","0","0","0","","","3","","0","","40 19:39.519","6","0","79 48:57.587","8","0","0","0","2477","0","0","0","N","0","0","0","3","02477","0","","5.0","","1","N","N","","0","","0","0","2","","0","Y","","2","3","0","0","0","3","0","2","0","2","","","","N","","","","","","","","","",""
"2012037356","","1","0","0","0","0","0","0","0","0","4","0","","02","3","2012","7","40.438089","-79.775022","","11","0","1","0","0","0","0","0","0","2","0","0","0","","","0","","0","","40 26:17.121","4","0","79 46:30.079","0","0","0","0","2446","0","0","0","N","0","0","0","3","02446","0","","1.0","","1","N","N","","0","","0","0","1","","0","N","","2","0","0","0","0","0","0","2","0","2","","","","N","","","","","","","","","",""
"2012036027","","1","0","0","0","0","0","0","0","0","7","0","","02","4","2012","7","40.526434","-80.070113","","11","0","0","0","0","0","0","0","0","","0","0","0","","","0","","0","","40 31:35.161","","0","80 04:12.406","9","0","0","0","2215","0","0","0","Y","0","0","0","1","02215","0","","5.0","","1","N","N","","0","","0","0","0","","0","","","1","0","0","0","0","0","1","2","0","1","","","","N","","","","","","","","","",""
"2012036091","","2","0","0","0","0","0","0","0","0","1","0","","02","4","2012","4","40.42288","-80.030548","","11","0","0","0","0","0","0","0","0","1","0","0","0","","","2","","0","","40 25:22.369","4","0","80 01:49.973","3","0","0","0","2301","0","0","0","N","0","0","0","7","68B03","0","","1.0","","1","N","N","","0","","2","0","0","","0","N","","2","2","0","0","0","0","0","2","0","2","","","","N","","","","","","","","","",""
"2012033903","","1","0","0","0","0","0","0","0","0","4","0","","02","3","2012","5","40.523433","-80.177076","","11","0","0","0","0","0","0","1","0","","0","0","0","","","0","","1","","40 31:24.358","","0","80 10:37.474","0","0","0","0","2213","0","0","0","N","0","0","0","4","02213","0","","1.0","","1","N","N","","1","","0","0","0","","2","","","2","0","0","0","0","0","0","2","0","2","","","","N","","","","","","","","","",""
"2012036028","","1","0","0","0","0","0","0","0","0","1","0","","02","4","2012","2","40.63374","-79.713956","","11","0","0","0","0","0","1","0","0","","0","0","0","","","1","","0","","40 38:01.465","","0","79 42:50.242","4","0","0","0","2106","0","0","0","N","0","0","0","2","02106","1","","1.0","","1","N","N","","0","","0","0","1","","0","","","2","1","0","0","0","0","0","2","0","2","","","","N","","","","","","","","","",""
"2012036092","","2","0","0","0","0","0","0","0","0","1","0","","02","4","2012","4","40.411489","-80.075846","","11","0","0","0","0","1","0","0","0","","0","0","0","","","0","","6","","40 24:41.361","","2","80 04:33.046","0","0","0","0","2117","0","0","0","N","0","0","0","3","68B03","0","","1.0","","1","N","N","","0","","0","0","0","","4","","","2","0","0","0","0","0","0","2","0","2","","","","N","","","","","","","","","",""
"2012033904","","1","0","0","0","0","0","0","0","0","4","0","","02","4","2012","1","40.512997","-80.233438","","11","0","0","0","0","0","0","0","0","","0","0","0","","","0","","2","","40 30:46.790","","0","80 14:00.378","0","0","0","0","2213","0","0","0","N","0","0","0","2","02213","0","","1.0","","9","N","N","","1","","0","0","0","","3","","","2","0","0","0","0","0","0","2","0","2","","","","N","","","","","","","","","",""
"2012036029","","0","0","0","0","0","0","0","0","0","7","0","","02","4","2012","5","40.562966","-80.035618","","11","0","0","1","0","0","0","0","0","","0","0","0","","","0","","0","","40 33:46.677","","0","80 02:08.224","0","0","0","0","2108","0","0","0","N","0","0","0","3","02108","0","","4.0","","1","N","N","","0","","0","0","1","","0","","","1","0","0","0","0","0","0","2","0","1","","","","N","","","","","","","","","",""
"2012036093","","0","0","0","0","0","0","0","0","0","1","0","","02","4","2012","5","40.430025","-79.957309","","11","0","0","0","0","0","0","0","0","1","0","0","0","","","0","","0","","40 25:48.090","3","0","79 57:26.313","0","0","0","0","2301","0","0","0","N","0","0","0","3","68B03","0","","1.0","","1","N","N","","0","","0","0","2","","0","N","","2","0","0","0","0","0","0","2","0","2","","","","N","","","","","","","","","",""
"2012036154","","2","0","0","0","0","0","0","0","0","4","0","","02","4","2012","2","40.385621","-80.044971","","11","0","0","0","0","0","0","0","0","2","0","0","0","","","1","","0","","40 23:08.235","5","0","80 02:41.895","4","0","0","0","2109","0","0","0","N","0","0","0","3","02109","1","","1.0","","9","N","N","","0","","0","0","0","","0","Y","","2","1","0","0","0","0","0","2","0","2","","","","N","","","","","","","","","",""
"2012033905","","1","0","0","0","0","0","0","0","0","4","0","","02","4","2012","2","40.369683","-80.011016","","11","0","0","0","0","0","2","0","0","","0","0","0","","","0","","0","","40 22:10.857","","0","80 00:39.656","0","0","0","0","2416","0","0","0","N","0","0","0","3","02416","0","","1.0","","1","N","N","","1","","0","0","0","","0","","","2","0","0","0","0","0","0","2","0","2","","","","N","","","","","","","","","",""
"2012035854","","1","0","0","0","0","0","0","0","0","4","0","","02","4","2012","1","40.460193","-80.048159","","11","0","0","0","0","0","0","1","0","3","0","0","0","","","2","","2","","40 27:36.695","6","0","80 02:53.373","3","0","0","0","2301","0","0","0","N","0","0","0","2","02301","1","","1.0","","1","N","N","","1","","1","0","0","","3","Y","","2","2","0","0","0","0","0","2","0","2","","","","N","","","","","","","","","",""
"2012036030","","0","0","0","0","0","0","0","0","0","6","1","","02","4","2012","4","40.449468","-80.107379","","11","0","0","0","0","0","1","0","0","","0","1","0","","","0","","1","","40 26:58.083","","0","80 06:26.566","0","0","0","0","2115","0","0","0","N","0","0","0","2","02115","0","","1.0","","1","N","N","","0","","0","0","1","","0","","","2","0","0","0","0","0","0","2","0","2","","","","N","","","","","","","","","",""
"2012036094","","1","0","0","0","0","0","0","0","0","1","1","","02","4","2012","5","40.426353","-79.893712","","11","0","0","0","0","0","1","0","0","","0","1","0","","","0","","0","","40 25:34.869","","0","79 53:37.362","0","0","0","0","2301","0","0","0","N","0","0","0","2","68B03","0","","1.0","","1","N","N","","0","","0","0","0","","0","","","2","0","0","0","0","0","0","2","0","2","","","","N","","","","","","","","","",""
"2012036031","","2","0","0","0","0","0","0","0","0","1","0","","02","4","2012","6","40.454767","-80.170392","","11","0","0","0","0","0","1","0","0","2","0","0","0","","","1","","0","","40 27:17.160","3","0","80 10:13.410","4","0","0","0","2115","0","0","0","N","0","0","0","3","02115","1","","1.0","","1","N","N","","0","","0","0","1","","0","N","","3","1","0","0","0","0","0","2","0","3","","","","N","","","","","","","","","",""
"2012036095","","1","0","0","0","0","0","0","0","0","1","0","","02","4","2012","7","40.439246","-79.861502","","11","0","0","0","0","0","1","0","0","","0","0","0","","","1","","0","","40 26:21.286","","0","79 51:41.406","4","0","0","0","2419","0","0","0","N","0","0","0","6","68B03","1","","1.0","","1","N","N","","1","","0","0","0","","0","","","2","1","0","0","0","0","0","2","0","2","","","","N","","","","","","","","","",""
"2012036156","","2","0","0","0","0","0","0","0","0","4","0","","02","4","2012","2","40.447227","-79.952258","","11","0","0","0","0","0","1","0","0","1","0","0","0","","","1","","0","","40 26:50.017","2","0","79 57:08.128","8","0","0","0","2301","0","0","0","N","0","0","0","5","02301","0","","1.0","","9","N","N","","0","","0","0","0","","0","N","","2","1","1","0","0","1","0","2","0","2","","","","N","","","","","","","","","",""
"2012036032","","2","0","0","0","0","0","0","0","0","1","0","","02","3","2012","3","40.300778","-80.072115","","11","0","0","0","0","0","1","0","1","","0","0","0","","","1","","0","","40 18:02.802","","0","80 04:19.615","4","0","0","0","2407","0","0","0","N","0","0","0","3","02407","1","","1.0","","1","N","N","","0","","0","0","0","","3","","","2","1","0","0","0","0","0","2","0","2","","","","N","","","","","","","","","",""
"2012037532","","2","0","0","0","0","0","0","0","0","6","0","","02","4","2012","2","40.438869","-79.760496","","11","0","0","0","1","0","1","0","0","1","0","0","0","","","1","","1","","40 26:19.929","5","0","79 45:37.786","4","0","0","0","2446","0","0","0","N","0","0","0","2","02446","1","","1.0","","1","N","N","","0","","0","0","0","","2","N","","2","1","0","0","0","0","0","2","0","2","","","","N","","","","","","","","","",""
"2012036033","","2","0","0","0","0","0","0","0","0","1","0","","02","4","2012","3","40.311086","-80.03299","","11","0","1","1","0","0","0","0","0","","0","0","0","","","0","","0","","40 18:39.908","","0","80 01:58.763","0","0","0","0","2407","0","0","0","N","0","0","0","4","02407","0","","1.0","","1","N","N","","0","","0","0","0","","0","","","2","0","0","0","0","0","0","2","0","2","","","","N","","","","","","","","","",""
"2012035418","","2","0","0","0","0","0","0","0","0","1","0","","02","4","2012","6","40.44161","-80.240672","","11","0","0","0","0","0","0","0","1","","0","0","0","","","1","","1","","40 26:29.796","","0","80 14:26.419","4","0","0","0","2214","0","0","0","N","0","0","0","3","02214","1","","1.0","","1","N","N","","0","","0","0","0","","0","","","2","1","0","0","0","0","0","2","0","2","","","","N","","","","","","","","","",""
"2012036692","","0","0","0","0","0","0","0","0","0","1","0","","02","4","2012","4","40.36561","-80.042979","","11","0","0","0","0","0","0","0","0","2","0","0","0","","","0","","0","","40 21:56.196","4","0","80 02:34.726","0","0","0","0","2109","0","0","0","N","0","0","0","1","02109","0","","2.0","","1","N","N","","0","","0","0","1","","0","N","","2","0","0","0","0","0","0","2","1","2","","","","N","","","","","","","","","",""
"2012037451","","3","0","0","0","0","0","0","0","0","8","0","","02","3","2012","1","40.552019","-80.037628","","11","0","0","0","0","0","0","0","0","","0","0","0","","","1","","10","","40 33:07.267","","7","80 02:15.461","2","0","0","0","2116","1","0","1","","1","0","1","2","02116","0","","4.0","","1","","","","0","","0","1","0","","0","","","4","1","1","0","0","0","0","2","0","3","","","","N","","","","","","","","","",""
"2012038338","","0","0","0","0","0","0","0","0","0","7","0","","02","4","2012","7","40.490611","-79.878844","","11","0","0","0","0","0","1","0","0","1","0","0","0","","","0","","0","","40 29:26.199","1","0","79 52:43.837","0","0","0","0","2112","0","0","0","N","0","0","0","1","68D02","0","","4.0","","8","N","N","","0","","0","0","1","","0","Y","","1","0","1","0","0","0","0","2","0","1","","","","N","","","","","","","","","",""
"2012036021","","1","0","0","0","0","0","0","0","0","2","0","","02","4","2012","2","40.454368","-79.947672","","11","0","0","0","0","0","0","0","0","","0","0","0","","","0","","1","","40 27:15.724","","0","79 56:51.620","0","0","0","0","2301","0","0","0","N","0","0","0","2","02301","0","","1.0","","9","N","N","","0","","0","0","0","","2","","","2","0","0","0","0","0","0","2","1","2","","","","N","","","","","","","","","",""
"2012035881","","1","0","0","0","0","0","0","0","0","7","0","","02","4","2012","7","40.351765","-79.8554","","11","0","0","0","0","0","0","0","0","1","0","0","0","","","0","","0","","40 21:06.354","4","0","79 51:19.440","0","0","0","0","2304","0","0","0","N","0","0","0","1","02304","0","","5.0","","1","N","N","","0","","0","0","0","","0","Y","","1","0","0","0","0","0","0","2","0","1","","","","N","","","","","","","","","",""
"2012035422","","1","0","0","0","0","0","0","0","0","4","1","","02","4","2012","4","40.34132","-80.022424","","11","0","0","0","0","0","1","0","1","2","0","1","0","","","1","","2","","40 20:28.753","6","0","80 01:20.728","8","0","0","0","2407","0","0","0","N","0","0","0","2","02407","0","","1.0","","1","N","N","","0","","0","0","0","","3","N","","2","1","0","0","0","1","0","2","0","2","","","","N","","","","","","","","","",""
"2012038130","","1","0","0","0","0","0","0","0","0","7","0","","02","4","2012","5","40.422777","-80.10256","","11","0","0","0","0","0","0","0","0","","0","0","0","","","0","","0","","40 25:21.997","","0","80 06:09.215","0","0","0","0","2115","0","0","0","N","0","0","0","1","02115","0","","2.0","","1","N","N","","0","","0","0","0","","0","","","1","0","0","0","0","0","0","2","0","1","","","","N","","","","","","","","","",""
"2012035883","","1","0","0","0","0","0","0","0","0","7","0","","02","4","2012","7","40.360425","-79.84538","","11","0","0","0","0","0","0","0","0","1","0","0","0","","","0","","0","","40 21:37.530","4","3","79 50:43.369","9","0","0","0","2303","0","0","0","N","0","0","0","1","02303","0","","2.0","","1","N","N","","0","","0","0","0","","0","N","","1","0","0","0","0","0","1","2","0","1","","","","N","","","","","","","","","",""
"2012035952","","2","0","0","0","0","0","0","0","0","4","0","","02","4","2012","1","40.440468","-79.991526","","11","0","0","0","0","0","0","0","0","","0","0","0","","","0","","1","","40 26:25.686","","0","79 59:29.493","0","0","0","0","2301","0","0","0","N","0","0","0","4","02301","0","","1.0","","1","N","N","","0","","0","0","0","","2","","","2","0","0","0","0","0","0","2","0","2","","","","N","","","","","","","","","",""
"2012036025","","1","0","0","0","0","0","0","0","0","7","0","","02","4","2012","2","40.42906","-80.040116","","11","0","0","0","0","0","1","0","0","","0","0","0","","","0","","2","","40 25:44.617","","0","80 02:24.416","0","0","0","0","2301","0","0","0","N","0","0","0","1","02301","0","","5.0","","9","N","N","","0","","0","0","0","","0","","","1","0","0","0","0","0","0","2","0","1","","","","N","","","","","","","","","",""
"2012037613","","2","0","0","0","0","0","0","0","0","1","0","","02","4","2012","5","40.428566","-79.718317","","11","0","0","0","0","0","1","0","0","","0","0","0","","","0","","0","","40 25:42.836","","0","79 43:05.942","0","0","0","0","2446","0","0","0","N","0","0","0","2","02446","0","","1.0","","1","N","N","","0","","0","0","0","","2","","","2","0","0","0","0","0","0","2","0","2","","","","N","","","","","","","","","",""
"2012038131","","1","0","0","0","0","0","0","0","0","7","0","","02","3","2012","7","40.324539","-80.054097","","11","0","1","0","0","0","0","0","0","","0","0","0","","","0","","2","","40 19:28.342","","0","80 03:14.748","0","0","0","0","2407","0","0","0","N","0","0","0","2","02407","0","","4.0","","1","N","N","","0","","0","0","0","","3","","","1","0","0","0","0","0","0","2","0","1","","","","N","","","","","","","","","",""
"2012036698","","1","0","0","0","0","0","0","0","0","7","0","","02","4","2012","2","40.495011","-79.833417","","11","0","0","0","0","0","0","0","0","","0","0","0","","","1","","0","","40 29:42.040","","0","79 50:00.302","4","0","0","0","2113","0","0","0","N","0","0","0","1","02113","1","","5.0","","9","N","N","","0","","0","0","0","","0","","","1","1","1","0","0","0","0","2","0","1","","","","N","","","","","","","","","",""
"2012036714","","2","0","0","0","0","0","0","0","0","4","0","","02","4","2012","4","40.440907","-79.927795","","11","0","0","0","0","0","0","0","0","","0","0","0","","","2","","1","","40 26:27.265","","0","79 55:40.062","3","0","0","0","2301","0","0","0","N","0","0","0","3","02301","1","","1.0","","1","N","N","","0","","1","0","0","","2","","","2","2","1","0","0","0","0","2","0","2","","","","N","","","","","","","","","",""
"2012037603","","2","0","0","0","0","0","0","0","0","4","0","","02","4","2012","7","40.347444","-79.944822","","11","0","0","0","0","0","0","0","0","1","0","0","0","","","1","","1","","40 20:50.800","2","0","79 56:41.360","4","0","0","0","2473","0","0","0","N","0","0","0","6","02473","1","","1.0","","1","N","N","","0","","0","0","0","","3","N","","2","1","0","0","0","0","0","2","0","2","","","","N","","","","","","","","","",""
"2012037541","","1","0","0","0","0","0","0","0","0","7","0","","02","4","2012","6","40.462818","-79.840448","","11","0","0","0","0","0","0","0","0","2","0","0","0","","","0","","0","","40 27:46.145","6","0","79 50:25.613","0","0","0","0","2113","0","0","0","N","0","0","0","1","02113","0","","4.0","","1","N","N","","0","","0","0","1","","0","Y","","2","0","1","0","0","0","0","2","0","2","","","","N","","","","","","","","","",""
"2012038134","","0","0","0","0","0","0","0","0","0","7","0","","02","3","2012","7","40.632903","-80.097932","","11","0","0","0","0","0","0","0","0","","0","0","0","","","0","","0","","40 37:58.450","","0","80 05:52.556","0","0","0","0","2212","0","0","0","Y","0","0","0","1","68B03","0","","4.0","","1","N","N","","1","","0","0","0","","0","","","1","0","0","0","0","0","0","2","0","1","","","","N","","","","","","","","","",""
"2012036719","","2","0","1","0","0","0","0","0","0","2","0","","02","4","2012","4","40.340675","-79.964437","","11","0","0","0","0","0","1","0","1","2","0","0","0","","","1","","1","","40 20:26.431","1","0","79 57:51.974","2","0","0","0","2454","0","0","0","N","0","0","0","5","02454","0","","1.0","","1","N","N","","1","","0","1","0","","2","Y","","3","1","1","0","0","0","0","2","0","3","","","","N","","","","","","","","","",""
"2012037618","","1","0","0","0","0","0","0","0","0","4","0","","02","4","2012","6","40.428443","-79.931295","","11","0","0","0","0","0","0","0","1","","0","0","0","","","0","","0","","40 25:42.395","","0","79 55:52.663","0","0","0","0","2301","0","0","0","N","0","0","0","4","02301","0","","1.0","","1","N","N","","0","","0","0","0","","9","","","2","0","2","0","0","0","0","2","1","2","","","","N","","","","","","","","","",""
"2012035975","","2","0","0","0","0","0","0","0","0","1","0","","02","4","2012","2","40.432381","-79.730681","","11","0","0","0","0","0","0","0","0","","0","0","0","","","0","","0","","40 25:56.570","","0","79 43:50.450","0","0","0","0","2446","0","0","0","N","0","0","0","3","02446","0","","1.0","","1","N","N","","0","","0","0","0","","2","","","2","0","0","0","0","0","0","2","0","2","","","","N","","","","","","","","","",""
"2012037318","","0","0","0","0","0","0","0","0","0","0","0","","02","4","2012","5","40.46576","-79.824733","","11","0","0","0","0","0","0","0","0","2","0","0","0","","","0","","2","","40 27:56.736","6","0","79 49:29.038","0","0","0","0","2113","0","0","0","N","0","0","0","1","02113","0","","1.0","","1","N","N","","1","","0","0","0","","3","Y","","1","0","0","0","0","0","0","2","0","1","","","","N","","","","","","","","","",""
"2012033161","","2","0","0","0","0","0","0","0","0","1","0","","02","3","2012","6","40.411014","-80.005933","","11","0","0","0","0","0","0","0","0","","0","0","0","","","0","","2","","40 24:39.651","","0","80 00:21.360","0","0","0","0","2301","0","0","0","N","0","0","0","2","02301","0","","1.0","","1","N","N","","0","","0","0","0","","0","","","2","0","0","0","0","0","0","2","0","2","","","","N","","","","","","","","","",""
"2012033162","","2","0","0","0","0","0","0","0","0","7","0","","02","3","2012","6","40.46968","-79.755058","","11","0","0","0","0","1","0","0","0","2","0","0","0","","","2","","0","","40 28:10.848","3","0","79 45:18.208","2","0","0","0","2466","0","0","0","N","0","0","0","3","02466","0","","4.0","","1","N","N","","0","","1","1","0","","0","N","","2","2","1","0","1","0","0","2","0","2","","","","N","","","","","","","","","",""
"2012037548","","3","0","0","0","0","0","0","0","0","5","0","","02","4","2012","6","40.362742","-79.874747","","11","0","0","0","0","0","0","0","0","1","0","0","0","","","0","","0","","40 21:45.870","2","0","79 52:29.090","0","0","0","0","2473","0","0","0","N","0","0","0","1","02473","0","","2.0","","1","N","N","","0","","0","0","0","","0","N","","3","0","0","0","0","0","0","2","0","3","","","","N","","","","","","","","","",""
"2012034062","","2","0","0","0","0","0","0","0","0","4","0","","02","4","2012","2","40.362022","-80.011171","","11","0","0","0","0","0","1","0","0","1","0","0","0","","","2","","1","","40 21:43.279","2","0","80 00:40.215","8","0","0","0","2416","0","0","0","N","0","0","0","3","02416","0","","1.0","","1","N","N","","0","","0","0","0","","3","Y","","2","2","0","0","0","2","0","2","0","2","","","","N","","","","","","","","","",""
"2012034830","","2","0","0","0","0","0","0","0","0","4","0","","02","4","2012","3","40.585611","-80.036054","","11","0","2","0","0","0","0","0","0","","0","0","0","","","0","","1","","40 35:08.199","","0","80 02:09.795","0","0","0","0","2108","0","0","0","N","0","0","0","2","02108","0","","1.0","","1","N","Y","","0","","0","0","0","","2","","","2","0","0","0","0","0","0","2","0","2","","","","N","","","","","","","","","",""