"CRN","ARRIVAL_TM","AUTOMOBILE_COUNT","BELTED_DEATH_COUNT","BELTED_SUSP_SERIOUS_INJ_COUNT","BICYCLE_COUNT","BICYCLE_DEATH_COUNT","BICYCLE_SUSP_SERIOUS_INJ_COUNT","BUS_COUNT","CHLDPAS_DEATH_COUNT","CHLDPAS_SUSP_SERIOUS_INJ_COUNT","COLLISION_TYPE","COMM_VEH_COUNT","CONS_ZONE_SPD_LIM","COUNTY","CRASH_MONTH","CRASH_YEAR","DAY_OF_WEEK","DEC_LATITUDE","DEC_LONGITUDE","DISPATCH_TM","DISTRICT","DRIVER_COUNT_16YR","DRIVER_COUNT_17YR","DRIVER_COUNT_18YR","DRIVER_COUNT_19YR","DRIVER_COUNT_20YR","DRIVER_COUNT_50_64YR","DRIVER_COUNT_65_74YR","DRIVER_COUNT_75PLUS","EST_HRS_CLOSED","FATAL_COUNT","HEAVY_TRUCK_COUNT","HORSE_BUGGY_COUNT","HOUR_OF_DAY","ILLUMINATION","INJURY_COUNT","INTERSECTION_RELATED","INTERSECT_TYPE","LANE_CLOSED","LATITUDE","LN_CLOSE_DIR","LOCATION_TYPE","LONGITUDE","MAX_SEVERITY_LEVEL","MCYCLE_DEATH_COUNT","MCYCLE_SUSP_SERIOUS_INJ_COUNT","MOTORCYCLE_COUNT","MUNICIPALITY","NONMOTR_COUNT","NONMOTR_DEATH_COUNT","NONMOTR_SUSP_SERIOUS_INJ_COUNT","NTFY_HIWY_MAINT","PED_COUNT","PED_DEATH_COUNT","PED_SUSP_SERIOUS_INJ_COUNT","PERSON_COUNT","POLICE_AGCY","POSSIBLE_INJ_COUNT","RDWY_SURF_TYPE_CD","RELATION_TO_ROAD","ROADWAY_CLEARED","ROAD_CONDITION","SCH_BUS_IND","SCH_ZONE_IND","SECONDARY_CRASH","SMALL_TRUCK_COUNT","SPEC_JURIS_CD","SUSP_MINOR_INJ_COUNT","SUSP_SERIOUS_INJ_COUNT","SUV_COUNT","TCD_FUNC_CD","TCD_TYPE","TFC_DETOUR_IND","TIME_OF_DAY","TOTAL_UNITS","TOT_INJ_COUNT","UNBELTED_OCC_COUNT","UNB_DEATH_COUNT","UNB_SUSP_SERIOUS_INJ_COUNT","UNK_INJ_DEG_COUNT","UNK_INJ_PER_COUNT","URBAN_RURAL","VAN_COUNT","VEHICLE_COUNT","WEATHER1","WEATHER2","WORKERS_PRES","WORK_ZONE_IND","WORK_ZONE_LOC","WORK_ZONE_TYPE","WZ_CLOSE_DETOUR","WZ_FLAGGER","WZ_LAW_OFFCR_IND","WZ_LN_CLOSURE","WZ_MOVING","WZ_OTHER","WZ_SHLDER_MDN","WZ_WORKERS_INJ_KILLED"
"2012033525","","1","0","0","0","0","0","0","0","0","4","0","","02","3","2012","6","40.344774","-79.961234","","11","0","0","0","0","0","1","0","0","2","0","0","0","","","0","","1","","40 20:41.186","3","0","79 57:40.443","0","0","0","0","2473","0","0","0","N","0","0","0","2","02473","0","","1.0","","1","N","N","","0","","0","0","1","","3","Y","","2","0","1","0","0","0","0","2","0","2","","","","N","","","","","","","","","",""
"2012034831","","0","0","0","0","0","0","0","0","0","4","0","","02","3","2012","6","40.451868","-80.160967","","11","0","1","0","0","0","0","0","0","","0","0","0","","","0","","1","","40 27:06.725","","0","80 09:39.481","0","0","0","0","2115","0","0","0","N","0","0","0","3","02115","0","","1.0","","1","N","N","","1","","0","0","1","","2","","","2","0","0","0","0","0","0","2","0","2","","","","N","","","","","","","","","",""
"2012033465","","2","0","0","0","0","0","0","0","0","1","0","","02","4","2012","1","40.444202","-80.028173","","11","0","0","0","0","0","0","0","0","","0","0","0","","","0","","10","","40 26:39.126","","0","80 01:41.424","9","0","0","0","2301","0","0","0","N","0","0","0","5","02301","0","","1.0","","1","N","N","","0","","0","0","1","","2","","","3","0","0","0","0","0","1","2","0","3","","","","N","","","","","","","","","",""
"2012033526","","0","0","0","0","0","0","0","0","0","6","0","","02","4","2012","1","40.458324","-80.06866","","11","0","0","0","0","0","0","0","0","1","0","0","0","","","0","","0","","40 27:29.966","2","0","80 04:07.176","0","0","0","0","2301","0","0","0","N","0","0","0","4","02301","0","","1.0","","1","N","N","","2","","0","0","0","","0","N","","2","0","0","0","0","0","0","2","0","2","","","","N","","","","","","","","","",""
"2012033941","","1","0","0","0","0","0","0","0","0","5","1","","02","3","2012","2","40.443388","-80.009001","","11","0","0","0","0","0","1","0","0","","0","1","0","","","2","","0","","40 26:36.197","","3","80 00:32.405","8","0","0","0","2301","0","0","0","N","0","0","0","4","68B03","0","","1.0","","1","N","N","","0","","0","0","0","","0","","","2","2","0","0","0","2","0","2","0","2","","","","N","","","","","","","","","",""
"2012035517","","1","0","0","0","0","0","0","0","0","4","0","","02","4","2012","7","40.432193","-80.003977","","11","0","0","0","0","0","0","0","0","1","0","0","0","","","3","","2","","40 25:55.894","7","0","80 00:14.317","3","0","0","0","2301","0","0","0","N","0","0","0","6","02301","0","","1.0","","1","N","N","","0","","3","0","1","","2","N","","2","3","0","0","0","0","0","2","0","2","","","","N","","","","","","","","","",""
"2012033390","","1","0","0","0","0","0","0","0","0","7","0","","02","3","2012","7","40.40038","-79.93827","","11","0","0","0","0","0","0","0","0","","0","0","0","","","0","","0","","40 24:01.368","","0","79 56:17.772","0","0","0","0","2301","0","0","0","N","0","0","0","1","02301","0","","4.0","","1","N","N","","0","","0","0","0","","0","","","1","0","1","0","0","0","0","2","0","1","","","","N","","","","","","","","","",""
"2012035039","","0","0","0","0","0","0","0","0","0","99","0","","02","4","2012","4","40.660581","-80.090036","","11","0","0","0","0","0","0","0","0","","0","0","0","","","0","","0","","40 39:38.090","","0","80 05:24.131","0","0","0","0","2212","0","0","0","N","0","0","0","1","68T02","0","","1.0","","1","N","N","","0","","0","0","0","","0","","","1","0","0","0","0","0","0","2","1","1","","","","N","","","","","","","","","",""
"2012033942","","0","0","0","0","0","0","0","0","0","7","1","","02","3","2012","4","40.439077","-80.010992","","11","0","0","0","0","0","0","0","0","3","0","1","0","","","0","","0","","40 26:20.678","4","3","80 00:39.572","0","0","0","0","2301","0","0","0","Y","0","0","0","2","68B03","0","","2.0","","1","N","N","","0","","0","0","1","","0","N","","2","0","0","0","0","0","0","2","0","2","","","","N","","","","","","","","","",""
"2012033391","","1","0","0","0","0","0","0","0","0","4","0","","02","3","2012","6","40.39878","-80.085626","","11","0","0","0","1","0","0","0","0","","0","0","0","","","0","","1","","40 23:55.608","","0","80 05:08.253","0","0","0","0","2117","0","0","0","N","0","0","0","3","02117","0","","1.0","","1","N","N","","0","","0","0","1","","3","","","2","0","0","0","0","0","0","2","0","2","","","","N","","","","","","","","","",""
"2012034150","","1","0","0","0","0","0","0","0","0","7","0","","02","4","2012","3","40.461155","-79.81252","","11","0","0","0","0","0","1","0","0","","0","0","0","","","0","","0","","40 27:40.158","","0","79 48:45.072","0","0","0","0","2113","0","0","0","N","0","0","0","1","02113","0","","4.0","","1","N","N","","0","","0","0","0","","0","","","1","0","0","0","0","0","0","2","0","1","","","","N","","","","","","","","","",""
"2012033452","","0","0","0","0","0","0","0","0","0","2","0","90","02","3","2012","6","40.416784","-80.064894","","11","0","0","0","0","0","0","0","0","2","0","0","0","","","2","","0","","40 25:00.421","3","0","80 03:53.619","8","0","0","0","2435","0","0","0","N","0","0","0","4","02435","0","","2.0","","1","N","N","","2","","0","0","1","","0","N","","3","2","1","0","0","2","0","2","0","3","","","Y","Y","4","3","","","N","","","","Y",""
"2012033943","","1","0","0","0","0","0","0","0","0","7","0","","02","3","2012","4","40.41546","-80.060299","","11","0","0","0","0","0","0","1","0","","0","0","0","","","0","","0","","40 24:55.655","","0","80 03:37.078","0","0","0","0","2435","0","0","0","Y","0","0","0","1","68B03","0","","2.0","","9","N","N","","0","","0","0","0","","0","","","1","0","0","0","0","0","0","2","0","1","","","","N","","","","","","","","","",""
"2012035519","","1","0","0","0","0","0","0","0","0","7","0","","02","4","2012","6","40.594133","-79.830691","","11","0","0","0","0","0","0","0","0","","0","0","0","","","0","","0","","40 35:38.879","","0","79 49:50.487","0","0","0","0","2209","0","0","0","N","0","0","0","1","02209","0","","2.0","","1","N","N","","0","","0","0","0","","0","","","1","0","0","0","0","0","0","1","0","1","","","","N","","","","","","","","","",""
"2012035583","","2","0","0","0","0","0","0","0","0","4","0","","02","4","2012","7","40.416936","-80.014558","","11","0","0","0","0","0","0","0","0","","0","0","0","","","0","","2","","40 25:00.970","","0","80 00:52.409","0","0","0","0","2301","0","0","0","N","0","0","0","3","02301","0","","1.0","","1","N","N","","0","","0","0","0","","2","","","2","0","0","0","0","0","0","2","0","2","","","","N","","","","","","","","","",""
"2012035597","","0","0","0","0","0","0","0","0","0","7","0","","02","3","2012","2","40.370639","-80.100552","","11","0","0","0","0","0","0","0","0","","0","0","0","","","1","","0","","40 22:14.299","","7","80 06:01.987","4","0","0","0","2102","0","0","0","N","0","0","0","1","02102","1","","5.0","","1","N","N","","1","","0","0","0","","2","","","1","1","0","0","0","0","0","2","0","1","","","","N","","","","","","","","","",""
"2012033392","","1","0","0","0","0","0","0","0","0","1","1","","02","3","2012","7","40.498175","-80.070208","","11","0","0","0","0","0","0","0","0","","0","1","0","","","0","","0","","40 29:53.431","","0","80 04:12.747","0","0","0","0","2301","0","0","0","N","0","0","0","3","02301","0","","1.0","","1","N","N","","0","","0","0","0","","0","","","2","0","0","0","0","0","0","2","0","2","","","","N","","","","","","","","","",""
"2012035776","","1","0","0","0","0","0","0","0","0","2","0","","02","4","2012","1","40.343947","-79.80923","","11","0","0","0","0","0","0","0","0","1","0","0","0","","","1","","10","","40 20:38.209","2","0","79 48:33.228","3","0","0","0","2477","0","0","0","N","0","0","0","2","02477","0","","1.0","","1","N","N","","0","","1","0","1","","0","N","","2","1","0","0","0","0","0","2","0","2","","","","N","","","","","","","","","",""
"2012033454","","1","0","0","0","0","0","0","0","0","8","0","","02","4","2012","1","40.421757","-79.990628","","11","0","0","0","0","0","0","0","0","","0","0","0","","","2","","0","","40 25:18.325","","0","79 59:26.260","3","0","0","0","2301","2","0","0","N","2","0","0","3","02301","0","","1.0","","1","N","N","","0","","2","0","0","","0","","","3","2","0","0","0","0","1","2","0","1","","","","N","","","","","","","","","",""
"2012035520","","1","0","0","0","0","0","0","0","0","1","0","","02","4","2012","6","40.364942","-80.019117","","11","0","0","0","0","0","2","0","0","","0","0","0","","","1","","0","","40 21:53.790","","0","80 01:08.822","4","0","0","0","2416","0","0","0","N","0","0","0","5","02416","1","","1.0","","1","N","N","","1","","0","0","1","","0","","","3","1","0","0","0","0","0","2","0","3","","","","N","","","","","","","","","",""
"2012033314","","0","0","0","0","0","0","0","0","0","4","0","","02","3","2012","7","40.613879","-79.947404","","11","0","0","0","0","0","0","0","0","1","0","0","0","","","4","","2","","40 36:49.963","2","0","79 56:50.656","3","0","0","0","2207","0","0","0","N","0","0","0","5","02207","0","","1.0","","1","N","N","","1","","2","0","1","","2","N","","2","4","0","0","0","2","0","2","0","2","","","","N","","","","","","","","","",""
"2012034086","","2","0","0","0","0","0","0","0","0","1","0","","02","4","2012","1","40.438864","-79.774706","","11","0","0","0","0","0","1","0","0","","0","0","0","","","2","","0","","40 26:19.910","","0","79 46:28.940","4","0","0","0","2446","0","0","0","N","0","0","0","4","02446","2","","1.0","","1","N","N","","0","","0","0","0","","0","","","2","2","0","0","0","0","0","2","0","2","","","","N","","","","","","","","","",""
"2012034225","","1","0","0","0","0","0","0","0","0","1","1","","02","3","2012","6","40.438491","-80.012083","","11","0","0","0","0","0","1","0","0","","0","1","0","","","1","","0","","40 26:18.567","","3","80 00:43.500","3","0","0","0","2301","0","0","0","N","0","0","0","2","68B03","0","","1.0","","1","N","N","","0","","1","0","0","","0","","","2","1","0","0","0","0","0","2","0","2","","","","N","","","","","","","","","",""
"2012034087","","1","0","0","0","0","0","0","0","0","4","0","","02","4","2012","2","40.387774","-80.055279","","11","0","0","0","1","0","1","0","0","","0","0","0","","","0","","0","","40 23:15.988","","0","80 03:19.004","0","0","0","0","2117","0","0","0","N","0","0","0","2","02117","0","","1.0","","1","N","N","","0","","0","0","0","","0","","","2","0","0","0","0","0","0","2","1","2","","","","N","","","","","","","","","",""
"2012034908","","2","0","0","0","0","0","0","0","0","1","0","","02","4","2012","4","40.469282","-79.963086","","11","0","0","1","0","0","1","0","0","","0","0","0","","","0","","0","","40 28:09.416","","3","79 57:47.111","0","0","0","0","2301","0","0","0","N","0","0","0","3","02301","0","","1.0","","1","N","N","","0","","0","0","1","","0","","","3","0","0","0","0","0","0","2","0","3","","","","N","","","","","","","","","",""
"2012033394","","2","0","0","0","0","0","0","0","0","4","0","","02","3","2012","7","40.364535","-80.023174","","11","0","0","0","0","0","0","0","1","2","0","0","0","","","1","","0","","40 21:52.326","5","0","80 01:23.427","4","0","0","0","2416","0","0","0","N","0","0","0","2","02416","1","","1.0","","1","N","N","","0","","0","0","0","","0","N","","2","1","0","0","0","0","0","2","0","2","","","","N","","","","","","","","","",""
"2012033470","","1","0","0","0","0","0","0","0","0","7","0","","02","4","2012","1","40.465334","-79.909329","","11","0","0","0","0","0","0","0","0","","0","0","0","","","0","","0","","40 27:55.202","","0","79 54:33.584","9","0","0","0","2301","0","0","0","N","0","0","0","2","02301","0","","5.0","","1","N","N","","0","","0","0","0","","0","","","1","0","0","0","0","0","2","2","0","1","","","","N","","","","","","","","","",""
"2012034226","","2","0","0","0","0","0","0","0","0","1","0","","02","3","2012","3","40.42832","-79.928844","","11","0","0","0","0","0","0","1","0","1","0","0","0","","","0","","0","","40 25:41.953","4","0","79 55:43.840","0","0","0","0","2301","0","0","0","N","0","0","0","3","68B03","0","","1.0","","1","N","N","","0","","0","0","1","","0","N","","3","0","0","0","0","0","0","2","0","3","","","","N","","","","","","","","","",""
"2012034007","","1","0","0","0","0","0","0","0","0","1","0","","02","4","2012","2","40.416826","-80.029827","","11","0","0","0","0","0","1","0","0","1","0","0","0","","","1","","1","","40 25:00.574","1","0","80 01:47.376","4","0","0","0","2301","0","0","0","N","0","0","0","2","02301","1","","1.0","","1","N","N","","0","","0","0","0","","2","N","","2","1","0","0","0","0","0","2","1","2","","","","N","","","","","","","","","",""
"2012034837","","1","0","0","0","0","0","0","0","0","1","0","","02","3","2012","6","40.524095","-80.214983","","11","0","0","0","0","0","1","0","0","","0","0","0","","","2","","0","","40 31:26.742","","0","80 12:53.938","4","0","0","0","2213","0","0","0","N","0","0","0","2","02213","2","","1.0","","1","N","N","","1","","0","0","0","","0","","","2","2","0","0","0","0","0","2","0","2","","","","N","","","","","","","","","",""
"2012034227","","2","0","0","0","0","0","0","0","0","1","1","","02","3","2012","4","40.431986","-79.87159","","11","0","0","0","0","0","0","0","0","","0","1","0","","","0","","0","","40 25:55.151","","0","79 52:17.723","0","0","0","0","2411","0","0","0","N","0","0","0","3","68B03","0","","1.0","","1","N","N","","0","","0","0","0","","0","","","3","0","0","0","0","0","0","2","0","3","","","","N","","","","","","","","","",""
"2012035459","","1","0","0","0","0","0","0","0","0","7","0","","02","4","2012","6","40.457757","-79.819207","","11","0","0","0","0","0","0","0","0","","0","0","0","","","0","","2","","40 27:27.925","","0","79 49:09.145","0","0","0","0","2113","0","0","0","N","0","0","0","1","02113","0","","2.0","","1","N","N","","0","","0","0","0","","0","","","1","0","0","0","0","0","0","2","0","1","","","","N","","","","","","","","","",""
"2012034910","","1","0","0","1","0","0","0","0","0","8","0","","02","4","2012","4","40.403276","-79.902711","","11","0","0","0","0","0","0","0","0","","0","0","0","","","1","","1","","40 24:11.793","","0","79 54:09.759","3","0","0","0","2448","1","0","0","","0","0","0","2","02448","0","","1.0","","1","","","","0","","1","0","0","","3","","","2","1","1","0","0","0","0","2","0","1","","","","N","","","","","","","","","",""
"2012034156","","1","0","0","0","0","0","0","0","0","2","0","","02","4","2012","2","40.609746","-79.940439","","11","0","0","0","0","0","0","0","1","2","0","0","0","","","0","","2","","40 36:35.085","6","0","79 56:25.580","0","0","0","0","2207","0","0","0","N","0","0","0","2","02207","0","","1.0","","1","N","N","","0","","0","0","1","","0","N","","2","0","0","0","0","0","0","2","0","2","","","","N","","","","","","","","","",""
"2012034168","","0","0","0","0","0","0","0","0","0","4","0","","02","4","2012","2","40.617082","-80.089444","","11","0","0","1","0","0","1","0","0","","0","0","0","","","1","","2","","40 37:01.494","","0","80 05:21.998","4","0","0","0","2212","0","0","0","N","0","0","0","2","02505","1","","1.0","","1","N","N","","0","","0","0","2","","2","","","2","1","0","0","0","0","0","2","0","2","","","","N","","","","","","","","","",""
"2012035460","","0","0","0","0","0","0","0","0","0","4","0","","02","4","2012","5","40.586535","-79.950318","","11","0","0","0","0","0","1","0","0","4","1","0","0","","","0","","2","","40 35:11.526","5","0","79 57:01.144","1","1","0","1","2207","0","0","0","N","0","0","0","2","02207","0","2","1.0","","1","N","N","","0","0","0","0","0","","0","Y","","2","0","0","0","0","0","0","2","1","2","","","","N","","","","","","","","","",""
"2012034839","","2","0","0","0","0","0","0","0","0","1","0","","02","4","2012","3","40.434053","-79.764402","","11","0","0","0","0","0","0","0","0","1","0","0","0","","","1","","2","","40 26:02.590","3","0","79 45:51.847","4","0","0","0","2446","0","0","0","N","0","0","0","2","02446","1","","1.0","","1","N","N","","0","","0","0","0","","2","N","","2","1","0","0","0","0","0","2","0","2","","","","N","","","","","","","","","",""
"2012034973","","1","0","0","0","0","0","0","0","0","7","0","","02","3","2012","7","40.439399","-80.010263","","11","0","0","0","0","0","0","0","0","","0","0","0","","","0","","3","","40 26:21.837","","3","80 00:36.946","0","0","0","0","2301","0","0","0","N","0","0","0","1","68B03","0","","4.0","","9","N","N","","0","","0","0","0","","0","","","1","0","0","0","0","0","0","2","0","1","","","","N","","","","","","","","","",""
"2012034169","","3","0","0","0","0","0","0","0","0","1","0","","02","4","2012","3","40.601227","-79.757017","","11","0","0","0","0","0","0","0","1","1","0","0","0","","","0","","1","","40 36:04.418","1","3","79 45:25.260","0","0","0","0","2464","0","0","0","N","0","0","0","4","02464","0","","1.0","","1","N","N","","0","","0","0","0","","2","Y","","3","0","0","0","0","0","0","2","0","3","","","","N","","","","","","","","","",""
"2012035046","","0","0","0","0","0","0","0","0","0","1","0","","02","4","2012","4","40.250108","-79.877745","","11","0","0","0","0","0","2","0","0","","0","0","0","","","0","","2","","40 15:00.390","","0","79 52:39.883","0","0","0","0","2204","0","0","0","N","0","0","0","2","02204","0","","1.0","","1","N","N","","0","","0","0","2","","2","","","2","0","0","0","0","0","0","1","0","2","","","","N","","","","","","","","","",""
"2012034974","","2","0","0","0","0","0","0","0","0","1","0","","02","4","2012","4","40.440593","-79.759873","","11","0","0","0","0","0","2","0","0","","0","0","0","","","1","","7","","40 26:26.133","","2","79 45:35.541","4","0","0","0","2446","0","0","0","N","0","0","0","5","68B03","1","","1.0","","1","N","N","","0","","0","0","0","","4","","","2","1","0","0","0","0","0","2","0","2","","","","N","","","","","","","","","",""
"2012034092","","1","0","0","0","0","0","0","0","0","1","0","","02","3","2012","4","40.50994","-80.093163","","11","0","0","0","0","0","0","0","0","","0","0","0","","","0","","2","","40 30:35.784","","0","80 05:35.388","0","0","0","0","2429","0","0","0","N","0","0","0","3","02215","0","","1.0","","1","N","N","","1","","0","0","1","","0","","","3","0","0","0","0","0","0","2","0","3","","","","N","","","","","","","","","",""
"2012033334","","2","0","0","0","0","0","0","0","0","6","0","","02","3","2012","7","40.388665","-79.976304","","11","0","0","0","0","0","0","0","0","","0","0","0","","","0","","0","","40 23:19.194","","0","79 58:34.694","0","0","0","0","2301","0","0","0","N","0","0","0","1","02301","0","","1.0","","1","N","N","","0","","0","0","0","","0","","","2","0","0","0","0","0","0","2","0","2","","","","N","","","","","","","","","",""
"2012033196","","0","0","0","0","0","0","0","0","0","2","0","","02","3","2012","6","40.486243","-80.054016","","11","0","0","0","0","0","1","0","0","2","0","0","0","","","0","","2","","40 29:10.475","1","0","80 03:14.456","0","0","0","0","2404","0","0","0","N","0","0","0","2","02404","0","","1.0","","1","N","N","","1","","0","0","1","","2","N","","2","0","0","0","0","0","0","2","0","2","","","","N","","","","","","","","","",""
"2012035721","","1","0","0","0","0","0","0","0","0","7","0","","02","4","2012","1","40.50308","-79.745982","","11","0","0","0","1","0","0","0","0","","0","0","0","","","0","","0","","40 30:11.089","","0","79 44:45.536","0","0","0","0","2466","0","0","0","N","0","0","0","1","02466","0","","2.0","","1","N","N","","0","","0","0","0","","0","","","1","0","0","0","0","0","0","2","0","1","","","","N","","","","","","","","","",""
"2012035467","","0","0","0","0","0","0","0","0","0","7","0","","02","4","2012","6","40.386505","-79.919997","","11","0","0","0","0","0","0","0","0","","0","0","0","","","1","","0","","40 23:11.418","","0","79 55:11.990","8","0","0","0","2301","0","0","0","N","0","0","0","1","02301","0","","5.0","","1","N","N","","0","","0","0","0","","0","","","1","1","0","0","0","1","0","2","0","1","","","","N","","","","","","","","","",""
"2012034017","","1","0","0","0","0","0","0","0","0","1","0","","02","4","2012","2","40.438675","-79.749734","","11","0","0","0","0","0","1","0","0","","0","0","0","","","0","","0","","40 26:19.229","","0","79 44:59.042","0","0","0","0","2446","0","0","0","N","0","0","0","3","02446","0","","1.0","","1","N","N","","1","","0","0","1","","2","","","3","0","0","0","0","0","0","2","0","3","","","","N","","","","","","","","","",""
"2012035054","","1","0","0","0","0","0","0","0","0","1","0","","02","4","2012","2","40.453987","-79.997852","","11","0","0","0","0","0","1","0","0","1","0","0","0","","","0","","1","","40 27:14.353","2","0","79 59:52.267","0","0","0","0","2301","0","0","0","N","0","0","0","4","02301","0","","1.0","","1","N","N","","0","","0","0","1","","2","Y","","3","0","0","0","0","0","0","2","1","3","","","","N","","","","","","","","","",""
"2012035544","","0","0","0","0","0","0","0","0","0","8","0","","02","4","2012","4","40.2264","-79.853759","","11","0","0","0","0","0","0","0","0","1","0","0","0","","","1","","0","","40 13:35.041","5","0","79 51:13.533","3","0","0","0","2204","1","0","0","N","1","0","0","3","02204","0","","1.0","","1","N","N","","0","","1","0","0","","0","N","","2","1","0","0","0","0","0","2","1","1","","","","N","","","","","","","","","",""
"2012034019","","0","0","0","1","0","0","0","0","0","8","0","","02","4","2012","2","40.462809","-79.931103","","11","0","0","0","0","0","0","0","1","1","0","0","0","","","1","","0","","40 27:46.114","5","0","79 55:51.971","3","0","0","0","2301","1","0","0","N","0","0","0","2","02301","0","","1.0","","98","N","N","","1","","1","0","0","","0","Y","","2","1","0","0","0","0","0","2","0","1","","","","N","","","","","","","","","",""
"2012034100","","1","0","0","0","0","0","1","0","0","4","1","","02","4","2012","2","40.532594","-79.958414","","11","0","0","0","0","0","1","1","0","2","0","0","0","","","0","","2","","40 31:57.337","1","0","79 57:30.290","0","0","0","0","2118","0","0","0","N","0","0","0","21","02118","0","","1.0","","1","Y","N","","0","","0","0","0","","2","N","","2","0","0","0","0","0","0","2","0","2","","","","N","","","","","","","","","",""
"2012034166","","1","0","0","0","0","0","0","0","0","1","0","","02","4","2012","3","40.448519","-80.012794","","11","0","0","0","0","0","1","0","0","1","0","0","0","","","0","","6","","40 26:54.669","2","2","80 00:46.057","0","0","0","0","2301","0","0","0","N","0","0","0","3","02301","0","","1.0","","1","N","N","","0","","0","0","1","","0","N","","2","0","0","0","0","0","0","2","0","2","","","","N","","","","","","","","","",""
"2012034861","","1","0","0","0","0","0","0","0","0","1","0","","02","4","2012","2","40.444003","-79.854015","","11","0","0","0","0","0","1","1","0","","0","0","0","","","1","","0","","40 26:38.410","","0","79 51:14.455","4","0","0","0","2419","0","0","0","N","0","0","0","4","68B03","1","","1.0","","1","N","N","","0","","0","0","1","","0","","","2","1","0","0","0","0","0","2","0","2","","","","N","","","","","","","","","",""
"2012035547","","1","0","0","0","0","0","0","0","0","1","0","","02","4","2012","6","","","","11","0","0","1","1","0","0","0","0","","0","0","0","","","0","","0","","","","3","","9","0","0","0","2446","0","0","0","N","0","0","0","4","02446","0","","1.0","","1","N","N","","0","","0","0","0","","0","","","3","0","0","0","0","0","1","1","1","3","","","","N","","","","","","","","","",""
"2012035613","","2","0","0","0","0","0","0","0","0","1","0","","02","4","2012","7","40.447965","-79.990536","","11","0","0","0","0","0","1","0","0","1","0","0","0","","","2","","2","","40 26:52.674","3","0","79 59:25.929","4","0","0","0","2301","0","0","0","N","0","0","0","6","02301","2","","1.0","","1","N","N","","0","","0","0","0","","0","N","","2","2","0","0","0","0","0","2","0","2","","","","N","","","","","","","","","",""
"2012034180","","0","0","0","0","0","0","0","0","0","7","0","","02","4","2012","3","40.488665","-80.012608","","11","0","0","0","0","0","0","0","0","2","0","0","0","","","0","","0","","40 29:19.194","6","0","80 00:45.388","0","0","0","0","2301","0","0","0","N","0","0","0","1","02301","0","","5.0","","1","N","N","","0","","0","0","1","","0","Y","","1","0","0","0","0","0","0","2","0","1","","","","N","","","","","","","","","",""
"2012033546","","2","0","0","0","0","0","0","0","0","1","0","","02","3","2012","1","40.3983","-80.083217","","11","0","0","0","0","0","0","0","0","1","0","0","0","","","2","","0","","40 23:53.879","4","0","80 04:59.580","8","0","0","0","2117","0","0","0","N","0","0","0","3","02117","0","","1.0","","1","N","N","","0","","0","0","0","","0","N","","2","2","0","0","0","2","1","2","0","2","","","","N","","","","","","","","","",""
"2012033346","","1","0","0","0","0","0","0","0","0","4","0","","02","3","2012","2","40.391812","-79.885176","","11","0","0","0","1","0","0","0","0","","0","0","0","","","0","","1","","40 23:30.523","","0","79 53:06.633","0","0","0","0","2473","0","0","0","N","0","0","0","7","02473","0","","1.0","","1","N","N","","0","","0","0","1","","3","","","2","0","0","0","0","0","0","2","0","2","","","","N","","","","","","","","","",""
"2012033422","","1","0","0","0","0","0","0","0","0","1","0","","02","3","2012","7","40.452603","-79.91041","","11","0","0","0","0","0","0","0","0","","0","0","0","","","1","","1","","40 27:09.369","","0","79 54:37.475","8","0","0","0","2301","0","0","0","N","0","0","0","2","02301","0","","1.0","","1","N","N","","0","","0","0","1","","2","","","2","1","0","0","0","1","0","2","0","2","","","","N","","","","","","","","","",""
"2012033205","","1","0","0","0","0","0","0","0","0","7","0","","02","3","2012","7","40.436188","-79.994735","","11","0","0","0","0","0","0","0","0","","0","0","0","","","0","","0","","40 26:10.277","","0","79 59:41.047","0","0","0","0","2301","0","0","0","N","0","0","0","1","02301","0","","4.0","","9","N","N","","0","","0","0","0","","0","","","1","0","0","0","0","0","0","2","0","1","","","","N","","","","","","","","","",""
"2012034105","","1","0","0","0","0","0","0","0","0","4","0","","02","4","2012","3","40.472176","-79.934586","","11","0","0","0","0","0","0","0","0","","0","0","0","","","1","","2","","40 28:19.833","","0","79 56:04.509","8","0","0","0","2301","0","0","0","N","0","0","0","2","02301","0","","1.0","","1","N","N","","0","","0","0","1","","0","","","2","1","0","0","0","1","0","2","0","2","","","","N","","","","","","","","","",""
"2012034924","","1","0","0","0","0","0","0","0","0","4","0","","02","4","2012","4","40.283652","-79.837454","","11","0","0","0","0","0","0","0","0","2","0","0","0","","","2","","3","","40 17:01.147","5","0","79 50:14.836","8","0","0","0","2105","0","0","0","N","0","0","0","10","02105","0","","1.0","","1","N","N","","2","","0","0","0","","0","Y","","3","2","1","0","0","2","0","2","0","3","","","","N","","","","","","","","","",""
"2012035664","","2","0","0","0","0","0","0","0","0","1","0","","02","4","2012","7","40.438863","-79.762579","","11","0","0","0","0","1","0","0","0","","0","0","0","","","1","","1","","40 26:19.908","","0","79 45:45.284","8","0","0","0","2446","0","0","0","N","0","0","0","6","02446","0","","1.0","","1","N","N","","0","","0","0","0","","2","","","2","1","0","0","0","1","0","2","0","2","","","","N","","","","","","","","","",""