"CRN","ARRIVAL_TM","AUTOMOBILE_COUNT","BELTED_DEATH_COUNT","BELTED_SUSP_SERIOUS_INJ_COUNT","BICYCLE_COUNT","BICYCLE_DEATH_COUNT","BICYCLE_SUSP_SERIOUS_INJ_COUNT","BUS_COUNT","CHLDPAS_DEATH_COUNT","CHLDPAS_SUSP_SERIOUS_INJ_COUNT","COLLISION_TYPE","COMM_VEH_COUNT","CONS_ZONE_SPD_LIM","COUNTY","CRASH_MONTH","CRASH_YEAR","DAY_OF_WEEK","DEC_LATITUDE","DEC_LONGITUDE","DISPATCH_TM","DISTRICT","DRIVER_COUNT_16YR","DRIVER_COUNT_17YR","DRIVER_COUNT_18YR","DRIVER_COUNT_19YR","DRIVER_COUNT_20YR","DRIVER_COUNT_50_64YR","DRIVER_COUNT_65_74YR","DRIVER_COUNT_75PLUS","EST_HRS_CLOSED","FATAL_COUNT","HEAVY_TRUCK_COUNT","HORSE_BUGGY_COUNT","HOUR_OF_DAY","ILLUMINATION","INJURY_COUNT","INTERSECTION_RELATED","INTERSECT_TYPE","LANE_CLOSED","LATITUDE","LN_CLOSE_DIR","LOCATION_TYPE","LONGITUDE","MAX_SEVERITY_LEVEL","MCYCLE_DEATH_COUNT","MCYCLE_SUSP_SERIOUS_INJ_COUNT","MOTORCYCLE_COUNT","MUNICIPALITY","NONMOTR_COUNT","NONMOTR_DEATH_COUNT","NONMOTR_SUSP_SERIOUS_INJ_COUNT","NTFY_HIWY_MAINT","PED_COUNT","PED_DEATH_COUNT","PED_SUSP_SERIOUS_INJ_COUNT","PERSON_COUNT","POLICE_AGCY","POSSIBLE_INJ_COUNT","RDWY_SURF_TYPE_CD","RELATION_TO_ROAD","ROADWAY_CLEARED","ROAD_CONDITION","SCH_BUS_IND","SCH_ZONE_IND","SECONDARY_CRASH","SMALL_TRUCK_COUNT","SPEC_JURIS_CD","SUSP_MINOR_INJ_COUNT","SUSP_SERIOUS_INJ_COUNT","SUV_COUNT","TCD_FUNC_CD","TCD_TYPE","TFC_DETOUR_IND","TIME_OF_DAY","TOTAL_UNITS","TOT_INJ_COUNT","UNBELTED_OCC_COUNT","UNB_DEATH_COUNT","UNB_SUSP_SERIOUS_INJ_COUNT","UNK_INJ_DEG_COUNT","UNK_INJ_PER_COUNT","URBAN_RURAL","VAN_COUNT","VEHICLE_COUNT","WEATHER1","WEATHER2","WORKERS_PRES","WORK_ZONE_IND","WORK_ZONE_LOC","WORK_ZONE_TYPE","WZ_CLOSE_DETOUR","WZ_FLAGGER","WZ_LAW_OFFCR_IND","WZ_LN_CLOSURE","WZ_MOVING","WZ_OTHER","WZ_SHLDER_MDN","WZ_WORKERS_INJ_KILLED"
"2012035538","","0","0","0","0","0","0","0","0","0","99","0","","02","4","2012","4","40.597997","-79.919779","","11","0","0","0","0","0","0","0","0","","0","0","0","","","0","","0","","40 35:52.789","","0","79 55:11.203","0","0","0","0","2207","0","0","0","N","0","0","0","1","68T02","0","","1.0","","1","N","N","","0","","0","0","0","","0","","","1","0","0","0","0","0","0","1","1","1","","","","N","","","","","","","","","",""
"2012035539","","0","0","0","0","0","0","0","0","0","99","0","","02","4","2012","4","40.549112","-79.825343","","11","0","0","0","0","0","0","0","0","","0","0","0","","","0","","0","","40 32:56.804","","0","79 49:31.235","0","0","0","0","2208","0","0","0","N","0","0","0","5","68T02","0","","1.0","","1","N","N","","0","","0","0","0","","0","","","1","0","0","0","0","0","0","2","1","1","","","","N","","","","","","","","","",""
"2012033425","","2","0","0","0","0","0","0","0","0","5","0","","02","3","2012","7","40.356399","-80.050341","","11","0","0","0","0","0","0","0","1","2","0","0","0","","","0","","0","","40 21:23.036","1","0","80 03:01.228","0","0","0","0","2109","0","0","0","N","0","0","0","3","02109","0","","1.0","","1","N","N","","0","","0","0","0","","0","N","","2","0","0","0","0","0","0","2","0","2","","","","N","","","","","","","","","",""
"2012033209","","2","0","0","0","0","0","0","0","0","6","0","","02","3","2012","6","40.444582","-79.942971","","11","0","0","0","0","0","0","0","0","","0","0","0","","","1","","1","","40 26:40.494","","0","79 56:34.697","4","0","0","0","2301","0","0","0","N","0","0","0","2","02301","1","","1.0","","9","N","N","","0","","0","0","0","","2","","","2","1","0","0","0","0","0","2","0","2","","","","N","","","","","","","","","",""
"2012034927","","1","0","0","0","0","0","0","0","0","4","0","","02","4","2012","4","40.461381","-79.863097","","11","0","0","0","0","0","1","0","0","","0","0","0","","","0","","1","","40 27:40.973","","0","79 51:47.149","0","0","0","0","2113","0","0","0","N","0","0","0","2","02113","0","","1.0","","1","N","N","","0","","0","0","0","","2","","","2","0","0","0","0","0","0","2","1","2","","","","N","","","","","","","","","",""
"2012035746","","0","0","0","0","0","0","0","0","0","0","0","","02","4","2012","7","40.432847","-79.973678","","11","0","0","0","0","0","0","0","0","","0","0","0","","","1","","0","","40 25:58.248","","3","79 58:25.239","3","0","0","1","2301","0","0","0","N","0","0","0","1","02301","0","","1.0","","1","N","N","","0","","1","0","0","","0","","","1","1","0","0","0","0","0","2","0","1","","","","N","","","","","","","","","",""
"2012034185","","1","0","0","0","0","0","0","0","0","2","0","","02","3","2012","7","40.573797","-80.034268","","11","0","0","0","0","0","0","0","0","1","0","0","0","","","0","","0","","40 34:25.669","3","0","80 02:03.364","0","0","0","0","2108","0","0","0","N","0","0","0","1","02108","0","","1.0","","1","N","N","","0","","0","0","1","","0","N","","2","0","0","0","0","0","0","2","0","2","","","","N","","","","","","","","","",""
"2012035667","","0","0","0","0","0","0","0","0","0","7","0","","02","4","2012","6","40.470336","-79.815035","","11","0","0","0","0","0","0","0","0","","0","0","0","","","3","","0","","40 28:13.209","","0","79 48:54.126","3","0","0","0","2113","0","0","0","N","0","0","0","3","02113","0","","5.0","","1","N","N","","0","","2","0","1","","0","","","1","3","0","0","0","1","0","2","0","1","","","","N","","","","","","","","","",""
"2012035554","","1","0","0","0","0","0","0","0","0","7","0","","02","4","2012","6","40.430678","-79.975964","","11","0","0","0","0","0","0","1","0","","0","0","0","","","1","","0","","40 25:50.440","","0","79 58:33.470","4","0","0","0","2301","0","0","0","N","0","0","0","1","02301","1","","2.0","","1","N","N","","0","","0","0","0","","0","","","1","1","0","0","0","0","0","2","0","1","","","","N","","","","","","","","","",""
"2012034109","","1","0","0","0","0","0","0","0","0","4","0","","02","3","2012","6","40.438869","-79.760496","","11","0","0","0","0","0","0","1","0","1","0","0","0","","","2","","1","","40 26:19.929","5","0","79 45:37.786","8","0","0","0","2446","0","0","0","N","0","0","0","5","02446","0","","1.0","","1","N","N","","1","","0","0","0","","2","N","","2","2","1","0","0","2","0","2","0","2","","","","N","","","","","","","","","",""
"2012034928","","1","0","0","0","0","0","0","0","0","5","0","","02","4","2012","4","40.351294","-79.866699","","11","0","0","0","0","0","1","0","0","","0","0","0","","","0","","1","","40 21:04.657","","0","79 52:00.117","0","0","0","0","2304","0","0","0","N","0","0","0","2","02304","0","","1.0","","1","N","N","","0","","0","0","1","","2","","","2","0","0","0","0","0","0","2","0","2","","","","N","","","","","","","","","",""
"2012033427","","1","0","0","0","0","0","0","0","0","1","0","","02","3","2012","7","40.393852","-80.046304","","11","0","0","0","0","0","0","0","0","1","0","0","0","","","0","","0","","40 23:37.868","2","0","80 02:46.694","0","0","0","0","2109","0","0","0","N","0","0","0","2","02109","0","","1.0","","1","N","N","","1","","0","0","0","","0","N","","2","0","0","0","0","0","0","2","0","2","","","","N","","","","","","","","","",""
"2012034186","","1","0","0","0","0","0","0","0","0","2","0","","02","4","2012","2","40.590797","-80.040289","","11","0","1","0","0","0","1","0","0","","0","0","0","","","2","","0","","40 35:26.869","","0","80 02:25.040","4","0","0","0","2108","0","0","0","N","0","0","0","2","02108","2","","1.0","","1","N","N","","0","","0","0","0","","0","","","2","2","0","0","0","0","0","2","1","2","","","","N","","","","","","","","","",""
"2012034042","","0","0","0","0","0","0","0","0","0","7","0","","02","3","2012","6","40.493438","-80.042233","","11","0","0","0","0","0","0","0","0","","0","0","0","","","1","","0","","40 29:36.376","","0","80 02:32.038","4","0","0","0","2116","0","0","0","N","0","0","0","1","02116","1","","5.0","","9","N","N","","0","","0","0","1","","0","","","1","1","1","0","0","0","0","2","0","1","","","","N","","","","","","","","","",""
"2012034123","","2","0","0","0","0","0","0","0","0","5","0","","02","4","2012","3","40.4359","-79.995204","","11","0","0","0","0","0","0","0","0","","0","0","0","","","0","","2","","40 26:09.241","","0","79 59:42.733","0","0","0","0","2301","0","0","0","N","0","0","0","3","02301","0","","1.0","","1","N","N","","0","","0","0","0","","0","","","2","0","0","0","0","0","0","2","0","2","","","","N","","","","","","","","","",""
"2012034187","","1","0","0","0","0","0","0","0","0","1","1","","02","4","2012","3","40.565864","-79.859431","","11","0","0","0","0","1","1","0","0","1","0","1","0","","","2","","0","","40 33:57.112","3","0","79 51:33.950","3","0","0","0","2209","0","0","0","N","0","0","0","3","02209","1","","1.0","","1","N","N","","0","","1","0","0","","0","N","","2","2","2","0","0","0","0","2","0","2","","","","N","","","","","","","","","",""
"2012035066","","1","0","0","0","0","0","0","0","0","7","0","","02","4","2012","4","40.445506","-79.930921","","11","0","0","0","0","0","0","0","1","1","0","0","0","","","0","","0","","40 26:43.823","4","0","79 55:51.317","0","0","0","0","2301","0","0","0","N","0","0","0","1","02301","0","","5.0","","1","N","N","","0","","0","0","0","","0","N","","1","0","0","0","0","0","0","2","0","1","","","","N","","","","","","","","","",""
"2012034111","","2","0","0","0","0","0","0","0","0","2","0","","02","4","2012","3","40.47247","-79.919749","","11","0","1","0","0","0","1","0","0","","0","0","0","","","1","","1","","40 28:20.892","","0","79 55:11.096","4","0","0","0","2301","0","0","0","N","0","0","0","4","02301","1","","1.0","","1","N","N","","0","","0","0","1","","0","","","3","1","0","0","0","0","0","2","0","3","","","","N","","","","","","","","","",""
"2012034188","","1","0","0","0","0","0","0","0","0","7","0","","02","3","2012","5","40.301811","-80.071277","","11","0","0","0","0","0","0","0","0","","0","0","0","","","0","","0","","40 18:06.520","","0","80 04:16.598","0","0","0","0","2407","0","0","0","N","0","0","0","1","02407","0","","5.0","","1","N","N","","0","","0","0","0","","0","","","1","0","0","0","0","0","0","2","0","1","","","","N","","","","","","","","","",""
"2012035481","","0","0","0","0","0","0","0","0","0","0","0","","02","4","2012","2","40.358385","-79.907391","","11","0","0","0","0","0","0","0","0","","0","0","0","","","0","","0","","40 21:30.186","","0","79 54:26.606","0","0","0","0","2473","0","0","0","N","0","0","0","1","02473","0","","1.0","","1","N","N","","0","","0","0","1","","0","","","1","0","0","0","0","0","0","2","0","1","","","","N","","","","","","","","","",""
"2012035557","","3","0","0","0","0","0","0","0","0","4","0","","02","4","2012","4","40.457842","-79.974246","","11","0","0","0","0","0","1","0","0","2","0","0","0","","","3","","1","","40 27:28.231","4","0","79 58:27.285","8","0","0","0","2301","0","0","0","N","0","0","0","3","02301","0","","1.0","","1","N","N","","0","","0","0","2","","3","Y","","5","3","2","0","0","3","0","2","0","5","","","","N","","","","","","","","","",""
"2012034044","","3","0","0","0","0","0","0","0","0","5","0","","02","3","2012","7","40.430485","-80.000202","","11","0","0","0","0","0","1","0","0","1","0","0","0","","","0","","0","","40 25:49.747","3","0","80 00:00.727","0","0","0","0","2301","0","0","0","N","0","0","0","2","02301","0","","1.0","","1","N","N","","0","","0","0","1","","0","Y","","5","0","0","0","0","0","0","2","1","5","","","","N","","","","","","","","","",""
"2012035676","","0","0","0","0","0","0","0","0","0","7","0","","02","4","2012","6","40.385112","-79.802969","","11","0","0","0","0","0","0","0","0","1","0","0","0","","","0","","0","","40 23:06.403","2","0","79 48:10.688","0","0","0","0","2424","0","0","0","N","0","0","0","1","02424","0","","5.0","","1","N","N","","1","","0","0","0","","0","N","","1","0","1","0","0","0","0","2","0","1","","","","N","","","","","","","","","",""
"2012033216","","0","0","0","0","0","0","0","0","0","1","0","","02","3","2012","3","40.345807","-79.958219","","11","0","0","0","0","0","1","0","0","","0","0","0","","","0","","0","","40 20:44.905","","0","79 57:29.587","0","0","0","0","2473","0","0","0","N","0","0","0","3","02473","0","","1.0","","1","N","N","","1","","0","0","1","","0","","","3","0","0","0","0","0","0","2","1","3","","","","N","","","","","","","","","",""
"2012035626","","1","0","0","0","0","0","0","0","0","7","0","","02","4","2012","7","40.44259","-80.039342","","11","0","0","0","0","0","0","0","0","","0","0","0","","","0","","0","","40 26:33.324","","0","80 02:21.631","0","0","0","0","2301","0","0","0","N","0","0","0","1","02301","0","","2.0","","1","N","N","","0","","0","0","0","","0","","","1","0","1","0","0","0","0","2","0","1","","","","N","","","","","","","","","",""
"2012033360","","0","0","0","0","0","0","0","0","0","0","0","","02","3","2012","2","40.517517","-79.843169","","11","0","0","0","0","0","1","0","0","","0","0","0","","","1","","2","","40 31:03.062","","0","79 50:35.408","4","0","0","0","2451","0","0","0","N","0","0","0","1","02451","1","","1.0","","1","N","N","","1","","0","0","0","","8","","","1","1","1","0","0","0","0","2","0","1","","","","N","","","","","","","","","",""
"2012034946","","1","0","0","0","0","0","0","0","0","7","0","","02","4","2012","5","40.389997","-79.933361","","11","0","0","0","0","0","0","0","0","1","0","0","0","","","0","","7","","40 23:23.989","4","2","79 56:00.101","9","0","0","0","2301","0","0","0","N","0","0","0","3","02301","0","","3.0","","1","N","N","","0","","0","0","0","","0","Y","","1","0","0","0","0","0","2","2","0","1","","","","N","","","","","","","","","",""
"2012033289","","3","0","0","0","0","0","0","0","0","1","0","","02","3","2012","4","40.339105","-80.126014","","11","0","0","0","0","0","1","0","0","2","0","0","0","","","0","","1","","40 20:20.779","1","0","80 07:33.650","0","0","0","0","2119","0","0","0","N","0","0","0","4","02119","0","","1.0","","9","N","N","","0","","0","0","0","","0","N","","3","0","1","0","0","0","0","2","0","3","","","","N","","","","","","","","","",""
"2012033373","","0","0","0","0","0","0","0","0","0","5","0","","02","3","2012","3","40.429308","-79.996717","","11","0","0","0","0","0","1","0","0","","0","0","0","","","0","","0","","40 25:45.510","","0","79 59:48.182","0","0","0","0","2301","0","0","0","N","0","0","0","1","02301","0","","6.0","","1","N","N","","2","","0","0","0","","0","","","2","0","0","0","0","0","0","2","0","2","","","","N","","","","","","","","","",""
"2012035486","","1","0","0","0","0","0","0","0","0","1","0","","02","4","2012","6","40.418321","-80.057275","","11","0","0","0","0","0","1","0","0","","0","0","0","","","2","","2","","40 25:05.954","","0","80 03:26.189","3","0","0","0","2435","0","0","0","N","0","0","0","2","02435","0","","1.0","","1","N","N","","0","","1","0","1","","0","","","2","2","0","0","0","1","0","2","0","2","","","","N","","","","","","","","","",""
"2012033219","","1","0","0","0","0","0","0","0","0","7","0","","02","3","2012","7","40.377597","-79.921054","","11","0","0","1","0","0","0","0","0","1","0","0","0","","","1","","0","","40 22:39.349","1","0","79 55:15.793","4","0","0","0","2301","0","0","0","N","0","0","0","1","02301","1","","2.0","","9","N","N","","0","","0","0","0","","0","N","","1","1","1","0","0","0","0","2","0","1","","05","","N","","","","","","","","","",""
"2012035565","","2","0","0","0","0","0","0","0","0","4","0","","02","4","2012","7","40.399371","-80.044663","","11","0","0","0","0","0","0","0","0","1","0","0","0","","","1","","3","","40 23:57.734","1","0","80 02:40.785","8","0","0","0","2301","0","0","0","N","0","0","0","2","02301","0","","1.0","","1","N","N","","0","","0","0","0","","2","N","","2","1","0","0","0","1","0","2","0","2","","","","N","","","","","","","","","",""
"2012033220","","0","0","0","0","0","0","0","0","0","2","0","","02","3","2012","6","40.401967","-80.000684","","11","0","0","0","0","0","1","0","0","","0","0","0","","","1","","1","","40 24:07.080","","0","80 00:02.464","3","0","0","0","2301","0","0","0","N","0","0","0","2","02301","0","","1.0","","1","N","N","","1","","1","0","1","","2","","","2","1","0","0","0","0","0","2","0","2","","","","N","","","","","","","","","",""
"2012035566","","2","0","0","0","0","0","0","0","0","2","0","","02","4","2012","6","40.425049","-79.942222","","11","0","0","0","0","0","0","0","0","","0","0","0","","","1","","0","","40 25:30.176","","0","79 56:31.999","2","0","0","0","2301","0","0","0","N","0","0","0","1","02301","0","","6.0","","1","N","N","","1","","0","1","1","","0","","","4","1","0","0","0","0","0","2","0","4","","","","N","","","","","","","","","",""
"2012035630","","2","0","0","0","0","0","0","0","0","1","0","","02","4","2012","7","40.44023","-80.034371","","11","0","0","0","0","0","1","0","0","","0","0","0","","","1","","2","","40 26:24.828","","0","80 02:03.735","8","0","0","0","2301","0","0","0","N","0","0","0","3","02301","0","","1.0","","1","N","N","","0","","0","0","0","","2","","","2","1","1","0","0","1","0","2","0","2","","","","N","","","","","","","","","",""
"2012035693","","3","0","0","0","0","0","0","0","0","5","0","","02","4","2012","7","40.520438","-80.175664","","11","0","0","0","0","0","0","0","0","","0","0","0","","","1","","0","","40 31:13.576","","0","80 10:32.390","4","0","0","0","2420","0","0","0","N","0","0","0","1","02420","1","","6.0","","1","N","N","","0","","0","0","0","","0","","","3","1","0","0","0","0","0","2","0","3","","","","N","","","","","","","","","",""
"2012033376","","1","0","0","0","0","0","0","0","0","7","0","","02","3","2012","7","40.424805","-79.979558","","11","0","0","0","0","0","0","0","0","","0","0","0","","","0","","3","","40 25:29.298","","0","79 58:46.408","0","0","0","0","2301","0","0","0","N","0","0","0","1","02301","0","","4.0","","1","N","N","","0","","0","0","0","","0","","","1","0","0","0","0","0","0","2","0","1","","","","N","","","","","","","","","",""
"2012034950","","0","0","0","0","0","0","0","0","0","7","0","","02","3","2012","6","40.408988","-79.874196","","11","0","0","0","0","0","0","0","0","","0","0","0","","","0","","2","","40 24:32.356","","0","79 52:27.105","0","0","0","0","2456","0","0","0","N","0","0","0","1","02456","0","","5.0","","1","N","N","","0","","0","0","1","","3","","","1","0","0","0","0","0","0","2","0","1","","","","N","","","","","","","","","",""
"2012035757","","2","0","0","0","0","0","0","0","0","1","0","","02","4","2012","5","40.47957","-80.104122","","11","0","0","0","0","0","1","0","0","1","0","0","0","","","0","","10","","40 28:46.452","4","0","80 06:14.839","9","0","0","0","2126","0","0","0","N","0","0","0","4","02126","0","","1.0","","1","N","N","","0","","0","0","0","","0","N","","2","0","0","0","0","0","1","2","0","2","","","","N","","","","","","","","","",""
"2012033437","","1","0","0","0","0","0","0","0","0","7","0","","02","3","2012","7","40.511094","-79.975852","","11","0","0","0","0","1","0","0","0","1","0","0","0","","","2","","0","","40 30:39.938","5","0","79 58:33.067","4","0","0","0","2118","0","0","0","N","0","0","0","2","02118","1","","5.0","","1","N","N","","0","","0","0","0","","0","Y","","1","2","0","0","0","1","0","2","0","1","","","","N","","","","","","","","","",""
"2012032742","","2","0","0","0","0","0","0","0","0","4","0","","02","3","2012","5","40.441056","-80.006785","","11","0","0","0","0","0","0","0","1","","0","0","0","","","2","","1","","40 26:27.803","","0","80 00:24.425","8","0","0","0","2301","0","0","0","N","0","0","0","2","02301","0","","1.0","","1","N","N","","0","","0","0","0","","2","","","2","2","0","0","0","2","0","2","0","2","","","","N","","","","","","","","","",""
"2012033366","","1","0","0","0","0","0","0","0","0","7","0","","02","3","2012","6","40.542808","-80.031822","","11","0","0","0","0","0","0","0","1","2","0","0","0","","","1","","0","","40 32:34.108","5","0","80 01:54.559","4","0","0","0","2116","0","0","0","N","0","0","0","1","02116","1","","5.0","","1","N","N","","0","","0","0","0","","0","Y","","1","1","0","0","0","0","0","2","0","1","","","","N","","","","","","","","","",""
"2012033223","","1","0","0","0","0","0","0","0","0","7","0","","02","3","2012","7","40.429953","-79.957778","","11","0","0","0","0","0","0","0","0","2","0","0","0","","","1","","2","","40 25:47.831","2","0","79 57:27.999","8","0","0","0","2301","0","0","0","N","0","0","0","3","02301","0","","5.0","","9","N","N","","0","","0","0","0","","2","Y","","1","1","0","0","0","1","0","2","0","1","","","","N","","","","","","","","","",""
"2012035570","","1","0","0","0","0","0","0","0","0","1","0","","02","4","2012","5","40.382381","-79.868372","","11","0","0","0","0","0","1","0","0","","0","0","0","","","0","","0","","40 22:56.570","","7","79 52:06.140","0","0","0","0","2473","0","0","0","N","0","0","0","3","02473","0","","1.0","","1","N","N","","1","","0","0","0","","3","","","2","0","0","0","0","0","0","2","0","2","","","","N","","","","","","","","","",""
"2012033367","","0","0","0","0","0","0","0","0","0","0","0","","02","3","2012","7","40.474986","-80.099278","","11","0","0","0","0","0","1","0","0","","0","0","0","","","0","","0","","40 28:29.950","","7","80 05:57.400","0","0","0","0","2126","0","0","0","N","0","0","0","1","02126","0","","1.0","","1","N","N","","0","","0","0","1","","0","","","1","0","0","0","0","0","0","2","0","1","","","","N","","","","","","","","","",""
"2012033440","","1","0","0","0","0","0","0","0","0","7","0","","02","3","2012","7","40.4942","-79.963317","","11","0","0","0","0","0","0","0","0","1","0","0","0","","","1","","0","","40 29:39.119","3","0","79 57:47.942","3","0","0","0","2118","0","0","0","N","0","0","0","1","02118","0","","5.0","","9","N","N","","0","","1","0","0","","0","Y","","1","1","0","0","0","0","0","2","0","1","","","","N","","","","","","","","","",""
"2012032744","","0","0","0","0","0","0","0","0","0","5","0","","02","3","2012","5","40.306007","-79.935006","","11","0","0","0","0","1","0","0","1","1","0","0","0","","","0","","0","","40 18:21.625","2","0","79 56:06.020","0","0","0","0","2440","0","0","0","N","0","0","0","2","02440","0","","1.0","","1","N","N","","1","","0","0","1","","0","Y","","2","0","0","0","0","0","0","2","0","2","","","","N","","","","","","","","","",""
"2012033515","","0","0","0","0","0","0","0","0","0","8","2","","02","3","2012","7","40.619009","-80.066446","","11","0","0","0","0","0","0","0","0","","0","1","0","","","1","","0","","40 37:08.432","","0","80 03:59.205","2","0","0","0","2216","1","0","1","N","1","0","1","1","02505","0","","1.0","","1","N","N","","1","","0","1","0","","0","","","3","1","0","0","0","0","0","2","0","2","","","","N","","","","","","","","","",""
"2012035571","","0","0","0","0","0","0","0","0","0","4","0","","02","4","2012","7","40.439032","-79.998133","","11","0","0","0","0","0","1","0","0","","0","0","0","","","0","","2","","40 26:20.515","","0","79 59:53.278","0","0","0","0","2301","0","0","0","N","0","0","0","2","02301","0","","1.0","","1","N","N","","0","","0","0","1","","2","","","2","0","0","0","0","0","0","2","1","2","","","","N","","","","","","","","","",""
"2012034137","","2","0","0","0","0","0","0","0","0","1","0","","02","4","2012","3","40.605377","-79.755631","","11","0","0","0","0","0","1","0","1","","0","0","0","","","3","","0","","40 36:19.357","","0","79 45:20.272","4","0","0","0","2464","0","0","0","N","0","0","0","10","02464","3","","1.0","","1","N","N","","0","","0","0","0","","0","","","3","3","0","0","0","0","0","2","1","3","","","","N","","","","","","","","","",""
"2012035572","","1","0","0","0","0","0","0","0","0","2","0","","02","4","2012","6","40.405667","-79.980787","","11","0","0","0","0","0","0","0","0","","0","0","0","","","0","","2","","40 24:20.401","","0","79 58:50.833","0","0","0","0","2301","0","0","0","N","0","0","0","1","02301","0","","1.0","","1","N","N","","0","","0","0","0","","0","","","2","0","0","0","0","0","0","2","0","2","","","","N","","","","","","","","","",""
"2012034895","","0","0","0","0","0","0","0","0","0","1","0","","02","4","2012","4","40.455315","-79.997191","","11","0","0","0","1","0","0","0","0","","0","0","0","","","0","","2","","40 27:19.135","","0","79 59:49.888","0","0","0","0","2301","0","0","0","N","0","0","0","3","02301","0","","1.0","","1","N","N","","0","","0","0","2","","0","","","2","0","0","0","0","0","0","2","0","2","","","","N","","","","","","","","","",""
"2012034139","","1","0","0","0","0","0","0","0","0","1","0","","02","4","2012","3","40.416009","-79.925324","","11","0","0","0","0","0","0","0","1","2","0","0","0","","","0","","0","","40 24:57.632","4","0","79 55:31.166","0","0","0","0","2301","0","0","0","N","0","0","0","3","02301","0","","1.0","","1","N","N","","0","","0","0","1","","0","N","","2","0","0","0","0","0","0","2","0","2","","","","N","","","","","","","","","",""
"2012034957","","0","0","0","0","0","0","0","0","0","7","0","","02","4","2012","4","40.481546","-79.885678","","11","0","0","0","0","0","0","0","0","1","0","0","0","","","2","","0","","40 28:53.565","2","3","79 53:08.439","4","0","0","0","2113","0","0","0","N","0","0","0","2","02113","1","","5.0","","1","N","N","","0","","0","0","1","","2","N","","1","2","2","0","0","1","0","2","0","1","","","","N","","","","","","","","","",""
"2012032746","","1","0","0","0","0","0","0","0","0","8","0","","02","3","2012","5","40.464137","-79.911167","","11","0","0","0","0","0","0","0","0","1","0","0","0","","","1","","0","","40 27:50.893","1","0","79 54:40.201","4","0","0","0","2301","1","0","0","N","1","0","0","3","02301","1","","1.0","","1","N","N","","0","","0","0","0","","0","N","","2","1","0","0","0","0","0","2","0","1","","","","N","","","","","","","","","",""
"2012035496","","0","0","0","0","0","0","0","0","0","8","1","","02","4","2012","6","40.442832","-79.991351","","11","0","0","0","0","0","0","0","0","","0","1","0","","","1","","1","","40 26:34.194","","0","79 59:28.862","3","0","0","0","2301","1","0","0","N","1","0","0","3","02301","0","","1.0","","1","N","N","","0","","1","0","0","","2","","","2","1","0","0","0","0","0","2","0","1","","","","N","","","","","","","","","",""
"2012034072","","1","0","0","0","0","0","0","0","0","5","0","","02","4","2012","2","40.522549","-80.174736","","11","0","0","0","0","0","2","0","0","","0","0","0","","","0","","1","","40 31:21.175","","0","80 10:29.050","0","0","0","0","2420","0","0","0","N","0","0","0","3","02420","0","","1.0","","1","N","N","","0","","0","0","0","","0","","","2","0","0","0","0","0","0","2","1","2","","","","N","","","","","","","","","",""
"2012033460","","3","0","0","0","0","0","0","0","0","4","0","","02","4","2012","1","40.434839","-79.922324","","11","0","0","0","0","0","0","0","0","2","0","0","0","","","2","","0","","40 26:05.420","6","0","79 55:20.366","3","0","0","0","2301","0","0","0","N","0","0","0","2","02301","0","","6.0","","1","N","N","","0","","2","0","0","","0","Y","","3","2","2","0","0","0","0","2","0","3","","","","N","","","","","","","","","",""
"2012034827","","1","0","0","0","0","0","0","0","0","1","0","","02","4","2012","4","40.429267","-79.999168","","11","0","0","0","0","0","0","0","0","","0","0","0","","","0","","1","","40 25:45.362","","0","79 59:57.003","0","0","0","0","2301","0","0","0","N","0","0","0","2","02301","0","","1.0","","1","N","N","","0","","0","0","1","","2","","","2","0","0","0","0","0","0","2","0","2","","","","N","","","","","","","","","",""
"2012035576","","2","0","0","0","0","0","0","0","0","5","0","","02","4","2012","7","40.42874","-79.969426","","11","0","0","0","0","0","0","1","0","1","0","0","0","","","1","","1","","40 25:43.464","4","0","79 58:09.933","4","0","0","1","2301","0","0","0","N","0","0","0","2","02301","1","","1.0","","1","N","N","","0","","0","0","0","","3","N","","3","1","0","0","0","0","0","2","0","3","","","","N","","","","","","","","","",""
"2012035702","","1","0","0","0","0","0","0","0","0","0","0","","02","4","2012","5","40.441962","-79.795389","","11","0","0","0","0","0","0","0","0","","0","0","0","","","0","","0","","40 26:31.063","","0","79 47:43.401","0","0","0","0","2446","0","0","0","N","0","0","0","1","68B03","0","","1.0","","1","N","N","","0","","0","0","0","","0","","","1","0","0","0","0","0","0","2","0","1","","","","N","","","","","","","","","",""
"2012033461","","1","0","0","0","0","0","0","0","0","7","0","","02","4","2012","1","40.434922","-79.981311","","11","0","0","0","0","0","0","0","0","","0","0","0","","","1","","0","","40 26:05.720","","0","79 58:52.720","4","0","0","0","2301","0","0","0","N","0","0","0","1","02301","1","","5.0","","1","N","N","","0","","0","0","0","","0","","","1","1","0","0","0","0","0","2","0","1","","","","N","","","","","","","","","",""
"2012034061","","0","0","0","0","0","0","0","0","0","4","0","","02","3","2012","5","40.613879","-79.947451","","11","0","0","0","0","0","1","0","0","2","0","0","0","","","0","","1","","40 36:49.966","2","0","79 56:50.822","0","0","0","0","2207","0","0","0","N","0","0","0","3","02207","0","","1.0","","1","N","N","","1","","0","0","0","","2","N","","2","0","0","0","0","0","0","2","1","2","","","","N","","","","","","","","","",""