"CRN","ARRIVAL_TM","AUTOMOBILE_COUNT","BELTED_DEATH_COUNT","BELTED_SUSP_SERIOUS_INJ_COUNT","BICYCLE_COUNT","BICYCLE_DEATH_COUNT","BICYCLE_SUSP_SERIOUS_INJ_COUNT","BUS_COUNT","CHLDPAS_DEATH_COUNT","CHLDPAS_SUSP_SERIOUS_INJ_COUNT","COLLISION_TYPE","COMM_VEH_COUNT","CONS_ZONE_SPD_LIM","COUNTY","CRASH_MONTH","CRASH_YEAR","DAY_OF_WEEK","DEC_LATITUDE","DEC_LONGITUDE","DISPATCH_TM","DISTRICT","DRIVER_COUNT_16YR","DRIVER_COUNT_17YR","DRIVER_COUNT_18YR","DRIVER_COUNT_19YR","DRIVER_COUNT_20YR","DRIVER_COUNT_50_64YR","DRIVER_COUNT_65_74YR","DRIVER_COUNT_75PLUS","EST_HRS_CLOSED","FATAL_COUNT","HEAVY_TRUCK_COUNT","HORSE_BUGGY_COUNT","HOUR_OF_DAY","ILLUMINATION","INJURY_COUNT","INTERSECTION_RELATED","INTERSECT_TYPE","LANE_CLOSED","LATITUDE","LN_CLOSE_DIR","LOCATION_TYPE","LONGITUDE","MAX_SEVERITY_LEVEL","MCYCLE_DEATH_COUNT","MCYCLE_SUSP_SERIOUS_INJ_COUNT","MOTORCYCLE_COUNT","MUNICIPALITY","NONMOTR_COUNT","NONMOTR_DEATH_COUNT","NONMOTR_SUSP_SERIOUS_INJ_COUNT","NTFY_HIWY_MAINT","PED_COUNT","PED_DEATH_COUNT","PED_SUSP_SERIOUS_INJ_COUNT","PERSON_COUNT","POLICE_AGCY","POSSIBLE_INJ_COUNT","RDWY_SURF_TYPE_CD","RELATION_TO_ROAD","ROADWAY_CLEARED","ROAD_CONDITION","SCH_BUS_IND","SCH_ZONE_IND","SECONDARY_CRASH","SMALL_TRUCK_COUNT","SPEC_JURIS_CD","SUSP_MINOR_INJ_COUNT","SUSP_SERIOUS_INJ_COUNT","SUV_COUNT","TCD_FUNC_CD","TCD_TYPE","TFC_DETOUR_IND","TIME_OF_DAY","TOTAL_UNITS","TOT_INJ_COUNT","UNBELTED_OCC_COUNT","UNB_DEATH_COUNT","UNB_SUSP_SERIOUS_INJ_COUNT","UNK_INJ_DEG_COUNT","UNK_INJ_PER_COUNT","URBAN_RURAL","VAN_COUNT","VEHICLE_COUNT","WEATHER1","WEATHER2","WORKERS_PRES","WORK_ZONE_IND","WORK_ZONE_LOC","WORK_ZONE_TYPE","WZ_CLOSE_DETOUR","WZ_FLAGGER","WZ_LAW_OFFCR_IND","WZ_LN_CLOSURE","WZ_MOVING","WZ_OTHER","WZ_SHLDER_MDN","WZ_WORKERS_INJ_KILLED"
"2012041800","","1","0","0","0","0","0","0","0","0","7","0","","02","4","2012","7","40.55101","-80.086779","","11","0","0","0","0","0","1","0","0","2","0","0","0","","","1","","0","","40 33:03.636","2","3","80 05:12.406","8","0","0","0","2215","0","0","0","N","0","0","0","2","68B03","0","","4.0","","9","N","N","","0","","0","0","0","","0","N","","1","1","0","0","0","1","0","2","0","1","","","","N","","","","","","","","","",""
"2012041065","","1","0","0","0","0","0","0","0","0","4","0","","02","4","2012","3","40.457246","-79.997838","","11","0","0","0","0","0","0","0","1","1","0","0","0","","","0","","1","","40 27:26.085","3","0","79 59:52.216","0","0","0","0","2301","0","0","0","N","0","0","0","2","02301","0","","1.0","","1","N","N","","0","","0","0","1","","2","N","","2","0","0","0","0","0","0","2","0","2","","","","N","","","","","","","","","",""
"2012040062","","0","0","0","0","0","0","0","0","0","1","0","","02","4","2012","7","40.510858","-79.832536","","11","0","0","0","0","0","1","0","0","","0","0","0","","","1","","2","","40 30:39.088","","0","79 49:57.129","8","0","0","0","2113","0","0","0","N","0","0","0","2","02113","0","","1.0","","9","N","N","","1","","0","0","0","","0","","","2","1","0","0","0","1","0","2","1","2","","","","N","","","","","","","","","",""
"2012039361","","1","0","0","0","0","0","0","0","0","7","0","","02","3","2012","7","40.558456","-80.115245","","11","0","0","0","0","0","0","0","0","1","0","0","0","","","2","","0","","40 33:30.443","1","0","80 06:54.882","3","0","0","0","2215","0","0","0","Y","0","0","0","2","68B03","1","","2.0","","9","N","N","","0","","1","0","0","","0","N","","1","2","1","0","0","0","0","2","0","1","","","","N","","","","","","","","","",""
"2012040197","","0","0","0","0","0","0","0","0","0","7","0","","02","4","2012","1","40.452966","-80.039423","","11","0","0","0","0","0","0","0","0","1","0","0","0","","","0","","2","","40 27:10.676","4","0","80 02:21.924","0","0","0","0","2301","0","0","0","N","0","0","0","2","02301","0","","1.0","","9","N","N","","0","","0","0","1","","2","N","","1","0","0","0","0","0","0","2","0","1","","","","N","","","","","","","","","",""
"2012041801","","1","0","0","0","0","0","0","0","0","7","0","","02","4","2012","2","40.426276","-79.893654","","11","0","0","0","0","0","0","0","0","2","0","0","0","","","3","","0","","40 25:34.594","3","0","79 53:37.156","4","0","0","0","2426","0","0","0","N","0","0","0","3","68B03","3","","2.0","","9","N","N","","0","","0","0","0","","0","N","","1","3","1","0","0","0","0","2","0","1","","","","N","","","","","","","","","",""
"2012040272","","1","0","0","0","0","0","0","0","0","7","0","","02","4","2012","5","40.398725","-79.820885","","11","0","0","0","0","0","1","0","0","","0","0","0","","","1","","2","","40 23:55.410","","0","79 49:15.186","4","0","0","0","2111","0","0","0","N","0","0","0","1","02111","1","","5.0","","1","N","N","","0","","0","0","0","","0","","","1","1","0","0","0","0","0","2","0","1","","","","N","","","","","","","","","",""
"2012039226","","1","0","0","0","0","0","0","0","0","7","0","","02","4","2012","1","40.494959","-79.907048","","11","0","1","0","0","0","0","0","0","","0","0","0","","","0","","0","","40 29:41.854","","0","79 54:25.373","0","0","0","0","2401","0","0","0","N","0","0","0","1","68D02","0","","4.0","","1","N","N","","0","","0","0","0","","0","","","1","0","0","0","0","0","0","2","0","1","","","","N","","","","","","","","","",""
"2012039286","","1","0","0","0","0","0","0","0","0","1","0","","02","4","2012","4","40.325315","-80.080684","","11","0","0","1","0","0","1","0","0","1","0","0","0","","","0","","0","","40 19:31.135","2","0","80 04:50.461","0","0","0","0","2123","0","0","0","N","0","0","0","2","02123","0","","1.0","","1","N","N","","0","","0","0","1","","2","N","","2","0","0","0","0","0","0","2","0","2","","","","N","","","","","","","","","",""
"2012039362","","3","0","0","0","0","0","0","0","0","1","0","","02","4","2012","2","40.416539","-80.085883","","11","0","0","0","0","0","2","0","0","1","0","0","0","","","0","","0","","40 24:59.540","3","0","80 05:09.177","0","0","0","0","2415","0","0","0","N","0","0","0","4","68B03","0","","1.0","","1","N","N","","0","","0","0","1","","0","N","","4","0","0","0","0","0","0","2","0","4","","","","N","","","","","","","","","",""
"2012039289","","0","0","0","0","0","0","0","0","0","1","0","","02","4","2012","4","40.45729","-79.909093","","11","0","0","0","0","0","1","0","0","","0","0","0","","","1","","1","","40 27:26.245","","0","79 54:32.735","8","0","0","0","2301","0","0","0","N","0","0","0","2","02301","0","","1.0","","1","N","N","","1","","0","0","1","","2","","","2","1","0","0","0","1","0","2","0","2","","","","N","","","","","","","","","",""
"2012040052","","1","0","0","0","0","0","0","0","0","1","0","","02","4","2012","6","40.37729","-80.004174","","11","0","0","0","0","0","0","0","1","","0","0","0","","","1","","2","","40 22:38.243","","0","80 00:15.027","4","0","0","0","2301","0","0","0","N","0","0","0","3","02301","1","","1.0","","1","N","N","","0","","0","0","1","","3","","","2","1","0","0","0","0","0","2","0","2","","","","N","","","","","","","","","",""
"2012039426","","1","0","0","0","0","0","0","0","0","7","1","55","02","4","2012","2","40.644418","-80.019151","","11","0","0","0","0","0","1","0","0","1","0","1","0","","","0","","0","","40 38:39.903","4","0","80 01:08.945","0","0","0","0","2216","0","0","0","N","0","0","0","2","68T02","0","","3.0","","1","N","N","","0","","0","0","0","","0","N","","2","0","0","0","0","0","0","2","0","2","","","N","Y","4","1","N","N","N","N","N","N","Y",""
"2012040864","","1","0","0","0","0","0","0","0","0","7","0","","02","4","2012","1","40.336098","-79.888707","","11","0","0","0","0","0","0","1","0","","0","0","0","","","0","","2","","40 20:09.952","","0","79 53:19.345","9","0","0","0","2433","0","0","0","N","0","0","0","2","02433","0","","5.0","","1","N","N","","0","","0","0","0","","0","","","1","0","2","0","0","0","1","2","0","1","","","","N","","","","","","","","","",""
"2012039441","","3","0","0","0","0","0","0","0","0","1","0","","02","4","2012","5","40.494414","-79.942547","","11","0","0","0","0","1","0","1","0","1","0","0","0","","","0","","6","","40 29:39.889","2","2","79 56:33.170","0","0","0","0","2430","0","0","0","N","0","0","0","3","02430","0","","1.0","","1","N","N","","0","","0","0","0","","0","N","","3","0","0","0","0","0","0","2","0","3","","","","N","","","","","","","","","",""
"2012040730","","2","0","0","0","0","0","0","0","0","1","0","","02","4","2012","7","40.4444","-80.14572","","11","0","0","0","0","0","1","0","0","","0","0","0","","","1","","0","","40 26:39.840","","0","80 08:44.593","8","0","0","0","2115","0","0","0","N","0","0","0","4","02115","0","","1.0","","9","N","N","","0","","0","0","0","","0","","","2","1","0","0","0","1","0","2","0","2","","","","N","","","","","","","","","",""
"2012040069","","1","0","0","0","0","0","0","0","0","8","0","","02","4","2012","6","40.411254","-79.913324","","11","0","0","0","0","0","0","1","0","4","1","0","0","","","0","","2","","40 24:40.514","7","0","79 54:47.966","1","0","0","0","2438","1","1","0","N","1","1","0","2","02438","0","2","1.0","","1","N","N","","0","0","0","0","0","","2","Y","","2","0","0","0","0","0","0","2","0","1","","","","N","","","","","","","","","",""
"2012039429","","1","0","0","0","0","0","0","0","0","1","0","","02","4","2012","3","40.429123","-79.786775","","11","0","0","0","0","0","1","0","0","","0","0","0","","","0","","0","","40 25:44.842","","0","79 47:12.390","0","0","0","0","2446","0","0","0","N","0","0","0","2","02446","0","","1.0","","1","N","N","","0","","0","0","1","","0","","","2","0","0","0","0","0","0","2","0","2","","","","N","","","","","","","","","",""
"2012041074","","0","0","0","0","0","0","0","0","0","5","1","","02","4","2012","3","40.418113","-79.84877","","11","0","0","0","0","0","0","0","0","1","0","1","0","","","1","","2","","40 25:05.206","3","0","79 50:55.571","4","0","0","0","2431","0","0","0","N","0","0","0","2","02431","1","","1.0","","1","N","N","","0","","0","0","1","","0","N","","3","1","0","0","0","0","0","2","1","3","","","","N","","","","","","","","","",""
"2012038825","","2","0","0","0","0","0","0","0","0","4","0","","02","4","2012","2","40.437781","-79.776287","","11","0","0","0","1","0","0","0","1","1","0","0","0","","","0","","0","","40 26:16.011","4","0","79 46:34.633","0","0","0","0","2446","0","0","0","N","0","0","0","3","02446","0","","1.0","","1","N","N","","0","","0","0","0","","0","N","","2","0","0","0","0","0","0","2","0","2","","","","N","","","","","","","","","",""
"2012038842","","2","0","0","0","0","0","0","0","0","5","0","","02","4","2012","5","40.542033","-80.013164","","11","0","0","0","0","0","0","0","0","1","0","0","0","","","0","","1","","40 32:31.320","2","0","80 00:47.389","0","0","0","0","2116","0","0","0","N","0","0","0","2","02116","0","","1.0","","1","N","N","","0","","0","0","0","","2","N","","2","0","0","0","0","0","0","2","0","2","","","","N","","","","","","","","","",""
"2012041162","","0","0","0","0","0","0","0","0","0","7","0","","02","4","2012","1","40.428833","-80.029324","","11","0","0","0","0","0","0","0","0","2","0","0","0","","","0","","0","","40 25:43.800","3","0","80 01:45.567","0","0","0","0","2301","0","0","0","N","0","0","0","4","68B03","0","","2.0","","1","N","N","","1","","0","0","1","","0","N","","2","0","0","0","0","0","0","2","0","2","","","","N","","","","","","","","","",""
"2012040304","","0","0","0","0","0","0","0","0","0","7","0","","02","4","2012","1","40.494459","-79.788379","","11","0","0","0","0","0","1","0","0","2","0","0","0","","","0","","2","","40 29:40.051","4","0","79 47:18.163","0","0","0","0","2113","0","0","0","Y","0","0","0","1","02113","0","","5.0","","1","N","N","","0","","0","0","1","","3","Y","","1","0","0","0","0","0","0","2","0","1","","","","N","","","","","","","","","",""
"2012041163","","3","0","0","0","0","0","0","0","0","1","0","","02","4","2012","2","40.416867","-80.08635","","11","0","0","0","0","0","1","0","0","1","0","0","0","","","0","","0","","40 25:00.720","3","0","80 05:10.861","0","0","0","0","2415","0","0","0","N","0","0","0","6","68B03","0","","1.0","","1","N","N","","1","","0","0","2","","0","N","","6","0","0","0","0","0","0","2","0","6","","","","N","","","","","","","","","",""
"2012040661","","1","0","0","0","0","0","0","0","0","4","0","","02","4","2012","2","40.448208","-80.01045","","11","0","0","0","0","0","0","0","0","","0","0","0","","","0","","1","","40 26:53.548","","0","80 00:37.620","0","0","0","0","2301","0","0","0","N","0","0","0","2","02301","0","","1.0","","9","N","N","","1","","0","0","0","","2","","","2","0","1","0","0","0","0","2","0","2","","","","N","","","","","","","","","",""
"2012038829","","2","0","0","0","0","0","0","0","0","4","0","","02","4","2012","2","40.416141","-79.847897","","11","0","0","0","0","0","0","0","0","2","0","0","0","","","1","","1","","40 24:58.108","3","0","79 50:52.429","4","0","0","0","2431","0","0","0","N","0","0","0","3","02431","1","","1.0","","1","N","N","","0","","0","0","0","","2","N","","2","1","1","0","0","0","0","2","0","2","","","","N","","","","","","","","","",""
"2012038844","","1","0","0","0","0","0","0","0","0","4","0","","02","4","2012","3","40.432866","-79.937505","","11","0","0","0","0","0","0","0","0","1","0","0","0","","","0","","2","","40 25:58.317","2","0","79 56:15.018","0","0","0","0","2301","0","0","0","N","0","0","0","2","02301","0","","1.0","","1","N","N","","1","","0","0","0","","0","N","","2","0","0","0","0","0","0","2","0","2","","","","N","","","","","","","","","",""
"2012041164","","1","0","0","0","0","0","0","0","0","1","0","","02","4","2012","5","40.443848","-79.840437","","11","0","0","0","0","0","1","0","0","","0","0","0","","","0","","0","","40 26:37.854","","0","79 50:25.574","0","0","0","0","2419","0","0","0","N","0","0","0","2","68B03","0","","1.0","","1","N","N","","1","","0","0","0","","0","","","2","0","1","0","0","0","0","2","0","2","","","","N","","","","","","","","","",""
"2012041371","","2","0","0","0","0","0","0","0","0","1","0","35","02","4","2012","4","40.402982","-79.838743","","11","0","0","0","0","0","1","0","0","","0","0","0","","","0","","0","","40 24:10.734","","0","79 50:19.475","0","0","0","0","2449","0","0","0","N","0","0","0","2","02449","0","","1.0","","1","N","N","","0","","0","0","0","","8","","","2","0","2","0","0","0","0","2","0","2","","","Y","Y","3","1","","","N","Y","","","",""
"2012040596","","3","0","0","0","0","0","0","0","0","4","0","","02","4","2012","3","40.488728","-79.972343","","11","0","0","0","0","0","0","0","0","1","0","0","0","","","0","","0","","40 29:19.419","5","0","79 58:20.434","9","0","0","0","2445","0","0","0","N","0","0","0","3","02445","0","","1.0","","1","N","N","","0","","0","0","0","","0","Y","","3","0","0","0","0","0","3","2","0","3","","","","N","","","","","","","","","",""
"2012041165","","1","0","0","0","0","0","0","0","0","1","1","","02","4","2012","6","40.58613","-80.101033","","11","0","0","0","1","0","1","0","0","2","0","1","0","","","1","","0","","40 35:10.067","2","0","80 06:03.717","8","0","0","0","2481","0","0","0","N","0","0","0","4","68B03","0","","1.0","","1","N","N","","0","","0","0","0","","0","N","","2","1","1","0","0","1","0","2","0","2","","","","N","","","","","","","","","",""
"2012038907","","1","0","0","0","0","0","0","0","0","7","0","","02","4","2012","7","40.484799","-80.008103","","11","0","0","0","0","0","0","0","0","","0","0","0","","","0","","0","","40 29:05.277","","0","80 00:29.172","0","0","0","0","2301","0","0","0","N","0","0","0","1","68B03","0","","2.0","","1","N","N","","0","","0","0","0","","0","","","1","0","0","0","0","0","0","2","0","1","","","","N","","","","","","","","","",""
"2012040448","","1","0","0","0","0","0","0","0","0","7","0","","02","4","2012","6","40.584366","-79.971219","","11","0","0","0","0","0","0","0","0","2","0","0","0","","","0","","0","","40 35:03.718","2","0","79 58:16.388","0","0","0","0","2207","0","0","0","N","0","0","0","1","02207","0","","5.0","","1","N","N","","0","","0","0","0","","0","Y","","1","0","0","0","0","0","0","2","0","1","","","","N","","","","","","","","","",""
"2012039744","","1","0","0","0","0","0","0","0","0","7","0","","02","4","2012","7","40.326946","-79.794324","","11","0","0","0","0","0","0","0","0","2","0","0","0","","","4","","0","","40 19:37.007","1","0","79 47:39.566","8","0","0","0","2477","0","0","0","N","0","0","0","4","02477","0","","5.0","","1","N","N","","0","","0","0","0","","0","N","","1","4","0","0","0","4","0","2","0","1","","","","N","","","","","","","","","",""
"2012038831","","0","0","0","0","0","0","0","0","0","0","0","","02","4","2012","6","40.464413","-80.053159","","11","0","0","0","0","0","1","1","0","","0","0","0","","","1","","2","","40 27:51.887","","0","80 03:11.371","8","0","0","1","2301","0","0","0","Y","0","0","0","2","02301","0","","1.0","","1","N","N","","1","","0","0","0","","0","","","2","1","0","0","0","1","0","2","0","2","","","","N","","","","","","","","","",""
"2012041166","","1","0","0","0","0","0","0","0","0","1","0","","02","4","2012","2","40.425817","-79.902208","","11","0","0","0","0","0","0","0","0","","0","0","0","","","2","","0","","40 25:32.942","","0","79 54:07.949","8","0","0","0","2301","0","0","0","N","0","0","0","4","68B03","0","","1.0","","9","N","N","","0","","0","0","2","","0","","","3","2","0","0","0","2","0","2","0","3","","","","N","","","","","","","","","",""
"2012038908","","1","0","0","0","0","0","0","0","0","7","0","","02","4","2012","7","40.427768","-79.890323","","11","0","0","0","0","0","0","0","0","","0","0","0","","","0","","0","","40 25:39.966","","0","79 53:25.162","0","0","0","0","2426","0","0","0","N","0","0","0","1","68B03","0","","3.0","","1","N","N","","0","","0","0","0","","0","","","1","0","0","0","0","0","0","2","0","1","","","","N","","","","","","","","","",""
"2012041228","","0","0","0","0","0","0","0","0","0","0","0","","02","4","2012","3","40.469749","-79.979851","","11","0","0","0","0","0","0","0","0","2","0","0","0","","","1","","0","","40 28:11.096","6","7","79 58:47.463","3","0","0","1","2301","0","0","0","N","0","0","0","1","02301","0","","1.0","","1","N","N","","0","","1","0","0","","0","N","","1","1","0","0","0","0","0","2","0","1","","","","N","","","","","","","","","",""
"2012041402","","2","0","0","0","0","0","0","0","0","4","0","","02","4","2012","4","40.432873","-79.936537","","11","0","0","0","0","0","0","0","0","","0","0","0","","","0","","1","","40 25:58.342","","0","79 56:11.533","0","0","0","0","2301","0","0","0","N","0","0","0","2","02301","0","","1.0","","1","N","N","","0","","0","0","0","","2","","","2","0","0","0","0","0","0","2","0","2","","","","N","","","","","","","","","",""
"2012039147","","1","0","0","0","0","0","0","0","0","4","0","","02","4","2012","7","40.426292","-79.963576","","11","0","0","0","0","0","1","0","0","1","0","0","0","","","1","","1","","40 25:34.651","5","0","79 57:48.873","4","0","0","0","2301","0","0","0","N","0","0","0","2","02301","1","","1.0","","9","N","N","","0","","0","0","0","","2","N","","2","1","0","0","0","0","0","2","1","2","","","","N","","","","","","","","","",""
"2012039537","","1","0","0","0","0","0","0","0","0","8","0","","02","4","2012","4","40.587551","-79.828919","","11","0","0","0","0","0","0","0","1","","0","0","0","","","1","","0","","40 35:15.184","","0","79 49:44.108","4","0","0","0","2209","1","0","0","N","1","0","0","2","02209","1","","2.0","","1","N","N","","0","","0","0","0","","0","","","2","1","0","0","0","0","0","2","0","1","","","","N","","","","","","","","","",""
"2012041098","","1","0","0","0","0","0","0","0","0","7","0","","02","4","2012","2","40.474738","-80.010922","","11","0","0","0","0","0","0","0","0","2","0","0","0","","","0","","2","","40 28:29.056","2","0","80 00:39.319","0","0","0","0","2301","0","0","0","N","0","0","0","1","02301","0","","2.0","","1","N","N","","0","","0","0","0","","0","N","","1","0","0","0","0","0","0","2","0","1","","","","N","","","","","","","","","",""
"2012039599","","0","0","0","0","0","0","0","0","0","0","0","","02","4","2012","5","40.494197","-79.746761","","11","0","0","0","0","0","0","0","0","1","0","0","0","","","1","","0","","40 29:39.109","1","0","79 44:48.339","3","0","0","1","2466","0","0","0","N","0","0","0","1","02466","0","","1.0","","1","N","N","","0","","1","0","0","","0","N","","1","1","0","0","0","0","0","2","0","1","","","","N","","","","","","","","","",""
"2012041167","","2","0","0","0","0","0","0","0","0","1","0","","02","4","2012","2","40.425541","-79.907645","","11","0","0","0","0","0","0","0","0","","0","0","0","","","2","","0","","40 25:31.946","","0","79 54:27.521","3","0","0","0","2301","0","0","0","N","0","0","0","3","68B03","1","","1.0","","9","N","N","","0","","1","0","0","","0","","","3","2","0","0","0","0","1","2","0","3","","","","N","","","","","","","","","",""
"2012039148","","1","0","0","0","0","0","0","0","0","7","0","","02","4","2012","2","40.647306","-79.970772","","11","0","0","0","0","1","0","0","0","1","0","0","0","","","0","","0","","40 38:50.301","1","0","79 58:14.779","0","0","0","0","2217","0","0","0","N","0","0","0","1","02505","0","","5.0","","1","N","N","","0","","0","0","0","","0","N","","1","0","1","0","0","0","0","1","0","1","","","","N","","","","","","","","","",""
"2012040666","","0","0","0","0","0","0","0","0","0","4","0","","02","4","2012","2","40.35151","-79.865072","","11","0","0","0","0","0","1","0","0","","0","0","0","","","0","","2","","40 21:05.436","","0","79 51:54.259","0","0","0","0","2304","0","0","0","N","0","0","0","2","02304","0","","1.0","","9","N","N","","1","","0","0","0","","2","","","2","0","0","0","0","0","0","2","1","2","","","","N","","","","","","","","","",""
"2012039538","","0","0","0","0","0","0","0","0","0","99","0","","02","4","2012","4","40.498679","-80.210058","","11","0","0","0","0","0","1","0","0","","0","0","0","","","0","","0","","40 29:55.245","","0","80 12:36.209","0","0","0","0","2213","0","0","0","N","0","0","0","1","02213","0","","1.0","","1","N","N","","0","","0","0","0","","0","","","1","0","0","0","0","0","0","2","1","1","","","","N","","","","","","","","","",""
"2012039067","","1","0","0","0","0","0","0","0","0","7","0","","02","4","2012","3","40.456007","-80.061715","","11","0","0","0","0","0","1","0","0","","0","0","0","","","0","","2","","40 27:21.625","","0","80 03:42.174","0","0","0","0","2301","0","0","0","N","0","0","0","1","02301","0","","5.0","","1","N","N","","0","","0","0","0","","0","","","1","0","0","0","0","0","0","2","0","1","","","","N","","","","","","","","","",""
"2012039838","","1","0","0","0","0","0","0","0","0","4","0","","02","4","2012","5","40.437597","-79.77005","","11","0","0","0","0","0","0","0","1","1","0","0","0","","","1","","0","","40 26:15.350","2","0","79 46:12.180","4","0","0","0","2446","0","0","0","N","0","0","0","3","02446","1","","1.0","","1","N","N","","1","","0","0","0","","3","N","","2","1","0","0","0","0","0","2","0","2","","","","N","","","","","","","","","",""
"2012040600","","1","0","0","0","0","0","0","0","0","7","0","","02","4","2012","7","40.511387","-79.953154","","11","0","0","0","0","0","0","0","0","1","0","0","0","","","0","","0","","40 30:40.993","3","0","79 57:11.353","0","0","0","0","2118","0","0","0","N","0","0","0","1","02118","0","","5.0","","9","N","N","","0","","0","0","0","","0","N","","1","0","0","0","0","0","0","2","0","1","","","","N","","","","","","","","","",""
"2012039539","","1","0","0","0","0","0","0","0","0","5","0","","02","4","2012","6","40.528806","-80.240517","","11","0","1","0","0","0","0","0","0","","0","0","0","","","1","","2","","40 31:43.702","","0","80 14:25.861","3","0","0","1","2213","0","0","0","N","0","0","0","6","02213","0","","1.0","","1","N","N","","0","","1","0","0","","3","","","2","1","0","0","0","0","0","2","0","2","","","","N","","","","","","","","","",""
"2012040311","","2","0","0","0","0","0","0","0","0","6","0","","02","4","2012","6","40.517795","-80.162095","","11","0","0","0","0","0","0","0","1","","0","0","0","","","1","","1","","40 31:04.061","","0","80 09:43.543","3","0","0","0","2420","0","0","0","N","0","0","0","4","02420","0","","1.0","","1","N","N","","0","","1","0","0","","2","","","2","1","0","0","0","0","0","2","0","2","","","","N","","","","","","","","","",""
"2012040440","","0","0","0","0","0","0","0","0","0","7","0","","02","4","2012","1","40.355696","-80.046458","","11","0","0","0","0","0","0","0","0","3","0","0","0","","","1","","0","","40 21:20.507","3","0","80 02:47.247","8","0","0","0","2109","0","0","0","N","0","0","0","1","02109","0","","5.0","","9","N","N","","0","","0","0","1","","0","Y","","1","1","0","0","0","1","0","2","0","1","","","","N","","","","","","","","","",""
"2012038991","","1","0","1","0","0","0","0","0","0","4","0","","02","4","2012","1","40.454825","-79.994438","","11","0","0","0","0","0","1","0","0","3","0","0","0","","","2","","1","","40 27:17.371","5","0","79 59:39.975","2","0","0","0","2301","0","0","0","N","0","0","0","2","02301","0","","1.0","","9","N","N","","1","","0","2","0","","0","N","","2","2","0","0","0","0","0","2","0","2","","","","N","","","","","","","","","",""
"2012039540","","0","0","0","0","0","0","0","0","0","0","0","","02","4","2012","6","40.535341","-80.242031","","11","0","0","0","1","0","0","0","0","","0","0","0","","","1","","2","","40 32:07.227","","0","80 14:31.311","4","0","0","1","2213","0","0","0","N","0","0","0","1","02213","1","","1.0","","1","N","N","","0","","0","0","0","","3","","","1","1","0","0","0","0","0","2","0","1","","","","N","","","","","","","","","",""
"2012040312","","1","0","0","0","0","0","0","0","0","7","0","","02","4","2012","2","40.464055","-79.882893","","11","0","0","0","0","0","0","1","0","1","0","0","0","","","1","","0","","40 27:50.599","5","0","79 52:58.416","8","0","0","0","2113","0","0","0","N","0","0","0","1","02113","0","","4.0","","1","N","N","","0","","0","0","0","","0","N","","1","1","0","0","0","1","0","2","0","1","","","","N","","","","","","","","","",""
"2012038850","","1","0","0","0","0","0","0","0","0","4","0","","02","4","2012","1","40.532111","-79.712764","","11","0","0","1","0","1","0","0","0","4","0","0","0","","","3","","1","","40 31:55.601","6","0","79 42:45.949","2","0","0","0","2466","0","0","0","Y","0","0","0","5","02466","0","","1.0","","1","N","N","","1","","2","1","0","","3","Y","","2","3","0","0","0","0","0","1","0","2","","","","N","","","","","","","","","",""
"2012039749","","0","0","0","0","0","0","0","0","0","1","1","","02","4","2012","6","40.442756","-80.044431","","11","0","0","0","0","0","0","0","0","","0","1","0","","","0","","0","","40 26:33.920","","0","80 02:39.950","0","0","0","0","2301","0","0","0","N","0","0","0","2","02301","0","","1.0","","1","N","N","","0","","0","0","1","","0","","","2","0","0","0","0","0","0","2","0","2","","","","N","","","","","","","","","",""
"2012039153","","0","0","0","0","0","0","0","0","0","5","0","","02","4","2012","4","40.514803","-80.004306","","11","0","0","0","0","0","0","0","1","2","0","0","0","","","1","","1","","40 30:53.291","1","0","80 00:15.503","4","0","0","0","2116","0","0","0","N","0","0","0","2","02116","1","","1.0","","9","N","N","","0","","0","0","2","","0","N","","2","1","0","0","0","0","0","2","0","2","","","","N","","","","","","","","","",""
"2012041102","","1","0","0","0","0","0","0","0","0","6","0","","02","4","2012","2","40.447425","-79.942471","","11","0","0","0","0","0","0","0","0","1","0","0","0","","","0","","1","","40 26:50.730","3","0","79 56:32.895","0","0","0","0","2301","0","0","0","N","0","0","0","3","02301","0","","1.0","","1","N","N","","0","","0","0","1","","2","N","","2","0","0","0","0","0","0","2","0","2","","","","N","","","","","","","","","",""
"2012041105","","1","0","0","0","0","0","0","0","0","4","0","","02","4","2012","2","40.667154","-80.102148","","11","0","0","0","0","0","1","0","0","","0","0","0","","","0","","1","","40 40:01.754","","0","80 06:07.732","0","0","0","0","2212","0","0","0","N","0","0","0","2","02505","0","","1.0","","1","N","N","","0","","0","0","1","","2","","","2","0","0","0","0","0","0","2","0","2","","","","N","","","","","","","","","",""
"2012039673","","2","0","0","0","0","0","0","0","0","1","0","","02","4","2012","5","40.363959","-80.119093","","11","0","0","0","0","0","0","0","0","1","0","0","0","","","2","","0","","40 21:50.252","2","0","80 07:08.735","4","0","0","0","2102","0","0","0","N","0","0","0","2","68B03","2","","1.0","","1","N","N","","0","","0","0","0","","0","Y","","2","2","0","0","0","0","0","2","0","2","","","","N","","","","","","","","","",""
"2012039055","","2","0","0","0","0","0","0","0","0","1","0","90","02","4","2012","3","40.359987","-80.072764","","11","0","0","0","0","0","0","1","1","","0","0","0","","","0","","0","","40 21:35.954","","0","80 04:21.952","0","0","0","0","2123","0","0","0","N","0","0","0","2","02123","0","","1.0","","1","N","N","","0","","0","0","0","","7","","","2","0","0","0","0","0","0","2","0","2","","","Y","Y","3","1","","Y","N","Y","","","Y",""