"CRN","ARRIVAL_TM","AUTOMOBILE_COUNT","BELTED_DEATH_COUNT","BELTED_SUSP_SERIOUS_INJ_COUNT","BICYCLE_COUNT","BICYCLE_DEATH_COUNT","BICYCLE_SUSP_SERIOUS_INJ_COUNT","BUS_COUNT","CHLDPAS_DEATH_COUNT","CHLDPAS_SUSP_SERIOUS_INJ_COUNT","COLLISION_TYPE","COMM_VEH_COUNT","CONS_ZONE_SPD_LIM","COUNTY","CRASH_MONTH","CRASH_YEAR","DAY_OF_WEEK","DEC_LATITUDE","DEC_LONGITUDE","DISPATCH_TM","DISTRICT","DRIVER_COUNT_16YR","DRIVER_COUNT_17YR","DRIVER_COUNT_18YR","DRIVER_COUNT_19YR","DRIVER_COUNT_20YR","DRIVER_COUNT_50_64YR","DRIVER_COUNT_65_74YR","DRIVER_COUNT_75PLUS","EST_HRS_CLOSED","FATAL_COUNT","HEAVY_TRUCK_COUNT","HORSE_BUGGY_COUNT","HOUR_OF_DAY","ILLUMINATION","INJURY_COUNT","INTERSECTION_RELATED","INTERSECT_TYPE","LANE_CLOSED","LATITUDE","LN_CLOSE_DIR","LOCATION_TYPE","LONGITUDE","MAX_SEVERITY_LEVEL","MCYCLE_DEATH_COUNT","MCYCLE_SUSP_SERIOUS_INJ_COUNT","MOTORCYCLE_COUNT","MUNICIPALITY","NONMOTR_COUNT","NONMOTR_DEATH_COUNT","NONMOTR_SUSP_SERIOUS_INJ_COUNT","NTFY_HIWY_MAINT","PED_COUNT","PED_DEATH_COUNT","PED_SUSP_SERIOUS_INJ_COUNT","PERSON_COUNT","POLICE_AGCY","POSSIBLE_INJ_COUNT","RDWY_SURF_TYPE_CD","RELATION_TO_ROAD","ROADWAY_CLEARED","ROAD_CONDITION","SCH_BUS_IND","SCH_ZONE_IND","SECONDARY_CRASH","SMALL_TRUCK_COUNT","SPEC_JURIS_CD","SUSP_MINOR_INJ_COUNT","SUSP_SERIOUS_INJ_COUNT","SUV_COUNT","TCD_FUNC_CD","TCD_TYPE","TFC_DETOUR_IND","TIME_OF_DAY","TOTAL_UNITS","TOT_INJ_COUNT","UNBELTED_OCC_COUNT","UNB_DEATH_COUNT","UNB_SUSP_SERIOUS_INJ_COUNT","UNK_INJ_DEG_COUNT","UNK_INJ_PER_COUNT","URBAN_RURAL","VAN_COUNT","VEHICLE_COUNT","WEATHER1","WEATHER2","WORKERS_PRES","WORK_ZONE_IND","WORK_ZONE_LOC","WORK_ZONE_TYPE","WZ_CLOSE_DETOUR","WZ_FLAGGER","WZ_LAW_OFFCR_IND","WZ_LN_CLOSURE","WZ_MOVING","WZ_OTHER","WZ_SHLDER_MDN","WZ_WORKERS_INJ_KILLED"
"2012043976","","0","0","0","0","0","0","0","0","0","2","0","","02","5","2012","4","40.65912","-79.986151","","11","0","0","0","0","0","0","0","0","2","0","0","0","","","2","","0","","40 39:32.831","6","0","79 59:10.142","8","0","0","0","2217","0","0","0","N","0","0","0","4","02505","0","","1.0","","9","N","N","","1","","0","0","1","","0","N","","2","2","1","0","0","2","0","1","0","2","","","","N","","","","","","","","","",""
"2012044757","","1","0","0","0","0","0","0","0","0","7","0","","02","4","2012","7","40.512422","-79.884392","","11","1","0","0","0","0","0","0","0","","0","0","0","","","0","","0","","40 30:44.719","","0","79 53:03.810","0","0","0","0","2432","0","0","0","N","0","0","0","1","02432","0","","2.0","","1","N","N","","0","","0","0","0","","0","","","1","0","0","0","0","0","0","2","0","1","","","","N","","","","","","","","","",""
"2012044585","","0","0","0","0","0","0","0","0","0","4","0","","02","4","2012","1","40.521266","-79.812736","","11","0","0","0","0","0","1","0","0","","0","0","0","","","0","","0","","40 31:16.557","","7","79 48:45.851","0","0","0","0","2466","0","0","0","N","0","0","0","5","68T02","0","","5.0","","1","N","N","","0","","0","0","2","","0","","","2","0","0","0","0","0","0","2","0","2","","","","N","","","","","","","","","",""
"2012042369","","1","0","0","0","0","0","0","0","0","7","0","","02","4","2012","6","40.478831","-80.043122","","11","0","0","0","0","0","0","0","0","","0","0","0","","","0","","1","","40 28:43.792","","0","80 02:35.239","0","0","0","0","2301","0","0","0","N","0","0","0","1","02301","0","","2.0","","1","N","N","","0","","0","0","0","","2","","","1","0","0","0","0","0","0","2","0","1","","","","N","","","","","","","","","",""
"2012044771","","2","0","0","0","0","0","0","0","0","1","0","","02","5","2012","6","40.465367","-79.921013","","11","0","0","0","0","0","0","0","0","2","0","0","0","","","2","","2","","40 27:55.321","3","0","79 55:15.646","3","0","0","0","2301","0","0","0","N","0","0","0","3","02301","0","","1.0","","1","N","N","","0","","2","0","1","","0","N","","3","2","0","0","0","0","1","2","0","3","","","","N","","","","","","","","","",""
"2012043278","","2","0","0","0","0","0","0","0","0","4","0","","02","4","2012","2","40.456934","-79.998833","","11","0","0","0","0","1","1","0","0","1","0","0","0","","","0","","1","","40 27:24.964","3","0","79 59:55.797","0","0","0","0","2301","0","0","0","N","0","0","0","2","02301","0","","1.0","","1","N","N","","0","","0","0","0","","0","N","","2","0","0","0","0","0","0","2","0","2","","","","N","","","","","","","","","",""
"2012044042","","1","0","0","0","0","0","0","0","0","0","0","","02","5","2012","3","40.466243","-79.822686","","11","0","0","0","0","0","0","1","0","2","0","0","0","","","0","","0","","40 27:58.474","6","7","79 49:21.669","0","0","0","0","2113","0","0","0","N","0","0","0","1","02113","0","","1.0","","1","N","N","","0","","0","0","0","","0","Y","","1","0","0","0","0","0","0","2","0","1","","","","N","","","","","","","","","",""
"2012042512","","1","0","0","0","0","0","0","0","0","4","0","","02","4","2012","6","40.505898","-79.936376","","11","0","0","0","0","0","1","0","0","1","0","0","0","","","1","","2","","40 30:21.232","3","0","79 56:10.955","3","0","0","1","2118","0","0","0","N","0","0","0","2","02118","0","","1.0","","1","N","N","","0","","1","0","0","","3","N","","2","1","0","0","0","0","0","2","0","2","","","","N","","","","","","","","","",""
"2012043966","","1","0","0","0","0","0","0","0","0","2","0","","02","5","2012","3","40.4287","-79.988519","","11","0","0","0","0","0","1","0","0","","0","0","0","","","1","","1","","40 25:43.319","","0","79 59:18.670","3","0","0","1","2301","0","0","0","N","0","0","0","2","02301","0","","1.0","","1","N","N","","0","","1","0","0","","2","","","2","1","0","0","0","0","0","2","0","2","","","","N","","","","","","","","","",""
"2012043213","","0","0","0","0","0","0","0","0","0","7","0","","02","4","2012","6","40.509756","-80.078695","","11","0","0","0","0","0","0","0","0","3","0","0","0","","","0","","0","","40 30:35.123","1","0","80 04:43.302","9","0","0","0","2405","0","0","0","Y","0","0","0","1","02215","0","","5.0","","1","N","N","","0","","0","0","1","","0","N","","1","0","0","0","0","0","1","2","0","1","","","","N","","","","","","","","","",""
"2012043281","","0","0","0","0","0","0","0","0","0","8","0","","02","4","2012","2","40.433524","-79.918552","","11","0","0","0","0","0","1","0","0","1","0","0","0","","","1","","1","","40 26:00.686","4","0","79 55:06.787","4","0","0","0","2301","1","0","0","N","1","0","0","2","02301","1","","1.0","","1","N","N","","0","","0","0","0","","3","Y","","2","1","0","0","0","0","0","2","1","1","","","","N","","","","","","","","","",""
"2012043294","","0","0","0","0","0","0","0","0","0","0","0","","02","4","2012","1","40.369378","-79.910861","","11","0","0","0","0","0","0","0","0","","0","0","0","","","2","","2","","40 22:09.762","","0","79 54:39.098","4","0","0","1","2301","0","0","0","N","0","0","0","2","02301","2","","1.0","","1","N","N","","0","","0","0","0","","0","","","1","2","0","0","0","0","0","2","0","1","","","","N","","","","","","","","","",""
"2012043840","","0","0","0","0","0","0","0","0","0","4","0","","02","4","2012","6","40.579601","-80.220776","","11","0","0","0","0","0","0","0","0","","0","0","0","","","1","","2","","40 34:46.563","","0","80 13:14.793","3","0","0","1","2441","0","0","0","N","0","0","0","3","02441","0","","1.0","","1","N","N","","1","","1","0","0","","0","","","2","1","0","0","0","0","0","2","0","2","","","","N","","","","","","","","","",""
"2012044588","","2","0","0","0","0","0","0","0","0","2","0","","02","5","2012","5","40.452496","-79.707679","","11","0","0","0","0","0","0","0","0","1","0","0","0","","","0","","0","","40 27:08.987","5","0","79 42:27.646","0","0","0","0","2466","0","0","0","N","0","0","0","1","02466","0","","1.0","","1","N","N","","0","","0","0","0","","0","N","","2","0","0","0","0","0","0","2","0","2","","","","N","","","","","","","","","",""
"2012043066","","1","0","0","0","0","0","0","0","0","7","0","","02","4","2012","1","40.366465","-79.777655","","11","0","0","0","0","1","0","0","0","1","0","0","0","","","1","","0","","40 21:59.273","4","0","79 46:39.558","8","0","0","0","2111","0","0","0","N","0","0","0","1","02111","0","","2.0","","9","N","N","","0","","0","0","0","","0","N","","1","1","1","0","0","1","0","2","0","1","","","","N","","","","","","","","","",""
"2012044044","","2","0","0","0","0","0","0","0","0","1","0","","02","5","2012","4","40.326614","-80.077236","","11","0","0","0","0","0","1","0","0","1","0","0","0","","","1","","0","","40 19:35.811","1","0","80 04:38.048","8","0","0","0","2123","0","0","0","N","0","0","0","4","02123","0","","1.0","","1","N","N","","0","","0","0","1","","0","N","","3","1","0","0","0","1","2","2","0","3","","","","N","","","","","","","","","",""
"2012043067","","1","0","0","0","0","0","0","0","0","1","0","","02","4","2012","1","40.4162","-80.030325","","11","0","0","0","0","0","0","0","0","","0","0","0","","","2","","0","","40 24:58.320","","0","80 01:49.170","8","0","0","0","2301","0","0","0","N","0","0","0","5","02301","0","","1.0","","1","N","N","","0","","0","0","1","","2","","","2","2","0","0","0","2","0","2","0","2","","","","N","","","","","","","","","",""
"2012043983","","1","0","0","0","0","0","0","0","0","4","0","","02","5","2012","4","40.372966","-79.79286","","11","0","0","0","0","0","0","0","0","","0","0","0","","","1","","0","","40 22:22.676","","0","79 47:34.296","8","0","0","0","2111","0","0","0","N","0","0","0","2","02111","0","","1.0","","9","N","N","","1","","0","0","0","","0","","","2","1","1","0","0","1","0","2","0","2","","","","N","","","","","","","","","",""
"2012043284","","1","0","0","0","0","0","0","0","0","8","0","","02","4","2012","2","40.456164","-80.005436","","11","0","0","0","0","0","0","0","0","","0","0","0","","","1","","2","","40 27:22.190","","0","80 00:19.570","4","0","0","0","2301","1","0","0","N","1","0","0","2","02301","1","","1.0","","1","N","N","","0","","0","0","0","","0","","","2","1","0","0","0","0","0","2","0","1","","","","N","","","","","","","","","",""
"2012043842","","2","0","0","0","0","0","0","0","0","7","0","25","02","5","2012","3","40.474536","-79.971494","","11","0","0","0","0","0","0","0","0","","0","0","0","","","1","","6","","40 28:28.330","","3","79 58:17.378","4","0","0","0","2445","0","0","0","N","0","0","0","3","02118","1","","7.0","","9","N","N","","0","","0","0","0","","7","","","2","1","2","0","0","0","0","2","0","2","","","Y","Y","4","1","","Y","Y","Y","Y","","",""
"2012044671","","1","0","0","0","0","0","0","0","0","99","0","","02","5","2012","6","40.36284","-80.083805","","11","0","0","0","0","0","1","0","0","","0","0","0","","","1","","0","","40 21:46.224","","0","80 05:01.698","4","0","0","0","2117","0","0","0","N","0","0","0","3","02117","1","","1.0","","1","N","N","","1","","0","0","0","","0","","","2","1","0","0","0","0","0","2","0","2","","","","N","","","","","","","","","",""
"2012043297","","1","0","0","0","0","0","0","0","0","7","0","","02","4","2012","2","40.622747","-79.836941","","11","0","0","0","0","0","0","0","0","","0","0","0","","","1","","0","","40 37:21.890","","0","79 50:12.988","4","0","0","0","2220","0","0","0","N","0","0","0","1","02220","1","","5.0","","1","N","N","","0","","0","0","0","","0","","","1","1","0","0","0","0","0","2","0","1","","","","N","","","","","","","","","",""
"2012042376","","2","0","0","0","0","0","0","0","0","2","0","","02","4","2012","6","40.396964","-79.978661","","11","0","0","0","0","0","0","0","0","","0","0","0","","","0","","0","","40 23:49.071","","0","79 58:43.179","9","0","0","0","2301","0","0","0","N","0","0","0","2","02301","0","","4.0","","1","N","N","","0","","0","0","1","","0","","","3","0","0","0","0","0","2","2","0","3","","","","N","","","","","","","","","",""
"2012044048","","3","0","0","0","0","0","0","0","0","1","0","","02","5","2012","4","40.430057","-79.957786","","11","0","0","0","0","0","1","0","0","","0","0","0","","","0","","2","","40 25:48.205","","0","79 57:28.031","0","0","0","0","2301","0","0","0","N","0","0","0","4","02301","0","","1.0","","1","N","N","","0","","0","0","0","","2","","","3","0","0","0","0","0","0","2","0","3","","","","N","","","","","","","","","",""
"2012043845","","2","0","0","0","0","0","0","0","0","4","0","","02","5","2012","4","40.458613","-79.908014","","11","0","0","0","0","0","2","0","0","1","0","0","0","","","0","","1","","40 27:31.005","3","0","79 54:28.849","0","0","0","0","2301","0","0","0","N","0","0","0","3","02301","0","","1.0","","9","N","N","","0","","0","0","0","","0","N","","2","0","0","0","0","0","0","2","0","2","","","","N","","","","","","","","","",""
"2012044049","","1","0","0","0","0","0","0","0","0","2","0","","02","5","2012","3","40.427693","-79.986368","","11","0","0","0","0","0","0","0","0","1","0","0","0","","","1","","1","","40 25:39.694","1","0","79 59:10.924","3","0","0","0","2301","0","0","0","N","0","0","0","2","02301","0","","1.0","","1","N","N","","1","","1","0","0","","2","Y","","2","1","0","0","0","0","0","2","0","2","","","","N","","","","","","","","","",""
"2012043073","","2","0","0","0","0","0","0","0","0","1","0","","02","4","2012","1","40.311901","-79.893791","","11","0","0","0","0","0","0","0","0","","0","0","0","","","1","","0","","40 18:42.842","","0","79 53:37.647","8","0","0","0","2302","0","0","0","N","0","0","0","2","02302","0","","1.0","","1","N","N","","0","","0","0","0","","0","","","2","1","0","0","0","1","0","2","0","2","","","","N","","","","","","","","","",""
"2012044781","","2","0","0","0","0","0","0","0","0","1","0","","02","5","2012","6","40.381094","-79.995286","","11","0","0","0","0","0","0","0","0","2","0","0","0","","","3","","0","","40 22:51.939","5","0","79 59:43.029","4","0","0","0","2301","0","0","0","N","0","0","0","8","02301","1","","1.0","","1","N","N","","0","","0","0","0","","0","N","","3","3","0","0","0","2","0","2","1","3","","","","N","","","","","","","","","",""
"2012044536","","1","0","0","0","0","0","0","0","0","5","0","","02","5","2012","5","40.399147","-80.000139","","11","0","0","0","0","0","0","0","0","","0","0","0","","","0","","0","","40 23:56.930","","0","80 00:00.502","0","0","0","0","2301","0","0","0","N","0","0","0","3","02301","0","","1.0","","9","N","N","","0","","0","0","2","","0","","","3","0","0","0","0","0","0","2","0","3","","","","N","","","","","","","","","",""
"2012043991","","2","0","0","0","0","0","0","0","0","4","0","","02","5","2012","4","40.349971","-79.821066","","11","0","0","0","0","0","1","0","1","1","0","0","0","","","3","","1","","40 20:59.895","1","0","79 49:15.837","8","0","0","0","2477","0","0","0","N","0","0","0","3","02477","0","","1.0","","1","N","N","","0","","0","0","0","","3","N","","2","3","0","0","0","3","0","2","0","2","","","","N","","","","","","","","","",""
"2012044525","","0","0","0","0","0","0","0","0","0","7","0","","02","5","2012","6","40.44759","-80.21011","","11","0","0","0","0","0","0","0","0","2","0","0","0","","","0","","0","","40 26:51.325","2","0","80 12:36.395","9","0","0","0","2214","0","0","0","N","0","0","0","1","02214","0","","2.0","","1","N","N","","0","","0","0","1","","0","N","","1","0","0","0","0","0","1","2","0","1","","","","N","","","","","","","","","",""
"2012044598","","1","0","0","0","0","0","0","0","0","1","0","","02","5","2012","5","40.444139","-79.993483","","11","0","0","0","0","0","0","0","0","","0","0","0","","","0","","2","","40 26:38.900","","0","79 59:36.540","0","0","0","0","2301","0","0","0","N","0","0","0","3","02301","0","","1.0","","1","N","N","","1","","0","0","0","","2","","","2","0","0","0","0","0","0","2","0","2","","","","N","","","","","","","","","",""
"2012043154","","1","0","0","0","0","0","0","0","0","4","0","","02","4","2012","1","40.389847","-80.014667","","11","0","0","0","0","0","0","0","0","1","0","0","0","","","0","","1","","40 23:23.449","1","0","80 00:52.801","0","0","0","0","2301","0","0","0","N","0","0","0","2","02301","0","","1.0","","1","N","N","","0","","0","0","0","","3","N","","2","0","0","0","0","0","0","2","1","2","","","","N","","","","","","","","","",""
"2012043992","","0","0","0","0","0","0","0","0","0","1","0","","02","4","2012","1","40.343339","-79.963669","","11","0","0","0","0","0","0","0","0","2","0","0","0","","","1","","0","","40 20:36.019","3","0","79 57:49.210","3","0","0","1","2454","0","0","0","N","0","0","0","2","02454","0","","1.0","","1","N","N","","0","","1","0","1","","0","N","","2","1","0","0","0","0","0","2","0","2","","","","N","","","","","","","","","",""
"2012043224","","0","0","0","0","0","0","0","0","0","7","0","","02","4","2012","2","40.36903","-79.891734","","11","0","0","0","0","1","0","0","0","3","0","0","0","","","1","","0","","40 22:08.509","2","0","79 53:30.244","8","0","0","1","2473","0","0","0","N","0","0","0","1","02473","0","","2.0","","1","N","N","","0","","0","0","0","","0","N","","1","1","0","0","0","1","0","2","0","1","","","","N","","","","","","","","","",""
"2012044053","","0","0","0","0","0","0","0","0","0","2","0","","02","4","2012","2","40.576121","-80.014779","","11","0","0","0","0","0","1","1","0","1","0","0","0","","","1","","2","","40 34:34.036","5","0","80 00:53.204","3","0","0","1","2108","0","0","0","N","0","0","0","2","02108","0","","1.0","","1","N","N","","0","","1","0","0","","3","Y","","2","1","1","0","0","0","0","2","1","2","","","","N","","","","","","","","","",""
"2012044357","","1","0","0","0","0","0","0","0","0","1","0","","02","5","2012","4","40.625073","-80.059016","","11","0","0","0","0","0","0","0","0","","0","0","0","","","0","","2","","40 37:30.263","","0","80 03:32.456","0","0","0","0","2216","0","0","0","N","0","0","0","3","02505","0","","1.0","","1","N","N","","0","","0","0","2","","0","","","3","0","0","0","0","0","0","2","0","3","","","","N","","","","","","","","","",""
"2012043665","","1","0","0","0","0","0","0","0","0","5","0","","02","4","2012","5","40.453757","-79.91428","","11","0","0","0","0","0","0","0","0","","0","0","0","","","0","","2","","40 27:13.525","","0","79 54:51.408","0","0","0","0","2301","0","0","0","N","0","0","0","2","02301","0","","1.0","","9","N","N","","0","","0","0","1","","3","","","2","0","0","0","0","0","0","2","0","2","","","","N","","","","","","","","","",""
"2012043681","","0","0","0","0","0","0","0","0","0","7","0","","02","4","2012","2","40.476953","-79.940161","","11","0","0","0","0","0","1","0","0","","0","0","0","","","0","","0","","40 28:37.030","","0","79 56:24.580","0","0","0","0","2301","0","0","0","N","0","0","0","1","02301","0","","5.0","","1","N","N","","1","","0","0","0","","0","","","1","0","0","0","0","0","0","2","0","1","","","","N","","","","","","","","","",""
"2012041895","","1","0","0","0","0","0","0","0","0","7","0","","02","4","2012","4","40.465335","-79.888605","","11","0","0","0","0","0","0","0","0","2","0","0","0","","","0","","0","","40 27:55.206","1","0","79 53:18.977","0","0","0","0","2113","0","0","0","N","0","0","0","1","02113","0","","5.0","","1","N","N","","0","","0","0","0","","0","N","","1","0","0","0","0","0","0","2","0","1","","","","N","","","","","","","","","",""
"2012042671","","0","0","0","0","0","0","0","0","0","1","0","","02","4","2012","6","40.532548","-79.958363","","11","0","0","0","0","0","1","0","0","1","0","0","0","","","1","","0","","40 31:57.173","1","0","79 57:30.106","8","0","0","0","2118","0","0","0","N","0","0","0","2","02118","0","","1.0","","1","N","N","","1","","0","0","1","","0","N","","2","1","0","0","0","1","0","2","0","2","","","","N","","","","","","","","","",""
"2012043460","","2","0","0","0","0","0","0","0","0","1","0","","02","4","2012","4","40.434909","-79.786285","","11","0","0","0","0","0","1","0","0","1","0","0","0","","","1","","0","","40 26:05.672","3","0","79 47:10.626","4","0","0","0","2446","0","0","0","N","0","0","0","2","02446","1","","1.0","","1","N","N","","0","","0","0","0","","0","N","","2","1","0","0","0","0","0","2","0","2","","","","N","","","","","","","","","",""
"2012043522","","0","0","0","0","0","0","0","0","0","1","1","55","02","4","2012","6","40.426201","-79.89483","","11","0","0","0","0","0","1","0","0","1","0","1","0","","","0","","0","","40 25:34.323","4","0","79 53:41.388","0","0","0","0","2301","0","0","0","N","0","0","0","4","68B03","0","","1.0","","1","N","N","","0","","0","0","1","","0","N","","2","0","0","0","0","0","0","2","0","2","","","Y","Y","2","2","N","N","N","Y","N","N","N",""
"2012043666","","0","0","0","0","0","0","0","0","0","7","0","","02","5","2012","3","40.277554","-79.806001","","11","0","0","0","0","0","0","0","0","","0","0","0","","","1","","0","","40 16:39.195","","0","79 48:21.604","8","0","0","1","2105","0","0","0","N","0","0","0","1","02105","0","","2.0","","1","N","N","","0","","0","0","0","","0","","","1","1","0","0","0","1","0","1","0","1","","","","N","","","","","","","","","",""
"2012043462","","2","0","0","0","0","0","0","0","0","1","0","","02","4","2012","7","40.549719","-79.959331","","11","0","0","2","0","0","0","0","0","1","0","0","0","","","1","","1","","40 32:58.989","1","0","79 57:33.590","8","0","0","0","2118","0","0","0","N","0","0","0","6","02118","0","","1.0","","1","N","N","","0","","0","0","0","","2","N","","2","1","5","0","0","1","0","2","0","2","","","","N","","","","","","","","","",""
"2012043523","","0","0","0","0","0","0","0","0","0","1","0","","02","4","2012","6","40.410842","-80.07378","","11","0","0","0","0","0","0","1","0","","0","0","0","","","1","","0","","40 24:39.032","","0","80 04:25.608","8","0","0","0","2117","0","0","0","N","0","0","0","3","68B03","0","","1.0","","1","N","N","","0","","0","0","1","","0","","","2","1","0","0","0","1","0","2","1","2","","","","N","","","","","","","","","",""
"2012042749","","0","0","0","0","0","0","0","0","0","7","0","","02","4","2012","2","40.520396","-79.853153","","11","0","0","0","0","0","1","0","0","","0","0","0","","","1","","0","","40 31:13.425","","0","79 51:11.350","3","0","0","0","2112","0","0","0","N","0","0","0","1","68D02","0","","5.0","","9","N","N","","1","","1","0","0","","0","","","1","1","0","0","0","0","0","2","0","1","","","","N","","","","","","","","","",""
"2012042885","","2","0","0","0","0","0","0","0","0","4","0","","02","4","2012","6","40.344231","-79.940686","","11","0","0","0","0","0","0","1","0","2","0","0","0","","","1","","1","","40 20:39.230","3","0","79 56:26.470","8","0","0","0","2473","0","0","0","N","0","0","0","2","02473","0","","1.0","","1","N","N","","0","","0","0","0","","2","N","","2","1","0","0","0","1","0","2","0","2","","","","N","","","","","","","","","",""
"2012043464","","2","0","0","0","0","0","0","0","0","4","0","","02","4","2012","1","40.404738","-79.76221","","11","0","2","0","0","0","0","0","0","2","0","0","0","","","2","","2","","40 24:17.056","5","0","79 45:43.957","3","0","0","0","2446","0","0","0","N","0","0","0","6","02446","1","","1.0","","1","N","N","","0","","1","0","0","","3","Y","","2","2","0","0","0","0","0","2","0","2","","","","N","","","","","","","","","",""
"2012044348","","1","0","0","0","0","0","0","0","0","1","0","","02","5","2012","4","40.335841","-80.132523","","11","0","0","0","0","0","1","0","0","","0","0","0","","","2","","2","","40 20:09.028","","0","80 07:57.082","4","0","0","0","2119","0","0","0","N","0","0","0","2","02119","2","","1.0","","1","N","N","","0","","0","0","1","","3","","","2","2","0","0","0","0","0","2","0","2","","","","N","","","","","","","","","",""
"2012042814","","1","0","0","0","0","0","0","0","0","2","0","","02","4","2012","4","40.301026","-79.919363","","11","0","0","0","0","0","0","0","0","1","0","0","0","","","2","","0","","40 18:03.692","5","7","79 55:09.706","8","0","0","0","2440","0","0","0","N","0","0","0","3","02440","0","","1.0","","1","N","N","","1","","0","0","0","","0","N","","2","2","0","0","0","2","0","2","0","2","","","","N","","","","","","","","","",""
"2012043603","","2","0","0","0","0","0","0","0","0","4","0","","02","5","2012","3","40.452571","-79.926607","","11","0","0","0","0","0","0","0","0","","0","0","0","","","0","","1","","40 27:09.255","","0","79 55:35.785","0","0","0","0","2301","0","0","0","N","0","0","0","2","02301","0","","1.0","","1","N","N","","0","","0","0","0","","3","","","2","0","0","0","0","0","0","2","0","2","","","","N","","","","","","","","","",""
"2012043465","","0","0","0","0","0","0","0","0","0","7","0","","02","4","2012","2","40.488551","-79.778333","","11","0","0","0","0","0","0","0","0","1","0","0","0","","","0","","0","","40 29:18.782","5","0","79 46:41.999","0","0","0","0","2466","0","0","0","N","0","0","0","1","02466","0","","2.0","","1","N","N","","1","","0","0","0","","0","N","","1","0","1","0","0","0","0","2","0","1","","","","N","","","","","","","","","",""
"2012044483","","1","0","0","0","0","0","0","0","0","5","0","","02","5","2012","5","40.462302","-79.934791","","11","0","0","0","0","0","0","0","0","","0","0","0","","","0","","0","","40 27:44.287","","0","79 56:05.247","9","0","0","0","2301","0","0","0","N","0","0","0","2","02301","0","","1.0","","1","N","N","","0","","0","0","0","","0","","","2","0","0","0","0","0","1","2","0","2","","","","N","","","","","","","","","",""
"2012043466","","2","0","0","0","0","0","0","0","0","4","0","","02","4","2012","2","40.42832","-79.972976","","11","0","0","0","0","1","0","0","1","2","0","0","0","","","2","","1","","40 25:41.953","1","0","79 58:22.715","4","0","0","0","2301","0","0","0","N","0","0","0","4","02301","2","","1.0","","1","N","N","","0","","0","0","0","","0","N","","2","2","0","0","0","0","0","2","0","2","","","","N","","","","","","","","","",""
"2012043605","","2","0","0","0","0","0","0","0","0","5","0","","02","4","2012","2","40.504803","-80.058585","","11","0","0","0","0","0","0","0","1","2","0","0","0","","","1","","0","","40 30:17.290","6","0","80 03:30.906","4","0","0","0","2404","0","0","0","N","0","0","0","1","02404","1","","6.0","","1","N","N","","0","","0","0","0","","0","N","","2","1","1","0","0","0","0","2","0","2","","","","N","","","","","","","","","",""
"2012042889","","1","0","0","0","0","0","0","0","0","1","0","","02","4","2012","7","40.414011","-79.923056","","11","0","0","0","0","0","0","0","0","","0","0","0","","","0","","1","","40 24:50.439","","0","79 55:23.001","0","0","0","0","2301","0","0","0","N","0","0","0","2","02301","0","","1.0","","9","N","N","","1","","0","0","0","","2","","","2","0","0","0","0","0","0","2","0","2","","","","N","","","","","","","","","",""
"2012042677","","2","0","0","0","0","0","0","0","0","4","0","","02","4","2012","6","40.429267","-79.999168","","11","0","0","0","0","0","0","0","0","1","0","0","0","","","0","","1","","40 25:45.362","1","3","79 59:57.003","9","0","0","0","2301","0","0","0","N","0","0","0","2","02301","0","","1.0","","1","N","N","","0","","0","0","0","","2","N","","2","0","0","0","0","0","1","2","0","2","","","","N","","","","","","","","","",""
"2012044283","","1","0","0","0","0","0","0","0","0","2","0","","02","5","2012","5","40.48595","-80.033426","","11","0","0","0","0","0","0","0","0","","0","0","0","","","1","","0","","40 29:09.420","","0","80 02:00.333","8","0","0","0","2301","0","0","0","N","0","0","0","1","02301","0","","1.0","","9","N","N","","0","","0","0","1","","0","","","2","1","0","0","0","1","0","2","0","2","","","","N","","","","","","","","","",""
"2012044364","","1","0","0","0","0","0","0","0","0","1","0","","02","5","2012","5","40.443158","-80.039756","","11","0","0","0","0","0","2","0","0","","0","0","0","","","0","","2","","40 26:35.370","","0","80 02:23.120","0","0","0","1","2301","0","0","0","N","0","0","0","2","02301","0","","1.0","","1","N","N","","0","","0","0","0","","0","","","2","0","1","0","0","0","0","2","0","2","","","","N","","","","","","","","","",""
"2012041916","","1","0","0","0","0","0","0","0","0","1","0","","02","4","2012","5","40.358434","-79.831707","","11","0","0","0","0","0","0","0","0","3","0","0","0","","","1","","0","","40 21:30.361","6","7","79 49:54.146","8","0","0","0","2304","0","0","0","N","0","0","0","5","02304","0","","1.0","","9","N","N","","0","","0","0","0","","0","N","","2","1","0","0","0","1","0","2","1","2","","","","N","","","","","","","","","",""
"2012044284","","2","0","0","0","0","0","0","0","0","2","0","","02","5","2012","5","40.396065","-79.978771","","11","0","0","0","0","0","2","0","0","2","0","0","0","","","2","","0","","40 23:45.834","5","0","79 58:43.575","3","0","0","0","2301","0","0","0","N","0","0","0","2","02301","0","","1.0","","1","N","N","","0","","2","0","0","","0","N","","2","2","0","0","0","0","0","2","0","2","","","","N","","","","","","","","","",""
"2012042743","","1","0","0","0","0","0","0","0","0","7","0","","02","4","2012","1","40.462698","-80.11166","","11","0","0","0","0","0","0","0","0","","0","0","0","","","1","","0","","40 27:45.713","","0","80 06:41.975","4","0","0","0","2126","0","0","0","Y","0","0","0","1","68B03","1","","5.0","","1","N","N","","0","","0","0","0","","0","","","1","1","0","0","0","0","0","2","0","1","","","","N","","","","","","","","","",""