"CRN","ARRIVAL_TM","AUTOMOBILE_COUNT","BELTED_DEATH_COUNT","BELTED_SUSP_SERIOUS_INJ_COUNT","BICYCLE_COUNT","BICYCLE_DEATH_COUNT","BICYCLE_SUSP_SERIOUS_INJ_COUNT","BUS_COUNT","CHLDPAS_DEATH_COUNT","CHLDPAS_SUSP_SERIOUS_INJ_COUNT","COLLISION_TYPE","COMM_VEH_COUNT","CONS_ZONE_SPD_LIM","COUNTY","CRASH_MONTH","CRASH_YEAR","DAY_OF_WEEK","DEC_LATITUDE","DEC_LONGITUDE","DISPATCH_TM","DISTRICT","DRIVER_COUNT_16YR","DRIVER_COUNT_17YR","DRIVER_COUNT_18YR","DRIVER_COUNT_19YR","DRIVER_COUNT_20YR","DRIVER_COUNT_50_64YR","DRIVER_COUNT_65_74YR","DRIVER_COUNT_75PLUS","EST_HRS_CLOSED","FATAL_COUNT","HEAVY_TRUCK_COUNT","HORSE_BUGGY_COUNT","HOUR_OF_DAY","ILLUMINATION","INJURY_COUNT","INTERSECTION_RELATED","INTERSECT_TYPE","LANE_CLOSED","LATITUDE","LN_CLOSE_DIR","LOCATION_TYPE","LONGITUDE","MAX_SEVERITY_LEVEL","MCYCLE_DEATH_COUNT","MCYCLE_SUSP_SERIOUS_INJ_COUNT","MOTORCYCLE_COUNT","MUNICIPALITY","NONMOTR_COUNT","NONMOTR_DEATH_COUNT","NONMOTR_SUSP_SERIOUS_INJ_COUNT","NTFY_HIWY_MAINT","PED_COUNT","PED_DEATH_COUNT","PED_SUSP_SERIOUS_INJ_COUNT","PERSON_COUNT","POLICE_AGCY","POSSIBLE_INJ_COUNT","RDWY_SURF_TYPE_CD","RELATION_TO_ROAD","ROADWAY_CLEARED","ROAD_CONDITION","SCH_BUS_IND","SCH_ZONE_IND","SECONDARY_CRASH","SMALL_TRUCK_COUNT","SPEC_JURIS_CD","SUSP_MINOR_INJ_COUNT","SUSP_SERIOUS_INJ_COUNT","SUV_COUNT","TCD_FUNC_CD","TCD_TYPE","TFC_DETOUR_IND","TIME_OF_DAY","TOTAL_UNITS","TOT_INJ_COUNT","UNBELTED_OCC_COUNT","UNB_DEATH_COUNT","UNB_SUSP_SERIOUS_INJ_COUNT","UNK_INJ_DEG_COUNT","UNK_INJ_PER_COUNT","URBAN_RURAL","VAN_COUNT","VEHICLE_COUNT","WEATHER1","WEATHER2","WORKERS_PRES","WORK_ZONE_IND","WORK_ZONE_LOC","WORK_ZONE_TYPE","WZ_CLOSE_DETOUR","WZ_FLAGGER","WZ_LAW_OFFCR_IND","WZ_LN_CLOSURE","WZ_MOVING","WZ_OTHER","WZ_SHLDER_MDN","WZ_WORKERS_INJ_KILLED"
"2012028741","","2","0","0","0","0","0","0","0","0","4","0","","02","3","2012","7","40.459734","-79.920751","","11","0","0","0","0","0","0","1","0","","0","0","0","","","2","","2","","40 27:35.043","","0","79 55:14.705","8","0","0","0","2301","0","0","0","N","0","0","0","3","02301","0","","1.0","","1","N","N","","0","","0","0","0","","2","","","2","2","0","0","0","2","0","2","0","2","","","","N","","","","","","","","","",""
"2012043693","","2","0","0","0","0","0","0","0","0","1","0","","02","5","2012","3","40.465896","-79.93233","","11","0","0","0","0","0","0","0","0","","0","0","0","","","0","","0","","40 27:57.225","","0","79 55:56.388","0","0","0","0","2301","0","0","0","N","0","0","0","1","02301","0","","1.0","","1","N","N","","0","","0","0","0","","0","","","2","0","0","0","0","0","0","2","0","2","","","","N","","","","","","","","","",""
"2012027298","","1","0","0","0","0","0","0","0","0","4","0","","02","3","2012","3","40.373864","-79.873841","","11","0","1","0","0","0","0","0","0","","0","0","0","","","1","","2","","40 22:25.910","","0","79 52:25.828","4","0","0","0","2473","0","0","0","N","0","0","0","3","02473","1","","1.0","","9","N","N","","0","","0","0","0","","3","","","2","1","0","0","0","0","0","2","1","2","","","","N","","","","","","","","","",""
"2012028071","","0","0","0","0","0","0","0","0","0","1","0","","02","3","2012","5","40.396964","-79.978661","","11","0","0","0","0","0","0","0","0","2","0","0","0","","","0","","1","","40 23:49.071","4","0","79 58:43.179","0","0","0","0","2301","0","0","0","N","0","0","0","4","02301","0","","1.0","","1","N","N","","1","","0","0","1","","2","N","","2","0","0","0","0","0","0","2","0","2","","","","N","","","","","","","","","",""
"2012029427","","1","0","0","0","0","0","0","0","0","1","0","","02","3","2012","2","40.567102","-80.212318","","11","0","0","1","0","0","2","0","0","2","0","0","0","","","2","","2","","40 34:01.568","1","0","80 12:44.346","4","0","0","0","2441","0","0","0","N","0","0","0","4","02441","2","","1.0","","1","N","N","","0","","0","0","2","","2","N","","3","2","0","0","0","0","0","2","0","3","","","","N","","","","","","","","","",""
"2012027173","","1","0","0","0","0","0","0","0","0","7","0","","02","1","2012","1","40.474604","-80.005178","","11","0","0","0","0","0","0","0","0","","0","0","0","","","1","","7","","40 28:28.574","","0","80 00:18.642","4","0","0","0","2301","0","0","0","N","0","0","0","1","68B03","1","","7.0","","9","N","N","","0","","0","0","0","","0","","","1","1","0","0","0","0","0","2","0","1","","","","N","","","","","","","","","",""
"2012028745","","1","0","0","0","0","0","0","0","0","7","0","","02","3","2012","4","40.637254","-79.765802","","11","0","0","0","0","0","0","0","0","","0","0","0","","","0","","0","","40 38:14.113","","0","79 45:56.888","9","0","0","0","2202","0","0","0","N","0","0","0","1","02202","0","","4.0","","1","N","N","","0","","0","0","0","","0","","","1","0","0","0","0","0","1","1","0","1","","","","N","","","","","","","","","",""
"2012029631","","1","0","0","0","0","0","0","0","0","4","0","","02","3","2012","3","40.405572","-79.825414","","11","0","0","0","0","0","0","0","0","","0","0","0","","","1","","0","","40 24:20.060","","7","79 49:31.490","4","0","0","0","2467","0","0","0","N","0","0","0","2","02467","1","","1.0","","1","N","N","","0","","0","0","1","","0","","","2","1","1","0","0","0","0","2","0","2","","","","N","","","","","","","","","",""
"2012027314","","2","0","0","0","0","0","0","0","0","4","0","","02","3","2012","1","40.424805","-79.979558","","11","0","0","0","0","1","0","0","0","","0","0","0","","","0","","3","","40 25:29.298","","0","79 58:46.408","0","0","0","0","2301","0","0","0","N","0","0","0","3","02301","0","","1.0","","1","N","N","","0","","0","0","0","","3","","","2","0","0","0","0","0","0","2","0","2","","","","N","","","","","","","","","",""
"2012027174","","1","0","0","0","0","0","0","0","0","1","0","","02","3","2012","6","40.446472","-80.169878","","11","0","0","0","0","0","0","1","0","1","0","0","0","","","0","","0","","40 26:47.298","3","0","80 10:11.562","0","0","0","0","2115","0","0","0","N","0","0","0","5","68B03","0","","1.0","","1","N","N","","0","","0","0","1","","0","N","","2","0","2","0","0","0","0","2","0","2","","","","N","","","","","","","","","",""
"2012028746","","2","0","0","0","0","0","0","0","0","5","0","","02","3","2012","4","40.43307","-79.884751","","11","0","0","0","0","0","0","0","0","2","0","0","0","","","0","","2","","40 25:59.052","3","0","79 53:05.103","0","0","0","0","2426","0","0","0","N","0","0","0","1","02426","0","","2.0","","1","N","N","","0","","0","0","1","","2","N","","3","0","0","0","0","0","0","2","0","3","","","","N","","","","","","","","","",""
"2012028886","","1","0","0","0","0","0","0","0","0","1","0","99","02","3","2012","7","40.333286","-79.984352","","11","0","0","0","0","0","0","1","0","","0","0","0","","","1","","3","","40 19:59.828","","0","79 59:03.668","8","0","0","0","2403","0","0","0","N","0","0","0","4","02403","0","","1.0","","1","N","N","","1","","0","0","0","","0","","","2","1","1","0","0","1","0","2","0","2","","","U","Y","4","1","","","N","Y","","","",""
"2012028605","","1","0","0","0","0","0","0","0","0","4","0","","02","3","2012","6","40.347876","-79.864281","","11","0","0","0","0","0","1","0","0","","0","0","0","","","1","","2","","40 20:52.353","","0","79 51:51.411","8","0","0","0","2304","0","0","0","N","0","0","0","2","02304","0","","1.0","","1","N","N","","0","","0","0","0","","0","","","2","1","0","0","0","1","0","2","1","2","","","","N","","","","","","","","","",""
"2012029568","","1","0","0","0","0","0","0","0","0","7","0","","02","3","2012","2","40.500103","-80.03207","","11","0","0","0","0","0","1","0","0","","0","0","0","","","0","","0","","40 30:00.370","","0","80 01:55.452","0","0","0","0","2116","0","0","0","N","0","0","0","1","02116","0","","5.0","","1","N","N","","0","","0","0","0","","3","","","1","0","0","0","0","0","0","2","0","1","","","","N","","","","","","","","","",""
"2012028823","","0","0","0","0","0","0","0","0","0","7","0","","02","3","2012","4","40.258848","-79.904055","","11","0","0","0","0","0","0","0","0","2","0","0","0","","","1","","0","","40 15:31.853","2","0","79 54:14.598","8","0","0","0","2204","0","0","0","N","0","0","0","1","02204","0","","4.0","","1","N","N","","1","","0","0","0","","0","N","","1","1","1","0","0","1","0","1","0","1","","","","N","","","","","","","","","",""
"2012027381","","2","0","0","0","0","0","0","0","0","4","0","","02","3","2012","3","40.5279","-80.017712","","11","1","0","0","0","0","1","0","0","1","0","0","0","","","0","","2","","40 31:40.440","2","0","80 01:03.763","0","0","0","0","2116","0","0","0","N","0","0","0","3","02116","0","","1.0","","1","N","N","","0","","0","0","0","","0","N","","2","0","0","0","0","0","0","2","0","2","","","","N","","","","","","","","","",""
"2012028961","","0","0","0","0","0","0","0","0","0","0","0","","02","3","2012","1","40.388789","-80.204847","","11","0","0","0","0","0","0","0","0","1","0","0","0","","","1","","0","","40 23:19.641","6","0","80 12:17.449","3","0","0","1","2214","0","0","0","N","0","0","0","1","02214","0","","1.0","","1","N","N","","0","","1","0","0","","0","N","","1","1","0","0","0","0","0","2","0","1","","","","N","","","","","","","","","",""
"2012028824","","1","0","0","0","0","0","0","0","0","7","0","","02","3","2012","7","40.454012","-79.953338","","11","0","0","0","0","0","0","0","0","2","0","0","0","","","0","","2","","40 27:14.443","2","0","79 57:12.018","0","0","0","0","2301","0","0","0","N","0","0","0","1","02301","0","","5.0","","1","N","N","","0","","0","0","0","","2","N","","1","0","0","0","0","0","0","2","0","1","","","","N","","","","","","","","","",""
"2012029431","","3","0","0","0","0","0","0","0","0","1","0","","02","3","2012","7","40.36326","-79.983832","","11","0","0","0","1","0","1","0","0","2","0","0","0","","","0","","0","","40 21:47.735","2","0","79 59:01.794","0","0","0","0","2413","0","0","0","N","0","0","0","4","02413","0","","1.0","","1","N","N","","0","","0","0","0","","0","N","","3","0","0","0","0","0","0","2","0","3","","","","N","","","","","","","","","",""
"2012029447","","3","0","0","0","0","0","0","0","0","7","0","","02","3","2012","2","40.466273","-79.908103","","11","0","0","0","0","0","0","0","0","","0","0","0","","","0","","0","","40 27:58.584","","0","79 54:29.169","0","0","0","0","2301","0","0","0","N","0","0","0","2","02301","0","","5.0","","1","N","N","","0","","0","0","1","","0","","","4","0","0","0","0","0","0","2","0","4","","","","N","","","","","","","","","",""
"2012028890","","1","0","0","0","0","0","1","0","0","5","1","","02","3","2012","7","40.457639","-79.932808","","11","0","0","0","0","0","0","1","0","","0","0","0","","","3","","0","","40 27:27.500","","0","79 55:58.108","4","0","0","0","2301","0","0","0","N","0","0","0","5","02503","3","","1.0","","1","N","","","0","","0","0","0","","0","","","2","3","0","0","0","0","0","2","0","2","","","","N","","","","","","","","","",""
"2012043704","","0","0","0","0","0","0","0","0","0","4","0","","02","5","2012","3","40.451832","-79.943353","","11","0","0","0","0","0","0","0","0","","0","0","0","","","1","","1","","40 27:06.595","","0","79 56:36.070","8","0","0","0","2301","0","0","0","N","0","0","0","2","02301","0","","1.0","","1","N","N","","1","","0","0","1","","2","","","2","1","0","0","0","1","0","2","0","2","","","","N","","","","","","","","","",""
"2012027321","","1","0","0","0","0","0","0","0","0","0","0","","02","3","2012","3","40.453322","-80.039792","","11","0","0","0","0","0","1","0","0","1","0","0","0","","","1","","0","","40 27:11.960","4","0","80 02:23.250","3","0","0","1","2301","0","0","0","N","0","0","0","4","02301","0","","1.0","","9","N","N","","0","","1","0","0","","0","N","","2","1","0","0","0","0","0","2","0","2","","","","N","","","","","","","","","",""
"2012027385","","1","0","0","0","0","0","0","0","0","1","0","","02","3","2012","3","40.458687","-79.908061","","11","0","0","0","0","0","0","0","0","2","0","0","0","","","0","","1","","40 27:31.273","1","0","79 54:29.021","0","0","0","0","2301","0","0","0","N","0","0","0","2","02301","0","","1.0","","1","N","N","","1","","0","0","0","","8","N","","2","0","0","0","0","0","0","2","0","2","","","","N","","","","","","","","","",""
"2012043706","","0","0","0","0","0","0","0","0","0","1","0","","02","5","2012","3","40.440286","-79.99322","","11","0","0","0","0","0","0","0","0","1","0","0","0","","","0","","6","","40 26:25.031","2","2","79 59:35.593","0","0","0","0","2301","0","0","0","N","0","0","0","2","02301","0","","4.0","","1","N","N","","0","","0","0","2","","4","N","","2","0","0","0","0","0","0","2","0","2","","","","N","","","","","","","","","",""
"2012027386","","2","0","0","0","0","0","0","0","0","1","0","","02","3","2012","2","40.631101","-79.966308","","11","0","0","0","0","0","1","0","0","1","0","0","0","","","1","","2","","40 37:51.963","3","0","79 57:58.707","8","0","0","0","2217","0","0","0","N","0","0","0","2","02505","0","","1.0","","1","N","N","","0","","0","0","0","","0","N","","2","1","1","0","0","1","0","2","0","2","","","","N","","","","","","","","","",""
"2012043708","","1","0","0","0","0","0","0","0","0","4","0","","02","4","2012","1","40.473674","-79.856493","","11","0","0","0","0","0","0","1","0","","0","0","0","","","1","","2","","40 28:25.228","","0","79 51:23.374","8","0","0","1","2113","0","0","0","N","0","0","0","3","02113","0","","1.0","","1","N","N","","0","","0","0","0","","3","","","2","1","0","0","0","1","0","2","0","2","","","","N","","","","","","","","","",""
"2012027115","","2","0","0","0","0","0","0","0","0","6","0","","02","3","2012","2","40.486044","-80.033235","","11","0","0","0","0","0","0","0","0","","0","0","0","","","0","","0","","40 29:09.758","","0","80 01:59.646","0","0","0","0","2301","0","0","0","N","0","0","0","2","02301","0","","1.0","","9","N","N","","0","","0","0","1","","0","","","3","0","0","0","0","0","0","2","0","3","","","","N","","","","","","","","","",""
"2012029451","","1","0","0","0","0","0","0","0","0","7","0","","02","3","2012","2","40.395472","-79.801749","","11","0","0","0","0","0","0","0","0","","0","0","0","","","1","","0","","40 23:43.699","","0","79 48:06.298","8","0","0","0","2446","0","0","0","N","0","0","0","1","02446","0","","1.0","","1","N","N","","0","","0","0","0","","0","","","1","1","0","0","0","1","0","2","0","1","","","","N","","","","","","","","","",""
"2012027119","","1","0","0","0","0","0","0","0","0","7","0","","02","3","2012","2","40.43841","-80.012234","","11","0","0","0","0","0","0","0","0","","0","0","0","","","0","","7","","40 26:18.275","","2","80 00:44.043","0","0","0","0","2301","0","0","0","N","0","0","0","1","02301","0","","1.0","","9","N","N","","0","","0","0","0","","0","","","1","0","0","0","0","0","0","2","0","1","","","","N","","","","","","","","","",""
"2012027939","","1","0","0","0","0","0","0","0","0","7","0","","02","3","2012","1","40.449305","-80.002853","","11","0","0","0","0","0","0","0","0","","0","0","0","","","0","","7","","40 26:57.499","","2","80 00:10.269","0","0","0","0","2301","0","0","0","Y","0","0","0","1","02301","0","","7.0","","1","N","N","","0","","0","0","0","","0","","","1","0","0","0","0","0","0","2","0","1","","","","N","","","","","","","","","",""
"2012028081","","1","0","0","0","0","0","0","0","0","1","0","","02","3","2012","4","40.484224","-79.907886","","11","0","0","0","0","0","0","0","0","","0","0","0","","","1","","2","","40 29:03.206","","0","79 54:28.391","3","0","0","0","2301","0","0","0","N","0","0","0","2","02301","0","","1.0","","1","N","N","","0","","1","0","0","","2","","","2","1","0","0","0","0","0","2","1","2","","","","N","","","","","","","","","",""
"2012029573","","0","0","0","0","0","0","0","0","0","7","0","","02","3","2012","5","40.611699","-79.876749","","11","0","0","0","0","0","1","0","0","","0","0","0","","","1","","0","","40 36:42.116","","0","79 52:36.296","3","0","0","1","2220","0","0","0","N","0","0","0","1","02220","0","","5.0","","1","N","N","","0","","1","0","0","","0","","","1","1","0","0","0","0","0","2","0","1","","","","N","","","","","","","","","",""
"2012028614","","1","0","0","0","0","0","0","0","0","7","0","","02","3","2012","6","40.383716","-80.068199","","11","0","0","0","0","0","0","0","0","","0","0","0","","","1","","0","","40 23:01.376","","0","80 04:05.518","4","0","0","0","2109","0","0","0","N","0","0","0","1","02109","1","","5.0","","1","N","N","","0","","0","0","0","","0","","","1","1","0","0","0","0","0","2","0","1","","","","N","","","","","","","","","",""
"2012043716","","1","0","0","0","0","0","0","0","0","4","0","","02","4","2012","4","40.5279","-80.017712","","11","0","0","0","0","0","0","0","0","","0","0","0","","","2","","2","","40 31:40.440","","0","80 01:03.763","8","0","0","0","2116","0","0","0","N","0","0","0","2","02116","0","","1.0","","1","N","N","","0","","0","0","1","","3","","","2","2","0","0","0","2","0","2","0","2","","","","N","","","","","","","","","",""
"2012027942","","1","0","0","0","0","0","0","0","0","7","0","","02","3","2012","5","40.438173","-79.976058","","11","0","0","0","0","0","0","0","0","2","0","0","0","","","0","","0","","40 26:17.423","4","0","79 58:33.809","0","0","0","0","2301","0","0","0","N","0","0","0","0","02301","0","","5.0","","1","N","N","","0","","0","0","0","","0","N","","1","0","0","0","0","0","0","2","0","1","","","","N","","","","","","","","","",""
"2012043717","","2","0","0","0","0","0","0","0","0","5","0","","02","4","2012","2","40.556456","-80.039101","","11","0","0","0","0","0","0","0","1","1","0","0","0","","","0","","1","","40 33:23.240","2","0","80 02:20.764","0","0","0","0","2108","0","0","0","N","0","0","0","3","02108","0","","1.0","","1","N","N","","0","","0","0","0","","2","N","","2","0","0","0","0","0","0","2","0","2","","","","N","","","","","","","","","",""
"2012028616","","1","0","0","0","0","0","0","0","0","7","0","","02","3","2012","7","40.458861","-79.998361","","11","0","0","0","0","0","0","0","0","1","0","0","0","","","0","","3","","40 27:31.900","3","3","79 59:54.100","0","0","0","0","2301","0","0","0","N","0","0","0","2","02301","0","","1.0","","1","N","N","","0","","0","0","0","","8","N","","1","0","0","0","0","0","0","2","0","1","","","","N","","","","","","","","","",""
"2012029377","","1","0","0","0","0","0","0","0","0","1","0","","02","2","2012","7","40.44782","-80.166339","","11","0","0","0","0","0","0","0","0","","0","0","0","","","1","","0","","40 26:52.153","","0","80 09:58.821","8","0","0","0","2115","0","0","0","N","0","0","0","5","68B03","0","","1.0","","1","N","N","","0","","0","0","1","","0","","","2","1","0","0","0","1","0","2","0","2","","","","N","","","","","","","","","",""
"2012027943","","6","0","0","0","0","0","0","0","0","1","0","","02","3","2012","2","40.42793","-80.01272","","11","0","0","0","0","0","0","0","0","2","0","0","0","","","1","","0","","40 25:40.548","7","0","80 00:45.792","4","0","0","0","2301","0","0","0","N","0","0","0","1","02301","1","","1.0","","1","N","N","","0","","0","0","3","","0","Y","","9","1","0","0","0","0","0","2","0","9","","","","N","","","","","","","","","",""
"2012029577","","2","0","0","0","0","0","0","0","0","1","0","","02","3","2012","3","40.569558","-79.954263","","11","0","0","0","0","0","1","0","0","1","0","0","0","","","1","","2","","40 34:10.407","2","0","79 57:15.347","8","0","0","0","2207","0","0","0","N","0","0","0","2","02207","0","","1.0","","1","N","N","","0","","0","0","0","","2","N","","2","1","1","0","0","1","0","2","0","2","","","","N","","","","","","","","","",""
"2012043718","","1","0","0","0","0","0","0","0","0","4","0","","02","4","2012","6","40.449855","-80.163051","","11","0","0","0","0","0","1","0","0","","0","0","0","","","0","","1","","40 26:59.478","","0","80 09:46.983","0","0","0","0","2115","0","0","0","N","0","0","0","3","02115","0","","1.0","","1","N","N","","1","","0","0","0","","2","","","2","0","0","0","0","0","0","2","0","2","","","","N","","","","","","","","","",""
"2012029378","","2","0","0","0","0","0","0","0","0","1","0","","02","3","2012","1","40.42556","-79.907243","","11","0","1","0","0","0","1","0","0","2","0","0","0","","","2","","0","","40 25:32.017","4","0","79 54:26.074","4","0","0","0","2301","0","0","0","N","0","0","0","7","68B03","2","","1.0","","1","N","N","","0","","0","0","2","","0","N","","4","2","0","0","0","0","0","2","0","4","","","","N","","","","","","","","","",""
"2012028835","","3","0","0","0","0","0","0","0","0","1","0","","02","3","2012","1","40.464391","-79.812656","","11","0","0","1","0","0","0","0","0","2","0","0","0","","","1","","0","","40 27:51.807","2","0","79 48:45.561","4","0","0","0","2113","0","0","0","N","0","0","0","1","02113","1","","2.0","","1","N","N","","0","","0","0","0","","0","N","","3","1","0","0","0","0","0","2","0","3","","","","N","","","","","","","","","",""
"2012028086","","1","0","0","0","0","0","0","0","0","1","0","","02","3","2012","5","40.409497","-80.004884","","11","0","0","0","0","0","0","0","0","1","0","0","0","","","1","","0","","40 24:34.190","5","0","80 00:17.582","4","0","0","0","2301","0","0","0","N","0","0","0","8","02301","1","","1.0","","1","N","N","","0","","0","0","0","","0","N","","2","1","1","0","0","0","0","2","1","2","","","","N","","","","","","","","","",""
"2012028903","","1","0","0","0","0","0","0","0","0","4","0","","02","3","2012","3","40.362373","-79.826135","","11","0","0","0","0","0","1","0","0","2","0","0","0","","","0","","1","","40 21:44.541","2","0","79 49:34.085","0","0","0","0","2111","0","0","0","N","0","0","0","3","02111","0","","1.0","","1","N","N","","0","","0","0","1","","2","N","","2","0","0","0","0","0","0","2","0","2","","","","N","","","","","","","","","",""
"2012029579","","1","0","0","0","0","0","0","0","0","4","0","","02","3","2012","3","40.425703","-79.949867","","11","0","0","0","0","0","0","0","0","1","0","0","0","","","0","","1","","40 25:32.530","6","0","79 56:59.521","0","0","0","0","2301","0","0","0","N","0","0","0","2","02301","0","","1.0","","1","N","N","","0","","0","0","1","","3","N","","2","0","0","0","0","0","0","2","0","2","","","","N","","","","","","","","","",""
"2012043719","","0","0","0","0","0","0","0","0","0","4","0","","02","4","2012","6","40.45286","-80.16505","","11","0","0","0","0","0","1","0","0","1","0","0","0","","","0","","1","","40 27:10.296","2","0","80 09:54.180","0","0","0","0","2115","0","0","0","N","0","0","0","3","02115","0","","1.0","","1","N","N","","1","","0","0","1","","0","N","","2","0","0","0","0","0","0","2","0","2","","","","N","","","","","","","","","",""
"2012029379","","1","0","0","0","0","0","0","0","0","1","0","","02","3","2012","6","40.435901","-79.866591","","11","0","0","0","0","0","0","0","0","1","0","0","0","","","1","","0","","40 26:09.242","4","0","79 51:59.728","4","0","0","0","2478","0","0","0","N","0","0","0","3","68B03","1","","1.0","","1","N","N","","1","","0","0","1","","0","N","","3","1","0","0","0","0","0","2","0","3","","","","N","","","","","","","","","",""
"2012027110","","1","0","0","0","0","0","0","0","0","0","0","","02","3","2012","5","40.569052","-80.116719","","11","0","0","0","0","0","1","0","0","","0","0","0","","","1","","0","","40 34:08.587","","0","80 07:00.187","4","0","0","0","2215","0","0","0","N","0","0","0","1","02215","1","","1.0","","9","N","N","","0","","0","0","0","","0","","","1","1","0","0","0","0","0","2","0","1","","","","N","","","","","","","","","",""
"2012027125","","0","0","1","0","0","0","0","0","0","7","0","","02","3","2012","7","40.643241","-80.132962","","11","0","0","0","0","0","0","0","0","","0","0","0","","","1","","0","","40 38:35.667","","0","80 07:58.663","2","0","0","0","2212","0","0","0","N","0","0","0","1","02505","0","","5.0","","1","N","N","","0","","0","1","0","","0","","","1","1","0","0","0","0","0","1","1","1","","","","N","","","","","","","","","",""
"2012029647","","2","0","0","0","0","0","0","0","0","4","0","","02","3","2012","3","40.450685","-80.023413","","11","0","0","0","0","0","1","0","0","1","0","0","0","","","0","","1","","40 27:02.465","1","0","80 01:24.288","0","0","0","0","2301","0","0","0","N","0","0","0","6","02301","0","","1.0","","1","N","N","","0","","0","0","0","","2","N","","2","0","0","0","0","0","0","2","0","2","","","","N","","","","","","","","","",""
"2012042925","","1","0","0","0","0","0","0","0","0","7","0","","02","4","2012","7","40.463555","-80.056851","","11","0","0","0","0","0","0","0","0","2","0","0","0","","","1","","2","","40 27:48.799","1","0","80 03:24.665","2","0","0","0","2301","0","0","0","N","0","0","0","1","02301","0","","4.0","","9","N","N","","0","","0","1","0","","0","N","","1","1","1","0","1","0","0","2","0","1","","","","N","","","","","","","","","",""
"2012043720","","2","0","0","0","0","0","0","0","0","1","0","","02","4","2012","3","40.45709","-80.176338","","11","0","0","0","0","0","1","0","0","","0","0","0","","","1","","1","","40 27:25.524","","0","80 10:34.818","4","0","0","0","2213","0","0","0","N","0","0","0","3","02213","1","","1.0","","1","N","N","","0","","0","0","0","","2","","","2","1","0","0","0","0","0","2","0","2","","","","N","","","","","","","","","",""
"2012028619","","2","0","0","0","0","0","0","0","0","5","0","","02","3","2012","6","40.470805","-79.958852","","11","0","0","0","0","0","0","0","0","1","0","0","0","","","0","","0","","40 28:14.899","2","0","79 57:31.867","0","0","0","0","2301","0","0","0","N","0","0","0","1","02301","0","","1.0","","1","N","N","","0","","0","0","1","","0","Y","","3","0","0","0","0","0","0","2","0","3","","","","N","","","","","","","","","",""
"2012029380","","2","0","0","0","0","0","0","0","0","1","0","","02","3","2012","6","40.421105","-80.045841","","11","0","0","0","0","0","0","0","0","","0","0","0","","","1","","6","","40 25:15.978","","2","80 02:45.027","8","0","0","0","2435","0","0","0","N","0","0","0","2","68B03","0","","1.0","","1","N","N","","0","","0","0","0","","3","","","2","1","0","0","0","1","0","2","0","2","","","","N","","","","","","","","","",""
"2012029461","","1","0","0","0","0","0","0","0","0","6","0","","02","3","2012","3","40.46539","-79.956725","","11","0","0","0","0","0","0","0","0","","0","0","0","","","1","","1","","40 27:55.404","","0","79 57:24.210","4","0","0","0","2301","0","0","0","N","0","0","0","3","02301","1","","1.0","","1","N","N","","0","","0","0","1","","3","","","2","1","0","0","0","0","0","2","0","2","","","","N","","","","","","","","","",""
"2012027946","","1","0","0","0","0","0","0","0","0","7","0","","02","3","2012","5","40.342806","-79.964411","","11","0","0","0","0","0","0","0","0","1","0","0","0","","","0","","0","","40 20:34.102","4","0","79 57:51.879","0","0","0","0","2454","0","0","0","Y","0","0","0","1","02454","0","","3.0","","1","N","N","","0","","0","0","0","","0","N","","1","0","0","0","0","0","0","2","0","1","","","","N","","","","","","","","","",""
"2012028920","","2","0","0","0","0","0","0","0","0","4","0","","02","3","2012","1","40.449706","-80.025099","","11","0","0","0","0","0","1","0","0","2","0","0","0","","","1","","1","","40 26:58.940","1","8","80 01:30.356","8","0","0","0","2301","0","0","0","N","0","0","0","2","02301","0","","1.0","","1","N","N","","0","","0","0","0","","2","Y","","2","1","0","0","0","1","0","2","0","2","","","","N","","","","","","","","","",""
"2012029581","","2","0","0","0","0","0","0","0","0","4","0","","02","3","2012","3","40.384991","-80.032482","","11","0","0","0","0","0","1","1","0","2","0","0","0","","","0","","1","","40 23:05.967","3","0","80 01:56.935","0","0","0","0","2109","0","0","0","N","0","0","0","2","02109","0","","1.0","","1","N","N","","0","","0","0","0","","3","N","","2","0","0","0","0","0","0","2","0","2","","","","N","","","","","","","","","",""
"2012042926","","1","0","0","0","0","0","0","0","0","4","1","","02","3","2012","2","40.381091","-79.816107","","11","0","0","0","0","0","0","0","0","1","0","1","0","","","0","","0","","40 22:51.927","3","0","79 48:57.984","0","0","0","0","2111","0","0","0","N","0","0","0","2","02111","0","","1.0","","1","N","N","","0","","0","0","0","","3","N","","2","0","0","0","0","0","0","2","0","2","","","","N","","","","","","","","","",""
"2012028763","","0","0","0","0","0","0","0","0","0","7","0","","02","3","2012","4","40.367461","-79.78052","","11","0","0","0","0","0","0","0","0","2","0","0","0","","","1","","0","","40 22:02.861","2","0","79 46:49.871","3","0","0","1","2111","0","0","0","N","0","0","0","1","02111","0","","2.0","","1","N","N","","0","","1","0","0","","0","N","","1","1","0","0","0","0","0","2","0","1","","","","N","","","","","","","","","",""
"2012028906","","2","0","0","0","0","0","0","0","0","4","0","","02","3","2012","1","40.449879","-80.025708","","11","0","0","0","0","0","2","0","0","1","0","0","0","","","1","","1","","40 26:59.563","7","0","80 01:32.550","4","0","0","0","2301","0","0","0","N","0","0","0","3","02301","1","","1.0","","1","N","N","","0","","0","0","0","","2","N","","2","1","2","0","0","0","0","2","0","2","","","","N","","","","","","","","","",""