"CRN","ARRIVAL_TM","AUTOMOBILE_COUNT","BELTED_DEATH_COUNT","BELTED_SUSP_SERIOUS_INJ_COUNT","BICYCLE_COUNT","BICYCLE_DEATH_COUNT","BICYCLE_SUSP_SERIOUS_INJ_COUNT","BUS_COUNT","CHLDPAS_DEATH_COUNT","CHLDPAS_SUSP_SERIOUS_INJ_COUNT","COLLISION_TYPE","COMM_VEH_COUNT","CONS_ZONE_SPD_LIM","COUNTY","CRASH_MONTH","CRASH_YEAR","DAY_OF_WEEK","DEC_LATITUDE","DEC_LONGITUDE","DISPATCH_TM","DISTRICT","DRIVER_COUNT_16YR","DRIVER_COUNT_17YR","DRIVER_COUNT_18YR","DRIVER_COUNT_19YR","DRIVER_COUNT_20YR","DRIVER_COUNT_50_64YR","DRIVER_COUNT_65_74YR","DRIVER_COUNT_75PLUS","EST_HRS_CLOSED","FATAL_COUNT","HEAVY_TRUCK_COUNT","HORSE_BUGGY_COUNT","HOUR_OF_DAY","ILLUMINATION","INJURY_COUNT","INTERSECTION_RELATED","INTERSECT_TYPE","LANE_CLOSED","LATITUDE","LN_CLOSE_DIR","LOCATION_TYPE","LONGITUDE","MAX_SEVERITY_LEVEL","MCYCLE_DEATH_COUNT","MCYCLE_SUSP_SERIOUS_INJ_COUNT","MOTORCYCLE_COUNT","MUNICIPALITY","NONMOTR_COUNT","NONMOTR_DEATH_COUNT","NONMOTR_SUSP_SERIOUS_INJ_COUNT","NTFY_HIWY_MAINT","PED_COUNT","PED_DEATH_COUNT","PED_SUSP_SERIOUS_INJ_COUNT","PERSON_COUNT","POLICE_AGCY","POSSIBLE_INJ_COUNT","RDWY_SURF_TYPE_CD","RELATION_TO_ROAD","ROADWAY_CLEARED","ROAD_CONDITION","SCH_BUS_IND","SCH_ZONE_IND","SECONDARY_CRASH","SMALL_TRUCK_COUNT","SPEC_JURIS_CD","SUSP_MINOR_INJ_COUNT","SUSP_SERIOUS_INJ_COUNT","SUV_COUNT","TCD_FUNC_CD","TCD_TYPE","TFC_DETOUR_IND","TIME_OF_DAY","TOTAL_UNITS","TOT_INJ_COUNT","UNBELTED_OCC_COUNT","UNB_DEATH_COUNT","UNB_SUSP_SERIOUS_INJ_COUNT","UNK_INJ_DEG_COUNT","UNK_INJ_PER_COUNT","URBAN_RURAL","VAN_COUNT","VEHICLE_COUNT","WEATHER1","WEATHER2","WORKERS_PRES","WORK_ZONE_IND","WORK_ZONE_LOC","WORK_ZONE_TYPE","WZ_CLOSE_DETOUR","WZ_FLAGGER","WZ_LAW_OFFCR_IND","WZ_LN_CLOSURE","WZ_MOVING","WZ_OTHER","WZ_SHLDER_MDN","WZ_WORKERS_INJ_KILLED"
"2012027720","","1","0","0","0","0","0","0","0","0","0","0","","02","3","2012","4","40.448039","-80.017839","","11","0","0","0","0","0","0","0","0","","0","0","0","","","0","","1","","40 26:52.940","","0","80 01:04.220","0","0","0","0","2301","0","0","0","N","0","0","0","1","02301","0","","1.0","","1","N","N","","0","","0","0","0","","0","","","1","0","0","0","0","0","0","2","0","1","","","","N","","","","","","","","","",""
"2012029613","","1","0","0","0","0","0","0","0","0","5","0","15","02","3","2012","3","40.442419","-79.992149","","11","0","0","0","0","0","0","1","0","","0","0","0","","","1","","6","","40 26:32.710","","2","79 59:31.737","3","0","0","0","2301","0","0","0","N","0","0","0","3","02301","0","","1.0","","1","N","N","","0","","1","0","1","","3","","","2","1","0","0","0","0","0","2","0","2","","","Y","Y","3","1","","","N","","","","",""
"2012026687","","0","0","1","0","0","0","0","0","0","1","0","","02","3","2012","1","40.622417","-80.070046","","11","0","0","0","0","0","1","0","0","3","0","0","0","","","2","","2","","40 37:20.702","3","0","80 04:12.165","2","0","0","0","2212","0","0","0","N","0","0","0","6","02505","0","","1.0","","1","N","N","","1","","1","1","0","","2","N","","2","2","0","0","0","0","0","2","1","2","","","","N","","","","","","","","","",""
"2012026688","","1","0","0","0","0","0","0","0","0","4","0","","02","3","2012","7","40.422247","-79.854757","","11","0","0","0","0","0","0","0","0","1","0","0","0","","","0","","1","","40 25:20.090","4","0","79 51:17.124","0","0","0","0","2431","0","0","0","N","0","0","0","4","02431","0","","1.0","","1","N","N","","0","","0","0","1","","3","N","","2","0","1","0","0","0","0","2","0","2","","","","N","","","","","","","","","",""
"2012027450","","1","0","0","0","0","0","0","0","0","7","0","","02","2","2012","3","40.503877","-79.860314","","11","0","0","0","0","0","0","0","0","","0","0","0","","","0","","0","","40 30:13.957","","0","79 51:37.129","0","0","0","0","2112","0","0","0","N","0","0","0","1","68D02","0","","2.0","","1","N","N","","0","","0","0","0","","0","","","1","0","1","0","0","0","0","2","0","1","","","","N","","","","","","","","","",""
"2012028270","","2","0","0","0","0","0","0","0","0","4","0","","02","3","2012","5","40.456831","-79.93548","","11","0","0","0","0","0","0","0","0","","0","0","0","","","0","","0","","40 27:24.593","","7","79 56:07.729","0","0","0","0","2301","0","0","0","N","0","0","0","3","02301","0","","1.0","","1","N","N","","0","","0","0","0","","0","","","2","0","0","0","0","0","0","2","0","2","","","","N","","","","","","","","","",""
"2012029093","","1","0","0","0","0","0","0","0","0","7","0","","02","3","2012","5","40.655286","-80.092609","","11","0","0","0","0","0","0","0","0","","0","0","0","","","1","","0","","40 39:19.028","","0","80 05:33.393","8","0","0","0","2212","0","0","0","N","0","0","0","1","68B03","0","","5.0","","8","N","N","","0","","0","0","0","","0","","","1","1","0","0","0","1","0","2","0","1","","","","N","","","","","","","","","",""
"2012026894","","1","0","0","0","0","0","0","0","0","7","0","","02","3","2012","1","40.457685","-80.067133","","11","0","0","0","0","0","1","0","0","1","0","0","0","","","1","","0","","40 27:27.666","7","0","80 04:01.678","4","0","0","0","2301","0","0","0","N","0","0","0","2","02301","1","","5.0","","1","N","N","","0","","0","0","0","","0","N","","1","1","0","0","0","0","0","2","0","1","","","","N","","","","","","","","","",""
"2012027658","","1","0","0","0","0","0","1","0","0","6","1","","02","3","2012","4","40.386812","-79.981106","","11","0","0","0","0","0","0","0","0","1","0","0","0","","","1","","0","","40 23:12.524","1","0","79 58:51.983","8","0","0","0","2301","0","0","0","N","0","0","0","3","02503","0","","1.0","","1","N","N","","0","","0","0","0","","0","N","","2","1","0","0","0","1","0","2","0","2","","","","N","","","","","","","","","",""
"2012028416","","1","0","0","0","0","0","0","0","0","4","0","","02","3","2012","6","40.380722","-79.812152","","11","0","0","0","0","0","0","0","1","","0","0","0","","","0","","0","","40 22:50.599","","7","79 48:43.748","0","0","0","0","2424","0","0","0","N","0","0","0","2","02424","0","","1.0","","9","N","N","","1","","0","0","0","","0","","","2","0","0","0","0","0","0","2","0","2","","","","N","","","","","","","","","",""
"2012029615","","2","0","0","0","0","0","0","0","0","1","0","","02","3","2012","3","40.455199","-80.020109","","11","0","0","0","0","0","1","0","0","","0","0","0","","","1","","2","","40 27:18.716","","0","80 01:12.392","4","0","0","0","2301","0","0","0","N","0","0","0","4","02301","1","","1.0","","1","N","N","","0","","0","0","0","","2","","","2","1","0","0","0","0","0","2","0","2","","","","N","","","","","","","","","",""
"2012028271","","1","0","0","0","0","0","0","0","0","7","0","","02","3","2012","1","40.582393","-80.061276","","11","0","0","0","0","0","0","0","0","2","0","0","0","","","0","","0","","40 34:56.614","4","0","80 03:40.594","0","0","0","0","2108","0","0","0","N","0","0","0","1","02108","0","","4.0","","1","N","N","","0","","0","0","0","","0","N","","1","0","0","0","0","0","0","2","0","1","","","","N","","","","","","","","","",""
"2012029094","","1","0","0","0","0","0","0","0","0","99","0","","02","3","2012","7","40.516476","-80.052686","","11","0","0","0","0","0","0","0","0","","0","0","0","","","0","","0","","40 30:59.314","","0","80 03:09.669","0","0","0","0","2116","0","0","0","N","0","0","0","3","68B03","0","","1.0","","1","N","N","","0","","0","0","0","","0","","","1","0","0","0","0","0","0","2","0","1","","","","N","","","","","","","","","",""
"2012029252","","1","0","0","0","0","0","0","0","0","7","0","","02","3","2012","7","40.597437","-80.041265","","11","0","0","0","1","0","0","0","0","","0","0","0","","","0","","0","","40 35:50.773","","0","80 02:28.554","0","0","0","0","2108","0","0","0","N","0","0","0","1","02108","0","","5.0","","1","N","N","","0","","0","0","0","","0","","","1","0","0","0","0","0","0","2","0","1","","","","N","","","","","","","","","",""
"2012029616","","3","0","0","0","0","0","0","0","0","1","0","","02","3","2012","6","40.410478","-80.015543","","11","0","0","0","0","1","1","0","0","1","0","0","0","","","0","","0","","40 24:37.722","2","0","80 00:55.955","0","0","0","0","2301","0","0","0","N","0","0","0","5","02301","0","","1.0","","1","N","N","","0","","0","0","1","","0","N","","4","0","0","0","0","0","0","2","0","4","","","","N","","","","","","","","","",""
"2012029253","","0","0","0","0","0","0","0","0","0","1","0","","02","3","2012","7","40.558681","-80.039618","","11","0","0","0","0","0","0","0","0","","0","0","0","","","0","","0","","40 33:31.251","","0","80 02:22.623","0","0","0","0","2108","0","0","0","N","0","0","0","4","02108","0","","1.0","","1","N","N","","0","","0","0","2","","0","","","2","0","0","0","0","0","0","2","0","2","","","","N","","","","","","","","","",""
"2012029617","","0","0","0","0","0","0","0","0","0","4","0","20","02","3","2012","3","40.35007","-79.893991","","11","0","0","0","0","0","1","0","0","1","0","0","0","","","0","","2","","40 21:00.253","3","0","79 53:38.368","9","0","0","0","2423","0","0","0","N","0","0","0","3","02304","0","","1.0","","1","N","N","","1","","0","0","1","","0","Y","","2","0","0","0","0","0","1","2","0","2","","","Y","Y","2","1","","","N","Y","","","",""
"2012026835","","1","0","0","0","0","0","0","0","0","5","1","","02","3","2012","1","40.495589","-79.940361","","11","0","0","0","0","0","1","0","0","2","0","1","0","","","0","","0","","40 29:44.119","2","0","79 56:25.298","0","0","0","0","2430","0","0","0","N","0","0","0","3","68D02","0","","1.0","","1","N","N","","0","","0","0","0","","0","N","","2","0","0","0","0","0","0","2","0","2","","","","N","","","","","","","","","",""
"2012026964","","1","0","0","0","0","0","0","0","0","1","0","","02","3","2012","2","40.38327","-79.930462","","11","0","0","0","0","0","0","0","0","","0","0","0","","","0","","1","","40 22:59.773","","2","79 55:49.664","0","0","0","0","2301","0","0","0","N","0","0","0","5","02301","0","","1.0","","9","N","N","","1","","0","0","0","","2","","","2","0","1","0","0","0","0","2","0","2","","","","N","","","","","","","","","",""
"2012029254","","2","0","0","0","0","0","0","0","0","1","0","","02","3","2012","7","40.584047","-80.028095","","11","0","0","0","0","0","0","0","0","","0","0","0","","","1","","7","","40 35:02.570","","0","80 01:41.143","4","0","0","0","2108","0","0","0","N","0","0","0","4","02108","1","","1.0","","1","N","N","","0","","0","0","0","","3","","","2","1","0","0","0","0","0","2","0","2","","","","N","","","","","","","","","",""
"2012028276","","2","0","0","0","0","0","0","0","0","4","0","","02","3","2012","5","40.437831","-79.988377","","11","0","0","0","0","0","0","0","0","","0","0","0","","","0","","1","","40 26:16.191","","0","79 59:18.157","0","0","0","0","2301","0","0","0","N","0","0","0","2","02301","0","","1.0","","1","N","N","","0","","0","0","0","","0","","","2","0","0","0","0","0","0","2","0","2","","","","N","","","","","","","","","",""
"2012026965","","1","0","0","0","0","0","0","0","0","4","0","","02","3","2012","2","40.462732","-79.92145","","11","0","0","0","0","0","1","0","0","","0","0","0","","","2","","1","","40 27:45.836","","0","79 55:17.220","8","0","0","0","2301","0","0","0","N","0","0","0","2","02301","0","","1.0","","1","N","N","","0","","0","0","0","","2","","","2","2","0","0","0","2","0","2","1","2","","","","N","","","","","","","","","",""
"2012029255","","1","0","0","0","0","0","0","0","0","1","0","","02","3","2012","2","40.519726","-80.217799","","11","0","0","0","0","0","1","2","0","","0","0","0","","","2","","1","","40 31:11.012","","7","80 13:04.075","4","0","0","0","2213","0","0","0","N","0","0","0","7","02213","2","","1.0","","9","N","N","","1","","0","0","2","","2","","","4","2","0","0","0","0","0","2","0","4","","","","N","","","","","","","","","",""
"2012028290","","0","0","0","0","0","0","0","0","0","1","0","","02","3","2012","5","40.386849","-79.981123","","11","0","0","0","0","0","0","0","0","","0","0","0","","","0","","0","","40 23:12.656","","0","79 58:52.042","0","0","0","0","2301","0","0","0","N","0","0","0","1","02301","0","","4.0","","1","N","N","","0","","0","0","2","","0","","","2","0","0","0","0","0","0","2","0","2","","","","N","","","","","","","","","",""
"2012027663","","2","0","0","0","0","0","0","0","0","4","0","","02","3","2012","7","40.460759","-79.915919","","11","0","0","0","0","0","1","0","0","","0","0","0","","","0","","1","","40 27:38.732","","0","79 54:57.308","0","0","0","0","2301","0","0","0","N","0","0","0","3","02301","0","","1.0","","1","N","N","","0","","0","0","0","","2","","","2","0","0","0","0","0","0","2","0","2","","","","N","","","","","","","","","",""
"2012028435","","1","0","0","0","0","0","0","0","0","1","0","25","02","3","2012","4","40.614194","-80.05482","","11","0","0","0","0","0","0","0","0","","0","0","0","","","0","","2","","40 36:51.099","","0","80 03:17.353","0","0","0","0","2216","0","0","0","N","0","0","0","3","02505","0","","1.0","","1","N","N","","0","","0","0","1","","0","","","2","0","0","0","0","0","0","1","0","2","","","Y","Y","2","1","","","N","","","","",""
"2012026981","","1","0","0","0","0","0","0","0","0","6","0","","02","3","2012","1","40.369161","-79.778581","","11","0","0","0","0","0","0","0","0","2","0","0","0","","","1","","0","","40 22:08.980","5","0","79 46:42.890","8","0","0","0","2111","0","0","0","N","0","0","0","5","02111","0","","1.0","","1","N","N","","0","","0","0","2","","2","Y","","3","1","0","0","0","1","0","2","0","3","","","","N","","","","","","","","","",""
"2012028974","","1","0","0","0","0","0","0","0","0","1","0","","02","3","2012","1","40.354916","-80.036327","","11","0","0","0","0","0","0","0","1","2","0","0","0","","","0","","1","","40 21:17.696","6","0","80 02:10.778","0","0","0","0","2109","0","0","0","N","0","0","0","3","02109","0","","1.0","","1","N","N","","1","","0","0","0","","2","N","","2","0","0","0","0","0","0","2","0","2","","","","N","","","","","","","","","",""
"2012026763","","1","0","0","1","0","0","0","0","0","8","0","","02","3","2012","1","40.458613","-79.908014","","11","0","0","0","0","0","0","0","0","","0","0","0","","","1","","1","","40 27:31.005","","0","79 54:28.849","4","0","0","0","2301","1","0","0","N","0","0","0","2","02301","1","","1.0","","1","N","N","","0","","0","0","0","","2","","","2","1","0","0","0","0","0","2","0","1","","","","N","","","","","","","","","",""
"2012028279","","1","0","0","0","0","0","0","0","0","7","0","","02","3","2012","4","40.506099","-79.974418","","11","0","0","1","0","0","0","0","0","2","0","0","0","","","1","","0","","40 30:21.956","5","0","79 58:27.904","4","0","0","0","2118","0","0","0","N","0","0","0","1","02118","1","","5.0","","1","N","N","","0","","0","0","0","","0","Y","","1","1","0","0","0","0","0","2","0","1","","","","N","","","","","","","","","",""
"2012028975","","1","0","0","0","0","0","0","0","0","7","0","","02","3","2012","1","40.425799","-79.891702","","11","0","0","0","0","0","0","0","0","1","0","0","0","","","0","","2","","40 25:32.876","1","0","79 53:30.127","0","0","0","0","2463","0","0","0","N","0","0","0","1","02463","0","","5.0","","1","N","N","","0","","0","0","0","","3","N","","1","0","0","0","0","0","0","2","0","1","","","","N","","","","","","","","","",""
"2012028280","","2","0","0","0","0","0","0","0","0","4","0","","02","3","2012","5","40.655281","-80.088512","","11","0","0","0","0","0","0","0","0","","0","0","0","","","0","","2","","40 39:19.011","","0","80 05:18.643","0","0","0","0","2212","0","0","0","N","0","0","0","2","02505","0","","1.0","","1","N","N","","0","","0","0","0","","3","","","2","0","0","0","0","0","0","2","0","2","","","","N","","","","","","","","","",""
"2012029100","","1","0","0","0","0","0","0","0","0","7","0","","02","2","2012","7","40.492073","-79.894798","","11","0","0","0","0","0","0","0","0","","0","0","0","","","0","","7","","40 29:31.464","","0","79 53:41.272","9","0","0","0","2432","0","0","0","N","0","0","0","1","68D02","0","","3.0","","1","N","N","","0","","0","0","0","","0","","","1","0","0","0","0","0","1","2","0","1","","","","N","","","","","","","","","",""
"2012029246","","2","0","0","0","0","0","0","0","0","1","0","","02","3","2012","2","40.404433","-80.09142","","11","0","0","0","0","0","1","0","0","","0","0","0","","","2","","0","","40 24:15.958","","0","80 05:29.113","8","0","0","0","2415","0","0","0","N","0","0","0","3","02415","0","","1.0","","1","N","N","","0","","0","0","0","","0","","","2","2","0","0","0","2","0","2","0","2","","","","N","","","","","","","","","",""
"2012029101","","1","0","0","0","0","0","0","0","0","7","0","","02","3","2012","1","40.490641","-79.876143","","11","0","0","0","0","0","0","0","0","","0","0","0","","","0","","0","","40 29:26.307","","0","79 52:34.114","0","0","0","0","2112","0","0","0","N","0","0","0","1","68D02","0","","4.0","","1","N","N","","0","","0","0","0","","0","","","1","0","0","0","0","0","0","2","0","1","","","","N","","","","","","","","","",""
"2012028441","","1","0","0","0","0","0","0","0","0","4","0","","02","3","2012","6","40.449706","-80.025099","","11","0","0","0","0","0","0","1","0","","0","0","0","","","1","","1","","40 26:58.940","","8","80 01:30.356","8","0","0","0","2301","0","0","0","N","0","0","0","3","02301","0","","1.0","","1","N","N","","0","","0","0","1","","2","","","2","1","0","0","0","1","0","2","0","2","","","","N","","","","","","","","","",""
"2012028282","","3","0","0","0","0","0","0","0","0","6","0","","02","3","2012","5","40.465009","-79.931422","","11","0","0","0","0","0","0","0","0","3","0","0","0","","","0","","0","","40 27:54.032","1","0","79 55:53.119","9","0","0","0","2301","0","0","0","N","0","0","0","7","02301","0","","1.0","","1","N","N","","0","","0","0","1","","0","Y","","4","0","0","0","0","0","2","2","0","4","","","","N","","","","","","","","","",""
"2012027679","","0","0","0","0","0","0","0","0","0","5","0","","02","3","2012","4","40.443204","-80.000338","","11","0","0","0","0","0","1","0","0","","0","0","0","","","1","","1","","40 26:35.534","","0","80 00:01.216","8","0","0","0","2301","0","0","0","N","0","0","0","3","02301","0","","1.0","","1","N","N","","1","","0","0","1","","2","","","2","1","1","0","0","1","0","2","0","2","","","","N","","","","","","","","","",""
"2012028978","","1","0","0","0","0","0","0","0","0","7","0","","02","3","2012","1","40.399969","-79.936383","","11","0","0","0","0","0","0","0","0","1","0","0","0","","","1","","10","","40 23:59.889","2","3","79 56:10.977","4","0","0","0","2301","0","0","0","N","0","0","0","1","02301","1","","1.0","","1","N","N","","0","","0","0","0","","0","N","","1","1","0","0","0","0","0","2","0","1","","","","N","","","","","","","","","",""
"2012027541","","2","0","0","0","0","0","0","0","0","1","0","","02","3","2012","3","40.415444","-79.924874","","11","0","0","0","0","0","1","0","0","2","0","0","0","","","1","","2","","40 24:55.598","3","0","79 55:29.546","8","0","0","0","2301","0","0","0","N","0","0","0","3","02301","0","","1.0","","1","N","N","","0","","0","0","0","","2","N","","2","1","0","0","0","1","0","2","0","2","","","","N","","","","","","","","","",""
"2012028295","","1","0","0","0","0","0","0","0","0","7","0","","02","3","2012","5","40.41263","-80.010187","","11","0","0","0","0","0","0","0","0","1","0","0","0","","","0","","0","","40 24:45.468","1","0","80 00:36.674","0","0","0","0","2301","0","0","0","N","0","0","0","2","02301","0","","4.0","","8","N","N","","0","","0","0","0","","0","N","","1","0","0","0","0","0","0","2","0","1","","","","N","","","","","","","","","",""
"2012028979","","1","0","0","0","0","0","0","0","0","7","0","","02","3","2012","7","40.581468","-80.082643","","11","0","0","0","0","0","0","0","0","1","0","0","0","","","0","","0","","40 34:53.286","4","0","80 04:57.513","0","0","0","0","2481","0","0","0","N","0","0","0","1","02481","0","","5.0","","1","N","N","","0","","0","0","0","","0","N","","1","0","0","0","0","0","0","2","0","1","","","","N","","","","","","","","","",""
"2012026905","","1","0","0","0","0","0","0","0","0","5","1","","02","3","2012","2","40.60576","-79.757307","","11","0","0","0","0","0","1","0","0","1","0","1","0","","","0","","0","","40 36:20.735","1","0","79 45:26.304","0","0","0","0","2464","0","0","0","N","0","0","0","2","02464","0","","1.0","","1","N","N","","0","","0","0","0","","0","N","","2","0","2","0","0","0","0","2","0","2","","","","N","","","","","","","","","",""
"2012029251","","0","0","0","0","0","0","0","0","0","1","0","","02","3","2012","6","40.584047","-80.028095","","11","0","0","0","0","0","0","0","0","1","0","0","0","","","1","","7","","40 35:02.570","3","2","80 01:41.143","4","0","0","0","2108","0","0","0","N","0","0","0","2","02108","1","","1.0","","1","N","N","","0","","0","0","2","","3","N","","2","1","0","0","0","0","0","2","0","2","","","","N","","","","","","","","","",""
"2012027400","","1","0","0","0","0","0","0","0","0","1","0","","02","3","2012","3","40.390758","-80.074202","","11","0","0","0","0","0","0","0","0","","0","0","0","","","1","","5","","40 23:26.727","","0","80 04:27.127","8","0","0","0","2117","0","0","0","N","0","0","0","3","02117","0","","1.0","","1","N","N","","0","","0","0","0","","2","","","2","1","0","0","0","1","0","2","1","2","","","","N","","","","","","","","","",""
"2012028981","","2","0","0","0","0","0","0","0","0","4","0","","02","3","2012","7","40.432174","-80.003941","","11","0","0","0","0","0","0","0","0","2","0","0","0","","","0","","2","","40 25:55.827","6","0","80 00:14.188","0","0","0","0","2301","0","0","0","N","0","0","0","3","02301","0","","1.0","","1","N","N","","0","","0","0","0","","2","N","","2","0","0","0","0","0","0","2","0","2","","","","N","","","","","","","","","",""
"2012029044","","2","0","0","0","0","0","0","0","0","4","0","","02","3","2012","5","40.437393","-79.776243","","11","0","0","0","0","0","0","1","0","","0","0","0","","","0","","0","","40 26:14.616","","7","79 46:34.474","0","0","0","0","2446","0","0","0","N","0","0","0","2","02446","0","","1.0","","1","N","N","","0","","0","0","0","","0","","","2","0","0","0","0","0","0","2","0","2","","","","N","","","","","","","","","",""
"2012028286","","1","0","1","0","0","0","0","0","0","7","0","","02","3","2012","5","40.262601","-79.886609","","11","0","1","0","0","0","0","0","0","2","0","0","0","","","2","","0","","40 15:45.363","5","0","79 53:11.794","2","0","0","0","2204","0","0","0","Y","0","0","0","2","02204","1","","2.0","","1","N","N","","0","","0","1","0","","0","Y","","1","2","1","0","0","0","0","1","0","1","","","","N","","","","","","","","","",""
"2012026908","","1","0","0","0","0","0","0","0","0","4","0","","02","3","2012","2","40.321248","-79.95833","","11","0","0","0","0","0","2","0","0","1","0","0","0","","","0","","3","","40 19:16.492","5","0","79 57:29.988","0","0","0","0","2454","0","0","0","N","0","0","0","2","02454","0","","1.0","","1","N","N","","0","","0","0","1","","3","N","","2","0","0","0","0","0","0","2","0","2","","","","N","","","","","","","","","",""
"2012028287","","1","0","0","0","0","0","0","0","0","7","0","","02","3","2012","5","40.456354","-79.88318","","11","0","0","0","0","0","0","0","1","","0","0","0","","","1","","2","","40 27:22.874","","0","79 52:59.449","3","0","0","0","2301","0","0","0","N","0","0","0","1","02301","0","","4.0","","1","N","N","","0","","1","0","0","","3","","","1","1","1","0","0","0","0","2","0","1","","","","N","","","","","","","","","",""
"2012028512","","2","0","0","0","0","0","0","0","0","4","0","","02","3","2012","6","40.452414","-79.952368","","11","0","0","0","0","1","0","0","0","1","0","0","0","","","0","","2","","40 27:08.690","1","0","79 57:08.524","0","0","0","0","2301","0","0","0","N","0","0","0","5","02301","0","","1.0","","1","N","N","","0","","0","0","0","","3","N","","2","0","4","0","0","0","0","2","0","2","","","","N","","","","","","","","","",""
"2012026910","","2","0","0","0","0","0","0","0","0","1","0","","02","3","2012","2","40.52143","-79.959621","","11","0","0","0","1","0","0","0","1","","0","0","0","","","1","","1","","40 31:17.148","","0","79 57:34.634","8","0","0","0","2118","0","0","0","N","0","0","0","3","02118","0","","1.0","","1","N","N","","0","","0","0","0","","0","","","2","1","0","0","0","1","0","2","0","2","","","","N","","","","","","","","","",""
"2012027685","","0","0","0","0","0","0","0","0","0","4","0","","02","3","2012","4","40.440424","-80.018418","","11","0","0","0","0","0","2","0","0","1","0","0","0","","","1","","0","","40 26:25.526","7","7","80 01:06.304","3","0","0","1","2301","0","0","0","N","0","0","0","2","02301","0","","1.0","","1","N","N","","0","","1","0","1","","0","N","","2","1","0","0","0","0","0","2","0","2","","","","N","","","","","","","","","",""
"2012028513","","1","0","0","0","0","0","0","0","0","1","1","","02","3","2012","6","40.428698","-79.988591","","11","0","0","0","0","0","1","0","0","1","0","1","0","","","1","","2","","40 25:43.313","1","0","79 59:18.929","4","0","0","0","2301","0","0","0","N","0","0","0","3","02301","1","","1.0","","1","N","N","","0","","0","0","0","","2","N","","2","1","0","0","0","0","0","2","0","2","","","","N","","","","","","","","","",""
"2012026788","","0","0","0","0","0","0","0","0","0","7","0","","02","3","2012","2","40.421475","-79.725142","","11","0","0","0","0","0","0","0","0","","0","0","0","","","0","","0","","40 25:17.310","","0","79 43:30.510","0","0","0","0","2446","0","0","0","N","0","0","0","1","02446","0","","2.0","","2","N","N","","0","","0","0","1","","0","","","1","0","0","0","0","0","0","2","0","1","","","","N","","","","","","","","","",""
"2012027547","","1","0","0","0","0","0","0","0","0","7","0","","02","2","2012","3","40.340032","-79.824828","","11","0","0","0","0","0","0","0","1","","0","0","0","","","0","","2","","40 20:24.115","","0","79 49:29.380","0","0","0","0","2304","0","0","0","N","0","0","0","1","02304","0","","2.0","","1","N","N","","0","","0","0","0","","0","","","1","0","0","0","0","0","0","2","0","1","","","","N","","","","","","","","","",""
"2012026923","","1","0","0","0","0","0","0","0","0","7","0","","02","3","2012","6","40.643692","-79.777963","","11","0","0","0","0","0","0","0","0","2","0","0","0","","","1","","0","","40 38:37.292","6","0","79 46:40.666","4","0","0","0","2202","0","0","0","N","0","0","0","1","02202","1","","4.0","","2","N","N","","0","","0","0","0","","0","N","","1","1","0","0","0","0","0","1","0","1","","","","N","","","","","","","","","",""
"2012029049","","1","0","0","0","0","0","0","0","0","7","0","","02","3","2012","2","40.378319","-79.922189","","11","0","0","0","0","0","0","0","0","3","1","0","0","","","0","","0","","40 22:41.950","5","0","79 55:19.880","1","0","0","0","2301","0","0","0","N","0","0","0","1","02301","0","2","4.0","","9","N","N","","0","0","0","0","0","","0","Y","","1","0","1","1","0","0","0","2","0","1","","","","N","","","","","","","","","",""
"2012029186","","2","0","0","0","0","0","0","0","0","1","0","","02","3","2012","6","40.377851","-79.851648","","11","0","0","0","0","1","0","0","0","1","0","0","0","","","1","","0","","40 22:40.264","1","0","79 51:05.931","4","0","0","0","2473","0","0","0","N","0","0","0","5","02473","1","","1.0","","1","N","N","","0","","0","0","0","","0","Y","","2","1","0","0","0","0","0","2","0","2","","","","N","","","","","","","","","",""
"2012027675","","1","0","0","0","0","0","0","0","0","4","0","","02","3","2012","3","40.308879","-79.976287","","11","0","0","0","0","0","1","0","0","","0","0","0","","","0","","1","","40 18:31.965","","0","79 58:34.633","0","0","0","0","2219","0","0","0","N","0","0","0","2","02219","0","","1.0","","1","N","N","","0","","0","0","0","","6","","","2","0","0","0","0","0","0","2","0","1","","","","N","","","","","","","","","",""
"2012026710","","2","0","0","0","0","0","0","0","0","4","0","","02","3","2012","7","40.451696","-79.98314","","11","0","0","0","0","0","0","0","0","","0","0","0","","","0","","2","","40 27:06.105","","0","79 58:59.304","0","0","0","0","2301","0","0","0","N","0","0","0","1","02301","0","","1.0","","1","N","N","","0","","0","0","0","","0","","","2","0","0","0","0","0","0","2","0","2","","","","N","","","","","","","","","",""
"2012029062","","1","0","0","0","0","0","0","0","0","8","0","","02","3","2012","1","40.532533","-79.968021","","11","0","0","0","0","0","0","0","0","1","0","0","0","","","1","","1","","40 31:57.117","1","0","79 58:04.877","8","0","0","0","2118","1","0","0","N","1","0","0","2","02118","0","","1.0","","1","N","N","","0","","0","0","0","","3","Y","","2","1","1","0","0","1","0","2","0","1","","","","N","","","","","","","","","",""
"2012026790","","1","0","0","0","0","0","0","0","0","1","0","","02","3","2012","1","40.443172","-79.959929","","11","0","0","0","0","0","0","0","0","","0","0","0","","","0","","2","","40 26:35.419","","0","79 57:35.744","0","0","0","0","2301","0","0","0","N","0","0","0","2","02506","0","","4.0","","1","N","N","","0","","0","0","1","","2","","","2","0","0","0","0","0","0","2","0","2","","","","N","","","","","","","","","",""