"CRN","ARRIVAL_TM","AUTOMOBILE_COUNT","BELTED_DEATH_COUNT","BELTED_SUSP_SERIOUS_INJ_COUNT","BICYCLE_COUNT","BICYCLE_DEATH_COUNT","BICYCLE_SUSP_SERIOUS_INJ_COUNT","BUS_COUNT","CHLDPAS_DEATH_COUNT","CHLDPAS_SUSP_SERIOUS_INJ_COUNT","COLLISION_TYPE","COMM_VEH_COUNT","CONS_ZONE_SPD_LIM","COUNTY","CRASH_MONTH","CRASH_YEAR","DAY_OF_WEEK","DEC_LATITUDE","DEC_LONGITUDE","DISPATCH_TM","DISTRICT","DRIVER_COUNT_16YR","DRIVER_COUNT_17YR","DRIVER_COUNT_18YR","DRIVER_COUNT_19YR","DRIVER_COUNT_20YR","DRIVER_COUNT_50_64YR","DRIVER_COUNT_65_74YR","DRIVER_COUNT_75PLUS","EST_HRS_CLOSED","FATAL_COUNT","HEAVY_TRUCK_COUNT","HORSE_BUGGY_COUNT","HOUR_OF_DAY","ILLUMINATION","INJURY_COUNT","INTERSECTION_RELATED","INTERSECT_TYPE","LANE_CLOSED","LATITUDE","LN_CLOSE_DIR","LOCATION_TYPE","LONGITUDE","MAX_SEVERITY_LEVEL","MCYCLE_DEATH_COUNT","MCYCLE_SUSP_SERIOUS_INJ_COUNT","MOTORCYCLE_COUNT","MUNICIPALITY","NONMOTR_COUNT","NONMOTR_DEATH_COUNT","NONMOTR_SUSP_SERIOUS_INJ_COUNT","NTFY_HIWY_MAINT","PED_COUNT","PED_DEATH_COUNT","PED_SUSP_SERIOUS_INJ_COUNT","PERSON_COUNT","POLICE_AGCY","POSSIBLE_INJ_COUNT","RDWY_SURF_TYPE_CD","RELATION_TO_ROAD","ROADWAY_CLEARED","ROAD_CONDITION","SCH_BUS_IND","SCH_ZONE_IND","SECONDARY_CRASH","SMALL_TRUCK_COUNT","SPEC_JURIS_CD","SUSP_MINOR_INJ_COUNT","SUSP_SERIOUS_INJ_COUNT","SUV_COUNT","TCD_FUNC_CD","TCD_TYPE","TFC_DETOUR_IND","TIME_OF_DAY","TOTAL_UNITS","TOT_INJ_COUNT","UNBELTED_OCC_COUNT","UNB_DEATH_COUNT","UNB_SUSP_SERIOUS_INJ_COUNT","UNK_INJ_DEG_COUNT","UNK_INJ_PER_COUNT","URBAN_RURAL","VAN_COUNT","VEHICLE_COUNT","WEATHER1","WEATHER2","WORKERS_PRES","WORK_ZONE_IND","WORK_ZONE_LOC","WORK_ZONE_TYPE","WZ_CLOSE_DETOUR","WZ_FLAGGER","WZ_LAW_OFFCR_IND","WZ_LN_CLOSURE","WZ_MOVING","WZ_OTHER","WZ_SHLDER_MDN","WZ_WORKERS_INJ_KILLED"
"2012070083","1533","0","0","0","0","0","0","0","0","0","1","0","","02","7","2012","1","40.359385","-80.073432","1524","11","0","0","0","0","1","0","0","0","","0","0","0","","","1","","3","","40 21:33.785","","0","80 04:24.354","8","0","0","0","2123","0","0","0","N","0","0","0","5","02123","0","","1.0","","9","N","N","","0","","0","0","2","","2","","","2","1","0","0","0","1","0","2","0","2","","","","N","","","","","","","","","",""
"2012023978","1617","2","0","0","0","0","0","0","0","0","4","0","","02","3","2012","6","40.477051","-79.913607","1610","11","0","0","0","0","0","1","0","0","3","0","0","0","","","0","","5","","40 28:37.383","7","0","79 54:48.985","9","0","0","0","2301","0","0","0","N","0","0","0","2","02301","0","","1.0","","9","N","N","","0","","0","0","0","","3","N","","2","0","0","0","0","0","1","2","0","2","","","","N","","","","","","","","","",""
"2012024752","1327","1","0","0","0","0","0","0","0","0","2","0","","02","3","2012","7","40.557253","-80.017747","1325","11","0","0","0","0","0","0","0","0","2","0","0","0","","","0","","0","","40 33:26.111","3","0","80 01:03.888","0","0","0","0","2108","0","0","0","N","0","0","0","2","02108","0","","1.0","","1","N","N","","0","","0","0","1","","2","N","","2","0","0","0","0","0","0","2","0","2","","","","N","","","","","","","","","",""
"2012069469","2355","0","0","0","0","0","0","0","0","0","7","0","","02","7","2012","5","40.592242","-79.927485","2349","11","0","0","0","0","1","0","0","0","","0","0","0","","","1","","0","","40 35:32.072","","0","79 55:38.946","8","0","0","0","2207","0","0","0","","0","0","0","1","02207","0","","5.0","","1","N","","","0","","0","0","1","","0","","","1","1","0","0","0","1","0","2","0","1","","","","N","","","","","","","","","",""
"2012024681","0853","0","0","0","0","0","0","0","0","0","8","0","","02","3","2012","2","40.440245","-79.993338","0848","11","0","0","0","0","0","0","0","0","1","0","0","0","","","1","","2","","40 26:24.882","3","0","79 59:36.016","8","0","0","0","2301","1","0","0","N","1","0","0","2","02301","0","","5.0","","9","N","N","","0","","0","0","1","","0","Y","","2","1","0","0","0","1","0","2","0","1","","","","N","","","","","","","","","",""
"2012023979","1212","2","0","0","0","0","0","0","0","0","1","0","","02","3","2012","5","40.567162","-80.01647","1209","11","0","0","0","0","0","0","0","1","","0","0","0","","","0","","0","","40 34:01.784","","0","80 00:59.291","0","0","0","0","2108","0","0","0","N","0","0","0","2","02108","0","","1.0","","1","N","N","","0","","0","0","0","","0","","","2","0","0","0","0","0","0","2","0","2","","","","N","","","","","","","","","",""
"2012024753","0930","0","0","0","0","0","0","0","0","0","1","0","","02","2","2012","4","40.448433","-80.158024","0930","11","0","0","0","0","0","1","0","0","","0","0","0","","","0","","0","","40 26:54.357","","0","80 09:28.887","0","0","0","0","2115","0","0","0","N","0","0","0","2","02115","0","","1.0","","1","N","N","","1","","0","0","0","","0","","","2","0","0","0","0","0","0","2","1","2","","","","N","","","","","","","","","",""
"2012070585","2027","2","0","0","0","0","0","0","0","0","4","0","","02","7","2012","2","40.44165","-80.240308","2024","11","0","1","1","0","0","0","0","0","","0","0","0","","","0","","1","","40 26:29.940","","0","80 14:25.110","0","0","0","0","2214","0","0","0","N","0","0","0","2","02214","0","","1.0","","1","N","N","","0","","0","0","0","","3","","","2","0","0","0","0","0","0","2","0","2","","","","N","","","","","","","","","",""
"2012071347","2104","2","0","0","0","0","0","0","0","0","4","0","","02","7","2012","4","40.445446","-79.765266","2057","11","1","0","0","0","0","0","0","0","1","0","0","0","","","1","","3","","40 26:43.605","4","0","79 45:54.957","4","0","0","0","2446","0","0","0","N","0","0","0","6","02446","1","","1.0","","1","N","N","","0","","0","0","0","","3","N","","2","1","0","0","0","0","0","2","0","2","","","","N","","","","","","","","","",""
"2012070006","0250","0","0","0","0","0","0","0","0","0","7","0","","02","7","2012","1","40.437096","-80.039826","0244","11","0","0","0","0","0","0","0","0","3","0","0","0","","","0","","0","","40 26:13.545","4","7","80 02:23.372","9","0","0","0","2301","0","0","0","N","0","0","0","1","02301","0","","5.0","","9","N","N","","0","","0","0","1","","0","N","","1","0","0","0","0","0","1","2","0","1","","","","N","","","","","","","","","",""
"2012070741","0722","1","0","0","0","0","0","0","0","0","4","0","","02","7","2012","3","40.377335","-79.801335","0720","11","0","0","0","0","0","0","1","0","1","0","0","0","","","0","","2","","40 22:38.407","1","0","79 48:04.805","0","0","0","0","2111","0","0","0","N","0","0","0","2","02111","0","","1.0","","1","N","N","","0","","0","0","0","","3","N","","2","0","0","0","0","0","0","2","1","2","","","","N","","","","","","","","","",""
"2012071635","0944","2","0","0","0","0","0","0","0","0","1","0","","02","7","2012","1","40.436107","-79.780524","0939","11","0","0","0","0","0","1","0","1","1","0","0","0","","","1","","1","","40 26:09.985","4","0","79 46:49.885","3","0","0","0","2446","0","0","0","N","0","0","0","2","02446","0","","1.0","","1","N","N","","0","","1","0","0","","2","N","","2","1","0","0","0","0","0","2","0","2","","","","N","","","","","","","","","",""
"2012024682","1455","1","0","0","0","0","0","0","0","0","5","0","","02","2","2012","4","40.532646","-79.958588","1448","11","0","0","0","0","0","0","1","0","","0","0","0","","","1","","1","","40 31:57.524","","0","79 57:30.916","4","0","0","0","2118","0","0","0","N","0","0","0","2","02118","1","","1.0","","1","N","N","","0","","0","0","1","","2","","","2","1","0","0","0","0","0","2","0","2","","","","N","","","","","","","","","",""
"2012023980","0223","1","0","0","0","0","0","0","0","0","7","0","","02","3","2012","5","40.458913","-80.138309","0217","11","0","0","0","0","0","0","0","0","","0","0","0","","","0","","0","","40 27:32.086","","0","80 08:17.912","9","0","0","0","2115","0","0","0","N","0","0","0","1","02115","0","","4.0","","1","N","N","","0","","0","0","0","","0","","","1","0","0","0","0","0","1","2","0","1","","","","N","","","","","","","","","",""
"2012024754","0806","2","0","0","0","0","0","0","0","0","1","0","","02","2","2012","3","40.448068","-80.162487","0803","11","0","0","0","0","0","0","0","0","","0","0","0","","","1","","1","","40 26:53.043","","0","80 09:44.953","4","0","0","0","2115","0","0","0","N","0","0","0","2","02115","1","","1.0","","1","N","N","","0","","0","0","0","","2","","","2","1","0","0","0","0","0","2","0","2","","","","N","","","","","","","","","",""
"2012069233","0743","0","0","0","0","0","0","0","0","0","8","0","","02","7","2012","5","40.517517","-79.843169","0741","11","0","0","0","0","0","0","1","0","","0","0","0","","","1","","2","","40 31:03.062","","0","79 50:35.408","3","0","0","0","2451","1","0","0","N","1","0","0","2","02451","0","","1.0","","1","N","N","","0","","1","0","1","","0","","","2","1","0","0","0","0","1","2","0","1","","","","N","","","","","","","","","",""
"2012069246","0745","1","0","0","0","0","0","0","0","0","7","0","","02","7","2012","5","40.408864","-80.085503","0740","11","0","0","0","0","0","0","0","0","1","0","0","0","","","1","","0","","40 24:31.910","3","0","80 05:07.810","4","0","0","0","2415","0","0","0","N","0","0","0","1","02415","1","","5.0","","1","N","N","","0","","0","0","0","","0","Y","","1","1","0","0","0","0","0","2","0","1","","","","N","","","","","","","","","",""
"2012023981","1605","1","0","0","0","0","0","0","0","0","1","0","","02","3","2012","5","40.504492","-80.143376","1558","11","0","1","0","0","0","0","0","0","1","0","0","0","","","1","","2","","40 30:16.171","3","3","80 08:36.155","8","0","0","0","2115","0","0","0","N","0","0","0","2","02115","0","","1.0","","1","N","N","","1","","0","0","0","","0","N","","2","1","0","0","0","1","0","2","0","2","","","","N","","","","","","","","","",""
"2012024755","0845","1","0","0","0","0","0","0","0","0","4","0","","02","3","2012","7","40.428994","-80.097517","0845","11","0","0","0","0","0","0","1","0","2","0","0","0","","","2","","1","","40 25:44.378","5","0","80 05:51.061","3","0","0","0","2115","0","0","0","N","0","0","0","3","02115","0","","1.0","","1","N","N","","1","","2","0","0","","3","N","","2","2","0","0","0","0","0","2","0","2","","","","N","","","","","","","","","",""
"2012070602","2159","2","0","0","0","0","0","0","0","0","2","0","","02","7","2012","2","40.340928","-79.992277","2155","11","0","0","0","0","0","0","0","0","","0","0","0","","","0","","0","","40 20:27.340","","0","79 59:32.197","0","0","0","0","2403","0","0","0","N","0","0","0","1","02403","0","","1.0","","1","N","N","","0","","0","0","0","","0","","","2","0","0","0","0","0","0","2","0","2","","","","N","","","","","","","","","",""
"2012069328","1515","1","0","0","0","0","0","0","0","0","4","0","","02","7","2012","5","40.540636","-79.815004","1510","11","0","0","0","0","0","0","1","0","2","0","0","0","","","0","","2","","40 32:26.291","2","2","79 48:54.014","0","0","0","0","2208","0","0","0","N","0","0","0","2","02208","0","","1.0","","1","N","N","","0","","0","0","1","","3","Y","","2","0","0","0","0","0","0","2","0","2","","","","N","","","","","","","","","",""
"2012070008","0509","1","0","0","0","0","0","0","0","0","2","0","","02","7","2012","7","40.468805","-79.862939","0505","11","0","0","0","0","0","0","0","0","3","0","0","0","","","2","","0","","40 28:07.697","4","0","79 51:46.582","3","0","0","0","2113","0","0","0","N","0","0","0","2","02113","0","","2.0","","9","N","N","","0","","2","0","1","","0","N","","2","2","1","0","0","0","0","2","0","2","","","","N","","","","","","","","","",""
"2012070088","2205","1","0","0","0","0","0","0","0","0","4","0","","02","7","2012","6","40.419643","-79.927184","2205","11","0","0","0","0","0","1","0","0","","0","0","0","","","2","","5","","40 25:10.714","","0","79 55:37.862","8","0","0","0","2301","0","0","0","N","0","0","0","3","02301","0","","1.0","","1","N","N","","0","","0","0","1","","2","","","2","2","0","0","0","2","0","2","0","2","","","","N","","","","","","","","","",""
"2012023982","0906","1","0","0","0","0","0","0","0","0","7","0","","02","2","2012","4","40.495576","-80.207058","0903","11","0","0","0","0","0","0","0","0","","0","0","0","","","0","","0","","40 29:44.072","","0","80 12:25.409","0","0","0","0","2213","0","0","0","N","0","0","0","1","02213","0","","4.0","","9","N","N","","0","","0","0","0","","0","","","1","0","0","0","0","0","0","2","0","1","","","","N","","","","","","","","","",""
"2012024756","1156","1","0","0","0","0","0","0","0","0","7","0","","02","3","2012","2","40.590601","-79.82694","1149","11","0","0","0","0","0","0","0","0","","0","0","0","","","0","","0","","40 35:26.162","","4","79 49:36.985","0","0","0","0","2209","0","0","0","N","0","0","0","1","02209","0","","1.0","","9","N","N","","0","","0","0","0","","0","","","1","0","0","0","0","0","0","1","0","1","","","","N","","","","","","","","","",""
"2012070603","2314","2","0","0","0","0","0","0","0","0","4","0","","02","7","2012","2","40.437542","-79.998103","2308","11","0","0","0","1","0","0","0","0","","0","0","0","","","0","","1","","40 26:15.150","","0","79 59:53.170","0","0","0","0","2301","0","0","0","N","0","0","0","2","02301","0","","1.0","","1","N","N","","0","","0","0","0","","2","","","2","0","0","0","0","0","0","2","0","2","","","","N","","","","","","","","","",""
"2012069329","1619","1","0","0","0","0","0","0","0","0","4","0","","02","7","2012","5","40.469681","-79.991632","1615","11","0","0","0","0","0","0","0","0","","0","0","0","","","0","","0","","40 28:10.851","","0","79 59:29.875","0","0","0","0","2301","0","0","0","N","0","0","0","1","02301","0","","6.0","","1","N","N","","0","","0","0","1","","0","","","2","0","0","0","0","0","0","2","0","2","","","","N","","","","","","","","","",""
"2012070009","0227","1","0","0","0","0","0","0","0","0","7","0","","02","7","2012","1","40.483904","-79.811427","0223","11","0","0","0","0","0","0","0","0","1","0","0","0","","","2","","0","","40 29:02.055","4","0","79 48:41.136","8","0","0","0","2113","0","0","0","N","0","0","0","2","02113","0","","5.0","","9","N","N","","0","","0","0","0","","0","N","","1","2","0","0","0","2","0","2","0","1","","","","N","","","","","","","","","",""
"2012070816","1520","0","0","0","0","0","0","0","0","0","4","0","","02","6","2012","4","40.371014","-79.786192","1515","11","0","0","0","0","0","0","0","0","1","0","0","0","","","0","","2","","40 22:15.650","5","7","79 47:10.290","0","0","0","0","2111","0","0","0","N","0","0","0","5","02111","0","","1.0","","1","N","N","","0","","0","0","1","","3","N","","2","0","1","0","0","0","0","2","1","2","","","","N","","","","","","","","","",""
"2012024757","1717","1","0","0","0","0","0","0","0","0","4","0","","02","2","2012","3","40.504849","-80.206828","1715","11","0","0","0","0","0","1","0","0","","0","0","0","","","1","","0","","40 30:17.455","","0","80 12:24.579","8","0","0","0","2213","0","0","0","N","0","0","0","4","02213","0","","1.0","","1","N","N","","0","","0","0","1","","0","","","2","1","0","0","0","1","0","2","0","2","","","","N","","","","","","","","","",""
"2012070746","0810","2","0","0","0","0","0","0","0","0","4","0","","02","7","2012","3","40.452914","-79.920742","0801","11","0","0","0","0","0","1","0","0","","0","0","0","","","0","","1","","40 27:10.490","","0","79 55:14.670","0","0","0","0","2301","0","0","0","N","0","0","0","2","02301","0","","1.0","","1","N","N","","0","","0","0","0","","2","","","2","0","0","0","0","0","0","2","0","2","","","","N","","","","","","","","","",""
"2012024758","0558","1","0","0","0","0","0","0","0","0","7","0","","02","2","2012","4","40.502126","-80.22815","0555","11","0","0","0","0","0","0","0","0","1","0","0","0","","","1","","0","","40 30:07.652","3","0","80 13:41.339","4","0","0","0","2213","0","0","0","N","0","0","0","1","02213","1","","4.0","","9","N","N","","0","","0","0","0","","0","N","","1","1","0","0","0","0","0","2","0","1","","","","N","","","","","","","","","",""
"2012024759","2341","0","0","0","0","0","0","0","0","0","7","0","","02","3","2012","1","40.524165","-80.214761","2335","11","0","0","0","0","0","0","0","0","1","0","0","0","","","1","","0","","40 31:26.995","1","0","80 12:53.138","4","0","0","0","2213","0","0","0","N","0","0","0","1","02213","1","","5.0","","7","N","N","","0","","0","0","0","","0","N","","1","1","0","0","0","0","0","2","1","1","","","","N","","","","","","","","","",""
"2012070012","0019","1","0","0","0","0","0","0","0","0","7","0","","02","7","2012","1","40.442885","-80.02484","0017","11","0","0","0","1","0","0","0","0","2","0","0","0","","","4","","0","","40 26:34.387","4","0","80 01:29.423","3","0","0","0","2301","0","0","0","N","0","0","0","4","02301","2","","5.0","","9","N","N","","0","","2","0","0","","0","N","","1","4","0","0","0","0","0","2","0","1","","","","N","","","","","","","","","",""
"2012024760","1346","2","0","0","0","0","0","0","0","0","4","0","","02","3","2012","6","40.329029","-80.061355","1343","11","0","0","0","0","0","2","0","0","2","0","0","0","","","0","","2","","40 19:44.504","4","0","80 03:40.878","0","0","0","0","2407","0","0","0","N","0","0","0","4","02407","0","","1.0","","1","N","N","","0","","0","0","0","","3","N","","2","0","0","0","0","0","0","2","0","2","","","","N","","","","","","","","","",""
"2012070013","0205","2","0","0","0","0","0","0","0","0","4","0","","02","7","2012","1","40.528499","-79.850278","0220","11","0","0","0","1","0","0","0","0","","0","0","0","","","1","","2","","40 31:42.598","","0","79 51:01.000","8","0","0","0","2208","0","0","0","N","0","0","0","2","02208","0","","1.0","","9","N","N","","0","","0","0","0","","2","","","2","1","0","0","0","1","0","2","0","2","","","","N","","","","","","","","","",""
"2012070820","1815","1","0","0","0","0","0","0","0","0","1","0","","02","7","2012","2","40.443273","-79.713474","1804","11","0","0","0","0","0","0","0","0","","0","0","0","","","0","","0","","40 26:35.781","","0","79 42:48.506","0","0","0","0","2446","0","0","0","N","0","0","0","3","02446","0","","1.0","","1","N","N","","0","","0","0","0","","0","","","2","0","0","0","0","0","0","2","1","2","","","","N","","","","","","","","","",""
"2012024689","1046","1","0","0","0","0","0","0","0","0","4","0","","02","3","2012","2","40.423661","-79.857253","1045","11","0","0","0","0","0","0","0","0","","0","0","0","","","0","","0","","40 25:25.180","","0","79 51:26.111","0","0","0","0","2431","0","0","0","N","0","0","0","3","02431","0","","1.0","","9","N","N","","0","","0","0","1","","2","","","2","0","0","0","0","0","0","2","0","2","","","","N","","","","","","","","","",""
"2012025461","2227","1","0","0","0","0","0","0","0","0","1","1","","02","3","2012","1","40.459145","-80.023932","2227","11","0","0","0","0","0","0","0","0","1","0","1","0","","","0","","5","","40 27:32.922","3","0","80 01:26.155","0","0","0","0","2301","0","0","0","N","0","0","0","2","02301","0","","1.0","","2","N","N","","0","","0","0","0","","3","N","","2","0","0","0","0","0","0","2","0","2","","","","N","","","","","","","","","",""
"2012024761","1854","0","0","0","0","0","0","0","0","0","7","0","","02","3","2012","1","40.331863","-80.052392","1848","11","0","0","0","0","0","0","0","0","","0","0","0","","","0","","3","","40 19:54.706","","0","80 03:08.611","0","0","0","0","2407","0","0","0","N","0","0","0","1","02407","0","","4.0","","7","N","N","","0","","0","0","1","","3","","","1","0","0","0","0","0","0","2","0","1","","","","N","","","","","","","","","",""
"2012071646","1625","1","0","0","0","0","0","0","0","0","1","0","","02","7","2012","4","40.362366","-79.931995","1624","11","0","0","0","0","0","1","0","0","1","0","0","0","","","0","","1","","40 21:44.516","1","0","79 55:55.181","0","0","0","0","2473","0","0","0","N","0","0","0","2","02473","0","","1.0","","1","N","N","","1","","0","0","0","","2","N","","2","0","0","0","0","0","0","2","0","2","","","","N","","","","","","","","","",""
"2012024762","2103","1","0","0","0","0","0","0","0","0","4","0","","02","3","2012","1","40.311086","-80.03299","2058","11","1","0","0","0","0","0","0","0","","0","0","0","","","0","","2","","40 18:39.908","","0","80 01:58.763","0","0","0","0","2407","0","0","0","N","0","0","0","4","02407","0","","1.0","","9","N","N","","0","","0","0","0","","2","","","2","0","0","0","0","0","0","2","1","2","","","","N","","","","","","","","","",""
"2012069887","1234","1","0","0","0","0","0","0","0","0","4","0","","02","7","2012","7","40.423631","-79.969988","1227","11","0","0","0","0","0","1","0","0","1","0","0","0","","","0","","2","","40 25:25.071","2","0","79 58:11.956","0","0","0","0","2301","0","0","0","N","0","0","0","2","02301","0","","1.0","","3","N","N","","0","","0","0","1","","0","N","","2","0","0","0","0","0","0","2","0","2","","","","N","","","","","","","","","",""
"2012070822","1448","0","0","0","0","0","0","0","0","0","6","0","","02","7","2012","3","40.5011","-79.86157","1445","11","0","0","0","0","0","0","0","0","1","0","0","0","","","1","","1","","40 30:03.961","3","2","79 51:41.651","8","0","0","0","2112","0","0","0","N","0","0","0","2","02112","0","","1.0","","1","N","N","","1","","0","0","1","","3","N","","2","1","0","0","0","1","0","2","0","2","","","","N","","","","","","","","","",""
"2012069482","2000","0","0","0","0","0","0","0","0","0","0","0","","02","7","2012","2","40.236801","-79.954938","1955","11","0","0","0","0","0","0","0","0","2","0","0","0","","","1","","0","","40 14:12.483","5","0","79 57:17.777","2","0","1","1","2204","0","0","0","N","0","0","0","1","02204","0","","5.0","","1","N","N","","0","","0","1","0","","0","N","","1","1","0","0","0","0","0","1","0","1","","","","N","","","","","","","","","",""
"2012024693","1100","0","0","0","0","0","0","0","0","0","8","0","","02","3","2012","2","40.457657","-79.941456","1055","11","0","0","0","0","0","0","0","0","","0","0","0","","","3","","0","","40 27:27.565","","7","79 56:29.241","4","0","0","0","2301","3","0","0","N","3","0","0","4","02301","3","","4.0","","1","N","N","","0","","0","0","0","","0","","","4","3","1","0","0","0","0","2","1","1","","","","N","","","","","","","","","",""
"2012069348","1724","2","0","0","0","0","0","0","0","0","4","0","","02","7","2012","5","40.482854","-80.036514","1719","11","0","0","0","0","0","1","0","0","2","0","0","0","","","1","","1","","40 28:58.274","4","0","80 02:11.450","8","0","0","0","2301","0","0","0","N","0","0","0","2","02301","0","","1.0","","1","N","N","","0","","0","0","0","","3","N","","2","1","0","0","0","1","0","2","0","2","","","","N","","","","","","","","","",""
"2012070599","0702","1","0","0","0","0","0","0","0","0","4","0","25","02","7","2012","3","40.330104","-79.988217","0657","11","0","0","0","1","0","1","0","0","","0","0","0","","","0","","2","","40 19:48.375","","0","79 59:17.582","0","0","0","0","2219","0","0","0","N","0","0","0","2","02219","0","","1.0","","1","N","N","","1","","0","0","0","","2","","","2","0","0","0","0","0","0","2","0","2","","","Y","Y","4","1","","","N","","","","Y",""
"2012069890","2115","2","0","0","0","0","0","0","0","0","1","0","","02","7","2012","6","40.582345","-79.951153","2112","11","0","0","0","0","0","1","0","0","1","0","0","0","","","1","","0","","40 34:56.443","1","0","79 57:04.149","3","0","0","0","2207","0","0","0","N","0","0","0","2","02207","0","","1.0","","1","N","N","","0","","1","0","0","","0","N","","2","1","0","0","0","0","0","2","0","2","","","","N","","","","","","","","","",""
"2012071359","2351","1","0","0","0","0","0","0","0","0","4","0","","02","7","2012","4","40.435421","-79.984437","2347","11","0","0","1","0","0","0","0","0","","0","0","0","","","0","","2","","40 26:07.514","","0","79 59:03.974","0","0","0","0","2301","0","0","0","N","0","0","0","4","02301","0","","1.0","","1","N","N","","1","","0","0","0","","0","","","2","0","0","0","0","0","0","2","0","2","","","","N","","","","","","","","","",""
"2012070017","0016","2","0","0","0","0","0","0","0","0","4","0","","02","7","2012","1","40.438384","-79.982046","0013","11","0","0","0","1","0","0","0","0","2","0","0","0","","","0","","0","","40 26:18.182","4","0","79 58:55.365","0","0","0","0","2301","0","0","0","N","0","0","0","3","02301","0","","6.0","","9","N","N","","0","","0","0","0","","0","N","","2","0","0","0","0","0","0","2","0","2","","","","N","","","","","","","","","",""
"2012070755","1343","1","0","0","0","0","0","0","0","0","0","0","","02","7","2012","5","40.651302","-79.828132","1337","11","0","0","0","0","0","1","0","0","","0","0","0","","","0","","0","","40 39:04.688","","0","79 49:41.274","0","0","0","0","2220","0","0","0","N","0","0","0","1","02220","0","","5.0","","1","N","N","","0","","0","0","0","","0","","","1","0","1","0","0","0","0","1","0","1","","","","N","","","","","","","","","",""
"2012069484","0631","1","0","0","0","0","0","0","0","0","7","0","","02","7","2012","4","40.316684","-79.816849","0624","11","0","0","0","0","0","0","0","0","2","0","0","0","","","1","","2","","40 19:00.062","4","0","79 49:00.656","8","0","0","0","2105","0","0","0","N","0","0","0","1","02105","0","","2.0","","1","N","N","","0","","0","0","0","","0","Y","","1","1","0","0","0","1","0","2","0","1","","","","N","","","","","","","","","",""
"2012069093","1807","2","0","0","0","0","0","0","0","0","6","0","","02","7","2012","4","40.435322","-79.824272","1805","11","0","0","0","0","0","0","0","1","","0","0","0","","","0","","1","","40 26:07.158","","0","79 49:27.379","0","0","0","0","2419","0","0","0","N","0","0","0","3","02419","0","","1.0","","1","N","N","","0","","0","0","0","","2","","","2","0","1","0","0","0","0","2","0","2","","","","N","","","","","","","","","",""
"2012070470","1807","2","0","0","0","0","0","0","0","0","1","0","","02","6","2012","4","40.453965","-80.180871","1807","11","0","0","0","0","0","0","0","0","2","0","0","0","","","2","","0","","40 27:14.274","3","0","80 10:51.136","8","0","0","0","2214","0","0","0","N","0","0","0","3","68B03","0","","1.0","","1","N","N","","0","","0","0","0","","0","N","","2","2","0","0","0","2","0","2","0","2","","","","N","","","","","","","","","",""
"2012069162","0133","2","0","0","0","0","0","0","0","0","2","0","","02","5","2012","2","40.439484","-80.009384","0121","11","0","0","0","0","0","0","0","0","1","0","0","0","","","2","","0","","40 26:22.141","3","3","80 00:33.783","4","0","0","0","2301","0","0","0","N","0","0","0","3","68B03","2","","1.0","","1","N","N","","0","","0","0","0","","0","N","","2","2","0","0","0","0","1","2","0","2","","","","N","","","","","","","","","",""
"2012069567","0953","2","0","0","0","0","0","0","0","0","4","0","","02","7","2012","6","40.446283","-79.946935","0948","11","0","0","0","0","1","1","0","0","2","0","0","0","","","0","","2","","40 26:46.618","5","0","79 56:48.966","0","0","0","0","2301","0","0","0","N","0","0","0","2","02301","0","","1.0","","1","N","N","","0","","0","0","0","","3","N","","2","0","0","0","0","0","0","2","0","2","","","","N","","","","","","","","","",""
"2012069094","1841","1","0","0","0","0","0","0","0","0","8","0","","02","7","2012","4","","","1841","11","0","0","0","0","0","0","0","0","","0","0","0","","","1","","1","","","","0","","4","0","0","0","2304","1","0","0","","1","0","0","2","02304","1","","1.0","","1","","","","0","","0","0","0","","0","","","2","1","0","0","0","0","0","1","0","1","","","","N","","","","","","","","","",""
"2012070471","1528","2","0","0","0","0","0","0","0","0","1","0","","02","6","2012","1","40.434541","-79.997194","1518","11","0","0","0","0","0","0","0","0","2","0","0","0","","","1","","0","","40 26:04.347","3","0","79 59:49.900","4","0","0","0","2301","0","0","0","N","0","0","0","2","68B03","1","","1.0","","1","N","N","","0","","0","0","0","","4","N","","2","1","1","0","0","0","0","2","0","2","","","","N","","","","","","","","","",""
"2012069163","1904","0","0","0","0","0","0","0","0","0","0","0","","02","5","2012","5","40.386241","-80.097436","1859","11","0","0","0","0","0","0","0","0","","0","0","0","","","1","","0","","40 23:10.468","","0","80 05:50.770","8","0","0","1","2117","0","0","0","N","0","0","0","1","68B03","0","","1.0","","1","N","N","","0","","0","0","0","","0","","","1","1","0","0","0","1","0","2","0","1","","","","N","","","","","","","","","",""
"2012069852","1119","2","0","1","0","0","0","0","0","0","1","1","","02","7","2012","6","40.373198","-79.793272","1116","11","0","0","0","0","0","2","0","0","2","0","1","0","","","2","","0","","40 22:23.513","6","0","79 47:35.780","2","0","0","0","2111","0","0","0","N","0","0","0","6","02111","0","","1.0","","1","N","N","","0","","0","1","0","","0","N","","3","2","0","0","0","1","0","2","0","3","","","","N","","","","","","","","","",""
"2012070251","0136","1","0","0","0","0","0","0","0","0","7","0","","02","7","2012","1","40.473131","-79.817773","0136","11","0","0","0","0","0","0","0","0","2","0","0","0","","","1","","0","","40 28:23.271","2","0","79 49:03.982","4","0","0","0","2113","0","0","0","N","0","0","0","1","02113","1","","5.0","","9","N","N","","0","","0","0","0","","0","N","","1","1","1","0","0","0","0","2","0","1","","","","N","","","","","","","","","",""