"CRN","ARRIVAL_TM","AUTOMOBILE_COUNT","BELTED_DEATH_COUNT","BELTED_SUSP_SERIOUS_INJ_COUNT","BICYCLE_COUNT","BICYCLE_DEATH_COUNT","BICYCLE_SUSP_SERIOUS_INJ_COUNT","BUS_COUNT","CHLDPAS_DEATH_COUNT","CHLDPAS_SUSP_SERIOUS_INJ_COUNT","COLLISION_TYPE","COMM_VEH_COUNT","CONS_ZONE_SPD_LIM","COUNTY","CRASH_MONTH","CRASH_YEAR","DAY_OF_WEEK","DEC_LATITUDE","DEC_LONGITUDE","DISPATCH_TM","DISTRICT","DRIVER_COUNT_16YR","DRIVER_COUNT_17YR","DRIVER_COUNT_18YR","DRIVER_COUNT_19YR","DRIVER_COUNT_20YR","DRIVER_COUNT_50_64YR","DRIVER_COUNT_65_74YR","DRIVER_COUNT_75PLUS","EST_HRS_CLOSED","FATAL_COUNT","HEAVY_TRUCK_COUNT","HORSE_BUGGY_COUNT","HOUR_OF_DAY","ILLUMINATION","INJURY_COUNT","INTERSECTION_RELATED","INTERSECT_TYPE","LANE_CLOSED","LATITUDE","LN_CLOSE_DIR","LOCATION_TYPE","LONGITUDE","MAX_SEVERITY_LEVEL","MCYCLE_DEATH_COUNT","MCYCLE_SUSP_SERIOUS_INJ_COUNT","MOTORCYCLE_COUNT","MUNICIPALITY","NONMOTR_COUNT","NONMOTR_DEATH_COUNT","NONMOTR_SUSP_SERIOUS_INJ_COUNT","NTFY_HIWY_MAINT","PED_COUNT","PED_DEATH_COUNT","PED_SUSP_SERIOUS_INJ_COUNT","PERSON_COUNT","POLICE_AGCY","POSSIBLE_INJ_COUNT","RDWY_SURF_TYPE_CD","RELATION_TO_ROAD","ROADWAY_CLEARED","ROAD_CONDITION","SCH_BUS_IND","SCH_ZONE_IND","SECONDARY_CRASH","SMALL_TRUCK_COUNT","SPEC_JURIS_CD","SUSP_MINOR_INJ_COUNT","SUSP_SERIOUS_INJ_COUNT","SUV_COUNT","TCD_FUNC_CD","TCD_TYPE","TFC_DETOUR_IND","TIME_OF_DAY","TOTAL_UNITS","TOT_INJ_COUNT","UNBELTED_OCC_COUNT","UNB_DEATH_COUNT","UNB_SUSP_SERIOUS_INJ_COUNT","UNK_INJ_DEG_COUNT","UNK_INJ_PER_COUNT","URBAN_RURAL","VAN_COUNT","VEHICLE_COUNT","WEATHER1","WEATHER2","WORKERS_PRES","WORK_ZONE_IND","WORK_ZONE_LOC","WORK_ZONE_TYPE","WZ_CLOSE_DETOUR","WZ_FLAGGER","WZ_LAW_OFFCR_IND","WZ_LN_CLOSURE","WZ_MOVING","WZ_OTHER","WZ_SHLDER_MDN","WZ_WORKERS_INJ_KILLED"
"2012056144","1633","2","0","0","0","0","0","0","0","0","4","0","","02","6","2012","2","40.354168","-79.911984","1629","11","0","0","0","0","0","1","0","1","1","0","0","0","","","1","","2","","40 21:15.004","4","0","79 54:43.142","3","0","0","0","2473","0","0","0","N","0","0","0","2","02473","0","","1.0","","1","N","N","","0","","1","0","0","","0","N","","2","1","0","0","0","0","0","2","0","2","","","","N","","","","","","","","","",""
"2012055147","1716","2","0","0","0","0","0","0","0","0","1","0","","02","6","2012","7","40.428751","-79.986423","1711","11","0","0","0","0","0","0","0","0","1","0","0","0","","","0","","1","","40 25:43.505","3","0","79 59:11.124","0","0","0","0","2301","0","0","0","N","0","0","0","2","02301","0","","1.0","","1","N","N","","0","","0","0","0","","2","N","","2","0","0","0","0","0","0","2","0","2","","","","N","","","","","","","","","",""
"2012053511","0846","4","0","0","0","0","0","0","0","0","1","0","","02","5","2012","3","40.43434","-79.918759","0844","11","0","0","0","1","0","1","0","0","","0","0","0","","","2","","2","","40 26:03.624","","0","79 55:07.532","4","0","0","0","2301","0","0","0","N","0","0","0","6","02301","1","","1.0","","1","N","N","","0","","0","0","0","","0","","","4","2","0","0","0","1","0","2","0","4","","","","N","","","","","","","","","",""
"2012054355","0701","0","0","0","0","0","0","0","0","0","8","0","","02","5","2012","4","40.439291","-80.061874","0701","11","0","0","0","0","0","0","0","0","1","0","0","0","","","1","","2","","40 26:21.447","3","0","80 03:42.746","3","0","0","0","2421","1","0","0","N","1","0","0","2","02421","0","","1.0","","1","N","N","","0","","1","0","1","","3","N","","2","1","0","0","0","0","0","2","0","1","","","","N","","","","","","","","","",""
"2012055148","2019","1","0","0","0","0","0","0","0","0","4","0","","02","6","2012","7","40.534318","-79.95426","2013","11","0","0","0","0","0","1","0","0","1","0","0","0","","","0","","0","","40 32:03.544","7","0","79 57:15.336","0","0","0","0","2118","0","0","0","N","0","0","0","5","02118","0","","1.0","","1","N","N","","0","","0","0","1","","0","N","","2","0","0","0","0","0","0","2","0","2","","","","N","","","","","","","","","",""
"2012056147","1500","1","0","1","0","0","0","0","0","0","7","0","","02","6","2012","3","40.392986","-80.063279","1456","11","0","0","0","0","0","0","0","0","1","0","0","0","","","1","","0","","40 23:34.750","4","0","80 03:47.803","2","0","0","0","2117","0","0","0","N","0","0","0","1","02117","0","","2.0","","1","N","N","","0","","0","1","0","","0","N","","1","1","0","0","0","0","0","2","0","1","","","","N","","","","","","","","","",""
"2012054357","0804","1","0","0","0","0","0","0","0","0","7","0","","02","5","2012","5","40.510332","-79.975585","0759","11","0","0","0","0","0","1","0","0","1","0","0","0","","","0","","2","","40 30:37.195","2","0","79 58:32.106","0","0","0","0","2118","0","0","0","N","0","0","0","1","02118","0","","5.0","","1","N","N","","0","","0","0","0","","0","N","","1","0","0","0","0","0","0","2","0","1","","","","N","","","","","","","","","",""
"2012056148","1705","1","0","0","0","0","0","0","0","0","2","0","","02","6","2012","3","40.398128","-80.02267","1702","11","0","0","0","0","0","2","0","0","1","0","0","0","","","2","","0","","40 23:53.260","7","0","80 01:21.612","4","0","0","0","2301","0","0","0","N","0","0","0","2","02301","1","","1.0","","1","N","N","","0","","0","0","1","","0","N","","2","2","0","0","0","1","0","2","0","2","","","","N","","","","","","","","","",""
"2012056060","0737","1","0","0","0","0","0","0","0","0","7","0","","02","6","2012","3","40.53653","-79.759212","0733","11","0","0","0","0","0","0","0","0","3","0","0","0","","","1","","0","","40 32:11.507","7","7","79 45:33.162","3","0","0","0","2466","0","0","0","N","0","0","0","1","02466","0","","4.0","","1","N","N","","0","","1","0","0","","0","Y","","1","1","0","0","0","0","0","2","0","1","","","","N","","","","","","","","","",""
"2012056134","1620","0","0","0","0","0","0","0","0","0","4","0","","02","6","2012","3","40.541053","-79.804163","1617","11","0","0","0","0","0","1","1","0","","0","0","0","","","0","","1","","40 32:27.791","","0","79 48:14.988","0","0","0","0","2418","0","0","0","N","0","0","0","3","02418","0","","1.0","","9","N","N","","0","","0","0","0","","2","","","2","0","0","0","0","0","0","2","2","2","","","","N","","","","","","","","","",""
"2012053514","1249","1","0","0","0","0","0","0","0","0","7","0","","02","5","2012","2","40.391007","-79.999513","1247","11","0","0","0","0","0","0","0","0","","0","0","0","","","0","","2","","40 23:27.625","","0","79 59:58.246","0","0","0","0","2301","0","0","0","N","0","0","0","3","02301","0","","5.0","","1","N","N","","0","","0","0","0","","3","","","1","0","0","0","0","0","0","2","0","1","","","","N","","","","","","","","","",""
"2012053589","1451","0","0","0","0","0","0","0","0","0","0","0","","02","5","2012","2","40.62273","-79.836766","1444","11","0","0","0","0","0","0","0","0","1","0","0","0","","","1","","0","","40 37:21.829","6","0","79 50:12.357","4","0","0","1","2220","0","0","0","N","0","0","0","1","02220","1","","1.0","","1","N","N","","0","","0","0","0","","0","N","","1","1","0","0","0","0","0","2","0","1","","","","N","","","","","","","","","",""
"2012055015","0804","1","0","0","0","0","0","0","0","0","7","0","","02","6","2012","7","40.449574","-80.064329","0804","11","0","0","0","0","0","0","0","0","","0","0","0","","","0","","2","","40 26:58.466","","0","80 03:51.584","9","0","0","0","2301","0","0","0","N","0","0","0","1","02301","0","","5.0","","1","N","N","","0","","0","0","0","","3","","","1","0","0","0","0","0","1","2","0","1","","","","N","","","","","","","","","",""
"2012056062","1345","1","0","0","0","0","0","0","0","0","1","0","","02","5","2012","5","40.461148","-79.870799","1337","11","0","0","0","0","0","2","0","0","","0","0","0","","","1","","2","","40 27:40.134","","0","79 52:14.875","8","0","0","0","2301","0","0","0","N","0","0","0","4","02301","0","","1.0","","1","N","N","","0","","0","0","1","","2","","","2","1","0","0","0","1","0","2","0","2","","","","N","","","","","","","","","",""
"2012055313","1549","2","0","0","0","0","0","0","0","0","1","0","","02","6","2012","6","40.495579","-79.908716","1523","11","0","0","0","0","0","1","0","0","1","0","0","0","","","1","","0","","40 29:44.085","4","3","79 54:31.376","4","0","0","0","2401","0","0","0","N","0","0","0","2","68D02","1","","1.0","","1","N","N","","0","","0","0","0","","0","N","","2","1","0","0","0","0","0","2","0","2","","","","N","","","","","","","","","",""
"2012056138","2142","1","0","0","0","0","0","0","0","0","1","0","","02","6","2012","2","40.530577","-80.009757","2139","11","0","0","0","0","0","0","0","0","1","0","0","0","","","2","","2","","40 31:50.078","2","0","80 00:35.126","4","0","0","0","2116","0","0","0","N","0","0","0","5","02116","2","","1.0","","1","N","N","","0","","0","0","1","","2","N","","2","2","0","0","0","0","0","2","0","2","","","","N","","","","","","","","","",""
"2012056063","0948","2","0","0","0","0","0","0","0","0","4","0","","02","6","2012","3","40.460759","-79.915919","0944","11","0","0","0","0","0","2","0","0","","0","0","0","","","2","","1","","40 27:38.732","","0","79 54:57.308","3","0","0","0","2301","0","0","0","N","0","0","0","2","02301","0","","1.0","","1","N","N","","0","","1","0","0","","2","","","2","2","0","0","0","1","0","2","0","2","","","","N","","","","","","","","","",""
"2012054517","1344","1","0","0","0","0","0","0","0","0","99","0","","02","5","2012","5","40.609434","-80.094521","1308","11","0","0","0","0","0","1","0","0","","0","0","0","","","0","","0","","40 36:33.963","","0","80 05:40.275","0","0","0","0","2481","0","0","0","N","0","0","0","1","68B03","0","","1.0","","1","N","N","","0","","0","0","0","","0","","","1","0","0","0","0","0","0","2","0","1","","","","N","","","","","","","","","",""
"2012055314","1655","1","0","0","0","0","0","0","0","0","7","0","","02","6","2012","6","40.541499","-79.839633","1642","11","0","0","0","0","0","0","0","0","","0","0","0","","","0","","0","","40 32:29.398","","0","79 50:22.679","0","0","0","0","2208","0","0","0","N","0","0","0","1","68D02","0","","4.0","","9","N","N","","0","","0","0","0","","0","","","1","0","0","0","0","0","0","2","0","1","","","","N","","","","","","","","","",""
"2012053742","2158","1","0","0","0","0","0","0","0","0","0","0","","02","5","2012","3","40.338409","-80.176142","2150","11","0","0","0","0","0","1","0","0","","0","0","0","","","0","","0","","40 20:18.274","","0","80 10:34.112","0","0","0","0","2119","0","0","0","Y","0","0","0","2","02119","0","","1.0","","1","N","N","","0","","0","0","0","","0","","","1","0","0","0","0","0","0","2","0","1","","","","N","","","","","","","","","",""
"2012056153","2150","1","0","0","0","0","0","0","0","0","1","0","","02","6","2012","7","40.384413","-79.977884","2145","11","0","0","0","0","0","0","0","0","1","0","0","0","","","0","","2","","40 23:03.886","4","0","79 58:40.382","0","0","0","0","2301","0","0","0","N","0","0","0","7","02301","0","","1.0","","1","N","N","","0","","0","0","1","","2","Y","","2","0","0","0","0","0","0","2","0","2","","","","N","","","","","","","","","",""
"2012055389","1843","1","0","0","0","0","0","0","0","0","1","0","","02","5","2012","5","40.32566","-79.928528","1838","11","0","0","0","1","0","1","0","0","2","0","0","0","","","0","","0","","40 19:32.375","2","0","79 55:42.701","0","0","0","0","2473","0","0","0","N","0","0","0","2","02473","0","","1.0","","1","N","N","","1","","0","0","0","","0","N","","2","0","0","0","0","0","0","2","0","2","","","","N","","","","","","","","","",""
"2012062462","0221","2","0","0","0","0","0","0","0","0","4","0","","02","6","2012","7","40.437157","-79.963045","0219","11","0","0","0","0","0","0","0","0","","0","0","0","","","0","","1","","40 26:13.765","","0","79 57:46.962","0","0","0","0","2301","0","0","0","N","0","0","0","2","02301","0","","1.0","","1","N","N","","0","","0","0","0","","2","","","2","0","0","0","0","0","0","2","0","2","","","","N","","","","","","","","","",""
"2012062783","1046","1","0","0","0","0","0","0","0","0","7","0","","02","6","2012","7","40.580705","-80.080115","1041","11","0","0","0","0","1","0","0","0","","0","0","0","","","0","","0","","40 34:50.537","","0","80 04:48.414","0","0","0","0","2481","0","0","0","N","0","0","0","1","02481","0","","5.0","","1","N","N","","0","","0","0","0","","8","","","1","0","0","0","0","0","0","2","0","1","","","","N","","","","","","","","","",""
"2012054661","1313","0","0","0","0","0","0","0","0","0","7","0","","02","6","2012","6","40.435278","-79.946608","1309","11","0","0","0","0","0","0","0","0","","0","0","0","","","0","","3","","40 26:07.000","","0","79 56:47.790","0","0","0","0","2301","0","0","0","N","0","0","0","1","02301","0","","5.0","","9","N","N","","0","","0","0","1","","0","","","1","0","0","0","0","0","0","2","0","1","","","","N","","","","","","","","","",""
"2012062463","0223","1","0","0","0","0","0","0","0","0","7","0","","02","6","2012","7","40.379241","-79.918249","0216","11","0","0","0","0","0","0","0","0","","0","0","0","","","0","","2","","40 22:45.267","","0","79 55:05.696","0","0","0","0","2301","0","0","0","N","0","0","0","1","02301","0","","5.0","","1","N","N","","0","","0","0","0","","0","","","1","0","0","0","0","0","0","2","0","1","","","","N","","","","","","","","","",""
"2012060294","2044","1","0","0","0","0","0","0","0","0","2","0","","02","6","2012","1","40.633043","-79.853601","2042","11","0","1","0","0","0","0","0","0","2","0","0","0","","","0","","3","","40 37:58.954","5","0","79 51:12.962","0","0","0","1","2220","0","0","0","N","0","0","0","3","02220","0","","1.0","","1","N","N","","0","","0","0","0","","3","N","","2","0","0","0","0","0","0","2","0","2","","","","N","","","","","","","","","",""
"2012061969","1641","1","0","0","0","0","0","0","0","0","6","0","","02","6","2012","7","40.493445","-79.984444","1628","11","0","0","1","0","0","0","0","0","","0","0","0","","","1","","0","","40 29:36.403","","0","79 59:04.000","4","0","0","0","2118","0","0","0","N","0","0","0","4","02118","1","","1.0","","1","N","N","","0","","0","0","0","","0","","","2","1","3","0","0","0","1","2","0","2","","","","N","","","","","","","","","",""
"2012062798","1730","0","0","0","0","0","0","0","0","0","1","0","","02","6","2012","4","40.525031","-80.015769","1730","11","0","0","0","0","0","0","0","0","","0","0","0","","","0","","0","","40 31:30.110","","0","80 00:56.770","0","0","0","0","2116","0","0","0","","0","0","0","2","02116","0","","1.0","","1","","","","1","","0","0","1","","0","","","2","0","0","0","0","0","0","2","0","2","","","","N","","","","","","","","","",""
"2012062465","0632","2","0","0","0","0","0","0","0","0","7","0","","02","6","2012","6","","","0627","11","0","0","0","0","0","1","0","0","2","0","0","0","","","0","","0","","","3","3","","0","0","0","0","2110","0","0","0","N","0","0","0","3","02215","0","","5.0","","1","N","N","","0","","0","0","0","","0","N","","2","0","0","0","0","0","0","1","0","2","","","","N","","","","","","","","","",""
"2012060142","1745","2","0","0","0","0","0","0","0","0","1","0","","02","6","2012","7","40.428594","-79.977582","1741","11","0","0","0","0","0","1","0","0","","0","0","0","","","1","","1","","40 25:42.937","","0","79 58:39.294","4","0","0","0","2301","0","0","0","N","0","0","0","2","02301","1","","1.0","","1","N","N","","0","","0","0","0","","2","","","2","1","0","0","0","0","0","2","0","2","","","","N","","","","","","","","","",""
"2012062527","2115","1","0","0","0","0","0","0","0","0","5","1","","02","6","2012","5","40.437094","-79.754317","2109","11","0","0","0","0","0","1","0","0","2","0","1","0","","","0","","0","","40 26:13.540","3","0","79 45:15.540","0","0","0","0","2446","0","0","0","N","0","0","0","2","68T09","0","","1.0","","1","N","N","","0","","0","0","0","","0","N","","2","0","0","0","0","0","0","2","0","2","","","","N","","","","","","","","","",""
"2012061983","0912","2","0","0","0","0","0","0","0","0","1","0","","02","6","2012","5","40.353741","-79.836994","0911","11","0","0","1","0","0","0","0","0","","0","0","0","","","0","","0","","40 21:13.467","","0","79 50:13.177","0","0","0","0","2304","0","0","0","N","0","0","0","4","02304","0","","1.0","","1","N","N","","1","","0","0","0","","2","","","3","0","0","0","0","0","0","2","0","3","","","","N","","","","","","","","","",""
"2012061827","0007","1","0","0","0","0","0","0","0","0","1","0","","02","6","2012","4","","","2358","11","0","0","0","0","0","0","0","0","3","0","0","0","","","1","","1","","","4","0","","8","0","0","0","2301","0","0","0","N","0","0","0","2","02301","0","","1.0","","1","N","N","","0","","0","0","1","","2","N","","2","1","0","0","0","1","0","1","0","2","","","","N","","","","","","","","","",""
"2012062669","2255","1","0","0","0","0","0","0","0","0","4","0","","02","6","2012","6","40.43708","-79.998329","2251","11","0","0","1","0","0","1","0","0","","0","0","0","","","0","","1","","40 26:13.487","","0","79 59:53.986","0","0","0","0","2301","0","0","0","N","0","0","0","6","02301","0","","1.0","","1","N","N","","0","","0","0","1","","0","","","2","0","0","0","0","0","0","2","0","2","","","","N","","","","","","","","","",""
"2012060144","1839","0","0","0","0","0","0","0","0","0","4","0","","02","6","2012","7","40.383138","-79.827649","1838","11","0","0","0","0","0","1","0","0","2","0","0","0","","","1","","1","","40 22:59.298","4","0","79 49:39.538","4","0","0","0","2111","0","0","0","N","0","0","0","3","02111","1","","1.0","","1","N","N","","0","","0","0","0","","2","Y","","2","1","0","0","0","0","0","2","2","2","","","","N","","","","","","","","","",""
"2012061828","2332","0","0","0","0","0","0","0","0","0","7","0","","02","6","2012","4","40.444305","-80.056613","2327","11","0","0","0","0","0","0","0","0","","0","0","0","","","0","","0","","40 26:39.497","","0","80 03:23.806","9","0","0","0","2301","0","0","0","N","0","0","0","1","02301","0","","4.0","","1","N","N","","0","","0","0","1","","0","","","1","0","0","0","0","0","1","2","0","1","","","","N","","","","","","","","","",""
"2012061985","1053","1","0","0","0","0","0","0","0","0","1","0","","02","6","2012","4","40.543956","-79.972346","1051","11","0","0","0","0","0","0","0","0","","0","0","0","","","0","","1","","40 32:38.241","","0","79 58:20.447","0","0","0","0","2118","0","0","0","N","0","0","0","3","02118","0","","1.0","","1","N","N","","0","","0","0","1","","0","","","2","0","0","0","0","0","0","2","0","2","","","","N","","","","","","","","","",""
"2012062530","1810","0","0","0","0","0","0","0","0","0","7","0","","02","6","2012","6","40.420024","-79.850542","1808","11","0","0","0","0","0","0","0","0","2","0","0","0","","","1","","0","","40 25:12.086","3","0","79 51:01.950","4","0","0","0","2431","0","0","0","N","0","0","0","1","02431","1","","2.0","","1","N","N","","1","","0","0","0","","0","N","","1","1","0","0","0","0","0","2","0","1","","","","N","","","","","","","","","",""
"2012061973","1146","1","0","0","0","0","0","0","0","0","2","0","","02","6","2012","5","40.445681","-79.981853","1136","11","0","0","0","0","0","1","0","0","","0","0","0","","","0","","1","","40 26:44.451","","0","79 58:54.670","0","0","0","0","2301","0","0","0","N","0","0","0","2","02301","0","","1.0","","1","N","N","","0","","0","0","0","","3","","","2","0","0","0","0","0","0","2","1","2","","","","N","","","","","","","","","",""
"2012060431","2102","1","0","0","0","0","0","0","0","0","7","0","","02","6","2012","1","40.363294","-79.949851","2058","11","0","0","0","0","0","0","0","0","","0","0","0","","","0","","0","","40 21:47.857","","0","79 56:59.465","0","0","0","0","2403","0","0","0","","0","0","0","2","02403","0","","4.0","","1","N","N","","0","","0","0","0","","0","","","1","0","0","0","0","0","0","2","0","1","","","","N","","","","","","","","","",""
"2012062469","0307","3","0","0","0","0","0","0","0","0","1","0","","02","6","2012","7","40.396958","-79.821271","0305","11","0","0","0","0","0","0","0","0","1","0","0","0","","","0","","0","","40 23:49.048","2","0","79 49:16.575","0","0","0","0","2111","0","0","0","N","0","0","0","1","02111","0","","2.0","","1","N","N","","0","","0","0","0","","0","N","","3","0","0","0","0","0","0","2","0","3","","","","N","","","","","","","","","",""
"2012062596","1928","1","0","0","0","0","0","0","0","0","7","0","","02","6","2012","5","40.307078","-79.861238","1928","11","0","0","0","0","0","0","0","0","1","0","0","0","","","0","","0","","40 18:25.480","4","0","79 51:40.458","0","0","0","0","2443","0","0","0","N","0","0","0","3","02443","0","","2.0","","1","N","N","","0","","0","0","0","","0","N","","1","0","0","0","0","0","0","1","0","1","","","","N","","","","","","","","","",""
"2012062674","1815","1","0","0","0","0","0","0","0","0","4","0","","02","6","2012","7","40.343962","-79.827624","1815","11","0","0","0","0","0","1","1","0","2","0","0","0","","","2","","0","","40 20:38.262","7","0","79 49:39.448","8","0","0","0","2304","0","0","0","N","0","0","0","3","02304","0","","1.0","","1","N","N","","0","","0","0","1","","0","Y","","2","2","0","0","0","2","0","2","0","2","","","","N","","","","","","","","","",""
"2012060147","1624","2","0","0","0","0","0","0","0","0","2","0","","02","6","2012","7","40.446661","-80.072856","1621","11","1","0","0","0","0","0","0","0","","0","0","0","","","0","","0","","40 26:47.980","","0","80 04:22.280","0","0","0","0","2439","0","0","0","N","0","0","0","5","02439","0","","1.0","","1","N","N","","0","","0","0","0","","0","","","2","0","0","0","0","0","0","2","0","2","","","","N","","","","","","","","","",""
"2012060217","0932","2","0","0","0","0","0","0","0","0","1","0","","02","6","2012","5","40.524518","-80.005384","0932","11","0","0","0","0","0","1","1","0","1","0","0","0","","","0","","0","","40 31:28.264","1","0","80 00:19.381","0","0","0","0","2116","0","0","0","N","0","0","0","3","02116","0","","1.0","","1","N","N","","0","","0","0","0","","0","N","","2","0","0","0","0","0","0","2","0","2","","","","N","","","","","","","","","",""
"2012061975","1143","0","0","0","0","0","0","0","0","0","4","1","","02","6","2012","5","40.600269","-79.760753","1141","11","0","0","0","0","0","0","1","0","1","0","1","0","","","0","","1","","40 36:00.968","3","0","79 45:38.711","0","0","0","0","2464","0","0","0","N","0","0","0","2","02464","0","","1.0","","1","N","N","","0","","0","0","0","","2","Y","","2","0","0","0","0","0","0","2","1","2","","","","N","","","","","","","","","",""
"2012061989","0954","2","0","0","0","0","0","0","0","0","4","0","","02","6","2012","4","40.416644","-80.045011","0950","11","0","0","0","0","0","0","0","0","","0","0","0","","","0","","2","","40 24:59.920","","0","80 02:42.039","0","0","0","0","2435","0","0","0","N","0","0","0","3","02435","0","","1.0","","1","N","N","","0","","0","0","0","","8","","","2","0","0","0","0","0","0","2","0","2","","","","N","","","","","","","","","",""
"2012062793","1311","1","0","0","0","0","0","0","0","0","1","0","","02","6","2012","1","40.436103","-79.967332","1305","11","0","0","0","0","0","0","0","0","","0","0","0","","","0","","6","","40 26:09.969","","2","79 58:02.395","0","0","0","0","2301","0","0","0","N","0","0","0","5","02301","0","","1.0","","1","N","N","","0","","0","0","1","","4","","","2","0","0","0","0","0","0","2","0","2","","","","N","","","","","","","","","",""
"2012062472","0250","2","0","0","0","0","0","0","0","0","5","0","","02","6","2012","7","40.468738","-79.959461","0246","11","0","0","0","0","0","0","0","0","","0","0","0","","","0","","1","","40 28:07.456","","0","79 57:34.059","0","0","0","0","2301","0","0","0","N","0","0","0","1","02301","0","","1.0","","1","N","N","","0","","0","0","0","","0","","","2","0","0","0","0","0","0","2","0","2","","","","N","","","","","","","","","",""
"2012061704","1700","1","0","0","0","0","0","0","0","0","4","0","","02","6","2012","4","40.426843","-79.937972","1651","11","0","0","0","0","0","1","0","0","1","0","0","0","","","1","","2","","40 25:36.634","4","0","79 56:16.699","8","0","0","1","2301","0","0","0","N","0","0","0","2","02301","0","","1.0","","1","N","N","","0","","0","0","0","","3","N","","2","1","1","0","0","1","0","2","0","2","","","","N","","","","","","","","","",""
"2012062678","2112","1","0","0","0","0","0","0","0","0","1","0","","02","6","2012","7","40.379623","-79.925521","2111","11","0","0","0","0","0","0","1","0","","0","0","0","","","1","","1","","40 22:46.644","","0","79 55:31.877","8","0","0","0","2301","0","0","0","N","0","0","0","3","02301","0","","1.0","","1","N","N","","0","","0","0","1","","2","","","2","1","0","0","0","1","0","2","0","2","","","","N","","","","","","","","","",""
"2012060370","0811","0","0","0","0","0","0","0","0","0","4","0","","02","6","2012","5","40.513875","-79.951609","0807","11","0","0","0","0","0","1","0","0","1","0","0","0","","","1","","1","","40 30:49.949","1","0","79 57:05.791","4","0","0","0","2118","0","0","0","N","0","0","0","2","02118","1","","1.0","","1","N","N","","0","","0","0","2","","2","Y","","2","1","0","0","0","0","0","2","0","2","","","","N","","","","","","","","","",""
"2012060383","1749","2","0","0","0","0","0","0","0","0","4","0","","02","6","2012","4","40.496131","-79.976872","1739","11","0","0","0","0","0","1","0","0","","0","0","0","","","1","","1","","40 29:46.072","","0","79 58:36.740","8","0","0","0","2118","0","0","0","N","0","0","0","3","02118","0","","1.0","","1","N","N","","0","","0","0","0","","3","","","2","1","0","0","0","1","0","2","0","2","","","","N","","","","","","","","","",""
"2012062536","0146","2","0","0","0","0","0","0","0","0","4","0","","02","6","2012","7","40.375587","-79.968006","0144","11","0","0","0","0","0","0","0","0","2","0","0","0","","","0","","0","","40 22:32.113","6","99","79 58:04.821","0","0","0","0","2413","0","0","0","N","0","0","0","1","02413","0","","6.0","","1","N","N","","2","","0","0","1","","9","Y","","5","0","0","0","0","0","0","2","0","5","","","","N","","","","","","","","","",""
"2012060238","2140","1","0","0","0","0","0","0","0","0","1","0","","02","6","2012","5","40.593915","-79.97034","2135","11","0","0","0","0","0","1","0","0","","0","0","0","","","0","","1","","40 35:38.094","","0","79 58:13.224","0","0","0","0","2207","0","0","0","N","0","0","0","2","02207","0","","1.0","","1","N","N","","1","","0","0","0","","2","","","2","0","0","0","0","0","0","2","0","2","","","","N","","","","","","","","","",""
"2012055418","0242","1","0","0","0","0","0","0","0","0","7","0","","02","6","2012","1","40.40392","-80.030026","0238","11","0","0","1","0","0","0","0","0","","0","0","0","","","0","","1","","40 24:14.112","","0","80 01:48.093","0","0","0","0","2301","0","0","0","N","0","0","0","2","02301","0","","5.0","","1","N","N","","0","","0","0","1","","3","","","2","0","0","0","0","0","0","2","0","2","","","","N","","","","","","","","","",""
"2012061707","1555","0","0","0","0","0","0","0","0","0","2","0","","02","6","2012","3","40.324493","-79.903963","1552","11","0","0","0","0","0","0","0","0","3","0","0","0","","","1","","0","","40 19:28.175","5","0","79 54:14.266","3","0","0","0","2473","0","0","0","N","0","0","0","2","02473","0","","1.0","","1","N","N","","1","","1","0","1","","0","Y","","2","1","1","0","0","0","0","2","0","2","","","","N","","","","","","","","","",""
"2012055420","2305","2","0","0","0","0","0","0","0","0","2","0","","02","6","2012","6","40.380014","-80.072239","2300","11","0","0","0","0","0","1","0","0","","0","0","0","","","0","","2","","40 22:48.050","","0","80 04:20.060","9","0","0","0","2117","0","0","0","N","0","0","0","2","02117","0","","1.0","","1","N","N","","0","","0","0","0","","3","","","2","0","0","0","0","0","2","2","0","2","","","","N","","","","","","","","","",""
"2012060155","1901","1","0","0","0","0","0","0","0","0","1","0","","02","6","2012","4","40.553681","-80.021828","1900","11","0","0","0","0","0","2","0","0","","0","0","0","","","1","","3","","40 33:13.252","","2","80 01:18.580","4","0","0","1","2116","0","0","0","","0","0","0","2","02116","1","","1.0","","1","","","","0","","0","0","0","","3","","","2","1","0","0","0","0","0","2","0","2","","","","N","","","","","","","","","",""
"2012060938","1752","2","0","0","0","0","0","0","0","0","4","0","","02","6","2012","2","40.39606","-79.905235","1752","11","0","0","0","1","0","0","0","0","","0","0","0","","","0","","3","","40 23:45.816","","0","79 54:18.846","0","0","0","0","2448","0","0","0","N","0","0","0","3","02448","0","","1.0","","1","N","N","","0","","0","0","0","","0","","","2","0","0","0","0","0","0","2","0","2","","","","N","","","","","","","","","",""
"2012062620","1511","2","0","0","0","0","0","0","0","0","4","0","","02","6","2012","7","40.461302","-79.820174","1507","11","0","0","0","0","0","1","0","0","","0","0","0","","","1","","2","","40 27:40.687","","0","79 49:12.626","3","0","0","0","2113","0","0","0","N","0","0","0","5","02113","0","","1.0","","1","N","N","","0","","1","0","1","","0","","","3","1","0","0","0","0","0","2","0","3","","","","N","","","","","","","","","",""