"CRN","ARRIVAL_TM","AUTOMOBILE_COUNT","BELTED_DEATH_COUNT","BELTED_SUSP_SERIOUS_INJ_COUNT","BICYCLE_COUNT","BICYCLE_DEATH_COUNT","BICYCLE_SUSP_SERIOUS_INJ_COUNT","BUS_COUNT","CHLDPAS_DEATH_COUNT","CHLDPAS_SUSP_SERIOUS_INJ_COUNT","COLLISION_TYPE","COMM_VEH_COUNT","CONS_ZONE_SPD_LIM","COUNTY","CRASH_MONTH","CRASH_YEAR","DAY_OF_WEEK","DEC_LATITUDE","DEC_LONGITUDE","DISPATCH_TM","DISTRICT","DRIVER_COUNT_16YR","DRIVER_COUNT_17YR","DRIVER_COUNT_18YR","DRIVER_COUNT_19YR","DRIVER_COUNT_20YR","DRIVER_COUNT_50_64YR","DRIVER_COUNT_65_74YR","DRIVER_COUNT_75PLUS","EST_HRS_CLOSED","FATAL_COUNT","HEAVY_TRUCK_COUNT","HORSE_BUGGY_COUNT","HOUR_OF_DAY","ILLUMINATION","INJURY_COUNT","INTERSECTION_RELATED","INTERSECT_TYPE","LANE_CLOSED","LATITUDE","LN_CLOSE_DIR","LOCATION_TYPE","LONGITUDE","MAX_SEVERITY_LEVEL","MCYCLE_DEATH_COUNT","MCYCLE_SUSP_SERIOUS_INJ_COUNT","MOTORCYCLE_COUNT","MUNICIPALITY","NONMOTR_COUNT","NONMOTR_DEATH_COUNT","NONMOTR_SUSP_SERIOUS_INJ_COUNT","NTFY_HIWY_MAINT","PED_COUNT","PED_DEATH_COUNT","PED_SUSP_SERIOUS_INJ_COUNT","PERSON_COUNT","POLICE_AGCY","POSSIBLE_INJ_COUNT","RDWY_SURF_TYPE_CD","RELATION_TO_ROAD","ROADWAY_CLEARED","ROAD_CONDITION","SCH_BUS_IND","SCH_ZONE_IND","SECONDARY_CRASH","SMALL_TRUCK_COUNT","SPEC_JURIS_CD","SUSP_MINOR_INJ_COUNT","SUSP_SERIOUS_INJ_COUNT","SUV_COUNT","TCD_FUNC_CD","TCD_TYPE","TFC_DETOUR_IND","TIME_OF_DAY","TOTAL_UNITS","TOT_INJ_COUNT","UNBELTED_OCC_COUNT","UNB_DEATH_COUNT","UNB_SUSP_SERIOUS_INJ_COUNT","UNK_INJ_DEG_COUNT","UNK_INJ_PER_COUNT","URBAN_RURAL","VAN_COUNT","VEHICLE_COUNT","WEATHER1","WEATHER2","WORKERS_PRES","WORK_ZONE_IND","WORK_ZONE_LOC","WORK_ZONE_TYPE","WZ_CLOSE_DETOUR","WZ_FLAGGER","WZ_LAW_OFFCR_IND","WZ_LN_CLOSURE","WZ_MOVING","WZ_OTHER","WZ_SHLDER_MDN","WZ_WORKERS_INJ_KILLED"
"2012061297","1713","1","0","0","0","0","0","0","0","0","8","0","","02","6","2012","3","40.487902","-79.920338","1708","11","0","0","0","0","0","0","0","0","1","0","0","0","","","1","","2","","40 29:16.447","4","0","79 55:13.218","3","0","0","0","2301","1","0","0","N","1","0","0","2","02301","0","","1.0","","1","N","N","","0","","1","0","0","","2","N","","2","1","0","0","0","0","0","2","0","1","","","","N","","","","","","","","","",""
"2012062057","1831","1","0","0","0","0","0","0","0","0","8","0","","02","6","2012","4","40.289035","-79.898472","1825","11","0","0","0","0","0","0","0","0","1","0","0","0","","","1","","0","","40 17:20.527","2","0","79 53:54.498","3","0","0","0","2302","1","0","0","N","1","0","0","2","02302","0","","1.0","","1","N","N","","0","","1","0","0","","0","N","","2","1","0","0","0","0","0","2","0","1","","","","N","","","","","","","","","",""
"2012059791","0741","1","0","0","0","0","0","0","0","0","7","0","","02","6","2012","6","40.508929","-79.794825","0734","11","0","0","0","0","0","0","0","0","2","0","0","0","","","1","","2","","40 30:32.143","5","0","79 47:41.370","8","0","0","0","2113","0","0","0","N","0","0","0","1","02113","0","","5.0","","1","N","N","","0","","0","0","0","","0","N","","1","1","1","0","0","1","0","2","0","1","","","","N","","","","","","","","","",""
"2012061442","0153","1","0","0","0","0","0","0","0","0","7","0","","02","6","2012","4","40.33807","-79.857286","0153","11","0","0","0","0","0","0","0","0","2","0","0","0","","","1","","0","","40 20:17.052","1","0","79 51:26.230","8","0","0","0","2304","0","0","0","N","0","0","0","1","02304","0","","2.0","","1","N","N","","0","","0","0","0","","0","N","","1","1","1","0","0","1","0","2","0","1","","","","N","","","","","","","","","",""
"2012062257","2238","2","0","0","0","0","0","0","0","0","2","0","99","02","6","2012","5","40.471306","-79.974069","2235","11","0","0","1","0","0","2","0","0","4","1","0","0","","","2","","0","","40 28:16.702","5","0","79 58:26.647","1","0","0","0","2445","0","0","0","N","0","0","0","5","02445","2","9","1.0","","1","N","N","","0","0","0","0","1","","0","Y","","3","2","1","1","0","0","1","2","0","3","","","U","Y","8","8","","","U","","","","",""
"2012062723","1215","0","0","0","0","0","0","0","0","0","7","0","","02","6","2012","7","40.433762","-79.796563","1207","11","0","0","0","0","0","0","1","0","1","0","0","0","","","1","","0","","40 26:01.543","4","0","79 47:47.626","8","0","0","0","2446","0","0","0","N","0","0","0","1","02446","0","","5.0","","1","N","N","","0","","0","0","4","","0","N","","4","1","0","0","0","1","0","2","0","4","","","","N","","","","","","","","","",""
"2012062132","1812","1","0","0","0","0","0","0","0","0","1","0","","02","6","2012","5","40.427456","-80.06263","1800","11","0","0","0","0","0","0","0","0","","0","0","0","","","0","","0","","40 25:38.841","","0","80 03:45.468","0","0","0","0","2301","0","0","0","N","0","0","0","2","02301","0","","1.0","","1","N","N","","0","","0","0","1","","0","","","2","0","0","0","0","0","0","2","0","2","","","","N","","","","","","","","","",""
"2012062340","1639","1","0","0","0","0","0","0","0","0","4","0","","02","6","2012","6","40.487502","-79.882923","1630","11","0","0","0","0","0","0","0","1","","0","0","0","","","0","","1","","40 29:15.007","","0","79 52:58.523","0","0","0","0","2112","0","0","0","N","0","0","0","2","02112","0","","1.0","","1","N","N","","0","","0","0","1","","2","","","2","0","0","0","0","0","0","2","0","2","","","","N","","","","","","","","","",""
"2012061225","0903","0","0","0","0","0","0","0","0","0","0","1","","02","6","2012","2","40.489147","-80.0798","0900","11","0","0","0","0","0","0","0","0","5","0","1","0","","","1","","1","","40 29:20.928","2","0","80 04:47.279","4","0","0","0","2122","0","0","0","N","0","0","0","1","02122","1","","1.0","","1","N","N","","0","","0","0","0","","0","Y","","1","1","0","0","0","0","0","2","0","1","","","","N","","","","","","","","","",""
"2012059794","0828","1","0","0","0","0","0","0","0","0","2","0","","02","6","2012","6","40.458589","-79.823267","0824","11","0","0","0","0","0","0","0","0","3","0","0","0","","","1","","0","","40 27:30.919","2","0","79 49:23.761","8","0","0","0","2113","0","0","0","N","0","0","0","3","02113","0","","1.0","","1","N","N","","0","","0","0","1","","0","N","","2","1","0","0","0","1","0","2","0","2","","","","N","","","","","","","","","",""
"2012059809","1104","2","0","1","0","0","0","0","0","0","4","0","","02","6","2012","6","40.48169","-79.974368","1104","11","0","0","0","0","0","0","0","0","","0","0","0","","","2","","2","","40 28:54.084","","0","79 58:27.724","2","0","0","0","2445","0","0","0","N","0","0","0","3","02445","0","","1.0","","1","N","N","","0","","0","1","0","","2","","","2","2","0","0","0","1","0","2","0","2","","","","N","","","","","","","","","",""
"2012061444","1425","2","0","0","0","0","0","0","0","0","7","0","","02","6","2012","3","40.438669","-79.96094","1400","11","0","0","0","0","0","0","0","0","","0","0","0","","","1","","0","","40 26:19.210","","0","79 57:39.383","8","0","0","0","2301","0","0","0","N","0","0","0","1","02301","0","","5.0","","1","N","N","","0","","0","0","0","","0","","","2","1","0","0","0","1","0","2","0","2","","","","N","","","","","","","","","",""
"2012059937","2330","1","0","0","0","0","0","0","0","0","2","0","","02","6","2012","6","40.451128","-79.982464","2328","11","0","0","0","0","1","0","0","0","","0","0","0","","","0","","2","","40 27:04.060","","0","79 58:56.870","0","0","0","0","2301","0","0","0","N","0","0","0","6","02301","0","","1.0","","1","N","N","","0","","0","0","1","","2","","","2","0","0","0","0","0","0","2","0","2","","","","N","","","","","","","","","",""
"2012062274","1743","2","0","0","0","0","0","0","0","0","2","0","","02","6","2012","5","","","1743","11","0","0","0","0","0","1","0","0","1","0","0","0","","","0","","2","","","4","0","","0","0","0","0","2301","0","0","0","N","0","0","0","2","02301","0","","1.0","","1","N","N","","0","","0","0","0","","3","N","","2","0","0","0","0","0","0","1","0","2","","","","N","","","","","","","","","",""
"2012060597","1730","1","0","0","0","0","0","0","0","0","7","0","","02","6","2012","4","40.430728","-80.026278","1725","11","0","0","0","0","0","0","0","0","1","0","0","0","","","1","","0","","40 25:50.621","4","0","80 01:34.601","8","0","0","0","2301","0","0","0","N","0","0","0","1","02301","0","","2.0","","1","N","N","","0","","0","0","0","","0","N","","1","1","0","0","0","1","0","2","0","1","","","","N","","","","","","","","","",""
"2012059938","2124","0","0","0","0","0","0","0","0","0","8","0","","02","6","2012","3","40.373227","-79.853598","2122","11","0","0","0","0","0","0","1","0","","0","0","0","","","1","","0","","40 22:23.617","","0","79 51:12.952","2","0","0","0","2303","1","0","1","N","1","0","1","2","02303","0","","1.0","","1","N","N","","0","","0","1","0","","0","","","2","1","0","0","0","0","0","2","1","1","","","","N","","","","","","","","","",""
"2012062406","1737","0","0","0","0","0","0","0","0","0","0","0","","02","6","2012","6","40.45896","-79.758626","1725","11","0","0","0","0","0","0","0","0","3","0","0","0","","","0","","0","","40 27:32.256","3","0","79 45:31.054","0","0","0","0","2446","0","0","0","N","0","0","0","2","68T02","0","","1.0","","1","N","N","","0","","0","0","1","","0","N","","1","0","0","0","0","0","0","2","0","1","","","","N","","","","","","","","","",""
"2012060019","1230","0","0","0","0","0","0","0","0","0","4","0","","02","6","2012","6","40.444202","-80.028173","1225","11","0","0","0","0","0","1","0","0","","0","0","0","","","3","","1","","40 26:39.126","","0","80 01:41.424","3","0","0","0","2301","0","0","0","N","0","0","0","3","02301","1","","1.0","","1","N","N","","0","","2","0","2","","2","","","2","3","0","0","0","0","0","2","0","2","","","","N","","","","","","","","","",""
"2012062137","1941","1","0","0","0","0","0","0","0","0","7","0","","02","6","2012","4","40.40476","-80.128485","1939","11","1","0","0","0","0","0","0","0","5","1","0","0","","","4","","0","","40 24:17.136","5","0","80 07:42.545","1","0","0","0","2102","0","0","0","N","0","0","0","5","02102","1","9","4.0","","1","N","N","","0","0","3","0","0","","0","Y","","1","4","3","1","0","0","0","1","0","1","","","","N","","","","","","","","","",""
"2012061229","1533","1","0","0","0","0","0","0","0","0","7","0","","02","6","2012","3","40.392971","-80.130736","1530","11","0","0","0","0","0","0","0","0","2","0","0","0","","","1","","0","","40 23:34.694","5","0","80 07:50.651","8","0","0","0","2102","0","0","0","N","0","0","0","1","02102","0","","5.0","","1","N","N","","0","","0","0","0","","0","N","","1","1","0","0","0","1","0","2","0","1","","","","N","","","","","","","","","",""
"2012062729","0700","0","0","0","0","0","0","0","0","0","99","0","","02","6","2012","1","40.642534","-79.93841","0646","11","0","0","0","0","0","1","0","0","","0","0","0","","","0","","0","","40 38:33.122","","0","79 56:18.276","0","0","0","0","2217","0","0","0","N","0","0","0","1","02505","0","","1.0","","1","N","N","","1","","0","0","0","","0","","","1","0","0","0","0","0","0","2","0","1","","","","N","","","","","","","","","",""
"2012059814","1244","0","0","0","0","0","0","0","0","0","6","0","","02","6","2012","6","40.457757","-79.819207","1239","11","0","0","0","0","0","1","1","0","1","0","0","0","","","0","","2","","40 27:27.925","1","0","79 49:09.145","0","0","0","0","2113","0","0","0","N","0","0","0","4","02113","0","","1.0","","1","N","N","","0","","0","0","0","","3","N","","2","0","0","0","0","0","0","2","2","2","","","","N","","","","","","","","","",""
"2012060602","1340","0","0","0","0","0","0","0","0","0","8","0","","02","6","2012","2","40.4508","-80.001368","1330","11","0","0","0","0","0","0","0","0","1","0","0","0","","","1","","2","","40 27:02.880","4","0","80 00:04.924","4","0","0","0","2301","1","0","0","N","1","0","0","5","02301","1","","1.0","","1","N","N","","1","","0","0","0","","2","N","","2","1","0","0","0","0","0","2","0","1","","","","N","","","","","","","","","",""
"2012060025","0736","2","0","0","0","0","0","0","0","0","2","0","","02","6","2012","7","40.47152","-79.926282","0726","11","0","0","0","0","0","0","0","0","","0","0","0","","","0","","1","","40 28:17.472","","0","79 55:34.615","9","0","0","0","2301","0","0","0","N","0","0","0","4","02301","0","","1.0","","1","N","N","","1","","0","0","0","","2","","","3","0","0","0","0","0","1","2","0","3","","","","N","","","","","","","","","",""
"2012060518","1803","3","0","0","0","0","0","0","0","0","4","0","","02","6","2012","6","40.366002","-79.949448","1758","11","0","0","0","0","0","1","0","0","1","0","0","0","","","0","","2","","40 21:57.607","2","0","79 56:58.013","0","0","0","0","2403","0","0","0","N","0","0","0","3","02403","0","","1.0","","1","N","N","","0","","0","0","0","","3","Y","","3","0","0","0","0","0","0","2","0","3","","","","N","","","","","","","","","",""
"2012062282","1131","2","0","0","0","0","0","0","0","0","1","0","","02","6","2012","6","40.430833","-80.039239","1124","11","0","0","0","0","0","0","0","0","1","0","0","0","","","0","","0","","40 25:51.000","5","0","80 02:21.259","0","0","0","0","2301","0","0","0","N","0","0","0","2","02301","0","","1.0","","9","N","N","","0","","0","0","0","","0","N","","2","0","0","0","0","0","0","2","0","2","","","","N","","","","","","","","","",""
"2012061464","0953","1","1","0","0","0","0","0","0","0","5","0","","02","5","2012","4","40.444928","-79.851335","0945","11","0","0","0","0","0","0","0","1","2","1","0","0","","","0","","0","","40 26:41.740","3","0","79 51:04.805","1","0","0","0","2419","0","0","0","Y","0","0","0","3","68B03","0","2","1.0","","1","N","N","","1","0","0","0","0","","0","N","","3","0","0","0","0","0","0","2","0","2","","","","N","","","","","","","","","",""
"2012061235","2155","0","0","0","0","0","0","0","0","0","7","0","","02","6","2012","2","40.396789","-79.981504","2148","11","0","0","0","0","0","0","0","0","5","0","0","0","","","1","","0","","40 23:48.442","6","0","79 58:53.414","8","0","0","0","2301","0","0","0","N","0","0","0","1","02301","0","","2.0","","9","N","N","","0","","0","0","1","","0","Y","","1","1","0","0","0","1","0","2","0","1","","","","N","","","","","","","","","",""
"2012060521","0735","0","0","0","0","0","0","0","0","0","99","0","","02","6","2012","2","40.372554","-80.033786","0729","11","0","0","0","0","0","1","0","0","1","0","0","0","","","0","","0","","40 22:21.194","3","0","80 02:01.628","0","0","0","0","2109","0","0","0","N","0","0","0","1","02109","0","","1.0","","1","N","N","","0","","0","0","1","","0","N","","1","0","0","0","0","0","0","2","0","1","","","","N","","","","","","","","","",""
"2012062284","1205","2","0","0","0","0","0","0","0","0","1","0","","02","6","2012","6","40.477736","-80.046412","1157","11","0","0","0","0","0","1","0","0","2","0","0","0","","","3","","0","","40 28:39.850","3","3","80 02:47.083","4","0","0","0","2301","0","0","0","N","0","0","0","3","02301","1","","1.0","","9","N","N","","0","","0","0","0","","0","N","","2","3","0","0","0","2","0","2","0","2","","","","N","","","","","","","","","",""
"2012060028","1326","1","0","0","0","0","0","0","0","0","1","0","","02","6","2012","6","40.427483","-79.704507","1326","11","0","0","0","0","0","1","0","0","1","0","0","0","","","1","","1","","40 25:38.940","4","0","79 42:16.224","4","0","0","0","2446","0","0","0","N","0","0","0","3","02446","1","","1.0","","1","N","N","","0","","0","0","1","","2","N","","2","1","1","0","0","0","0","2","0","2","","","","N","","","","","","","","","",""
"2012061594","1120","1","0","0","0","0","0","0","0","0","8","0","","02","6","2012","4","40.441366","-80.003939","1117","11","0","0","0","0","0","1","0","0","","0","0","0","","","1","","1","","40 26:28.917","","0","80 00:14.180","4","0","0","0","2301","1","0","0","N","1","0","0","2","02301","1","","1.0","","1","N","N","","0","","0","0","0","","2","","","2","1","0","0","0","0","0","2","0","1","","","","N","","","","","","","","","",""
"2012062146","2022","1","0","0","0","0","0","0","0","0","5","0","","02","6","2012","5","40.442091","-80.045159","2020","11","0","0","0","0","0","0","0","0","","0","0","0","","","1","","1","","40 26:31.527","","0","80 02:42.572","8","0","0","0","2301","0","0","0","N","0","0","0","8","02301","0","","4.0","","1","N","N","","0","","0","0","0","","0","","","2","1","0","0","0","1","0","2","1","2","","","","N","","","","","","","","","",""
"2012062219","1540","1","0","0","0","0","0","1","0","0","5","1","","02","5","2012","4","40.492462","-79.910434","1502","11","0","0","0","0","1","1","0","0","","0","0","0","","","0","","6","","40 29:32.863","","3","79 54:37.562","0","0","0","0","2112","0","0","0","N","0","0","0","26","68D02","0","","1.0","","1","Y","N","","0","","0","0","0","","3","","","2","0","0","0","0","0","0","2","0","2","","","","N","","","","","","","","","",""
"2012062285","1142","1","0","0","0","0","0","0","0","0","1","0","","02","6","2012","6","40.340682","-80.063627","1135","11","0","0","0","0","0","0","0","0","1","0","0","0","","","0","","0","","40 20:26.454","1","1","80 03:49.058","0","0","0","0","2123","0","0","0","N","0","0","0","3","02123","0","","1.0","","9","N","N","","0","","0","0","1","","0","N","","2","0","0","0","0","0","0","2","0","2","","","","N","","","","","","","","","",""
"2012059963","1335","1","0","0","0","0","0","0","0","0","0","0","","02","6","2012","3","40.498539","-80.122467","1317","11","0","0","0","0","0","0","0","0","","0","0","0","","","1","","0","","40 29:54.741","","0","80 07:20.880","4","0","0","0","2115","0","0","0","N","0","0","0","1","68B03","1","","2.0","","1","N","N","","0","","0","0","0","","0","","","1","1","0","0","0","0","0","2","0","1","","","","N","","","","","","","","","",""
"2012059964","1210","2","0","0","0","0","0","0","0","0","1","0","","02","6","2012","5","40.420516","-80.039151","1152","11","0","0","0","0","0","1","0","0","","0","0","0","","","0","","0","","40 25:13.856","","0","80 02:20.942","0","0","0","0","2301","0","0","0","N","0","0","0","2","68B03","0","","1.0","","1","N","N","","0","","0","0","0","","0","","","2","0","0","0","0","0","0","2","0","2","","","","N","","","","","","","","","",""
"2012062287","1044","2","0","0","0","0","0","0","0","0","4","0","","02","6","2012","6","40.553508","-79.97125","1040","11","1","0","0","0","1","1","0","0","1","0","0","0","","","0","","0","","40 33:12.630","1","0","79 58:16.499","0","0","0","0","2118","0","0","0","N","0","0","0","4","02118","0","","1.0","","9","N","N","","0","","0","0","1","","0","N","","3","0","0","0","0","0","0","2","0","3","","","","N","","","","","","","","","",""
"2012061388","1920","1","0","0","0","0","0","0","0","0","7","0","","02","6","2012","3","40.439697","-79.897653","1918","11","0","0","0","0","0","0","1","0","1","0","0","0","","","0","","1","","40 26:22.910","4","0","79 53:51.550","0","0","0","0","2301","0","0","0","N","0","0","0","1","02301","0","","2.0","","1","N","N","","0","","0","0","0","","2","N","","1","0","0","0","0","0","0","2","0","1","","","","N","","","","","","","","","",""
"2012062359","1021","1","0","0","0","0","0","0","0","0","7","0","","02","6","2012","7","40.454579","-79.997687","1005","11","0","0","0","0","0","0","0","0","","0","0","0","","","0","","0","","40 27:16.483","","0","79 59:51.674","0","0","0","0","2301","0","0","0","N","0","0","0","1","68B03","0","","2.0","","1","N","N","","0","","0","0","0","","0","","","1","0","0","0","0","0","0","2","0","1","","","","N","","","","","","","","","",""
"2012061545","0857","1","0","0","0","0","0","0","0","0","1","0","","02","6","2012","2","40.655176","-80.086791","0854","11","0","0","0","0","0","1","0","0","","0","0","0","","","1","","1","","40 39:18.634","","0","80 05:12.448","8","0","0","0","2212","0","0","0","N","0","0","0","2","02505","0","","1.0","","1","N","N","","0","","0","0","0","","2","","","2","1","0","0","0","1","0","2","1","2","","","","N","","","","","","","","","",""
"2012061327","1354","1","0","0","0","0","0","0","0","0","7","0","","02","5","2012","7","40.389422","-80.099198","1339","11","0","0","0","0","0","1","0","0","","0","0","0","","","0","","0","","40 23:21.918","","0","80 05:57.112","0","0","0","0","2102","0","0","0","N","0","0","0","1","68B03","0","","3.0","","1","N","N","","0","","0","0","0","","0","","","1","0","0","0","0","0","0","2","0","1","","","","N","","","","","","","","","",""
"2012059824","1335","1","0","0","0","0","0","0","0","0","6","0","","02","6","2012","6","40.424319","-79.988439","1327","11","0","0","0","0","0","0","0","1","1","0","0","0","","","0","","0","","40 25:27.550","1","0","79 59:18.380","9","0","0","0","2301","0","0","0","N","0","0","0","2","02301","0","","1.0","","1","N","N","","0","","0","0","1","","0","N","","2","0","0","0","0","0","1","2","0","2","","","","N","","","","","","","","","",""
"2012062290","1153","2","0","0","0","0","0","0","0","0","1","0","","02","6","2012","6","40.484224","-79.907886","1150","11","0","0","0","0","0","0","1","0","","0","0","0","","","0","","5","","40 29:03.206","","0","79 54:28.391","9","0","0","0","2301","0","0","0","N","0","0","0","2","02301","0","","1.0","","1","N","N","","0","","0","0","0","","2","","","2","0","1","0","0","0","1","2","0","2","","","","N","","","","","","","","","",""
"2012062360","1107","1","0","0","0","0","0","0","0","0","5","1","","02","6","2012","3","40.429902","-79.88008","1055","11","0","0","0","0","0","1","0","0","2","0","1","0","","","0","","0","","40 25:47.648","3","0","79 52:48.289","0","0","0","0","2426","0","0","0","N","0","0","0","2","68B03","0","","1.0","","1","N","N","","0","","0","0","0","","0","N","","2","0","0","0","0","0","0","2","0","2","","","","N","","","","","","","","","",""
"2012061546","0412","0","0","0","0","0","0","0","0","0","7","0","35","02","6","2012","4","40.403441","-79.839154","0408","11","0","0","0","0","0","0","0","0","1","0","0","0","","","1","","0","","40 24:12.387","6","0","79 50:20.954","3","0","0","0","2449","0","0","0","N","0","0","0","1","02449","0","","5.0","","1","N","N","","1","","1","0","0","","0","N","","1","1","0","0","0","0","0","2","0","1","","","N","Y","3","1","","","N","Y","","Y","",""
"2012061328","1020","2","0","0","0","0","0","0","0","0","4","0","","02","6","2012","4","40.43032","-79.873948","1015","11","0","0","0","0","0","1","0","0","","0","0","0","","","0","","0","","40 25:49.152","","0","79 52:26.212","0","0","0","0","2419","0","0","0","N","0","0","0","3","68B03","0","","1.0","","1","N","N","","0","","0","0","0","","0","","","2","0","0","0","0","0","0","2","0","2","","","","N","","","","","","","","","",""
"2012061244","0000","1","0","0","0","0","0","0","0","0","1","0","","02","3","2012","4","40.525598","-79.840956","0000","11","0","0","0","0","0","0","0","0","","0","0","0","","","1","","1","","40 31:32.153","","0","79 50:27.440","8","0","0","0","2451","0","0","0","N","0","0","0","2","00000","0","","1.0","","1","N","N","","0","","0","0","1","","2","","","2","1","0","0","0","1","0","2","0","2","","","","N","","","","","","","","","",""
"2012062076","1521","0","0","0","0","0","0","0","0","0","1","0","","02","6","2012","5","40.331457","-79.844433","1521","11","0","0","0","0","0","0","0","0","","0","0","0","","","0","","0","","40 19:53.244","","0","79 50:39.959","0","0","0","0","2304","0","0","0","N","0","0","0","3","02304","0","","1.0","","1","N","N","","1","","0","0","1","","0","","","2","0","0","0","0","0","0","2","0","2","","","","N","","","","","","","","","",""
"2012062088","1350","1","0","0","0","0","0","0","0","0","1","0","","02","6","2012","5","40.458563","-79.999088","1340","11","0","0","0","0","0","1","0","0","","0","0","0","","","0","","0","","40 27:30.825","","0","79 59:56.718","0","0","0","0","2301","0","0","0","N","0","0","0","2","68B03","0","","1.0","","1","N","N","","1","","0","0","0","","0","","","2","0","0","0","0","0","0","2","0","2","","","","N","","","","","","","","","",""
"2012060545","0903","2","0","0","0","0","0","0","0","0","4","0","","02","6","2012","2","40.392999","-80.015004","0856","11","0","0","0","0","0","1","0","0","1","0","0","0","","","0","","0","","40 23:34.797","6","0","80 00:54.014","0","0","0","0","2301","0","0","0","N","0","0","0","2","02301","0","","1.0","","1","N","N","","0","","0","0","0","","0","N","","2","0","1","0","0","0","0","2","0","2","","","","N","","","","","","","","","",""
"2012059826","1350","0","0","0","0","0","0","0","0","0","1","0","","02","6","2012","6","40.428884","-79.959723","1344","11","0","0","0","0","0","0","0","0","1","0","0","0","","","0","","0","","40 25:43.983","1","3","79 57:35.001","0","0","0","0","2301","0","0","0","N","0","0","0","6","02301","0","","1.0","","1","N","N","","0","","0","0","2","","0","N","","2","0","1","0","0","0","0","2","0","2","","","","N","","","","","","","","","",""
"2012062292","1130","2","0","0","0","0","0","0","0","0","4","0","","02","6","2012","6","40.42211","-79.927755","1123","11","0","0","0","0","0","0","0","0","","0","0","0","","","0","","2","","40 25:19.596","","0","79 55:39.918","0","0","0","0","2301","0","0","0","N","0","0","0","6","02301","0","","1.0","","1","N","N","","0","","0","0","0","","3","","","2","0","1","0","0","0","0","2","0","2","","","","N","","","","","","","","","",""
"2012061392","1955","1","0","0","0","0","0","0","0","0","7","0","","02","6","2012","3","40.380139","-79.971023","1953","11","0","0","0","0","0","0","0","0","","0","0","0","","","1","","0","","40 22:48.500","","0","79 58:15.682","3","0","0","0","2413","0","0","0","N","0","0","0","1","02413","0","","2.0","","1","N","N","","0","","1","0","0","","0","","","1","1","1","0","0","0","0","2","0","1","","","","N","","","","","","","","","",""
"2012061550","1420","1","0","0","0","0","0","0","0","0","0","0","","02","6","2012","4","40.454981","-79.740508","1420","11","0","0","0","0","0","0","0","0","2","0","0","0","","","0","","0","","40 27:17.930","3","0","79 44:25.830","0","0","0","0","2446","0","0","0","N","0","0","0","1","02501","0","","1.0","","1","N","N","","0","","0","0","0","","0","Y","","1","0","0","0","0","0","0","2","0","1","","","","N","","","","","","","","","",""
"2012059906","1612","1","0","0","0","0","0","0","0","0","1","0","","02","6","2012","6","40.458003","-79.708372","1611","11","0","0","0","0","0","0","0","0","","0","0","0","","","1","","2","","40 27:28.811","","0","79 42:30.140","8","0","0","0","2466","0","0","0","N","0","0","0","3","02466","0","","1.0","","1","N","N","","1","","0","0","0","","0","","","2","1","0","0","0","1","0","2","0","2","","","","N","","","","","","","","","",""
"2012062157","1403","0","0","0","0","0","0","0","0","0","4","0","","02","6","2012","5","40.3427","-80.059614","1354","11","0","0","0","0","0","0","0","0","2","0","0","0","","","0","","0","","40 20:33.720","4","7","80 03:34.610","0","0","0","0","2123","0","0","0","N","0","0","0","4","02123","0","","1.0","","1","N","N","","1","","0","0","1","","3","N","","2","0","0","0","0","0","0","2","0","2","","","","N","","","","","","","","","",""
"2012060552","0810","1","0","0","0","0","0","0","0","0","4","1","","02","6","2012","2","40.425167","-79.749778","0808","11","0","0","0","0","0","0","0","1","","0","0","0","","","0","","0","","40 25:30.600","","0","79 44:59.200","0","0","0","0","2446","0","0","0","N","0","0","0","5","02446","0","","1.0","","1","Y","N","","0","","0","0","0","","0","","","2","0","0","0","0","0","0","2","0","2","","","","N","","","","","","","","","",""
"2012062158","2059","0","0","0","0","0","0","0","0","0","0","0","","02","6","2012","5","40.435866","-79.961329","2053","11","0","0","0","0","0","0","0","0","3","0","0","0","","","0","","1","","40 26:09.119","3","0","79 57:40.784","9","0","0","0","2301","0","0","0","Y","0","0","0","1","02301","0","","1.0","","1","N","N","","0","","0","0","1","","0","Y","","1","0","0","0","0","0","1","2","0","1","","","","N","","","","","","","","","",""
"2012061396","0010","1","0","0","0","0","0","0","0","0","7","0","","02","6","2012","1","40.53102","-80.078516","0006","11","0","0","0","0","0","0","0","0","","0","0","0","","","1","","3","","40 31:51.672","","7","80 04:42.657","4","0","0","0","2215","0","0","0","N","0","0","0","2","02215","1","","4.0","","1","N","N","","0","","0","0","0","","0","","","1","1","0","0","0","0","0","2","0","1","","","","N","","","","","","","","","",""
"2012060056","1214","1","0","0","0","0","0","0","0","0","7","0","","02","6","2012","7","40.461052","-79.871504","1208","11","0","0","0","0","0","0","0","0","3","0","0","0","","","1","","0","","40 27:39.788","4","0","79 52:17.416","8","0","0","0","2113","0","0","0","N","0","0","0","1","02113","0","","4.0","","1","N","N","","0","","0","0","0","","0","N","","1","1","0","0","0","1","0","2","0","1","","","","N","","","","","","","","","",""
"2012060626","1406","1","0","0","0","0","0","0","0","0","7","0","","02","6","2012","2","40.561769","-80.088371","1400","11","0","0","0","0","0","0","1","0","","0","0","0","","","0","","0","","40 33:42.367","","0","80 05:18.137","0","0","0","0","2215","0","0","0","N","0","0","0","1","02215","0","","5.0","","1","N","N","","0","","0","0","0","","0","","","1","0","0","0","0","0","0","2","0","1","","","","N","","","","","","","","","",""