"CRN","ARRIVAL_TM","AUTOMOBILE_COUNT","BELTED_DEATH_COUNT","BELTED_SUSP_SERIOUS_INJ_COUNT","BICYCLE_COUNT","BICYCLE_DEATH_COUNT","BICYCLE_SUSP_SERIOUS_INJ_COUNT","BUS_COUNT","CHLDPAS_DEATH_COUNT","CHLDPAS_SUSP_SERIOUS_INJ_COUNT","COLLISION_TYPE","COMM_VEH_COUNT","CONS_ZONE_SPD_LIM","COUNTY","CRASH_MONTH","CRASH_YEAR","DAY_OF_WEEK","DEC_LATITUDE","DEC_LONGITUDE","DISPATCH_TM","DISTRICT","DRIVER_COUNT_16YR","DRIVER_COUNT_17YR","DRIVER_COUNT_18YR","DRIVER_COUNT_19YR","DRIVER_COUNT_20YR","DRIVER_COUNT_50_64YR","DRIVER_COUNT_65_74YR","DRIVER_COUNT_75PLUS","EST_HRS_CLOSED","FATAL_COUNT","HEAVY_TRUCK_COUNT","HORSE_BUGGY_COUNT","HOUR_OF_DAY","ILLUMINATION","INJURY_COUNT","INTERSECTION_RELATED","INTERSECT_TYPE","LANE_CLOSED","LATITUDE","LN_CLOSE_DIR","LOCATION_TYPE","LONGITUDE","MAX_SEVERITY_LEVEL","MCYCLE_DEATH_COUNT","MCYCLE_SUSP_SERIOUS_INJ_COUNT","MOTORCYCLE_COUNT","MUNICIPALITY","NONMOTR_COUNT","NONMOTR_DEATH_COUNT","NONMOTR_SUSP_SERIOUS_INJ_COUNT","NTFY_HIWY_MAINT","PED_COUNT","PED_DEATH_COUNT","PED_SUSP_SERIOUS_INJ_COUNT","PERSON_COUNT","POLICE_AGCY","POSSIBLE_INJ_COUNT","RDWY_SURF_TYPE_CD","RELATION_TO_ROAD","ROADWAY_CLEARED","ROAD_CONDITION","SCH_BUS_IND","SCH_ZONE_IND","SECONDARY_CRASH","SMALL_TRUCK_COUNT","SPEC_JURIS_CD","SUSP_MINOR_INJ_COUNT","SUSP_SERIOUS_INJ_COUNT","SUV_COUNT","TCD_FUNC_CD","TCD_TYPE","TFC_DETOUR_IND","TIME_OF_DAY","TOTAL_UNITS","TOT_INJ_COUNT","UNBELTED_OCC_COUNT","UNB_DEATH_COUNT","UNB_SUSP_SERIOUS_INJ_COUNT","UNK_INJ_DEG_COUNT","UNK_INJ_PER_COUNT","URBAN_RURAL","VAN_COUNT","VEHICLE_COUNT","WEATHER1","WEATHER2","WORKERS_PRES","WORK_ZONE_IND","WORK_ZONE_LOC","WORK_ZONE_TYPE","WZ_CLOSE_DETOUR","WZ_FLAGGER","WZ_LAW_OFFCR_IND","WZ_LN_CLOSURE","WZ_MOVING","WZ_OTHER","WZ_SHLDER_MDN","WZ_WORKERS_INJ_KILLED"
"2012058727","1725","1","0","0","0","0","0","0","0","0","4","0","","02","6","2012","3","40.419767","-79.929219","1715","11","0","0","0","0","0","1","1","0","","0","0","0","","","0","","2","","40 25:11.161","","0","79 55:45.188","0","0","0","0","2301","0","0","0","N","0","0","0","2","02301","0","","1.0","","9","N","N","","0","","0","0","1","","3","","","2","0","0","0","0","0","0","2","0","2","","","","N","","","","","","","","","",""
"2012060852","1750","0","0","0","0","0","0","0","0","0","4","0","","02","6","2012","2","40.467027","-80.024868","1747","11","0","0","0","0","0","0","0","0","","0","0","0","","","1","","1","","40 28:01.298","","0","80 01:29.526","8","0","0","0","2301","0","0","0","N","0","0","0","3","02301","0","","1.0","","1","N","N","","1","","0","0","0","","0","","","2","1","0","0","0","1","0","2","1","2","","","","N","","","","","","","","","",""
"2012062456","2139","1","0","0","0","0","0","0","0","0","7","0","","02","6","2012","2","40.398359","-80.096525","2138","11","0","0","0","0","0","0","0","0","2","0","0","0","","","1","","0","","40 23:54.092","5","0","80 05:47.490","4","0","0","0","2117","0","0","0","N","0","0","0","1","02117","1","","5.0","","1","N","N","","0","","0","0","0","","0","Y","","1","1","1","0","0","0","0","2","0","1","","","","N","","","","","","","","","",""
"2012057877","1244","0","0","0","0","0","0","0","0","0","1","0","","02","6","2012","5","40.637239","-80.062956","1237","11","0","0","0","0","0","1","0","0","","0","0","0","","","0","","0","","40 38:14.059","","0","80 03:46.640","0","0","0","0","2216","0","0","0","N","0","0","0","2","02505","0","","1.0","","1","N","N","","0","","0","0","2","","0","","","2","0","0","0","0","0","0","2","0","2","","","","N","","","","","","","","","",""
"2012058795","1540","1","0","0","0","0","0","0","0","0","1","0","","02","5","2012","4","40.435181","-80.018144","1518","11","0","0","0","0","0","1","0","0","","0","0","0","","","0","","0","","40 26:06.653","","4","80 01:05.317","9","0","0","0","2301","0","0","0","N","0","0","0","2","68B03","0","","1.0","","1","N","N","","0","","0","0","1","","0","","","2","0","0","0","0","0","1","2","0","2","","","","N","","","","","","","","","",""
"2012058796","1443","2","0","0","0","0","0","0","0","0","1","0","","02","6","2012","6","40.423687","-80.107885","1430","11","0","0","0","1","0","0","0","0","","0","0","0","","","0","","0","","40 25:25.274","","0","80 06:28.386","0","0","0","0","2115","0","0","0","N","0","0","0","6","68B03","0","","1.0","","9","N","N","","0","","0","0","0","","0","","","2","0","0","0","0","0","0","2","0","2","","","","N","","","","","","","","","",""
"2012062458","2152","1","0","0","0","0","0","0","0","0","1","0","","02","6","2012","1","40.403023","-80.055262","2148","11","0","0","0","0","0","1","0","1","","0","0","0","","","0","","0","","40 24:10.882","","0","80 03:18.943","0","0","0","0","2117","0","0","0","N","0","0","0","2","02117","0","","1.0","","1","N","N","","0","","0","0","1","","0","","","2","0","0","0","0","0","0","2","0","2","","","","N","","","","","","","","","",""
"2012057091","0941","1","0","0","0","0","0","0","0","0","6","0","","02","6","2012","5","40.361086","-79.990909","0940","11","0","0","0","0","0","0","1","0","","0","0","0","","","0","","1","","40 21:39.908","","0","79 59:27.273","0","0","0","0","2476","0","0","0","N","0","0","0","2","02476","0","","1.0","","1","N","N","","0","","0","0","1","","2","","","2","0","1","0","0","0","0","2","0","2","","","","N","","","","","","","","","",""
"2012058018","1823","1","0","0","0","0","0","0","0","0","7","0","","02","6","2012","1","40.461163","-79.865813","1822","11","0","0","0","0","0","1","0","0","","0","0","0","","","1","","0","","40 27:40.185","","7","79 51:56.927","3","0","0","0","2113","0","0","0","N","0","0","0","2","02113","0","","6.0","","1","N","N","","0","","1","0","0","","0","","","1","1","2","0","0","0","0","2","0","1","","","","N","","","","","","","","","",""
"2012058038","1645","2","0","0","0","0","0","0","0","0","2","0","","02","6","2012","1","40.444043","-80.064985","1645","11","0","0","0","0","0","0","0","1","2","0","0","0","","","5","","0","","40 26:38.555","5","0","80 03:53.947","8","0","0","0","2439","0","0","0","N","0","0","0","5","02439","0","","1.0","","1","N","N","","0","","0","0","0","","0","Y","","2","5","4","0","0","5","0","2","0","2","","","","N","","","","","","","","","",""
"2012057229","0816","1","0","0","0","0","0","0","0","0","1","0","55","02","6","2012","4","40.653348","-80.063423","0801","11","0","0","0","0","0","0","0","0","3","0","0","0","","","1","","0","","40 39:12.053","4","0","80 03:48.323","4","0","0","0","2216","0","0","0","N","0","0","0","2","68T02","1","","1.0","","1","N","N","","0","","0","0","1","","0","N","","2","1","0","0","0","0","0","2","0","2","","","Y","Y","4","1","N","N","N","N","N","Y","N",""
"2012060087","1409","0","0","0","0","0","0","0","0","0","4","0","","02","6","2012","7","40.454221","-79.886823","1409","11","1","0","0","0","0","0","0","0","","0","0","0","","","0","","1","","40 27:15.196","","0","79 53:12.561","0","0","0","0","2301","0","0","0","N","0","0","0","4","02301","0","","1.0","","1","N","N","","0","","0","0","2","","1","","","2","0","0","0","0","0","0","2","0","2","","","","N","","","","","","","","","",""
"2012058733","1657","2","0","0","0","0","0","0","0","0","4","0","","02","6","2012","3","40.426149","-80.294767","1649","11","0","0","0","0","0","0","0","0","","0","0","0","","","1","","1","","40 25:34.136","","2","80 17:41.162","4","0","0","0","2214","0","0","0","N","0","0","0","2","02214","1","","1.0","","9","N","N","","0","","0","0","0","","0","","","2","1","0","0","0","0","0","1","0","2","","","","N","","","","","","","","","",""
"2012057949","1627","0","0","0","0","0","0","0","0","0","8","0","","02","6","2012","1","40.432193","-80.003977","1627","11","0","0","0","0","0","0","0","0","1","0","0","0","","","1","","2","","40 25:55.894","6","0","80 00:14.317","8","0","0","0","2301","1","0","0","N","1","0","0","2","02301","0","","1.0","","1","N","N","","0","","0","0","1","","2","N","","2","1","0","0","0","1","0","2","0","1","","","","N","","","","","","","","","",""
"2012059723","1839","1","0","0","0","0","0","0","0","0","1","0","","02","6","2012","7","40.444361","-80.009187","1827","11","0","0","0","0","0","1","0","0","2","0","0","0","","","0","","0","","40 26:39.701","1","3","80 00:33.074","0","0","0","0","2301","0","0","0","N","0","0","0","3","68B03","0","","1.0","","1","N","N","","0","","0","0","1","","0","N","","2","0","0","0","0","0","0","2","0","2","","","","N","","","","","","","","","",""
"2012057528","1326","2","0","0","0","0","0","0","0","0","4","0","","02","6","2012","5","40.593259","-80.061072","1320","11","0","0","0","0","0","1","1","0","","0","0","0","","","1","","2","","40 35:35.732","","0","80 03:39.858","4","0","0","0","2108","0","0","0","N","0","0","0","3","02108","1","","1.0","","1","N","N","","0","","0","0","0","","3","","","2","1","0","0","0","0","0","2","0","2","","","","N","","","","","","","","","",""
"2012058328","1828","1","0","0","0","0","0","0","0","0","1","0","","02","6","2012","4","40.437169","-80.002349","1803","11","0","0","0","0","0","3","0","0","2","0","0","0","","","0","","0","","40 26:13.809","4","0","80 00:08.458","0","0","0","0","2301","0","0","0","N","0","0","0","3","68B03","0","","1.0","","1","N","N","","1","","0","0","1","","0","N","","3","0","0","0","0","0","0","2","0","3","","","","N","","","","","","","","","",""
"2012057388","1456","1","0","0","0","0","0","0","0","0","1","0","","02","6","2012","5","40.443348","-79.828356","1452","11","0","0","0","0","0","1","0","0","2","0","0","0","","","3","","7","","40 26:36.054","1","0","79 49:42.080","8","0","0","0","2419","0","0","0","N","0","0","0","3","02419","0","","1.0","","1","N","N","","0","","0","0","1","","4","N","","2","3","0","0","0","3","0","2","0","2","","","","N","","","","","","","","","",""
"2012059102","1615","2","0","0","0","0","0","0","0","0","4","0","","02","6","2012","6","40.534035","-80.019122","1613","11","0","0","0","0","0","0","0","1","3","0","0","0","","","1","","1","","40 32:02.526","7","0","80 01:08.839","3","0","0","0","2116","0","0","0","N","0","0","0","3","02116","0","","1.0","","1","N","N","","0","","1","0","0","","3","Y","","2","1","0","0","0","0","0","2","0","2","","","","N","","","","","","","","","",""
"2012057529","0040","0","0","0","0","0","0","0","0","0","7","0","","02","6","2012","7","40.439613","-80.089427","0040","11","0","0","0","0","0","0","0","0","4","1","0","0","","","0","","0","","40 26:22.607","6","0","80 05:21.936","1","0","0","0","2115","0","0","0","Y","0","0","0","1","02115","0","2","4.0","","1","N","N","","0","0","0","0","1","","0","Y","","1","0","1","1","0","0","0","2","0","1","","","","N","","","","","","","","","",""
"2012058329","1749","1","0","0","0","0","0","0","0","0","1","0","","02","6","2012","6","40.420427","-80.038023","1729","11","0","0","0","0","0","0","0","0","1","0","0","0","","","0","","0","","40 25:13.536","4","0","80 02:16.884","0","0","0","0","2301","0","0","0","N","0","0","0","3","68B03","0","","1.0","","1","N","N","","0","","0","0","1","","0","N","","2","0","0","0","0","0","0","2","0","2","","","","N","","","","","","","","","",""
"2012059103","1132","0","0","0","0","0","0","0","0","0","4","0","25","02","6","2012","4","40.634982","-79.94016","1132","11","0","0","0","0","0","0","0","0","","0","0","0","","","0","","0","","40 38:05.935","","0","79 56:24.575","0","0","0","0","2217","0","0","0","N","0","0","0","2","02505","0","","1.0","","1","N","N","","2","","0","0","0","","0","","","2","0","0","0","0","0","0","2","0","2","","","N","Y","5","2","","","N","","","","",""
"2012058330","1340","1","0","0","0","0","0","0","0","0","1","0","","02","6","2012","1","40.416437","-80.058464","1328","11","0","0","0","0","0","0","0","0","","0","0","0","","","0","","0","","40 24:59.174","","0","80 03:30.471","0","0","0","0","2435","0","0","0","N","0","0","0","4","68B03","0","","1.0","","1","N","N","","1","","0","0","0","","0","","","2","0","0","0","0","0","0","2","0","2","","","","N","","","","","","","","","",""
"2012058392","1951","1","0","0","0","0","0","0","0","0","7","0","","02","6","2012","1","40.274685","-79.956136","1930","11","0","0","0","0","0","0","0","0","","0","0","0","","","0","","0","","40 16:28.867","","0","79 57:22.089","0","0","0","0","2440","0","0","0","N","0","0","0","1","68T09","0","","1.0","","1","N","N","","0","","0","0","0","","0","","","1","0","0","0","0","0","0","1","0","1","","","","N","","","","","","","","","",""
"2012056891","1958","0","0","0","0","0","0","0","0","0","8","0","","02","6","2012","4","40.457486","-79.896667","1956","11","0","0","0","0","0","0","0","0","","0","0","0","","","1","","0","","40 27:26.950","","0","79 53:48.000","2","0","0","0","2301","1","0","1","N","1","0","1","2","02301","0","","1.0","","1","N","N","","0","","0","1","1","","0","","","2","1","1","0","0","0","0","2","0","1","","","","N","","","","","","","","","",""
"2012058954","0447","1","0","0","0","0","0","0","0","0","4","0","","02","6","2012","4","40.463188","-79.87238","0445","11","0","0","0","0","0","0","0","0","","0","0","0","","","0","","0","","40 27:47.476","","0","79 52:20.568","0","0","0","0","2113","0","0","0","N","0","0","0","0","02113","0","","5.0","","1","N","N","","0","","0","0","1","","0","","","2","0","0","0","0","0","0","2","0","2","","","","N","","","","","","","","","",""
"2012059118","1345","2","0","0","0","0","0","0","0","0","4","1","","02","6","2012","2","40.453082","-79.980335","1330","11","0","0","0","0","0","0","0","0","","0","0","0","","","1","","1","","40 27:11.095","","0","79 58:49.206","4","0","0","0","2301","0","0","0","N","0","0","0","2","02301","1","","1.0","","1","N","N","","0","","0","0","0","","0","","","2","1","0","0","0","0","0","2","0","2","","","","N","","","","","","","","","",""
"2012058331","1429","0","0","0","0","0","0","0","0","0","7","0","","02","6","2012","1","40.573304","-80.091626","1412","11","0","0","0","0","0","0","0","0","2","0","0","0","","","1","","0","","40 34:23.895","1","0","80 05:29.855","8","0","0","0","2481","0","0","0","N","0","0","0","1","68B03","0","","4.0","","1","N","N","","0","","0","0","1","","0","N","","1","1","0","0","0","1","0","2","0","1","","","","N","","","","","","","","","",""
"2012058955","1839","1","0","0","0","0","0","0","0","0","7","0","","02","6","2012","1","40.307049","-79.901032","1835","11","0","0","0","0","0","1","0","0","3","0","0","0","","","0","","0","","40 18:25.378","5","0","79 54:03.716","0","0","0","0","2440","0","0","0","N","0","0","0","1","02440","0","","5.0","","1","N","N","","0","","0","0","0","","0","Y","","1","0","0","0","0","0","0","2","0","1","","","","N","","","","","","","","","",""
"2012057392","1342","2","0","0","0","0","0","0","0","0","1","0","","02","6","2012","5","40.367063","-80.040973","1339","11","0","0","0","0","0","1","0","0","","0","0","0","","","1","","0","","40 22:01.427","","0","80 02:27.501","4","0","0","0","2109","0","0","0","N","0","0","0","4","02109","1","","1.0","","1","N","N","","0","","0","0","0","","0","","","2","1","1","0","0","0","0","2","0","2","","","","N","","","","","","","","","",""
"2012059120","1235","1","0","0","0","0","0","0","0","0","7","0","","02","6","2012","4","40.565832","-79.964563","1230","11","0","0","0","0","0","0","1","0","","0","0","0","","","1","","0","","40 33:56.996","","0","79 57:52.427","4","0","0","0","2207","0","0","0","N","0","0","0","1","02207","1","","5.0","","1","N","N","","0","","0","0","0","","0","","","1","1","0","0","0","0","0","2","0","1","","","","N","","","","","","","","","",""
"2012057608","1902","1","0","0","0","0","0","0","0","0","7","0","","02","6","2012","6","40.333102","-79.813457","1859","11","0","0","0","0","0","0","0","0","1","0","0","0","","","1","","0","","40 19:59.166","1","0","79 48:48.446","8","0","0","0","2477","0","0","0","N","0","0","0","1","02477","0","","5.0","","1","N","N","","0","","0","0","0","","0","Y","","1","1","0","0","0","1","0","2","0","1","","","","N","","","","","","","","","",""
"2012058883","2044","0","0","0","1","0","0","0","0","0","8","0","","02","5","2012","5","40.411578","-80.116251","2039","11","0","0","0","0","0","1","0","0","2","0","0","0","","","1","","0","","40 24:41.680","4","0","80 06:58.502","3","0","0","0","2102","1","0","0","N","0","0","0","2","02102","0","","1.0","","1","N","N","","1","","1","0","0","","0","N","","2","1","0","0","0","0","0","2","0","1","","","","N","","","","","","","","","",""
"2012057317","0650","1","0","0","0","0","0","0","0","0","7","0","","02","6","2012","2","40.433912","-79.992929","0635","11","0","0","0","0","0","0","0","0","2","0","0","0","","","1","","0","","40 26:02.082","3","0","79 59:34.545","4","0","0","0","2301","0","0","0","N","0","0","0","1","68B03","1","","5.0","","1","N","N","","0","","0","0","0","","0","N","","1","1","0","0","0","0","0","2","0","1","","","","N","","","","","","","","","",""
"2012059107","1445","1","0","0","0","0","0","0","0","0","5","0","","02","6","2012","7","40.535744","-80.050894","1438","11","0","0","0","0","0","1","0","0","","0","1","0","","","1","","0","","40 32:08.680","","0","80 03:03.219","4","0","0","0","2116","0","0","0","N","0","0","0","2","02116","1","","1.0","","1","N","N","","0","","0","0","0","","0","","","2","1","0","0","0","0","0","2","0","2","","","","N","","","","","","","","","",""
"2012058396","1813","1","0","0","0","0","0","0","0","0","4","0","","02","6","2012","2","40.382986","-79.857411","1813","11","0","0","0","0","0","0","0","0","2","0","0","0","","","2","","1","","40 22:58.749","5","0","79 51:26.678","8","0","0","0","2303","0","0","0","N","0","0","0","2","02303","0","","1.0","","1","N","N","","0","","0","0","1","","2","N","","2","2","0","0","0","2","0","2","0","2","","","","N","","","","","","","","","",""
"2012056896","2228","1","0","0","0","0","0","0","0","0","0","0","","02","6","2012","4","40.495184","-79.80842","2223","11","0","0","0","0","0","0","0","0","2","0","0","0","","","1","","0","","40 29:42.661","5","0","79 48:30.311","4","0","0","0","2113","0","0","0","N","0","0","0","3","02113","1","","5.0","","1","N","N","","0","","0","0","0","","0","Y","","1","1","0","0","0","0","0","2","0","1","","","","N","","","","","","","","","",""
"2012059649","1633","1","0","0","0","0","0","0","0","0","1","0","","02","5","2012","3","40.523871","-80.035033","1629","11","0","0","0","0","0","0","0","1","","0","0","0","","","0","","2","","40 31:25.936","","0","80 02:06.120","0","0","0","0","2474","0","0","0","N","0","0","0","2","02474","0","","1.0","","1","N","N","","1","","0","0","0","","0","","","2","0","0","0","0","0","0","2","0","2","","","","N","","","","","","","","","",""
"2012058259","1310","1","0","0","0","0","0","0","0","0","7","0","","02","6","2012","2","40.5176","-79.892406","1305","11","0","0","1","0","0","0","0","0","","0","0","0","","","1","","0","","40 31:03.360","","0","79 53:32.660","4","0","0","0","2432","0","0","0","N","0","0","0","1","02432","1","","2.0","","1","N","N","","0","","0","0","0","","0","","","1","1","0","0","0","0","0","2","0","1","","","","N","","","","","","","","","",""
"2012059124","1319","0","0","0","0","0","0","0","0","0","1","0","","02","6","2012","4","40.397304","-80.029195","1307","11","0","0","0","0","0","0","0","0","","0","0","0","","","0","","0","","40 23:50.296","","0","80 01:45.101","0","0","0","0","2301","0","0","0","N","0","0","0","2","02301","0","","1.0","","1","N","N","","0","","0","0","1","","0","","","2","0","0","0","0","0","0","2","1","2","","","","N","","","","","","","","","",""
"2012059650","2225","0","0","0","0","0","0","0","0","0","4","0","","02","6","2012","3","40.648504","-80.110934","2218","11","0","0","0","0","0","1","0","0","2","0","0","0","","","0","","3","","40 38:54.616","4","0","80 06:39.363","0","0","0","0","2212","0","0","0","N","0","0","0","3","02505","0","","1.0","","1","N","N","","0","","0","0","2","","3","N","","2","0","0","0","0","0","0","2","0","2","","","","N","","","","","","","","","",""
"2012059110","2128","2","0","0","0","0","0","0","0","0","0","0","","02","6","2012","7","40.506733","-80.006887","2122","11","0","0","0","0","0","1","1","0","1","0","0","0","","","1","","1","","40 30:24.237","1","0","80 00:24.793","3","0","0","0","2116","0","0","0","N","0","0","0","2","02116","0","","1.0","","1","N","N","","0","","1","0","0","","0","N","","2","1","0","0","0","0","0","2","0","2","","","","N","","","","","","","","","",""
"2012058274","1748","0","0","0","0","0","0","0","0","0","7","0","","02","6","2012","5","40.593958","-80.068493","1745","11","0","0","0","0","0","1","0","0","1","0","0","0","","","0","","2","","40 35:38.248","4","0","80 04:06.573","0","0","0","0","2481","0","0","0","Y","0","0","0","1","02481","0","","5.0","","1","N","N","","0","","0","0","0","","0","N","","1","0","0","0","0","0","0","2","1","1","","","","N","","","","","","","","","",""
"2012058402","1745","0","0","0","1","0","1","0","0","0","8","0","","02","6","2012","1","40.375984","-79.827295","1740","11","0","0","0","0","0","1","0","0","3","0","0","0","","","1","","0","","40 22:33.544","7","0","79 49:38.263","2","0","0","0","2111","1","0","1","N","0","0","0","2","02111","0","","1.0","","1","N","N","","1","","0","1","0","","0","Y","","3","1","0","0","0","0","0","2","1","2","","","","N","","","","","","","","","",""
"2012057396","0813","1","0","0","0","0","0","0","0","0","4","0","","02","6","2012","6","40.451596","-80.06943","0801","11","0","0","0","0","0","0","0","0","","0","0","0","","","1","","1","","40 27:05.745","","0","80 04:09.948","8","0","0","0","2301","0","0","0","N","0","0","0","3","02301","0","","1.0","","1","N","N","","0","","0","0","1","","3","","","2","1","0","0","0","1","0","2","0","2","","","","N","","","","","","","","","",""
"2012058887","2045","2","0","0","0","0","0","0","0","0","4","0","","02","6","2012","3","40.461772","-79.936304","2039","11","0","0","0","0","0","1","0","0","","0","0","0","","","1","","1","","40 27:42.379","","0","79 56:10.694","8","0","0","0","2301","0","0","0","N","0","0","0","2","02301","0","","1.0","","1","N","N","","0","","0","0","0","","3","","","2","1","0","0","0","1","0","2","0","2","","","","N","","","","","","","","","",""
"2012059113","1243","2","0","0","0","0","0","0","0","0","1","0","","02","6","2012","4","40.416923","-80.014421","1233","11","0","0","0","0","0","0","0","0","1","0","0","0","","","1","","2","","40 25:00.921","1","0","80 00:51.917","4","0","0","0","2301","0","0","0","N","0","0","0","2","02301","1","","1.0","","1","N","N","","0","","0","0","0","","2","N","","2","1","0","0","0","0","0","2","0","2","","","","N","","","","","","","","","",""
"2012058404","1822","0","0","0","0","0","0","0","0","0","4","0","","02","6","2012","2","40.389776","-79.933346","1817","11","0","0","0","0","0","0","0","0","1","0","0","0","","","0","","1","","40 23:23.193","1","0","79 56:00.044","0","0","0","0","2301","0","0","0","N","0","0","0","4","02301","0","","1.0","","1","N","N","","0","","0","0","2","","2","N","","2","0","0","0","0","0","0","2","0","2","","","","N","","","","","","","","","",""
"2012059114","1241","0","0","0","0","0","0","1","0","0","0","1","","02","6","2012","4","40.437737","-79.986557","1238","11","0","0","0","0","0","0","0","0","1","0","0","0","","","4","","2","","40 26:15.853","3","0","79 59:11.605","8","0","0","0","2301","0","0","0","N","0","0","0","5","02503","0","","1.0","","1","N","N","","0","","0","0","0","","2","N","","2","4","0","0","0","4","0","2","0","1","","","","N","","","","","","","","","",""
"2012057473","1617","1","0","0","0","0","0","0","0","0","5","0","","02","6","2012","5","40.303679","-79.963249","1609","11","0","0","0","0","0","1","0","0","","0","0","0","","","1","","2","","40 18:13.244","","0","79 57:47.696","4","0","0","0","2440","0","0","0","N","0","0","0","3","02440","1","","1.0","","1","N","N","","2","","0","0","0","","3","","","3","1","1","0","0","0","0","2","0","3","","","","N","","","","","","","","","",""
"2012057615","2125","2","0","0","0","0","0","0","0","0","4","0","","02","6","2012","6","40.454368","-79.947669","2120","11","0","0","0","0","0","0","0","0","1","0","0","0","","","0","","1","","40 27:15.726","2","0","79 56:51.608","0","0","0","0","2301","0","0","0","N","0","0","0","2","02301","0","","1.0","","1","N","N","","0","","0","0","0","","2","N","","2","0","0","0","0","0","0","2","0","2","","","","N","","","","","","","","","",""
"2012058423","0026","1","0","0","0","0","0","0","0","0","0","0","","02","6","2012","7","40.276508","-79.872146","0026","11","0","0","0","0","0","0","0","0","","0","0","0","","","0","","0","","40 16:35.429","","0","79 52:19.727","0","0","0","0","2443","0","0","0","N","0","0","0","1","02443","0","","2.0","","1","N","N","","0","","0","0","0","","0","","","1","0","0","0","0","0","0","2","0","1","","","","N","","","","","","","","","",""
"2012057401","1800","1","0","0","0","0","0","0","0","0","1","0","","02","6","2012","5","40.448786","-80.02176","1750","11","0","0","0","0","0","0","0","0","","0","0","0","","","0","","0","","40 26:55.630","","0","80 01:18.336","0","0","0","0","2301","0","0","0","N","0","0","0","2","02301","0","","1.0","","1","N","N","","0","","0","0","1","","0","","","2","0","0","0","0","0","0","2","0","2","","","","N","","","","","","","","","",""
"2012057475","1618","1","0","0","0","0","0","0","0","0","7","0","","02","6","2012","5","40.330781","-79.937061","1615","11","0","0","0","0","1","0","0","0","1","0","0","0","","","2","","0","","40 19:50.812","6","0","79 56:13.420","8","0","0","0","2473","0","0","0","Y","0","0","0","2","02473","0","","2.0","","1","N","N","","0","","0","0","0","","0","N","","1","2","0","0","0","2","0","2","0","1","","","","N","","","","","","","","","",""
"2012057554","1709","2","0","0","0","0","0","0","0","0","1","0","","02","6","2012","3","40.494462","-79.904564","1648","11","0","0","0","0","1","0","0","0","2","0","0","0","","","0","","0","","40 29:40.063","2","0","79 54:16.432","0","0","0","0","2401","0","0","0","N","0","0","0","3","68D02","0","","1.0","","1","N","N","","0","","0","0","1","","0","N","","3","0","0","0","0","0","0","2","0","3","","","","N","","","","","","","","","",""
"2012057630","2257","2","0","0","0","0","0","0","0","0","6","0","","02","6","2012","6","40.358012","-80.065516","2254","11","0","0","0","0","0","0","0","0","2","0","0","0","","","0","","0","","40 21:28.843","6","0","80 03:55.856","0","0","0","0","2123","0","0","0","N","0","0","0","3","02123","0","","1.0","","1","N","N","","0","","0","0","0","","0","Y","","2","0","1","0","0","0","0","2","0","2","","","","N","","","","","","","","","",""
"2012058424","2220","1","0","0","0","0","0","0","0","0","7","0","","02","6","2012","2","40.435675","-79.993978","2217","11","0","1","0","0","0","0","0","0","","0","0","0","","","1","","7","","40 26:08.429","","8","79 59:38.320","4","0","0","0","2301","0","0","0","N","0","0","0","2","02301","1","","3.0","","9","N","N","","0","","0","0","0","","0","","","1","1","0","0","0","0","0","2","0","1","","","","N","","","","","","","","","",""
"2012058267","1430","2","0","0","0","0","0","0","0","0","4","0","","02","6","2012","2","40.452892","-79.920753","1425","11","0","0","0","0","0","0","1","0","","0","0","0","","","0","","1","","40 27:10.410","","0","79 55:14.710","0","0","0","0","2301","0","0","0","N","0","0","0","4","02301","0","","1.0","","1","N","N","","0","","0","0","0","","2","","","2","0","0","0","0","0","0","2","0","2","","","","N","","","","","","","","","",""
"2012058425","2120","1","0","0","0","0","0","0","0","0","7","0","","02","6","2012","2","40.462073","-80.018279","2113","11","0","0","0","0","0","0","0","0","","0","0","0","","","0","","1","","40 27:43.462","","0","80 01:05.804","0","0","0","0","2301","0","0","0","N","0","0","0","2","02301","0","","4.0","","9","N","N","","0","","0","0","0","","3","","","1","0","1","0","0","0","0","2","0","1","","","","N","","","","","","","","","",""
"2012056776","1259","2","0","0","0","0","0","0","0","0","1","0","","02","6","2012","6","40.305161","-80.069837","1252","11","0","0","0","0","0","0","0","1","2","0","0","0","","","0","","2","","40 18:18.580","1","0","80 04:11.413","0","0","0","0","2407","0","0","0","N","0","0","0","2","02407","0","","1.0","","9","N","N","","0","","0","0","0","","3","N","","2","0","0","0","0","0","0","2","0","2","","","","N","","","","","","","","","",""
"2012057405","1812","1","0","0","0","0","0","0","0","0","1","0","","02","6","2012","2","40.212758","-79.841576","1800","11","0","0","0","0","0","1","0","1","3","0","0","0","","","2","","0","","40 12:45.930","5","7","79 50:29.674","4","0","0","0","2204","0","0","0","Y","0","0","0","2","02204","1","","1.0","","1","N","N","","1","","0","0","0","","0","N","","2","2","1","0","0","1","0","1","0","2","","","","N","","","","","","","","","",""
"2012057491","1550","2","0","0","0","0","0","0","0","0","4","0","","02","6","2012","6","40.448792","-79.987508","1537","11","0","0","0","0","0","1","0","0","","0","0","0","","","1","","1","","40 26:55.650","","0","79 59:15.030","4","0","0","0","2301","0","0","0","N","0","0","0","2","02301","1","","1.0","","1","N","N","","0","","0","0","0","","2","","","2","1","0","0","0","0","0","2","0","2","","","","N","","","","","","","","","",""