"CRN","ARRIVAL_TM","AUTOMOBILE_COUNT","BELTED_DEATH_COUNT","BELTED_SUSP_SERIOUS_INJ_COUNT","BICYCLE_COUNT","BICYCLE_DEATH_COUNT","BICYCLE_SUSP_SERIOUS_INJ_COUNT","BUS_COUNT","CHLDPAS_DEATH_COUNT","CHLDPAS_SUSP_SERIOUS_INJ_COUNT","COLLISION_TYPE","COMM_VEH_COUNT","CONS_ZONE_SPD_LIM","COUNTY","CRASH_MONTH","CRASH_YEAR","DAY_OF_WEEK","DEC_LATITUDE","DEC_LONGITUDE","DISPATCH_TM","DISTRICT","DRIVER_COUNT_16YR","DRIVER_COUNT_17YR","DRIVER_COUNT_18YR","DRIVER_COUNT_19YR","DRIVER_COUNT_20YR","DRIVER_COUNT_50_64YR","DRIVER_COUNT_65_74YR","DRIVER_COUNT_75PLUS","EST_HRS_CLOSED","FATAL_COUNT","HEAVY_TRUCK_COUNT","HORSE_BUGGY_COUNT","HOUR_OF_DAY","ILLUMINATION","INJURY_COUNT","INTERSECTION_RELATED","INTERSECT_TYPE","LANE_CLOSED","LATITUDE","LN_CLOSE_DIR","LOCATION_TYPE","LONGITUDE","MAX_SEVERITY_LEVEL","MCYCLE_DEATH_COUNT","MCYCLE_SUSP_SERIOUS_INJ_COUNT","MOTORCYCLE_COUNT","MUNICIPALITY","NONMOTR_COUNT","NONMOTR_DEATH_COUNT","NONMOTR_SUSP_SERIOUS_INJ_COUNT","NTFY_HIWY_MAINT","PED_COUNT","PED_DEATH_COUNT","PED_SUSP_SERIOUS_INJ_COUNT","PERSON_COUNT","POLICE_AGCY","POSSIBLE_INJ_COUNT","RDWY_SURF_TYPE_CD","RELATION_TO_ROAD","ROADWAY_CLEARED","ROAD_CONDITION","SCH_BUS_IND","SCH_ZONE_IND","SECONDARY_CRASH","SMALL_TRUCK_COUNT","SPEC_JURIS_CD","SUSP_MINOR_INJ_COUNT","SUSP_SERIOUS_INJ_COUNT","SUV_COUNT","TCD_FUNC_CD","TCD_TYPE","TFC_DETOUR_IND","TIME_OF_DAY","TOTAL_UNITS","TOT_INJ_COUNT","UNBELTED_OCC_COUNT","UNB_DEATH_COUNT","UNB_SUSP_SERIOUS_INJ_COUNT","UNK_INJ_DEG_COUNT","UNK_INJ_PER_COUNT","URBAN_RURAL","VAN_COUNT","VEHICLE_COUNT","WEATHER1","WEATHER2","WORKERS_PRES","WORK_ZONE_IND","WORK_ZONE_LOC","WORK_ZONE_TYPE","WZ_CLOSE_DETOUR","WZ_FLAGGER","WZ_LAW_OFFCR_IND","WZ_LN_CLOSURE","WZ_MOVING","WZ_OTHER","WZ_SHLDER_MDN","WZ_WORKERS_INJ_KILLED"
"2012064997","0818","1","0","0","0","0","0","0","0","0","7","0","","02","6","2012","5","40.49824","-79.966802","0806","11","0","0","0","0","0","0","0","0","1","0","0","0","","","1","","2","","40 29:53.664","5","0","79 58:00.487","8","0","0","0","2118","0","0","0","N","0","0","0","1","02118","0","","5.0","","1","N","N","","0","","0","0","0","","0","N","","1","1","0","0","0","1","0","2","0","1","","","","N","","","","","","","","","",""
"2012063469","1433","1","0","0","0","0","0","0","0","0","0","0","","02","6","2012","3","40.373707","-80.057673","1432","11","0","0","0","0","0","0","0","1","","0","0","0","","","0","","0","","40 22:25.345","","0","80 03:27.622","0","0","0","0","2109","0","0","0","N","0","0","0","1","02109","0","","1.0","","1","N","N","","0","","0","0","0","","0","","","1","0","0","0","0","0","0","2","0","1","","","","N","","","","","","","","","",""
"2012065009","2359","1","0","0","0","0","0","0","0","0","7","0","","02","6","2012","7","40.272371","-79.798416","2359","11","0","0","0","0","0","1","0","0","","0","0","0","","","0","","0","","40 16:20.535","","0","79 47:54.297","0","0","0","0","2105","0","0","0","N","0","0","0","1","02105","0","","5.0","","1","N","N","","0","","0","0","0","","0","","","1","0","0","0","0","0","0","2","0","1","","","","N","","","","","","","","","",""
"2012057714","1320","1","0","0","0","0","0","0","0","0","4","0","","02","6","2012","4","40.466797","-79.873281","1320","11","0","0","0","0","1","0","0","0","2","0","0","0","","","2","","2","","40 28:00.469","3","0","79 52:23.811","4","0","0","0","2113","0","0","0","N","0","0","0","2","02113","2","","1.0","","1","N","N","","0","","0","0","1","","3","N","","3","2","0","0","0","0","0","2","1","3","","","","N","","","","","","","","","",""
"2012064849","0428","1","0","0","0","0","0","0","0","0","1","0","","02","6","2012","7","40.354304","-79.841559","0425","11","0","0","0","0","0","0","0","0","3","0","0","0","","","1","","0","","40 21:15.494","6","0","79 50:29.613","4","0","0","0","2304","0","0","0","N","0","0","0","3","02304","1","","1.0","","1","N","N","","0","","0","0","1","","0","Y","","2","1","0","0","0","0","0","2","0","2","","","","N","","","","","","","","","",""
"2012064998","0619","0","0","0","0","0","0","0","0","0","7","0","","02","6","2012","7","","","0612","11","0","0","0","0","0","0","0","0","","0","0","0","","","0","","0","","","","0","","0","0","0","0","2214","0","0","0","N","0","0","0","1","02214","0","","2.0","","1","N","N","","0","","0","0","1","","0","","","1","0","0","0","0","0","0","1","0","1","","","","N","","","","","","","","","",""
"2012063483","1800","2","0","0","0","0","0","0","0","0","1","0","","02","6","2012","3","40.436575","-79.973459","1738","11","0","0","0","0","0","0","0","0","3","0","0","0","","","0","","7","","40 26:11.671","3","2","79 58:24.454","0","0","0","0","2301","0","0","0","N","0","0","0","2","02301","0","","1.0","","1","N","N","","0","","0","0","0","","0","N","","2","0","0","0","0","0","0","2","0","2","","","","N","","","","","","","","","",""
"2012064864","1434","1","0","0","0","0","0","0","0","0","5","0","","02","6","2012","6","40.455508","-79.710433","1418","11","0","0","0","0","0","0","1","1","1","0","0","0","","","0","","0","","40 27:19.828","1","0","79 42:37.559","0","0","0","0","2466","0","0","0","N","0","0","0","4","02466","0","","1.0","","1","N","N","","0","","0","0","1","","0","N","","2","0","0","0","0","0","0","2","0","2","","","","N","","","","","","","","","",""
"2012063403","1155","1","0","0","0","0","0","0","0","0","1","0","","02","6","2012","2","40.434144","-79.732452","1148","11","0","0","0","0","0","0","1","0","1","0","0","0","","","1","","2","","40 26:02.918","4","0","79 43:56.828","4","0","0","0","2446","0","0","0","N","0","0","0","2","02446","1","","1.0","","1","N","N","","1","","0","0","0","","2","N","","2","1","0","0","0","0","0","2","0","2","","","","N","","","","","","","","","",""
"2012063471","1559","0","0","0","0","0","0","0","0","0","7","1","","02","6","2012","3","40.456934","-79.998833","1557","11","0","0","0","0","0","1","0","0","3","0","1","0","","","0","","2","","40 27:24.964","2","2","79 59:55.797","0","0","0","0","2301","0","0","0","Y","0","0","0","1","02301","0","","5.0","","1","N","N","","0","","0","0","0","","3","Y","","1","0","0","0","0","0","0","2","0","1","","","","N","","","","","","","","","",""
"2012064789","0145","1","0","0","0","0","0","0","0","0","1","0","","02","6","2012","7","40.426253","-79.911333","0130","11","0","0","0","0","0","0","0","0","","0","0","0","","","0","","0","","40 25:34.510","","0","79 54:40.800","9","0","0","0","2301","0","0","0","N","0","0","0","2","02301","0","","1.0","","1","N","N","","0","","0","0","0","","0","","","2","0","0","0","0","0","1","2","0","2","","","","N","","","","","","","","","",""
"2012065562","2232","1","0","0","0","0","0","0","0","0","1","0","","02","7","2012","1","40.343057","-80.117261","2230","11","0","0","0","0","0","1","0","0","","0","0","0","","","0","","2","","40 20:35.004","","0","80 07:02.140","0","0","0","0","2119","0","0","0","N","0","0","0","3","02119","0","","1.0","","1","N","N","","0","","0","0","1","","0","","","2","0","0","0","0","0","0","2","0","2","","","","N","","","","","","","","","",""
"2012064851","1305","1","0","0","0","0","0","0","0","0","7","0","","02","6","2012","6","40.4114","-79.990784","1300","11","0","0","0","0","0","0","0","0","","0","0","0","","","0","","0","","40 24:41.040","","0","79 59:26.822","9","0","0","0","2301","0","0","0","N","0","0","0","2","02301","0","","5.0","","1","N","N","","0","","0","0","0","","0","","","1","0","0","0","0","0","2","2","0","1","","","","N","","","","","","","","","",""
"2012058453","0112","2","0","0","0","0","0","0","0","0","4","0","","02","6","2012","3","40.458816","-79.907863","0112","11","0","0","1","0","0","0","0","0","2","0","0","0","","","0","","0","","40 27:31.739","1","0","79 54:28.305","0","0","0","0","2301","0","0","0","N","0","0","0","7","02301","0","","1.0","","9","N","N","","0","","0","0","0","","0","N","","2","0","0","0","0","0","0","2","0","2","","","","N","","","","","","","","","",""
"2012056943","0810","0","0","0","0","0","0","0","0","0","1","0","","02","6","2012","4","40.463716","-79.999894","0751","11","0","0","0","0","0","1","0","0","","0","0","0","","","0","","0","","40 27:49.378","","0","79 59:59.619","0","0","0","0","2301","0","0","0","N","0","0","0","2","68B03","0","","1.0","","1","N","N","","0","","0","0","1","","0","","","2","0","0","0","0","0","0","2","1","2","","","","N","","","","","","","","","",""
"2012064790","0115","1","0","0","0","0","0","0","0","0","7","0","","02","6","2012","7","40.3406","-79.964471","0115","11","0","0","0","0","0","0","0","0","1","0","0","0","","","1","","0","","40 20:26.159","2","7","79 57:52.095","8","0","0","0","2454","0","0","0","N","0","0","0","1","02454","0","","2.0","","1","N","N","","0","","0","0","0","","0","N","","1","1","1","0","0","1","0","2","0","1","","","","N","","","","","","","","","",""
"2012064852","1229","2","0","0","0","0","0","0","0","0","4","0","","02","6","2012","3","40.438237","-79.773234","1227","11","0","0","0","0","0","0","1","0","","0","0","0","","","3","","0","","40 26:17.653","","7","79 46:23.642","8","0","0","0","2446","0","0","0","N","0","0","0","3","02446","0","","1.0","","1","N","N","","0","","0","0","0","","0","","","2","3","1","0","0","3","0","2","0","2","","","","N","","","","","","","","","",""
"2012063406","1720","1","0","0","0","0","0","0","0","0","0","0","","02","6","2012","6","40.456912","-79.801588","1715","11","0","0","0","0","0","0","0","0","2","0","0","0","","","1","","0","","40 27:24.882","6","0","79 48:05.716","4","0","0","0","2113","0","0","0","N","0","0","0","1","02113","1","","1.0","","1","N","N","","0","","0","0","0","","0","Y","","1","1","0","0","0","0","0","2","0","1","","","","N","","","","","","","","","",""
"2012064170","2240","2","0","0","0","0","0","0","0","0","4","0","","02","6","2012","4","40.42622","-79.965718","2236","11","0","0","0","0","0","0","0","0","1","0","0","0","","","1","","2","","40 25:34.392","2","0","79 57:56.583","3","0","0","0","2301","0","0","0","N","0","0","0","1","02301","0","","1.0","","1","N","N","","0","","1","0","0","","0","N","","2","1","0","0","0","0","0","2","0","2","","","","N","","","","","","","","","",""
"2012065001","2252","2","0","0","0","0","0","0","0","0","4","0","","02","6","2012","7","40.384919","-79.862737","2249","11","0","0","1","0","0","0","0","0","","0","0","0","","","0","","1","","40 23:05.707","","0","79 51:45.853","0","0","0","0","2473","0","0","0","N","0","0","0","2","02473","0","","1.0","","1","N","N","","0","","0","0","0","","2","","","2","0","0","0","0","0","0","2","0","2","","","","N","","","","","","","","","",""
"2012057737","","1","0","0","0","0","0","0","0","0","4","0","","02","6","2012","7","40.409411","-80.032062","","11","0","0","0","0","0","0","0","0","","0","0","0","","","0","","1","","40 24:33.878","","0","80 01:55.423","9","0","0","0","2301","0","0","0","","0","0","0","2","02301","0","","1.0","","1","","","","0","","0","0","1","","0","","","2","0","0","0","0","0","1","2","0","2","","","","N","","","","","","","","","",""
"2012065705","","1","0","0","0","0","0","0","0","0","7","0","","02","7","2012","3","40.435069","-79.935154","","11","0","0","0","0","0","0","0","0","","0","0","0","","","0","","2","","40 26:06.248","","0","79 56:06.554","0","0","0","0","2301","0","0","0","N","0","0","0","1","02301","0","","2.0","","1","N","N","","0","","0","0","0","","0","","","1","0","0","0","0","0","0","2","0","1","","","","N","","","","","","","","","",""
"2012065002","","1","0","0","0","0","0","0","0","0","4","0","","02","6","2012","7","40.443647","-79.995269","","11","0","0","0","0","0","2","0","0","1","0","0","0","","","0","","1","","40 26:37.129","4","0","79 59:42.968","0","0","0","0","2301","0","0","0","N","0","0","0","3","02301","0","","1.0","","1","N","N","","0","","0","0","1","","2","N","","2","0","0","0","0","0","0","2","0","2","","","","N","","","","","","","","","",""
"2012063487","","2","0","0","0","0","0","0","0","0","4","0","","02","6","2012","3","40.308105","-80.032773","","11","0","0","0","0","0","1","1","0","1","0","0","0","","","1","","1","","40 18:29.179","5","0","80 01:57.982","3","0","0","0","2407","0","0","0","N","0","0","0","2","02407","0","","1.0","","1","N","N","","0","","1","0","0","","2","Y","","2","1","0","0","0","0","0","2","0","2","","","","N","","","","","","","","","",""
"2012065003","","1","0","0","0","0","0","0","0","0","7","0","","02","6","2012","7","40.569239","-79.78745","","11","0","1","0","0","0","0","0","0","","0","0","0","","","0","","0","","40 34:09.260","","0","79 47:14.819","0","0","0","0","2206","0","0","0","Y","0","0","0","2","02206","0","","2.0","","1","N","N","","0","","0","0","0","","0","","","1","0","0","0","0","0","0","1","0","1","","","","N","","","","","","","","","",""
"2012059307","","1","0","0","0","0","0","0","0","0","4","0","","02","6","2012","4","40.615386","-79.933984","","11","0","0","0","0","0","1","0","0","","0","0","0","","","2","","1","","40 36:55.388","","0","79 56:02.344","8","0","0","0","2207","0","0","0","N","0","0","0","3","02207","0","","1.0","","1","N","N","","0","","0","0","1","","3","","","2","2","1","0","0","2","0","2","0","2","","","","N","","","","","","","","","",""
"2012064869","","1","0","0","0","0","0","0","0","0","1","0","","02","6","2012","6","40.409981","-79.944085","","11","0","0","0","0","0","0","0","0","","0","0","0","","","1","","2","","40 24:35.933","","0","79 56:38.705","4","0","0","0","2301","0","0","0","N","0","0","0","4","02301","1","","1.0","","1","N","N","","1","","0","0","0","","2","","","2","1","0","0","0","0","1","2","0","2","","","","N","","","","","","","","","",""
"2012064173","","1","0","0","0","0","0","0","0","0","1","0","","02","6","2012","5","40.416411","-79.988128","","11","0","0","0","0","0","0","0","0","1","0","0","0","","","0","","0","","40 24:59.080","1","0","79 59:17.260","0","0","0","0","2301","0","0","0","N","0","0","0","2","02301","0","","1.0","","1","N","N","","0","","0","0","1","","0","N","","2","0","0","0","0","0","0","2","0","2","","","","N","","","","","","","","","",""
"2012065004","","2","0","0","0","0","0","0","0","0","1","0","","02","6","2012","7","40.438306","-80.005929","","11","0","0","0","0","0","0","0","0","","0","0","0","","","0","","6","","40 26:17.901","","2","80 00:21.344","9","0","0","0","2301","0","0","0","N","0","0","0","2","02301","0","","1.0","","1","N","N","","0","","0","0","0","","0","","","2","0","0","0","0","0","1","2","0","2","","","","N","","","","","","","","","",""
"2012059310","","1","0","0","0","0","0","0","0","0","2","0","","02","6","2012","3","40.521875","-80.048203","","11","0","0","0","0","0","0","0","0","1","0","0","0","","","1","","2","","40 31:18.751","5","0","80 02:53.531","4","0","0","0","2116","0","0","0","N","0","0","0","4","02116","1","","1.0","","1","N","N","","0","","0","0","0","","3","Y","","3","1","0","0","0","0","0","2","2","3","","","","N","","","","","","","","","",""
"2012063281","","0","0","0","0","0","0","0","0","0","7","0","","02","6","2012","3","40.416172","-79.814979","","11","0","0","0","0","0","0","0","0","2","0","0","0","","","0","","0","","40 24:58.218","6","0","79 48:53.923","9","0","0","0","2467","0","0","0","N","0","0","0","1","02467","0","","5.0","","1","N","N","","1","","0","0","0","","0","Y","","1","0","0","0","0","0","1","2","0","1","","","","N","","","","","","","","","",""
"2012064045","","2","0","0","0","0","0","0","0","0","4","0","","02","6","2012","3","40.556456","-80.039101","","11","0","0","0","0","0","1","0","1","1","0","0","0","","","0","","1","","40 33:23.240","5","0","80 02:20.764","0","0","0","0","2108","0","0","0","N","0","0","0","2","02108","0","","1.0","","1","N","N","","0","","0","0","0","","2","N","","2","0","0","0","0","0","0","2","0","2","","","","N","","","","","","","","","",""
"2012064870","","2","0","0","0","0","0","0","0","0","1","0","","02","6","2012","6","40.446193","-79.827919","","11","0","0","1","0","0","0","1","0","","0","0","0","","","0","","1","","40 26:46.296","","0","79 49:40.507","0","0","0","0","2113","0","0","0","N","0","0","0","4","02113","0","","1.0","","1","N","N","","0","","0","0","1","","2","","","3","0","1","0","0","0","0","2","0","3","","","","N","","","","","","","","","",""
"2012065005","","0","0","0","0","0","0","0","0","0","1","0","","02","6","2012","7","40.466524","-80.019636","","11","0","0","0","0","0","0","0","0","","0","0","0","","","0","","0","","40 27:59.486","","0","80 01:10.689","0","0","0","0","2301","0","0","0","N","0","0","0","1","02301","0","","1.0","","1","N","N","","1","","0","0","0","","0","","","2","0","0","0","0","0","0","2","1","2","","","","N","","","","","","","","","",""
"2012057743","","2","0","0","0","0","0","0","0","0","5","0","","02","6","2012","7","40.425446","-80.005106","","11","0","0","0","0","0","0","0","1","","0","0","0","","","0","","0","","40 25:31.605","","0","80 00:18.381","0","0","0","0","2301","0","0","0","N","0","0","0","4","02301","0","","1.0","","1","N","N","","0","","0","0","0","","0","","","2","0","0","0","0","0","0","2","0","2","","","","N","","","","","","","","","",""
"2012064175","","3","0","0","0","0","0","0","0","0","1","0","","02","6","2012","7","40.380135","-79.809036","","11","0","0","0","1","1","0","1","0","2","0","0","0","","","0","","2","","40 22:48.485","6","0","79 48:32.529","0","0","0","0","2424","0","0","0","N","0","0","0","5","02424","0","","1.0","","1","N","N","","0","","0","0","0","","2","N","","3","0","0","0","0","0","0","2","0","3","","","","N","","","","","","","","","",""
"2012063424","","0","0","0","0","0","0","0","0","0","7","0","","02","6","2012","4","40.492342","-79.949214","","11","0","0","0","0","0","0","0","0","","0","0","0","","","2","","0","","40 29:32.431","","0","79 56:57.171","8","0","0","0","2430","0","0","0","N","0","0","0","2","02430","0","","1.0","","1","N","N","","0","","0","0","1","","0","","","1","2","0","0","0","2","0","2","0","1","","","","N","","","","","","","","","",""
"2012063268","","0","0","0","0","0","0","0","0","0","7","0","","02","6","2012","2","40.390988","-80.059337","","11","0","0","0","0","0","0","0","0","2","0","0","0","","","0","","0","","40 23:27.555","5","0","80 03:33.612","0","0","0","0","2109","0","0","0","N","0","0","0","1","02109","0","","5.0","","9","N","N","","1","","0","0","0","","0","N","","1","0","0","0","0","0","0","2","0","1","","","","N","","","","","","","","","",""
"2012064176","","2","0","0","0","0","0","0","0","0","6","0","","02","6","2012","5","40.487866","-80.012474","","11","0","0","0","0","0","0","0","0","","0","0","0","","","0","","0","","40 29:16.317","","0","80 00:44.906","0","0","0","0","2301","0","0","0","N","0","0","0","1","02301","0","","6.0","","1","N","N","","0","","0","0","0","","0","","","2","0","0","0","0","0","0","2","0","2","","","","N","","","","","","","","","",""
"2012059315","","0","0","0","0","0","0","0","0","0","5","0","","02","6","2012","4","40.331258","-79.945582","","11","0","0","0","0","1","1","0","0","1","0","0","0","","","1","","0","","40 19:52.527","5","0","79 56:44.095","8","0","0","1","2454","0","0","0","N","0","0","0","3","02454","0","","1.0","","1","N","N","","1","","0","0","0","","0","N","","2","1","0","0","0","1","0","2","0","2","","","","N","","","","","","","","","",""
"2012065572","","0","0","0","0","0","0","0","0","0","0","0","","02","6","2012","4","40.445586","-80.211858","","11","0","0","0","0","0","0","0","0","","0","0","0","","","1","","2","","40 26:44.109","","0","80 12:42.688","3","0","0","1","2214","0","0","0","N","0","0","0","1","02214","0","","5.0","","1","N","N","","0","","1","0","0","","0","","","1","1","0","0","0","0","0","2","0","1","","","","N","","","","","","","","","",""
"2012063270","","0","0","0","0","0","0","0","0","0","7","0","","02","6","2012","1","40.543429","-79.729144","","11","0","0","0","0","0","1","0","0","3","0","0","0","","","2","","0","","40 32:36.344","7","0","79 43:44.917","2","0","1","1","2466","0","0","0","N","0","0","0","2","02466","0","","5.0","","1","N","N","","0","","0","1","0","","0","Y","","1","2","0","0","0","1","0","1","0","1","","","","N","","","","","","","","","",""
"2012064178","","0","0","0","0","0","0","0","0","0","7","0","","02","6","2012","5","40.411687","-80.015269","","11","0","0","0","0","0","0","0","0","","0","0","0","","","1","","0","","40 24:42.073","","0","80 00:54.968","3","0","0","1","2301","0","0","0","N","0","0","0","1","02301","0","","1.0","","3","N","N","","0","","1","0","0","","0","","","1","1","0","0","0","0","0","2","0","1","","","","N","","","","","","","","","",""
"2012065022","","0","0","0","0","0","0","0","0","0","7","0","","02","7","2012","1","40.464517","-79.89962","","11","0","0","0","0","0","0","0","0","","0","0","0","","","0","","3","","40 27:52.261","","0","79 53:58.632","0","0","0","0","2301","0","0","0","N","0","0","0","0","02301","0","","5.0","","1","N","N","","0","","0","0","1","","0","","","1","0","0","0","0","0","0","2","0","1","","","","N","","","","","","","","","",""
"2012056900","","1","0","0","0","0","0","0","0","0","5","0","","02","6","2012","4","40.326286","-79.891431","","11","0","0","0","0","0","0","0","0","","0","0","0","","","0","","0","","40 19:34.628","","0","79 53:29.152","0","0","0","0","2433","0","0","0","N","0","0","0","0","02433","0","","2.0","","1","N","N","","0","","0","0","1","","0","","","3","0","0","0","0","0","0","2","1","3","","","","N","","","","","","","","","",""
"2012065587","","1","0","0","0","0","0","0","0","0","4","0","","02","6","2012","5","40.313191","-79.938614","","11","0","0","0","0","0","0","0","1","","0","0","0","","","0","","1","","40 18:47.487","","0","79 56:19.009","0","0","0","0","2440","0","0","0","N","0","0","0","3","02440","0","","1.0","","1","N","N","","0","","0","0","1","","2","","","2","0","0","0","0","0","0","2","0","2","","","","N","","","","","","","","","",""
"2012064875","","2","0","0","0","0","0","0","0","0","4","0","","02","6","2012","2","40.372939","-79.792797","","11","0","0","0","0","0","1","0","1","2","0","0","0","","","1","","2","","40 22:22.582","3","0","79 47:34.069","8","0","0","0","2111","0","0","0","N","0","0","0","3","02111","0","","1.0","","1","N","N","","0","","0","0","0","","3","N","","2","1","1","0","0","1","0","2","0","2","","","","N","","","","","","","","","",""
"2012063272","","1","0","0","0","0","0","0","0","0","4","0","","02","6","2012","1","40.452692","-80.237269","","11","0","0","0","2","0","0","0","0","2","0","0","0","","","1","","0","","40 27:09.690","6","0","80 14:14.170","8","0","0","1","2203","0","0","0","N","0","0","0","2","02203","0","","1.0","","1","N","N","","0","","0","0","0","","0","Y","","2","1","0","0","0","1","0","2","0","2","","","","N","","","","","","","","","",""
"2012063417","","1","0","0","0","0","0","0","0","0","8","0","","02","6","2012","3","40.444114","-79.927887","","11","0","0","0","0","0","1","0","0","3","0","0","0","","","1","","1","","40 26:38.811","7","0","79 55:40.393","2","0","0","0","2301","1","0","1","N","1","0","1","2","02301","0","","1.0","","1","N","N","","0","","0","1","0","","2","Y","","2","1","0","0","0","0","0","2","0","1","","","","N","","","","","","","","","",""
"2012064180","","1","0","1","0","0","0","0","0","0","4","0","","02","6","2012","6","40.395486","-80.017817","","11","0","1","0","0","0","0","0","0","","0","0","0","","","1","","1","","40 23:43.749","","0","80 01:04.141","2","0","0","0","2301","0","0","0","N","0","0","0","2","02301","0","","1.0","","1","N","N","","1","","0","1","0","","3","","","2","1","0","0","0","0","0","2","0","2","","","","N","","","","","","","","","",""
"2012065088","","0","0","0","0","0","0","0","0","0","1","0","90","02","7","2012","1","40.469721","-80.038901","","11","0","0","0","0","0","1","0","0","9","0","0","0","","","0","","0","","40 28:10.995","1","0","80 02:20.043","0","0","0","0","2301","0","0","0","","0","0","0","4","02301","0","","1.0","","1","","","","2","","0","0","0","","0","N","","2","0","0","0","0","0","0","2","0","2","","","Y","Y","4","2","","","N","Y","","","",""
"2012064345","","1","0","0","0","0","0","0","0","0","1","0","","02","6","2012","5","40.435631","-79.982904","","11","0","0","0","0","1","0","0","0","","0","0","0","","","0","","2","","40 26:08.273","","0","79 58:58.454","0","0","0","0","2301","0","0","0","N","0","0","0","2","02301","0","","1.0","","1","N","N","","0","","0","0","1","","0","","","2","0","0","0","0","0","0","2","0","2","","","","N","","","","","","","","","",""
"2012063637","","2","0","0","0","0","0","0","0","0","4","0","","02","6","2012","7","40.396218","-79.998194","","11","0","0","0","0","0","0","0","0","","0","0","0","","","1","","1","","40 23:46.384","","0","79 59:53.499","8","0","0","0","2301","0","0","0","N","0","0","0","2","02301","0","","1.0","","1","N","N","","0","","0","0","0","","0","","","2","1","0","0","0","1","0","2","0","2","","","","N","","","","","","","","","",""
"2012065234","","0","0","0","0","0","0","0","0","0","5","0","","02","6","2012","4","40.393704","-80.019936","","11","0","0","0","0","0","1","0","0","","0","0","0","","","1","","2","","40 23:37.334","","0","80 01:11.769","2","0","1","1","2301","0","0","0","N","0","0","0","3","02301","0","","1.0","","1","N","N","","1","","0","1","0","","2","","","2","1","0","0","0","0","0","2","0","2","","","","N","","","","","","","","","",""
"2012062929","","1","0","0","0","0","0","0","0","0","7","0","","02","6","2012","2","40.409231","-79.899764","","11","0","0","0","0","0","0","0","0","","0","0","0","","","1","","0","","40 24:33.233","","0","79 53:59.149","4","0","0","0","2448","0","0","0","N","0","0","0","2","02448","1","","2.0","","1","N","N","","0","","0","0","0","","0","","","1","1","0","0","0","0","0","2","0","1","","","","N","","","","","","","","","",""
"2012065308","","0","0","0","0","0","0","0","0","0","4","0","","02","7","2012","1","","","","11","0","0","0","0","0","0","0","0","","0","0","0","","","0","","0","","","","7","","0","0","0","0","2448","0","0","0","N","0","0","0","2","02448","0","","1.0","","1","N","N","","0","","0","0","2","","3","","","2","0","0","0","0","0","0","1","0","2","","","","N","","","","","","","","","",""
"2012065380","","1","0","0","0","0","0","0","0","0","5","0","25","02","7","2012","2","40.346526","-79.880951","","11","0","0","0","0","0","1","1","0","","0","0","0","","","1","","0","","40 20:47.493","","0","79 52:51.423","8","0","0","0","2304","0","0","0","N","0","0","0","3","02304","0","","1.0","","1","","N","","1","","0","0","0","","2","","","2","1","0","0","0","1","0","2","0","2","","","Y","Y","4","1","","","N","","","","",""
"2012065394","","1","0","0","0","0","0","0","0","0","4","0","","02","7","2012","2","40.437658","-79.985151","","11","0","0","0","0","0","1","0","0","1","0","0","0","","","3","","1","","40 26:15.568","3","0","79 59:06.543","8","0","0","0","2301","0","0","0","N","0","0","0","5","02301","0","","1.0","","1","N","N","","0","","0","0","0","","2","Y","","2","3","0","0","0","3","0","2","1","2","","","","N","","","","","","","","","",""
"2012065908","","1","0","0","0","0","0","0","0","0","1","0","","02","7","2012","3","40.477851","-79.736084","","11","0","0","0","0","0","0","0","0","","0","0","0","","","0","","0","","40 28:40.265","","0","79 44:09.902","0","0","0","0","2466","0","0","0","N","0","0","0","2","02466","0","","1.0","","1","N","N","","0","","0","0","1","","3","","","2","0","0","0","0","0","0","2","0","2","","","","N","","","","","","","","","",""
"2012064489","","2","0","0","0","0","0","0","0","0","2","0","","02","6","2012","5","40.385865","-79.907328","","11","0","0","0","0","0","0","0","0","","0","0","0","","","0","","0","","40 23:09.114","","0","79 54:26.380","0","0","0","0","2448","0","0","0","N","0","0","0","2","02448","0","","4.0","","1","N","N","","0","","0","0","1","","0","","","3","0","1","0","0","0","0","2","0","3","","","","N","","","","","","","","","",""
"2012065311","","1","0","0","0","0","0","0","0","0","1","0","","02","6","2012","7","40.283433","-79.837209","","11","0","0","0","0","0","0","0","0","","0","0","0","","","0","","2","","40 17:00.360","","0","79 50:13.954","0","0","0","0","2105","0","0","0","N","0","0","0","3","02105","0","","1.0","","1","N","N","","0","","0","0","1","","0","","","2","0","0","0","0","0","0","1","0","2","","","","N","","","","","","","","","",""
"2012065909","","2","0","0","0","0","0","0","0","0","1","0","","02","6","2012","3","40.52645","-80.005627","","11","0","0","0","0","1","0","0","1","2","0","0","0","","","1","","2","","40 31:35.220","1","0","80 00:20.256","8","0","0","0","2116","0","0","0","N","0","0","0","2","02116","0","","1.0","","1","N","N","","0","","0","0","0","","0","N","","2","1","0","0","0","1","0","2","0","2","","","","N","","","","","","","","","",""
"2012064263","","2","0","0","0","0","0","0","0","0","5","0","","02","6","2012","4","40.363357","-79.810828","","11","0","1","0","0","0","0","0","0","1","0","0","0","","","2","","0","","40 21:48.086","5","0","79 48:38.979","8","0","0","0","2111","0","0","0","N","0","0","0","4","02111","0","","1.0","","1","N","N","","0","","0","0","0","","0","N","","2","2","0","0","0","2","0","2","0","2","","","","N","","","","","","","","","",""