"CRN","ARRIVAL_TM","AUTOMOBILE_COUNT","BELTED_DEATH_COUNT","BELTED_SUSP_SERIOUS_INJ_COUNT","BICYCLE_COUNT","BICYCLE_DEATH_COUNT","BICYCLE_SUSP_SERIOUS_INJ_COUNT","BUS_COUNT","CHLDPAS_DEATH_COUNT","CHLDPAS_SUSP_SERIOUS_INJ_COUNT","COLLISION_TYPE","COMM_VEH_COUNT","CONS_ZONE_SPD_LIM","COUNTY","CRASH_MONTH","CRASH_YEAR","DAY_OF_WEEK","DEC_LATITUDE","DEC_LONGITUDE","DISPATCH_TM","DISTRICT","DRIVER_COUNT_16YR","DRIVER_COUNT_17YR","DRIVER_COUNT_18YR","DRIVER_COUNT_19YR","DRIVER_COUNT_20YR","DRIVER_COUNT_50_64YR","DRIVER_COUNT_65_74YR","DRIVER_COUNT_75PLUS","EST_HRS_CLOSED","FATAL_COUNT","HEAVY_TRUCK_COUNT","HORSE_BUGGY_COUNT","HOUR_OF_DAY","ILLUMINATION","INJURY_COUNT","INTERSECTION_RELATED","INTERSECT_TYPE","LANE_CLOSED","LATITUDE","LN_CLOSE_DIR","LOCATION_TYPE","LONGITUDE","MAX_SEVERITY_LEVEL","MCYCLE_DEATH_COUNT","MCYCLE_SUSP_SERIOUS_INJ_COUNT","MOTORCYCLE_COUNT","MUNICIPALITY","NONMOTR_COUNT","NONMOTR_DEATH_COUNT","NONMOTR_SUSP_SERIOUS_INJ_COUNT","NTFY_HIWY_MAINT","PED_COUNT","PED_DEATH_COUNT","PED_SUSP_SERIOUS_INJ_COUNT","PERSON_COUNT","POLICE_AGCY","POSSIBLE_INJ_COUNT","RDWY_SURF_TYPE_CD","RELATION_TO_ROAD","ROADWAY_CLEARED","ROAD_CONDITION","SCH_BUS_IND","SCH_ZONE_IND","SECONDARY_CRASH","SMALL_TRUCK_COUNT","SPEC_JURIS_CD","SUSP_MINOR_INJ_COUNT","SUSP_SERIOUS_INJ_COUNT","SUV_COUNT","TCD_FUNC_CD","TCD_TYPE","TFC_DETOUR_IND","TIME_OF_DAY","TOTAL_UNITS","TOT_INJ_COUNT","UNBELTED_OCC_COUNT","UNB_DEATH_COUNT","UNB_SUSP_SERIOUS_INJ_COUNT","UNK_INJ_DEG_COUNT","UNK_INJ_PER_COUNT","URBAN_RURAL","VAN_COUNT","VEHICLE_COUNT","WEATHER1","WEATHER2","WORKERS_PRES","WORK_ZONE_IND","WORK_ZONE_LOC","WORK_ZONE_TYPE","WZ_CLOSE_DETOUR","WZ_FLAGGER","WZ_LAW_OFFCR_IND","WZ_LN_CLOSURE","WZ_MOVING","WZ_OTHER","WZ_SHLDER_MDN","WZ_WORKERS_INJ_KILLED"
"2012064349","","0","0","0","0","0","0","0","0","0","1","0","","02","6","2012","4","40.384931","-79.862769","","11","0","0","0","0","0","1","0","0","1","0","0","0","","","1","","1","","40 23:05.750","1","0","79 51:45.969","8","0","0","0","2303","0","0","0","N","0","0","0","4","02303","0","","1.0","","1","N","N","","0","","0","0","2","","2","N","","2","1","0","0","0","1","0","2","0","2","","","","N","","","","","","","","","",""
"2012065094","","2","0","0","0","0","0","0","0","0","4","0","","02","6","2012","7","40.452816","-79.825994","","11","0","0","0","0","0","0","1","0","","0","0","0","","","1","","2","","40 27:10.139","","0","79 49:33.579","4","0","0","0","2113","0","0","0","N","0","0","0","2","02113","1","","1.0","","1","N","N","","0","","0","0","0","","3","","","2","1","0","0","0","0","0","2","0","2","","","","N","","","","","","","","","",""
"2012064350","","3","0","0","0","0","0","0","0","0","1","0","","02","6","2012","5","40.398212","-79.999749","","11","0","0","0","0","0","0","0","0","1","0","0","0","","","1","","0","","40 23:53.563","1","0","79 59:59.097","4","0","0","0","2301","0","0","0","N","0","0","0","6","02301","1","","1.0","","1","N","N","","0","","0","0","0","","0","N","","3","1","0","0","0","0","0","2","0","3","","","","N","","","","","","","","","",""
"2012065913","","1","0","0","0","0","0","0","0","0","5","0","","02","7","2012","3","40.410506","-79.977272","","11","0","0","0","0","0","0","0","0","","0","0","0","","","0","","0","","40 24:37.820","","0","79 58:38.180","9","0","0","0","2301","0","0","0","N","0","0","0","3","02301","0","","2.0","","1","N","N","","0","","0","0","1","","0","","","2","0","0","0","0","0","2","2","0","2","","","","N","","","","","","","","","",""
"2012064494","","1","0","0","0","0","0","0","0","0","4","0","","02","6","2012","5","40.396368","-80.046213","","11","0","0","0","0","0","0","0","0","2","0","0","0","","","1","","2","","40 23:46.926","5","0","80 02:46.368","4","0","0","0","2109","0","0","0","N","0","0","0","2","02109","1","","1.0","","1","N","N","","0","","0","0","1","","0","N","","2","1","0","0","0","0","0","2","0","2","","","","N","","","","","","","","","",""
"2012063504","","2","0","0","0","0","0","0","0","0","4","0","","02","6","2012","3","40.409269","-79.817105","","11","0","0","0","0","0","1","0","0","1","0","0","0","","","2","","1","","40 24:33.368","5","0","79 49:01.578","4","0","0","0","2467","0","0","0","N","0","0","0","3","02467","1","","1.0","","1","N","N","","0","","0","0","0","","0","Y","","2","2","0","0","0","1","0","2","0","2","","","","N","","","","","","","","","",""
"2012064271","","0","0","0","0","0","0","0","0","0","4","0","","02","6","2012","5","40.384413","-79.977884","","11","0","0","0","0","1","0","0","0","","0","0","0","","","1","","2","","40 23:03.886","","0","79 58:40.382","8","0","0","0","2301","0","0","0","N","0","0","0","4","02301","0","","1.0","","1","N","N","","0","","0","0","2","","2","","","2","1","2","0","0","1","0","2","0","2","","","","N","","","","","","","","","",""
"2012065402","","2","0","0","0","0","0","0","0","0","1","0","","02","7","2012","2","40.345194","-80.058002","","11","0","0","0","0","0","0","0","1","1","0","0","0","","","1","","0","","40 20:42.700","1","0","80 03:28.806","4","0","0","0","2123","0","0","0","N","0","0","0","2","02123","1","","1.0","","1","N","N","","0","","0","0","0","","2","Y","","2","1","0","0","0","0","0","2","0","2","","","","N","","","","","","","","","",""
"2012065111","","1","0","0","0","0","0","0","0","0","1","0","","02","7","2012","1","40.394669","-79.773999","","11","0","0","0","0","0","1","0","0","2","0","0","0","","","2","","1","","40 23:40.810","5","3","79 46:26.398","4","0","0","0","2111","0","0","0","N","0","0","0","9","02111","1","","1.0","","1","N","N","","0","","0","0","2","","2","N","","3","2","0","0","0","1","0","2","0","3","","","","N","","","","","","","","","",""
"2012065244","","1","0","0","0","0","0","0","0","0","7","0","","02","6","2012","6","40.331329","-79.796079","","11","0","0","0","1","0","0","0","0","","0","0","0","","","0","","0","","40 19:52.786","","0","79 47:45.885","0","0","0","0","2477","0","0","0","N","0","0","0","1","02477","0","","2.0","","1","N","N","","0","","0","0","0","","0","","","1","0","0","0","0","0","0","2","0","1","","","","N","","","","","","","","","",""
"2012065793","","1","0","0","0","0","0","0","0","0","1","0","25","02","7","2012","3","40.344483","-79.884156","","11","0","0","0","1","0","0","0","0","","0","0","0","","","2","","0","","40 20:40.140","","3","79 53:02.960","4","0","0","0","2304","0","0","0","N","0","0","0","4","02304","1","","1.0","","9","N","N","","0","","0","0","1","","2","","","2","2","0","0","0","1","1","2","0","2","","","N","Y","4","1","","","N","","","Y","",""
"2012062874","","1","0","1","0","0","0","0","0","0","4","0","","02","6","2012","1","40.440466","-79.991536","","11","0","0","0","1","0","0","0","0","1","0","0","0","","","4","","1","","40 26:25.678","1","0","79 59:29.530","2","0","0","0","2301","0","0","0","N","0","0","0","5","02301","0","","1.0","","1","N","N","","0","","1","1","1","","2","N","","2","4","1","0","0","2","0","2","0","2","","","","N","","","","","","","","","",""
"2012063647","","2","0","0","0","0","0","0","0","0","7","0","","02","6","2012","4","40.320313","-79.88944","","11","0","0","0","0","0","0","0","0","2","0","0","0","","","0","","0","","40 19:13.126","5","0","79 53:21.984","9","0","0","0","2433","0","0","0","N","0","0","0","1","02433","0","","5.0","","1","N","N","","0","","0","0","0","","0","Y","","2","0","0","0","0","0","1","2","0","2","","","","N","","","","","","","","","",""
"2012065245","","1","0","0","0","0","0","0","0","0","7","0","","02","7","2012","1","40.293288","-79.969897","","11","1","0","0","0","0","0","0","0","1","0","0","0","","","0","","0","","40 17:35.837","5","7","79 58:11.628","0","0","0","0","2440","0","0","0","N","0","0","0","1","02440","0","","5.0","","1","N","N","","0","","0","0","0","","0","N","","1","0","0","0","0","0","0","2","0","1","","","","N","","","","","","","","","",""
"2012065258","","1","0","0","0","0","0","0","0","0","7","0","","02","6","2012","6","40.446515","-80.170124","","11","0","0","0","0","0","0","0","0","2","0","0","0","","","0","","0","","40 26:47.453","4","0","80 10:12.446","0","0","0","0","2115","0","0","0","N","0","0","0","1","68B03","0","","4.0","","1","N","N","","0","","0","0","0","","0","N","","1","0","0","0","0","0","0","2","0","1","","","","N","","","","","","","","","",""
"2012063804","","0","0","0","0","0","0","0","0","0","4","0","","02","6","2012","4","40.530316","-80.003848","","11","0","0","0","0","0","1","1","0","2","0","0","0","","","2","","2","","40 31:49.138","3","0","80 00:13.854","8","0","0","0","2116","0","0","0","N","0","0","0","2","02116","0","","1.0","","1","N","N","","0","","0","0","2","","3","Y","","2","2","1","0","0","2","0","2","0","2","","","","N","","","","","","","","","",""
"2012064274","","2","0","0","0","0","0","0","0","0","1","0","","02","6","2012","3","40.617082","-80.089444","","11","0","0","1","0","1","0","0","0","1","0","0","0","","","0","","2","","40 37:01.494","4","0","80 05:21.998","0","0","0","0","2212","0","0","0","N","0","0","0","2","02505","0","","1.0","","1","N","N","","0","","0","0","0","","2","N","","2","0","0","0","0","0","0","2","0","2","","","","N","","","","","","","","","",""
"2012064357","","0","0","0","0","0","0","0","0","0","5","0","","02","6","2012","5","40.493596","-79.947871","","11","0","0","0","0","0","0","0","0","","0","0","0","","","0","","1","","40 29:36.944","","0","79 56:52.336","0","0","0","0","2430","0","0","0","N","0","0","0","1","02430","0","","1.0","","1","N","N","","1","","0","0","1","","0","","","2","0","0","0","0","0","0","2","0","2","","","","N","","","","","","","","","",""
"2012065259","","1","0","0","0","0","0","0","0","0","7","0","","02","6","2012","4","40.435204","-79.966793","","11","0","0","0","1","0","0","0","0","","0","0","0","","","0","","0","","40 26:06.736","","0","79 58:00.455","0","0","0","0","2301","0","0","0","N","0","0","0","2","68B03","0","","1.0","","1","N","N","","0","","0","0","0","","0","","","1","0","0","0","0","0","0","2","0","1","","","","N","","","","","","","","","",""
"2012065116","","1","0","0","0","0","0","0","0","0","5","0","","02","6","2012","6","40.464171","-79.963993","","11","0","0","0","0","0","0","0","0","","0","0","0","","","0","","1","","40 27:51.015","","0","79 57:50.374","0","0","0","0","2301","0","0","0","N","0","0","0","1","02301","0","","1.0","","1","N","N","","0","","0","0","2","","0","","","3","0","0","0","0","0","0","2","0","3","","","","N","","","","","","","","","",""
"2012065795","","0","0","0","0","0","0","0","0","0","7","0","","02","7","2012","3","40.486558","-79.91315","","11","0","0","0","0","0","0","0","0","","0","0","0","","","0","","0","","40 29:11.609","","3","79 54:47.341","0","0","0","0","2301","0","0","0","N","0","0","0","1","02301","0","","3.0","","9","N","N","","0","","0","0","1","","0","","","1","0","0","0","0","0","0","2","0","1","","","","N","","","","","","","","","",""
"2012064358","","1","0","0","0","0","0","0","0","0","1","0","","02","6","2012","5","40.435156","-79.947017","","11","0","0","0","0","0","1","0","0","","0","0","0","","","1","","3","","40 26:06.560","","0","79 56:49.260","3","0","0","0","2301","0","0","0","N","0","0","0","2","02301","0","","1.0","","1","N","N","","1","","1","0","0","","4","","","2","1","0","0","0","0","0","2","0","2","","","","N","","","","","","","","","",""
"2012063649","","1","0","0","1","0","0","0","0","0","8","0","","02","6","2012","3","40.456108","-79.930792","","11","0","0","0","0","0","0","0","0","","0","0","0","","","1","","1","","40 27:21.988","","0","79 55:50.851","8","0","0","0","2301","1","0","0","N","0","0","0","2","02301","0","","1.0","","1","N","N","","0","","0","0","0","","3","","","2","1","0","0","0","1","1","2","0","1","","","","N","","","","","","","","","",""
"2012063662","","1","0","0","0","0","0","0","0","0","1","0","","02","6","2012","3","40.616365","-79.73664","","11","0","0","0","0","1","1","0","0","","0","0","0","","","0","","1","","40 36:58.913","","0","79 44:11.904","0","0","0","0","2106","0","0","0","N","0","0","0","4","02106","0","","1.0","","1","N","N","","1","","0","0","0","","2","","","2","0","0","0","0","0","0","2","0","2","","","","N","","","","","","","","","",""
"2012063807","","1","0","0","0","0","0","0","0","0","7","0","","02","6","2012","4","40.376563","-79.920609","","11","0","0","0","0","0","0","0","0","","0","0","0","","","0","","0","","40 22:35.628","","0","79 55:14.193","0","0","0","0","2301","0","0","0","N","0","0","0","1","02301","0","","5.0","","1","N","N","","0","","0","0","0","","0","","","1","0","0","0","0","0","0","2","0","1","","","","N","","","","","","","","","",""
"2012064290","","2","0","0","0","0","0","0","0","0","2","0","","02","6","2012","5","40.429267","-79.999168","","11","0","0","0","0","0","0","1","0","","0","0","0","","","0","","1","","40 25:45.362","","0","79 59:57.003","0","0","0","0","2301","0","0","0","N","0","0","0","2","02301","0","","1.0","","1","N","N","","0","","0","0","0","","2","","","2","0","0","0","0","0","0","2","0","2","","","","N","","","","","","","","","",""
"2012062890","","1","0","0","0","0","0","0","0","0","4","0","","02","6","2012","1","40.650068","-80.093985","","11","0","0","0","0","1","0","0","0","","0","0","0","","","0","","2","","40 39:00.244","","2","80 05:38.345","0","0","0","0","2212","0","0","0","N","0","0","0","4","02505","0","","1.0","","1","N","N","","0","","0","0","1","","2","","","2","0","0","0","0","0","0","2","0","2","","","","N","","","","","","","","","",""
"2012064502","","2","0","0","0","0","0","0","0","0","1","0","","02","6","2012","5","40.483222","-79.780655","","11","0","0","0","0","0","0","0","0","1","0","0","0","","","0","","0","","40 28:59.599","1","0","79 46:50.358","0","0","0","0","2466","0","0","0","N","0","0","0","6","02466","0","","1.0","","1","N","N","","0","","0","0","0","","0","N","","2","0","0","0","0","0","0","2","0","2","","","","N","","","","","","","","","",""
"2012063651","","1","0","0","0","0","0","0","0","0","99","0","","02","6","2012","4","40.457156","-79.806305","","11","0","0","0","0","0","0","0","0","","0","0","0","","","0","","0","","40 27:25.761","","0","79 48:22.698","0","0","0","0","2113","0","0","0","N","0","0","0","1","02113","0","","5.0","","1","N","N","","0","","0","0","0","","0","","","1","0","0","0","0","0","0","2","0","1","","","","N","","","","","","","","","",""
"2012062891","","2","0","0","0","0","0","0","0","0","4","0","","02","6","2012","1","40.447425","-79.942471","","11","0","0","0","1","0","0","0","0","","0","0","0","","","0","","5","","40 26:50.730","","0","79 56:32.895","0","0","0","0","2301","0","0","0","N","0","0","0","4","02301","0","","1.0","","1","N","N","","0","","0","0","0","","2","","","2","0","0","0","0","0","0","2","0","2","","","","N","","","","","","","","","",""
"2012064278","","2","0","0","0","0","0","0","0","0","6","0","","02","6","2012","3","40.629374","-80.056666","","11","0","0","0","0","0","1","0","0","","0","0","0","","","0","","1","","40 37:45.748","","0","80 03:23.996","0","0","0","0","2216","0","0","0","N","0","0","0","3","02505","0","","1.0","","1","N","N","","0","","0","0","0","","2","","","2","0","0","0","0","0","0","2","0","2","","","","N","","","","","","","","","",""
"2012063587","","0","0","0","0","0","0","0","0","0","8","0","","02","6","2012","6","40.455212","-79.978036","","11","0","0","0","0","0","0","0","0","","0","0","0","","","1","","0","","40 27:18.763","","0","79 58:40.929","4","0","0","0","2301","1","0","0","N","1","0","0","2","02301","1","","1.0","","1","N","N","","0","","0","0","1","","0","","","2","1","0","0","0","0","1","2","0","1","","","","N","","","","","","","","","",""
"2012063026","","1","0","0","0","0","0","0","0","0","1","0","30","02","6","2012","2","40.595726","-79.753963","","11","0","0","0","0","0","1","0","0","","0","0","0","","","0","","0","","40 35:44.612","","3","79 45:14.268","0","0","0","0","2464","0","0","0","N","0","0","0","2","64305","0","","1.0","","1","N","N","","0","","0","0","1","","0","","","2","0","0","0","0","0","0","2","0","2","","","N","Y","3","1","","","N","Y","","","",""
"2012064582","","2","0","0","0","0","0","0","0","0","4","0","","02","6","2012","5","40.416199","-80.067338","","11","0","0","0","0","0","1","1","0","1","0","0","0","","","0","","2","","40 24:58.316","6","0","80 04:02.416","0","0","0","0","2435","0","0","0","N","0","0","0","2","02435","0","","1.0","","1","N","N","","0","","0","0","0","","3","N","","2","0","1","0","0","0","0","2","0","2","","","","N","","","","","","","","","",""
"2012065120","","1","0","0","0","0","0","0","0","0","4","0","","02","7","2012","1","40.448227","-79.986908","","11","0","0","0","1","0","0","1","0","","0","0","0","","","0","","2","","40 26:53.617","","0","79 59:12.868","0","0","0","0","2301","0","0","0","N","0","0","0","3","02301","0","","1.0","","1","N","N","","0","","0","0","0","","2","","","2","0","1","0","0","0","0","2","0","2","","","","N","","","","","","","","","",""
"2012063653","","0","0","0","0","0","0","0","0","0","0","0","","02","6","2012","4","40.420446","-79.927395","","11","0","0","0","0","0","0","0","0","1","0","0","0","","","1","","0","","40 25:13.605","5","0","79 55:38.622","4","0","0","0","2301","0","0","0","N","0","0","0","1","02301","1","","5.0","","1","N","N","","0","","0","0","1","","0","Y","","1","1","0","0","0","0","0","2","0","1","","","","N","","","","","","","","","",""
"2012065326","","1","0","0","0","0","0","0","0","0","1","0","","02","7","2012","1","40.345938","-80.057226","","11","0","0","0","0","0","0","0","1","2","0","0","0","","","1","","0","","40 20:45.376","2","0","80 03:26.012","4","0","0","0","2123","0","0","0","N","0","0","0","5","02123","1","","1.0","","1","N","N","","0","","0","0","2","","2","Y","","3","1","0","0","0","0","0","2","0","3","","","","N","","","","","","","","","",""
"2012063526","","1","0","0","0","0","0","0","0","0","7","0","","02","5","2012","4","40.429178","-79.94143","","11","0","0","0","0","1","0","0","0","","0","0","0","","","0","","0","","40 25:45.040","","0","79 56:29.148","0","0","0","0","2301","0","0","0","N","0","0","0","1","68B03","0","","3.0","","9","N","N","","0","","0","0","0","","0","","","1","0","0","0","0","0","0","2","0","1","","","","N","","","","","","","","","",""
"2012062882","","1","0","0","0","0","0","0","0","0","1","0","","02","6","2012","3","40.488898","-79.912149","","11","0","0","0","0","0","0","1","1","2","0","0","0","","","0","","0","","40 29:20.032","3","3","79 54:43.735","0","0","0","0","2301","0","0","0","N","0","0","0","6","02301","0","","1.0","","1","N","N","","1","","0","0","1","","0","N","","3","0","0","0","0","0","0","2","0","3","","","","N","","","","","","","","","",""
"2012063654","","2","0","0","0","0","0","0","0","0","1","0","","02","6","2012","3","40.343047","-79.964008","","11","0","0","0","0","0","5","0","0","2","0","0","0","","","0","","2","","40 20:34.970","3","0","79 57:50.430","9","0","0","0","2454","0","0","0","N","0","0","0","6","02454","0","","1.0","","1","N","N","","0","","0","0","3","","3","N","","5","0","0","0","0","0","1","2","0","5","","","","N","","","","","","","","","",""
"2012065057","","2","0","0","0","0","0","0","0","0","1","0","","02","7","2012","1","40.446371","-79.98274","","11","0","0","0","0","0","1","0","0","","0","0","0","","","1","","2","","40 26:46.935","","0","79 58:57.864","8","0","0","0","2301","0","0","0","N","0","0","0","2","02301","0","","1.0","","1","N","N","","0","","0","0","0","","0","","","2","1","0","0","0","1","1","2","0","2","","","","N","","","","","","","","","",""
"2012063527","","0","0","0","0","0","0","0","0","0","7","0","","02","5","2012","4","40.445799","-80.009557","","11","0","0","0","0","0","0","0","0","","0","0","0","","","1","","0","","40 26:44.875","","0","80 00:34.405","4","0","0","0","2301","0","0","0","N","0","0","0","1","68B03","1","","3.0","","1","N","N","","0","","0","0","1","","0","","","1","1","1","0","0","0","0","2","0","1","","","","N","","","","","","","","","",""
"2012063655","","1","0","0","0","0","0","0","0","0","7","0","","02","6","2012","3","40.450477","-79.978742","","11","0","0","0","0","0","0","0","0","","0","0","0","","","1","","0","","40 27:01.717","","0","79 58:43.470","3","0","0","0","2301","0","0","0","N","0","0","0","1","02301","0","","3.0","","1","N","N","","0","","1","0","0","","0","","","1","1","0","0","0","0","0","2","0","1","","","","N","","","","","","","","","",""
"2012064507","","0","0","0","0","0","0","0","0","0","7","0","","02","6","2012","5","40.431876","-80.003344","","11","0","0","0","0","0","0","0","0","","0","0","0","","","1","","0","","40 25:54.752","","7","80 00:12.038","3","0","0","1","2301","0","0","0","N","0","0","0","1","02301","0","","2.0","","1","N","N","","0","","1","0","0","","3","","","1","1","0","0","0","0","0","2","0","1","","","","N","","","","","","","","","",""
"2012063029","","2","0","0","0","0","0","0","0","0","4","0","","02","6","2012","7","40.436634","-79.997207","","11","0","0","0","0","0","0","1","0","1","0","0","0","","","0","","1","","40 26:11.884","2","0","79 59:49.946","0","0","0","0","2301","0","0","0","N","0","0","0","3","02301","0","","1.0","","1","N","N","","0","","0","0","0","","2","N","","2","0","0","0","0","0","0","2","0","2","","","","N","","","","","","","","","",""
"2012065341","","1","0","0","0","0","0","0","0","0","1","0","","02","7","2012","2","40.485305","-80.009501","","11","0","0","0","0","0","2","0","0","","0","0","0","","","0","","1","","40 29:07.098","","0","80 00:34.205","0","0","0","0","2301","0","0","0","N","0","0","0","3","02301","0","","7.0","","1","N","N","","1","","0","0","0","","0","","","2","0","0","0","0","0","0","2","0","2","","","","N","","","","","","","","","",""
"2012063814","","1","0","0","0","0","0","0","0","0","1","0","","02","6","2012","3","40.63477","-79.939791","","11","0","0","0","0","0","0","0","0","1","0","0","0","","","0","","2","","40 38:05.172","2","0","79 56:23.249","0","0","0","0","2217","0","0","0","N","0","0","0","4","02505","0","","1.0","","1","N","N","","0","","0","0","1","","2","N","","2","0","0","0","0","0","0","2","0","2","","","","N","","","","","","","","","",""
"2012063528","","0","0","0","0","0","0","0","0","0","7","1","50","02","6","2012","3","40.426577","-79.892824","","11","0","0","0","0","0","0","0","0","1","0","1","0","","","0","","0","","40 25:35.677","4","0","79 53:34.165","0","0","0","0","2426","0","0","0","Y","0","0","0","1","68B03","0","","4.0","","9","N","N","","0","","0","0","0","","0","N","","1","0","0","0","0","0","0","2","0","1","","","Y","Y","2","2","N","N","N","Y","N","N","Y",""
"2012064296","","1","0","0","0","0","0","0","0","0","1","0","","02","6","2012","5","40.491452","-79.908712","","11","0","0","0","0","0","0","0","0","1","0","0","0","","","0","","2","","40 29:29.228","1","8","79 54:31.364","0","0","0","0","2112","0","0","0","N","0","0","0","5","02112","0","","7.0","","1","N","N","","0","","0","0","1","","4","N","","2","0","0","0","0","0","0","2","0","2","","","","N","","","","","","","","","",""
"2012065804","","2","0","0","0","0","0","0","0","0","4","0","","02","7","2012","3","40.434267","-79.95223","","11","0","0","0","0","0","1","0","0","","0","0","0","","","0","","1","","40 26:03.361","","0","79 57:08.028","9","0","0","0","2301","0","0","0","N","0","0","0","3","02301","0","","1.0","","1","N","N","","0","","0","0","0","","3","","","2","0","0","0","0","0","2","2","0","2","","","","N","","","","","","","","","",""
"2012063529","","1","0","0","0","0","0","0","0","0","1","0","","02","6","2012","3","40.655342","-80.093052","","11","0","0","0","0","0","0","0","0","","0","0","0","","","1","","0","","40 39:19.232","","2","80 05:34.988","3","0","0","0","2212","0","0","0","N","0","0","0","2","68B03","0","","1.0","","1","N","N","","0","","1","0","1","","4","","","2","1","0","0","0","0","0","2","0","2","","","","N","","","","","","","","","",""
"2012065805","","1","0","0","0","0","0","0","0","0","1","0","","02","7","2012","3","40.392885","-79.932775","","11","0","0","1","0","0","0","0","0","","0","0","0","","","0","","3","","40 23:34.387","","2","79 55:57.989","0","0","0","0","2301","0","0","0","N","0","0","0","3","02301","0","","9.0","","9","N","N","","0","","0","0","0","","0","","","2","0","0","0","0","0","0","2","1","2","","","","N","","","","","","","","","",""
"2012063593","","1","0","0","0","0","0","0","0","0","1","0","","02","6","2012","2","40.530378","-80.035188","","11","0","0","0","0","0","0","0","0","","0","0","0","","","0","","0","","40 31:49.360","","0","80 02:06.678","0","0","0","0","2116","0","0","0","N","0","0","0","2","02116","0","","1.0","","9","N","N","","0","","0","0","1","","0","","","2","0","0","0","0","0","0","2","0","2","","","","N","","","","","","","","","",""
"2012065343","","2","0","0","0","0","0","0","0","0","4","0","","02","7","2012","2","40.462704","-80.051852","","11","0","0","0","0","0","1","0","0","2","0","0","0","","","2","","2","","40 27:45.736","7","0","80 03:06.667","3","0","0","0","2301","0","0","0","N","0","0","0","2","02301","0","","1.0","","1","N","N","","0","","2","0","0","","2","N","","2","2","0","0","0","0","0","2","0","2","","","","N","","","","","","","","","",""
"2012063530","","1","0","0","0","0","0","0","0","0","7","0","","02","6","2012","1","40.597856","-80.093788","","11","0","0","0","1","0","0","0","0","","0","0","0","","","0","","0","","40 35:52.280","","0","80 05:37.638","0","0","0","0","2481","0","0","0","N","0","0","0","2","68B03","0","","2.0","","1","N","N","","0","","0","0","0","","0","","","1","0","0","0","0","0","0","2","0","1","","","","N","","","","","","","","","",""
"2012065806","","2","0","0","0","0","0","0","0","0","1","0","","02","7","2012","3","40.455376","-80.029682","","11","0","0","0","0","1","0","0","0","2","0","0","0","","","0","","10","","40 27:19.352","3","0","80 01:46.854","0","0","0","0","2301","0","0","0","N","0","0","0","6","02301","0","","1.0","","1","N","N","","0","","0","0","1","","2","N","","3","0","2","0","0","0","0","2","0","3","","","","N","","","","","","","","","",""
"2012062886","","1","0","0","0","0","0","0","0","0","4","0","","02","6","2012","7","40.3527","-79.825765","","11","0","0","0","0","0","1","1","0","","0","0","0","","","0","","1","","40 21:09.720","","0","79 49:32.754","0","0","0","0","2477","0","0","0","N","0","0","0","4","02477","0","","1.0","","1","N","N","","1","","0","0","0","","3","","","2","0","0","0","0","0","0","2","0","2","","","","N","","","","","","","","","",""
"2012063033","","1","0","0","0","0","0","0","0","0","4","0","","02","6","2012","2","40.449706","-80.025099","","11","0","0","0","0","0","1","0","0","1","0","0","0","","","0","","1","","40 26:58.940","1","3","80 01:30.356","0","0","0","0","2301","0","0","0","N","0","0","0","2","02301","0","","1.0","","1","N","N","","0","","0","0","1","","2","Y","","2","0","0","0","0","0","0","2","0","2","","","","N","","","","","","","","","",""
"2012064588","","1","0","0","0","0","0","0","0","0","4","0","","02","6","2012","5","40.353955","-79.823236","","11","0","0","0","0","0","1","0","0","1","0","0","0","","","0","","1","","40 21:14.238","5","0","79 49:23.651","0","0","0","0","2477","0","0","0","N","0","0","0","3","02477","0","","1.0","","1","N","N","","1","","0","0","0","","3","N","","2","0","0","0","0","0","0","2","0","2","","","","N","","","","","","","","","",""
"2012065061","","2","0","0","0","0","0","0","0","0","1","0","","02","7","2012","1","40.441721","-79.749341","","11","0","0","0","0","0","1","0","1","","0","0","0","","","1","","0","","40 26:30.195","","0","79 44:57.627","4","0","0","0","2446","0","0","0","N","0","0","0","5","02446","1","","1.0","","1","N","N","","0","","0","0","0","","0","","","2","1","0","0","0","0","0","2","0","2","","","","N","","","","","","","","","",""
"2012065807","","1","0","0","0","0","0","0","0","0","2","0","","02","7","2012","3","40.484956","-79.817618","","11","0","0","0","0","0","1","0","1","1","0","0","0","","","0","","0","","40 29:05.840","3","0","79 49:03.423","0","0","0","0","2113","0","0","0","N","0","0","0","5","02113","0","","1.0","","1","","N","","1","","0","0","1","","2","N","","3","0","0","0","0","0","0","2","0","3","","","","N","","","","","","","","","",""
"2012064371","","1","0","0","0","0","0","0","0","0","1","0","","02","6","2012","4","40.531039","-80.189952","","11","0","0","0","0","0","1","0","0","","0","0","0","","","1","","2","","40 31:51.740","","3","80 11:23.826","4","0","0","0","2213","0","0","0","N","0","0","0","2","02213","1","","1.0","","1","N","N","","0","","0","0","1","","0","","","2","1","0","0","0","0","0","2","0","2","","","","N","","","","","","","","","",""
"2012065204","","0","0","0","0","0","0","0","0","0","7","0","","02","6","2012","1","40.381049","-79.833509","","11","0","0","0","0","0","0","0","0","3","1","0","0","","","0","","0","","40 22:51.776","5","0","79 50:00.632","1","1","0","1","2111","0","0","0","N","0","0","0","1","02111","0","2","5.0","","1","N","N","","0","0","0","0","0","","0","Y","","1","0","0","0","0","0","0","2","0","1","","","","N","","","","","","","","","",""