"CRN","ARRIVAL_TM","AUTOMOBILE_COUNT","BELTED_DEATH_COUNT","BELTED_SUSP_SERIOUS_INJ_COUNT","BICYCLE_COUNT","BICYCLE_DEATH_COUNT","BICYCLE_SUSP_SERIOUS_INJ_COUNT","BUS_COUNT","CHLDPAS_DEATH_COUNT","CHLDPAS_SUSP_SERIOUS_INJ_COUNT","COLLISION_TYPE","COMM_VEH_COUNT","CONS_ZONE_SPD_LIM","COUNTY","CRASH_MONTH","CRASH_YEAR","DAY_OF_WEEK","DEC_LATITUDE","DEC_LONGITUDE","DISPATCH_TM","DISTRICT","DRIVER_COUNT_16YR","DRIVER_COUNT_17YR","DRIVER_COUNT_18YR","DRIVER_COUNT_19YR","DRIVER_COUNT_20YR","DRIVER_COUNT_50_64YR","DRIVER_COUNT_65_74YR","DRIVER_COUNT_75PLUS","EST_HRS_CLOSED","FATAL_COUNT","HEAVY_TRUCK_COUNT","HORSE_BUGGY_COUNT","HOUR_OF_DAY","ILLUMINATION","INJURY_COUNT","INTERSECTION_RELATED","INTERSECT_TYPE","LANE_CLOSED","LATITUDE","LN_CLOSE_DIR","LOCATION_TYPE","LONGITUDE","MAX_SEVERITY_LEVEL","MCYCLE_DEATH_COUNT","MCYCLE_SUSP_SERIOUS_INJ_COUNT","MOTORCYCLE_COUNT","MUNICIPALITY","NONMOTR_COUNT","NONMOTR_DEATH_COUNT","NONMOTR_SUSP_SERIOUS_INJ_COUNT","NTFY_HIWY_MAINT","PED_COUNT","PED_DEATH_COUNT","PED_SUSP_SERIOUS_INJ_COUNT","PERSON_COUNT","POLICE_AGCY","POSSIBLE_INJ_COUNT","RDWY_SURF_TYPE_CD","RELATION_TO_ROAD","ROADWAY_CLEARED","ROAD_CONDITION","SCH_BUS_IND","SCH_ZONE_IND","SECONDARY_CRASH","SMALL_TRUCK_COUNT","SPEC_JURIS_CD","SUSP_MINOR_INJ_COUNT","SUSP_SERIOUS_INJ_COUNT","SUV_COUNT","TCD_FUNC_CD","TCD_TYPE","TFC_DETOUR_IND","TIME_OF_DAY","TOTAL_UNITS","TOT_INJ_COUNT","UNBELTED_OCC_COUNT","UNB_DEATH_COUNT","UNB_SUSP_SERIOUS_INJ_COUNT","UNK_INJ_DEG_COUNT","UNK_INJ_PER_COUNT","URBAN_RURAL","VAN_COUNT","VEHICLE_COUNT","WEATHER1","WEATHER2","WORKERS_PRES","WORK_ZONE_IND","WORK_ZONE_LOC","WORK_ZONE_TYPE","WZ_CLOSE_DETOUR","WZ_FLAGGER","WZ_LAW_OFFCR_IND","WZ_LN_CLOSURE","WZ_MOVING","WZ_OTHER","WZ_SHLDER_MDN","WZ_WORKERS_INJ_KILLED"
"2012064342","","2","0","0","0","0","0","0","0","0","5","0","","02","6","2012","5","40.506792","-79.950964","","11","0","0","0","0","0","0","0","0","","0","0","0","","","0","","2","","40 30:24.450","","0","79 57:03.472","0","0","0","0","2430","0","0","0","N","0","0","0","2","02430","0","","1.0","","1","N","N","","0","","0","0","0","","0","","","2","0","0","0","0","0","0","2","0","2","","","","N","","","","","","","","","",""
"2012063634","","1","0","0","0","0","0","0","0","0","7","0","","02","6","2012","1","40.48098","-79.781453","","11","0","0","0","0","0","0","0","0","","0","0","0","","","0","","0","","40 28:51.528","","0","79 46:53.230","0","0","0","0","2113","0","0","0","N","0","0","0","1","02113","0","","5.0","","1","N","N","","0","","0","0","0","","0","","","1","0","0","0","0","0","0","2","0","1","","","","N","","","","","","","","","",""
"2012064407","","2","0","0","0","0","0","0","0","0","1","0","","02","6","2012","4","40.493371","-79.900614","","11","0","0","0","0","0","0","0","0","","0","0","0","","","0","","0","","40 29:36.136","","0","79 54:02.211","0","0","0","0","2112","0","0","0","N","0","0","0","2","68D02","0","","1.0","","1","N","N","","0","","0","0","0","","0","","","2","0","0","0","0","0","0","2","0","2","","","","N","","","","","","","","","",""
"2012064471","","2","0","0","0","0","0","0","0","0","2","0","","02","6","2012","5","40.398971","-80.025229","","11","0","0","0","0","0","0","0","0","1","0","0","0","","","1","","0","","40 23:56.294","1","0","80 01:30.826","8","0","0","0","2301","0","0","0","N","0","0","0","2","02301","0","","1.0","","1","N","N","","0","","0","0","0","","0","N","","2","1","0","0","0","1","0","2","0","2","","","","N","","","","","","","","","",""
"2012063846","","1","0","0","0","0","0","0","0","0","7","0","","02","6","2012","6","40.505623","-79.995251","","11","0","0","0","0","0","0","0","0","","0","0","0","","","0","","2","","40 30:20.243","","0","79 59:42.903","0","0","0","0","2116","0","0","0","N","0","0","0","1","02116","0","","2.0","","1","N","N","","0","","0","0","0","","2","","","1","0","0","0","0","0","0","2","0","1","","","","N","","","","","","","","","",""
"2012064343","","1","0","0","0","0","0","0","0","0","2","0","","02","6","2012","5","40.443937","-80.055286","","11","0","0","0","0","0","0","1","0","","0","0","0","","","2","","0","","40 26:38.173","","0","80 03:19.029","8","0","0","0","2301","0","0","0","N","0","0","0","3","02301","0","","1.0","","1","N","N","","0","","0","0","1","","0","","","2","2","0","0","0","2","0","2","0","2","","","","N","","","","","","","","","",""
"2012065232","","2","0","0","0","0","0","0","0","0","4","0","","02","6","2012","2","","","","11","0","0","0","0","0","0","0","0","","0","0","0","","","0","","1","","","","0","","0","0","0","0","2473","0","0","0","N","0","0","0","3","02473","0","","1.0","","1","N","N","","0","","0","0","0","","3","","","2","0","0","0","0","0","0","1","0","2","","","","N","","","","","","","","","",""
"2012064472","","2","0","0","0","0","0","0","0","0","1","0","","02","6","2012","5","40.624394","-79.942083","","11","0","0","1","0","0","1","0","0","1","0","0","0","","","3","","0","","40 37:27.818","1","0","79 56:31.497","8","0","0","0","2217","0","0","0","N","0","0","0","8","02505","0","","1.0","","1","N","N","","0","","0","0","1","","0","Y","","4","3","0","0","0","3","0","2","1","4","","","","N","","","","","","","","","",""
"2012065460","","0","0","0","0","0","0","0","0","0","1","0","","02","6","2012","5","40.429378","-79.956524","","11","0","0","0","0","0","0","0","0","","0","0","0","","","0","","6","","40 25:45.760","","2","79 57:23.485","0","0","0","0","2301","0","0","0","N","0","0","0","2","68B03","0","","1.0","","1","N","N","","0","","0","0","2","","4","","","2","0","0","0","0","0","0","2","0","2","","","","N","","","","","","","","","",""
"2012063864","","1","0","0","0","0","0","0","0","0","4","0","","02","6","2012","6","40.387641","-80.090992","","11","0","1","0","0","0","1","1","0","2","0","0","0","","","0","","1","","40 23:15.509","6","0","80 05:27.572","0","0","0","0","2437","0","0","0","N","0","0","0","5","02437","0","","1.0","","1","N","N","","0","","0","0","2","","2","Y","","3","0","0","0","0","0","0","2","0","3","","","","N","","","","","","","","","",""
"2012067214","","1","0","0","0","0","0","0","0","0","4","0","","02","7","2012","6","40.464631","-79.9615","","11","0","0","0","0","0","0","0","0","","0","0","0","","","0","","1","","40 27:52.670","","0","79 57:41.400","0","0","0","0","2301","0","0","0","N","0","0","0","2","02301","0","","1.0","","1","N","N","","0","","0","0","1","","3","","","2","0","0","0","0","0","0","2","0","2","","","","N","","","","","","","","","",""
"2012067841","","2","0","0","0","0","0","0","0","0","4","0","","02","7","2012","2","40.385771","-80.050122","","11","0","0","0","0","0","1","0","1","","0","0","0","","","1","","1","","40 23:08.775","","0","80 03:00.439","4","0","0","0","2109","0","0","0","N","0","0","0","4","02109","1","","1.0","","1","N","N","","0","","0","0","0","","0","","","2","1","0","0","0","0","0","2","0","2","","","","N","","","","","","","","","",""
"2012066383","","0","0","0","0","0","0","0","0","0","4","0","30","02","7","2012","5","40.479339","-80.043494","","11","0","0","0","0","0","0","0","0","","0","0","0","","","0","","3","","40 28:45.621","","0","80 02:36.578","0","0","0","0","2301","0","0","0","N","0","0","0","2","02301","0","","1.0","","1","N","N","","2","","0","0","0","","8","","","2","0","0","0","0","0","0","2","0","2","","","N","Y","5","1","","","N","Y","","","",""
"2012067842","","1","0","0","0","0","0","0","0","0","1","0","","02","7","2012","2","40.416923","-80.014421","","11","0","0","0","0","0","1","0","0","2","0","0","0","","","1","","2","","40 25:00.921","1","0","80 00:51.917","8","0","0","0","2301","0","0","0","N","0","0","0","2","02301","0","","1.0","","1","N","N","","0","","0","0","1","","2","N","","2","1","0","0","0","1","0","2","0","2","","","","N","","","","","","","","","",""
"2012067218","","1","0","0","0","0","0","0","0","0","4","0","","02","7","2012","6","40.43847","-80.005839","","11","0","0","0","0","0","0","0","0","","0","0","0","","","1","","10","","40 26:18.492","","0","80 00:21.020","4","0","0","0","2301","0","0","0","N","0","0","0","3","02301","1","","1.0","","1","N","N","","0","","0","0","1","","2","","","2","1","0","0","0","0","0","2","0","2","","","","N","","","","","","","","","",""
"2012067219","","0","0","0","0","0","0","0","0","0","7","0","","02","7","2012","6","40.514712","-79.992913","","11","0","0","0","0","0","1","0","0","1","0","0","0","","","0","","0","","40 30:52.964","2","0","79 59:34.486","0","0","0","0","2116","0","0","0","N","0","0","0","1","02116","0","","2.0","","1","N","N","","0","","0","0","1","","0","N","","1","0","0","0","0","0","0","2","0","1","","","","N","","","","","","","","","",""
"2012068628","","1","0","0","0","0","0","0","0","0","1","0","","02","7","2012","3","40.452908","-79.920753","","11","0","0","0","0","0","1","1","0","","0","0","0","","","1","","1","","40 27:10.470","","0","79 55:14.710","4","0","0","0","2301","0","0","0","N","0","0","0","3","02301","1","","1.0","","1","N","N","","0","","0","0","1","","2","","","2","1","0","0","0","0","0","2","0","2","","","","N","","","","","","","","","",""
"2012067221","","2","0","0","0","0","0","0","0","0","1","0","","02","7","2012","6","40.426263","-79.965783","","11","0","0","0","0","0","0","0","0","","0","0","0","","","0","","10","","40 25:34.547","","0","79 57:56.817","9","0","0","0","2301","0","0","0","N","0","0","0","4","02301","0","","1.0","","1","N","N","","0","","0","0","1","","0","","","3","0","0","0","0","0","2","2","0","3","","","","N","","","","","","","","","",""
"2012064727","","0","0","0","0","0","0","0","0","0","7","0","","02","6","2012","4","40.492013","-79.895126","","11","0","0","1","0","0","0","0","0","2","0","0","0","","","0","","0","","40 29:31.246","1","0","79 53:42.452","0","0","0","0","2112","0","0","0","N","0","0","0","1","68D02","0","","5.0","","1","N","N","","0","","0","0","1","","0","Y","","1","0","0","0","0","0","0","2","0","1","","","","N","","","","","","","","","",""
"2012065534","","0","0","0","0","0","0","0","0","0","7","0","","02","6","2012","7","40.382717","-79.868631","","11","0","0","0","0","0","0","0","0","1","0","0","0","","","1","","0","","40 22:57.780","1","0","79 52:07.070","4","0","0","0","2473","0","0","0","N","0","0","0","2","02473","1","","5.0","","1","N","N","","0","","0","0","1","","0","N","","1","1","2","0","0","0","0","2","0","1","","","","N","","","","","","","","","",""
"2012068061","","2","0","0","0","0","0","0","0","0","5","0","","02","7","2012","4","40.405727","-79.907429","","11","0","0","0","0","0","0","0","0","","0","0","0","","","0","","0","","40 24:20.616","","0","79 54:26.744","0","0","0","0","2438","0","0","0","N","0","0","0","0","02438","0","","6.0","","9","N","N","","0","","0","0","0","","0","","","2","0","0","0","0","0","0","2","0","2","","","","N","","","","","","","","","",""
"2012063109","","1","0","0","0","0","0","0","0","0","7","0","","02","6","2012","2","40.523997","-79.834869","","11","0","0","0","0","0","1","0","0","1","0","0","0","","","1","","2","","40 31:26.390","6","0","79 50:05.527","8","0","0","0","2451","0","0","0","N","0","0","0","1","02451","0","","5.0","","1","N","N","","0","","0","0","0","","0","Y","","1","1","0","0","0","1","0","2","0","1","","","","N","","","","","","","","","",""
"2012067227","","1","0","0","0","0","0","0","0","0","4","0","","02","7","2012","6","40.475449","-79.707354","","11","0","0","0","0","0","1","0","0","1","0","0","0","","","2","","1","","40 28:31.616","1","0","79 42:26.476","3","0","0","0","2466","0","0","0","N","0","0","0","2","02466","1","","1.0","","1","N","N","","0","","1","0","1","","2","N","","2","2","0","0","0","0","0","2","0","2","","","","N","","","","","","","","","",""
"2012066396","","0","0","0","0","0","0","0","0","0","4","0","","02","7","2012","5","40.452714","-80.104617","","11","0","0","0","1","0","0","0","0","","0","0","0","","","0","","0","","40 27:09.770","","0","80 06:16.620","0","0","0","0","2126","0","0","0","N","0","0","0","2","02126","0","","1.0","","1","N","N","","2","","0","0","0","","0","","","2","0","0","0","0","0","0","2","0","2","","","","N","","","","","","","","","",""
"2012066410","","2","0","0","0","0","0","0","0","0","4","0","","02","7","2012","4","40.642174","-79.938472","","11","0","0","0","0","0","1","0","1","2","0","0","0","","","3","","1","","40 38:31.825","5","0","79 56:18.498","3","0","0","0","2217","0","0","0","N","0","0","0","4","02505","0","","1.0","","1","N","N","","1","","3","0","1","","2","N","","4","3","0","0","0","0","0","2","0","4","","","","N","","","","","","","","","",""
"2012066411","","2","0","0","0","0","0","0","0","0","4","0","","02","7","2012","5","40.387335","-79.983867","","11","0","0","0","0","0","1","0","0","","0","0","0","","","0","","0","","40 23:14.406","","7","79 59:01.921","9","0","0","0","2301","0","0","0","N","0","0","0","2","02301","0","","1.0","","1","N","N","","0","","0","0","0","","0","","","2","0","0","0","0","0","1","2","0","2","","","","N","","","","","","","","","",""
"2012067230","","1","0","0","0","0","0","1","0","0","0","1","","02","7","2012","6","40.346733","-79.880614","","11","0","0","0","0","0","1","1","0","1","0","0","0","","","2","","2","","40 20:48.240","3","0","79 52:50.210","8","0","0","0","2304","0","0","0","N","0","0","0","4","02304","0","","1.0","","1","N","N","","0","","0","0","0","","2","N","","2","2","0","0","0","2","0","2","0","2","","","","N","","","","","","","","","",""
"2012067167","","4","0","0","0","0","0","0","0","0","1","0","","02","6","2012","4","40.494666","-79.941987","","11","0","0","0","0","0","0","0","0","3","0","0","0","","","1","","0","","40 29:40.796","2","3","79 56:31.153","3","0","0","0","2430","0","0","0","N","0","0","0","4","68D02","0","","1.0","","1","N","N","","0","","1","0","0","","0","N","","4","1","1","0","0","0","0","2","0","4","","","","N","","","","","","","","","",""
"2012067925","","1","0","0","0","0","0","0","0","0","7","0","","02","7","2012","2","40.513321","-80.095311","","11","0","0","1","0","0","0","0","0","1","0","0","0","","","0","","1","","40 30:47.956","1","0","80 05:43.120","0","0","0","0","2429","0","0","0","N","0","0","0","1","02215","0","","5.0","","1","N","N","","0","","0","0","0","","3","Y","","1","0","0","0","0","0","0","2","0","1","","","","N","","","","","","","","","",""
"2012067168","","2","0","0","0","0","0","0","0","0","1","0","","02","7","2012","5","40.636824","-79.725156","","11","0","0","0","0","0","0","0","0","","0","0","0","","","0","","0","","40 38:12.567","","0","79 43:30.560","9","0","0","0","2106","0","0","0","N","0","0","0","4","68D02","0","","1.0","","1","N","N","","0","","0","0","0","","0","","","2","0","0","0","0","0","1","2","0","2","","","","N","","","","","","","","","",""
"2012067860","","2","0","0","0","0","0","0","0","0","4","0","","02","7","2012","2","40.315416","-80.006131","","11","1","0","0","0","0","0","0","0","","0","0","0","","","0","","1","","40 18:55.497","","0","80 00:22.071","0","0","0","0","2219","0","0","0","N","0","0","0","4","02501","0","","1.0","","1","N","N","","0","","0","0","0","","2","","","2","0","1","0","0","0","0","2","0","2","","","","N","","","","","","","","","",""
"2012068643","","2","0","0","0","0","0","0","0","0","4","0","","02","7","2012","4","40.51721","-80.160536","","11","0","0","0","0","0","1","0","0","3","0","0","0","","","1","","1","","40 31:01.957","4","0","80 09:37.930","4","0","0","0","2420","0","0","0","N","0","0","0","3","02420","1","","1.0","","1","N","N","","0","","0","0","0","","2","N","","2","1","0","0","0","0","0","2","0","2","","","","N","","","","","","","","","",""
"2012067235","","0","0","0","0","0","0","0","0","0","1","0","","02","7","2012","6","40.501589","-79.851822","","11","0","0","0","0","0","0","0","0","","0","0","0","","","0","","0","","40 30:05.720","","0","79 51:06.559","0","0","0","0","2301","0","0","0","N","0","0","0","3","02301","0","","1.0","","1","N","N","","0","","0","0","2","","0","","","2","0","0","0","0","0","0","2","0","2","","","","N","","","","","","","","","",""
"2012068070","","0","0","0","0","0","0","0","0","0","7","0","","02","7","2012","2","40.48719","-79.940602","","11","0","0","0","0","0","0","0","0","2","0","0","0","","","2","","0","","40 29:13.883","6","0","79 56:26.166","3","0","0","0","2301","0","0","0","N","0","0","0","2","02301","0","","5.0","","1","N","N","","0","","2","0","1","","0","Y","","1","2","0","0","0","0","0","2","0","1","","","","N","","","","","","","","","",""
"2012063118","","1","0","0","0","0","0","0","0","0","1","0","","02","6","2012","2","40.447791","-79.937289","","11","0","0","0","0","0","0","0","0","","0","0","0","","","0","","2","","40 26:52.047","","0","79 56:14.240","0","0","0","0","2301","0","0","0","N","0","0","0","2","02301","0","","1.0","","1","N","N","","0","","0","0","1","","2","","","2","0","1","0","0","0","0","2","0","2","","","","N","","","","","","","","","",""
"2012066332","","2","0","0","0","0","0","0","0","0","4","0","","02","7","2012","4","40.444202","-80.028173","","11","0","0","0","0","0","1","0","0","","0","0","0","","","4","","10","","40 26:39.126","","0","80 01:41.424","8","0","0","0","2301","0","0","0","N","0","0","0","4","02301","0","","1.0","","1","N","N","","0","","0","0","0","","2","","","2","4","0","0","0","4","0","2","0","2","","","","N","","","","","","","","","",""
"2012063120","","1","0","0","0","0","0","0","0","0","1","0","","02","6","2012","2","40.379248","-79.924578","","11","0","0","0","0","0","0","0","0","1","0","0","0","","","0","","0","","40 22:45.292","3","0","79 55:28.480","0","0","0","0","2301","0","0","0","N","0","0","0","4","02301","0","","1.0","","1","N","N","","1","","0","0","0","","0","N","","3","0","0","0","0","0","0","2","1","3","","","","N","","","","","","","","","",""
"2012068074","","2","0","0","0","0","0","0","0","0","1","0","","02","7","2012","1","40.400511","-79.772416","","11","0","1","0","0","0","0","0","0","1","0","0","0","","","1","","0","","40 24:01.838","4","0","79 46:20.698","8","0","0","0","2453","0","0","0","N","0","0","0","2","02453","0","","1.0","","1","N","N","","0","","0","0","0","","0","N","","2","1","0","0","0","1","0","2","0","2","","","","N","","","","","","","","","",""
"2012063121","","1","0","0","0","0","0","0","0","0","1","0","","02","6","2012","2","40.359631","-80.02872","","11","0","0","0","0","0","0","1","0","","0","0","0","","","1","","0","","40 21:34.672","","0","80 01:43.393","8","0","0","0","2416","0","0","0","N","0","0","0","4","02416","0","","1.0","","1","N","Y","","1","","0","0","0","","0","","","2","1","2","0","0","1","0","2","0","2","","","","N","","","","","","","","","",""
"2012067867","","1","0","0","0","0","0","0","0","0","6","0","","02","7","2012","7","40.453074","-80.021137","","11","0","0","0","0","0","0","0","0","","0","0","0","","","0","","0","","40 27:11.066","","0","80 01:16.093","0","0","0","0","2301","0","0","0","N","0","0","0","1","02301","0","","1.0","","1","N","N","","0","","0","0","2","","0","","","3","0","0","0","0","0","0","2","0","3","","","","N","","","","","","","","","",""
"2012067239","","1","0","0","0","0","0","0","0","0","1","0","","02","7","2012","6","40.483726","-79.81933","","11","0","0","0","0","0","0","0","0","2","0","0","0","","","1","","0","","40 29:01.415","4","0","79 49:09.588","3","0","0","0","2113","0","0","0","N","0","0","0","2","02113","0","","1.0","","1","N","N","","0","","1","0","1","","0","N","","2","1","0","0","0","0","0","2","0","2","","","","N","","","","","","","","","",""
"2012067868","","1","0","0","0","0","0","0","0","0","0","0","","02","7","2012","1","40.461598","-79.907942","","11","0","0","0","0","0","0","0","0","1","0","0","0","","","2","","1","","40 27:41.752","6","0","79 54:28.591","3","0","0","1","2301","0","0","0","N","0","0","0","3","02301","1","","1.0","","1","N","N","","0","","1","0","0","","2","N","","2","2","0","0","0","0","0","2","0","2","","","","N","","","","","","","","","",""
"2012067114","","2","0","0","0","0","0","0","0","0","4","0","","02","7","2012","6","40.481965","-80.04165","","11","0","0","0","0","0","1","0","0","","0","0","0","","","0","","1","","40 28:55.074","","0","80 02:29.940","0","0","0","0","2301","0","0","0","N","0","0","0","3","02301","0","","1.0","","1","N","N","","0","","0","0","0","","2","","","2","0","0","0","0","0","0","2","0","2","","","","N","","","","","","","","","",""
"2012068076","","0","0","0","0","0","0","0","0","0","7","0","","02","5","2012","3","40.433004","-79.888697","","11","0","0","0","0","0","0","0","0","","0","0","0","","","1","","0","","40 25:58.814","","0","79 53:19.308","3","0","0","0","2426","0","0","0","N","0","0","0","2","02426","0","","4.0","","1","N","N","","1","","1","0","0","","0","","","1","1","2","0","0","0","0","2","0","1","","","","N","","","","","","","","","",""
"2012067241","","2","0","0","0","0","0","0","0","0","2","0","","02","7","2012","6","40.403685","-79.989149","","11","0","0","1","0","0","0","0","0","","0","0","0","","","0","","0","","40 24:13.266","","0","79 59:20.936","0","0","0","0","2301","0","0","0","","0","0","0","1","02301","0","","1.0","","1","","","","0","","0","0","1","","0","","","3","0","0","0","0","0","0","2","0","3","","","","N","","","","","","","","","",""
"2012064744","","2","0","0","0","0","0","0","0","0","4","0","","02","6","2012","5","40.380917","-79.814773","","11","0","0","0","0","0","0","0","0","1","0","0","0","","","4","","0","","40 22:51.302","6","0","79 48:53.184","3","0","0","0","2111","0","0","0","N","0","0","0","4","02111","3","","1.0","","1","N","N","","0","","1","0","0","","0","N","","2","4","0","0","0","0","0","2","0","2","","","","N","","","","","","","","","",""
"2012066339","","1","0","0","0","0","0","0","0","0","7","0","","02","6","2012","5","40.419067","-79.926108","","11","0","0","0","0","0","0","0","0","","0","0","0","","","0","","3","","40 25:08.641","","0","79 55:33.988","0","0","0","0","2301","0","0","0","N","0","0","0","2","02301","0","","5.0","","1","N","N","","0","","0","0","0","","0","","","1","0","1","0","0","0","0","2","0","1","","","","N","","","","","","","","","",""
"2012067117","","1","0","0","0","0","0","0","0","0","7","0","","02","7","2012","6","40.436507","-79.998704","","11","0","0","0","0","0","0","0","0","","0","0","0","","","0","","2","","40 26:11.425","","0","79 59:55.334","0","0","0","0","2301","0","0","0","N","0","0","0","1","02301","0","","5.0","","1","N","N","","0","","0","0","0","","0","","","1","0","0","0","0","0","0","2","0","1","","","","N","","","","","","","","","",""
"2012067242","","1","0","0","0","0","0","0","0","0","7","0","","02","7","2012","4","40.320441","-79.95691","","11","0","0","0","0","0","0","0","0","","0","0","0","","","0","","2","","40 19:13.587","","0","79 57:24.876","0","0","0","0","2440","0","0","0","N","0","0","0","2","02440","0","","4.0","","98","N","N","","0","","0","0","0","","0","","","1","0","0","0","0","0","0","2","0","1","","","","N","","","","","","","","","",""
"2012064669","","1","0","0","0","0","0","0","0","0","1","0","","02","6","2012","6","40.449444","-79.93987","","11","0","0","0","0","0","0","1","0","1","0","0","0","","","0","","0","","40 26:57.998","3","0","79 56:23.532","0","0","0","0","2301","0","0","0","N","0","0","0","1","02301","0","","1.0","","1","N","N","","0","","0","0","1","","0","N","","2","0","0","0","0","0","0","2","0","2","","","","N","","","","","","","","","",""
"2012064745","","0","0","0","0","0","0","0","0","0","4","0","","02","6","2012","6","40.456279","-79.904737","","11","0","0","0","0","0","1","0","0","1","0","0","0","","","1","","1","","40 27:22.605","3","0","79 54:17.052","8","0","0","0","2301","0","0","0","N","0","0","0","2","02301","0","","1.0","","1","N","N","","0","","0","0","1","","2","N","","2","1","0","0","0","1","0","2","1","2","","","","N","","","","","","","","","",""
"2012066355","","1","0","0","0","0","0","0","0","0","7","0","","02","7","2012","5","40.422055","-80.048201","","11","0","0","0","0","0","0","0","0","","0","0","0","","","0","","2","","40 25:19.399","","0","80 02:53.522","0","0","0","0","2435","0","0","0","N","0","0","0","1","02435","0","","4.0","","1","N","N","","0","","0","0","0","","3","","","1","0","0","0","0","0","0","2","0","1","","","","N","","","","","","","","","",""
"2012067258","","1","0","0","0","0","0","0","0","0","7","0","","02","7","2012","3","","","","11","0","0","0","0","0","0","0","0","","0","0","0","","","0","","3","","","","2","","0","0","0","0","2301","0","0","0","N","0","0","0","1","02301","0","","5.0","","1","N","N","","0","","0","0","0","","3","","","1","0","0","0","0","0","0","1","0","1","","","","N","","","","","","","","","",""
"2012067119","","1","0","0","0","0","0","0","0","0","4","0","25","02","7","2012","5","40.60521","-80.051056","","11","0","0","0","0","1","0","1","0","","0","0","0","","","0","","0","","40 36:18.756","","0","80 03:03.802","0","0","0","0","2108","0","0","0","N","0","0","0","3","02108","0","","1.0","","1","N","N","","0","","0","0","0","","0","","","2","0","0","0","0","0","0","2","1","2","","","Y","Y","4","1","N","N","N","N","Y","N","Y",""
"2012064671","","1","0","0","0","0","0","0","0","0","1","0","","02","6","2012","6","40.380665","-80.044416","","11","0","0","0","0","0","0","0","0","1","0","0","0","","","0","","2","","40 22:50.395","1","0","80 02:39.898","0","0","0","0","2109","0","0","0","N","0","0","0","2","02109","0","","1.0","","1","N","N","","0","","0","0","1","","2","N","","2","0","0","0","0","0","0","2","0","2","","","","N","","","","","","","","","",""
"2012068656","","1","0","0","0","0","0","0","0","0","7","0","","02","7","2012","4","40.488591","-79.800997","","11","0","0","0","0","0","0","0","0","2","0","0","0","","","1","","0","","40 29:18.928","5","0","79 48:03.588","4","0","0","0","2113","0","0","0","N","0","0","0","1","02113","1","","5.0","","1","N","N","","0","","0","0","0","","0","Y","","1","1","1","0","0","0","0","2","0","1","","","","N","","","","","","","","","",""
"2012067120","","2","0","0","0","0","0","0","0","0","4","0","","02","6","2012","6","40.456167","-80.167463","","11","0","0","0","0","0","0","0","1","","0","0","0","","","0","","1","","40 27:22.201","","0","80 10:02.866","0","0","0","0","2115","0","0","0","N","0","0","0","2","02115","0","","1.0","","1","N","N","","0","","0","0","0","","2","","","2","0","0","0","0","0","0","2","0","2","","","","N","","","","","","","","","",""
"2012064672","","0","0","0","0","0","0","0","0","0","4","0","","02","6","2012","5","40.448227","-79.986908","","11","0","0","0","0","0","0","0","0","1","0","0","0","","","0","","1","","40 26:53.617","7","0","79 59:12.868","0","0","0","0","2301","0","0","0","N","0","0","0","3","02301","0","","1.0","","1","N","N","","0","","0","0","2","","2","N","","2","0","0","0","0","0","0","2","0","2","","","","N","","","","","","","","","",""
"2012067121","","3","0","0","0","0","0","0","0","0","1","0","","02","7","2012","3","40.336674","-80.024664","","11","0","0","0","0","0","1","0","1","","0","0","0","","","0","","2","","40 20:12.026","","0","80 01:28.792","0","0","0","0","2407","0","0","0","N","0","0","0","4","02407","0","","1.0","","1","N","N","","0","","0","0","0","","2","","","4","0","0","0","0","0","0","2","1","4","","","","N","","","","","","","","","",""
"2012067122","","1","0","0","0","0","0","0","0","0","4","0","","02","7","2012","4","40.333814","-80.024088","","11","0","0","0","0","0","2","0","0","","0","0","0","","","1","","0","","40 20:01.731","","0","80 01:26.717","4","0","0","0","2407","0","0","0","N","0","0","0","2","02407","1","","1.0","","1","N","N","","1","","0","0","0","","0","","","2","1","0","0","0","0","0","2","0","2","","","","N","","","","","","","","","",""
"2012068028","","2","0","0","0","0","0","0","0","0","4","0","","02","7","2012","1","40.575045","-80.075417","","11","0","0","0","0","0","0","0","0","1","0","0","0","","","1","","1","","40 34:30.163","3","0","80 04:31.501","8","0","0","0","2481","0","0","0","N","0","0","0","2","02481","0","","1.0","","1","N","N","","0","","0","0","0","","3","N","","2","1","0","0","0","1","0","2","0","2","","","","N","","","","","","","","","",""
"2012065507","","0","0","0","0","0","0","0","0","0","1","0","","02","6","2012","3","40.362366","-79.931995","","11","0","0","0","0","0","1","0","0","","0","0","0","","","0","","1","","40 21:44.516","","0","79 55:55.181","0","0","0","0","2473","0","0","0","N","0","0","0","3","02473","0","","1.0","","1","N","N","","1","","0","0","2","","2","","","3","0","0","0","0","0","0","2","0","3","","","","N","","","","","","","","","",""
"2012067264","","1","0","0","0","0","0","0","0","0","7","0","","02","7","2012","6","40.45053","-79.978889","","11","0","0","0","0","0","0","0","0","2","0","0","0","","","0","","0","","40 27:01.909","4","0","79 58:44.001","0","0","0","0","2301","0","0","0","N","0","0","0","1","02301","0","","3.0","","1","N","N","","0","","0","0","0","","0","N","","1","0","0","0","0","0","0","2","0","1","","","","N","","","","","","","","","",""