"CRN","ARRIVAL_TM","AUTOMOBILE_COUNT","BELTED_DEATH_COUNT","BELTED_SUSP_SERIOUS_INJ_COUNT","BICYCLE_COUNT","BICYCLE_DEATH_COUNT","BICYCLE_SUSP_SERIOUS_INJ_COUNT","BUS_COUNT","CHLDPAS_DEATH_COUNT","CHLDPAS_SUSP_SERIOUS_INJ_COUNT","COLLISION_TYPE","COMM_VEH_COUNT","CONS_ZONE_SPD_LIM","COUNTY","CRASH_MONTH","CRASH_YEAR","DAY_OF_WEEK","DEC_LATITUDE","DEC_LONGITUDE","DISPATCH_TM","DISTRICT","DRIVER_COUNT_16YR","DRIVER_COUNT_17YR","DRIVER_COUNT_18YR","DRIVER_COUNT_19YR","DRIVER_COUNT_20YR","DRIVER_COUNT_50_64YR","DRIVER_COUNT_65_74YR","DRIVER_COUNT_75PLUS","EST_HRS_CLOSED","FATAL_COUNT","HEAVY_TRUCK_COUNT","HORSE_BUGGY_COUNT","HOUR_OF_DAY","ILLUMINATION","INJURY_COUNT","INTERSECTION_RELATED","INTERSECT_TYPE","LANE_CLOSED","LATITUDE","LN_CLOSE_DIR","LOCATION_TYPE","LONGITUDE","MAX_SEVERITY_LEVEL","MCYCLE_DEATH_COUNT","MCYCLE_SUSP_SERIOUS_INJ_COUNT","MOTORCYCLE_COUNT","MUNICIPALITY","NONMOTR_COUNT","NONMOTR_DEATH_COUNT","NONMOTR_SUSP_SERIOUS_INJ_COUNT","NTFY_HIWY_MAINT","PED_COUNT","PED_DEATH_COUNT","PED_SUSP_SERIOUS_INJ_COUNT","PERSON_COUNT","POLICE_AGCY","POSSIBLE_INJ_COUNT","RDWY_SURF_TYPE_CD","RELATION_TO_ROAD","ROADWAY_CLEARED","ROAD_CONDITION","SCH_BUS_IND","SCH_ZONE_IND","SECONDARY_CRASH","SMALL_TRUCK_COUNT","SPEC_JURIS_CD","SUSP_MINOR_INJ_COUNT","SUSP_SERIOUS_INJ_COUNT","SUV_COUNT","TCD_FUNC_CD","TCD_TYPE","TFC_DETOUR_IND","TIME_OF_DAY","TOTAL_UNITS","TOT_INJ_COUNT","UNBELTED_OCC_COUNT","UNB_DEATH_COUNT","UNB_SUSP_SERIOUS_INJ_COUNT","UNK_INJ_DEG_COUNT","UNK_INJ_PER_COUNT","URBAN_RURAL","VAN_COUNT","VEHICLE_COUNT","WEATHER1","WEATHER2","WORKERS_PRES","WORK_ZONE_IND","WORK_ZONE_LOC","WORK_ZONE_TYPE","WZ_CLOSE_DETOUR","WZ_FLAGGER","WZ_LAW_OFFCR_IND","WZ_LN_CLOSURE","WZ_MOVING","WZ_OTHER","WZ_SHLDER_MDN","WZ_WORKERS_INJ_KILLED"
"2012064752","","2","0","0","0","0","0","0","0","0","4","0","","02","6","2012","6","40.478253","-80.09348","","11","0","0","0","0","0","1","0","0","","0","0","0","","","0","","0","","40 28:41.710","","0","80 05:36.528","0","0","0","0","2126","0","0","0","N","0","0","0","2","02126","0","","1.0","","1","N","N","","0","","0","0","0","","0","","","2","0","1","0","0","0","0","2","0","2","","","","N","","","","","","","","","",""
"2012067265","","1","0","0","0","0","0","0","0","0","7","0","","02","6","2012","7","40.438034","-79.909489","","11","0","0","0","0","0","0","0","0","2","0","0","0","","","3","","0","","40 26:16.921","4","0","79 54:34.161","8","0","0","0","2301","0","0","0","N","0","0","0","3","02301","0","","4.0","","1","N","N","","0","","0","0","0","","0","N","","1","3","0","0","0","3","0","2","0","1","","","","N","","","","","","","","","",""
"2012067266","","1","0","0","0","0","0","0","0","0","7","0","","02","7","2012","7","40.452257","-79.974691","","11","0","0","0","0","0","0","0","0","","0","0","0","","","0","","0","","40 27:08.124","","0","79 58:28.889","0","0","0","0","2301","0","0","0","N","0","0","0","1","02301","0","","4.0","","1","N","N","","0","","0","0","0","","0","","","1","0","0","0","0","0","0","2","0","1","","","","N","","","","","","","","","",""
"2012064755","","1","0","0","0","0","0","0","0","0","7","0","","02","6","2012","4","40.537227","-80.196273","","11","0","1","0","0","0","0","0","0","","0","0","0","","","3","","0","","40 32:14.017","","0","80 11:46.582","4","0","0","0","2213","0","0","0","N","0","0","0","3","02213","3","","2.0","","1","N","N","","0","","0","0","0","","0","","","1","3","3","0","0","0","0","2","0","1","","","","N","","","","","","","","","",""
"2012064621","","1","0","0","0","0","0","0","0","0","1","0","","02","6","2012","4","40.46269","-79.840566","","11","0","0","1","0","0","0","1","0","","0","0","0","","","0","","0","","40 27:45.684","","0","79 50:26.037","0","0","0","0","2113","0","0","0","N","0","0","0","2","02113","0","","1.0","","1","N","N","","0","","0","0","1","","3","","","2","0","0","0","0","0","0","2","0","2","","","","N","","","","","","","","","",""
"2012067897","","0","0","0","0","0","0","0","0","0","1","0","","02","7","2012","7","40.574249","-80.037125","","11","0","0","0","0","0","1","0","0","1","0","0","0","","","1","","0","","40 34:27.295","5","0","80 02:13.651","8","0","0","0","2108","0","0","0","N","0","0","0","2","02108","0","","1.0","","1","N","N","","1","","0","0","1","","0","N","","2","1","0","0","0","1","0","2","0","2","","","","N","","","","","","","","","",""
"2012064693","","1","0","0","0","0","0","0","0","0","4","0","","02","6","2012","6","40.482079","-80.111823","","11","0","0","0","1","0","0","0","0","","0","0","0","","","0","","2","","40 28:55.484","","0","80 06:42.561","0","0","0","0","2126","0","0","0","N","0","0","0","2","02126","0","","1.0","","1","N","N","","1","","0","0","0","","3","","","2","0","0","0","0","0","0","2","0","2","","","","N","","","","","","","","","",""
"2012067898","","0","0","0","1","0","0","0","0","0","8","0","","02","7","2012","6","40.508824","-80.202928","","11","0","0","0","0","0","0","0","0","","0","0","0","","","1","","2","","40 30:31.767","","0","80 12:10.539","3","0","0","0","2213","1","0","0","N","0","0","0","2","02213","0","","1.0","","1","N","N","","0","","1","0","1","","3","","","2","1","0","0","0","0","0","2","0","1","","","","N","","","","","","","","","",""
"2012068038","","1","0","0","0","0","0","0","0","0","1","1","","02","7","2012","2","40.615957","-80.093195","","11","0","0","0","0","0","0","0","0","","0","1","0","","","2","","1","","40 36:57.446","","0","80 05:35.502","8","0","0","0","2481","0","0","0","N","0","0","0","6","02481","0","","1.0","","1","N","N","","0","","0","0","1","","2","","","3","2","0","0","0","2","0","2","0","3","","","","N","","","","","","","","","",""
"2012067899","","2","0","0","0","0","0","0","0","0","2","0","","02","6","2012","6","40.358789","-80.101973","","11","0","0","0","0","0","0","0","0","","0","0","0","","","0","","0","","40 21:31.640","","0","80 06:07.102","0","0","0","0","2414","0","0","0","N","0","0","0","2","02414","0","","2.0","","1","N","N","","0","","0","0","0","","0","","","2","0","0","0","0","0","0","2","0","2","","","","N","","","","","","","","","",""
"2012066373","","1","0","0","0","0","0","0","0","0","7","0","","02","7","2012","5","","","","11","0","0","0","0","0","0","0","0","","0","0","0","","","0","","0","","","","0","","0","0","0","0","2303","0","0","0","N","0","0","0","0","02303","0","","2.0","","1","N","N","","0","","0","0","0","","0","","","1","0","0","0","0","0","0","1","0","1","","","","N","","","","","","","","","",""
"2012068041","","0","0","0","0","0","0","0","0","0","7","0","","02","7","2012","2","40.422697","-80.049863","","11","0","0","0","0","0","0","0","0","","0","0","0","","","0","","2","","40 25:21.709","","0","80 02:59.507","0","0","0","0","2435","0","0","0","N","0","0","0","1","02435","0","","5.0","","1","N","N","","1","","0","0","0","","0","","","1","0","0","0","0","0","0","2","0","1","","","","N","","","","","","","","","",""
"2012068025","","1","0","0","0","0","0","0","0","0","1","0","","02","7","2012","2","40.455834","-79.992062","","11","0","0","0","0","1","0","0","0","","0","0","0","","","0","","3","","40 27:21.004","","2","79 59:31.422","0","0","0","0","2301","0","0","0","N","0","0","0","2","02301","0","","1.0","","1","N","N","","0","","0","0","1","","0","","","2","0","0","0","0","0","0","2","0","2","","","","N","","","","","","","","","",""
"2012066518","","2","0","0","0","0","0","0","0","0","1","0","","02","7","2012","5","40.450465","-80.175113","","11","0","0","0","1","0","0","0","0","","0","0","0","","","0","","1","","40 27:01.674","","2","80 10:30.406","0","0","0","0","2214","0","0","0","N","0","0","0","10","02214","0","","1.0","","1","N","N","","0","","0","0","1","","2","","","3","0","0","0","0","0","0","2","0","3","","","","N","","","","","","","","","",""
"2012064700","","3","0","0","0","0","0","0","0","0","1","0","","02","6","2012","7","40.489766","-79.904559","","11","0","0","0","0","0","2","0","0","1","0","0","0","","","0","","0","","40 29:23.158","3","0","79 54:16.411","9","0","0","0","2401","0","0","0","N","0","0","0","5","02401","0","","1.0","","1","N","N","","0","","0","0","1","","0","N","","4","0","0","0","0","0","1","2","0","4","","","","N","","","","","","","","","",""
"2012064765","","2","0","0","0","0","0","0","0","0","4","0","","02","6","2012","6","40.454221","-79.886823","","11","0","0","0","0","0","0","0","0","","0","0","0","","","0","","1","","40 27:15.196","","0","79 53:12.561","0","0","0","0","2301","0","0","0","","0","0","0","2","02301","0","","1.0","","1","N","N","","0","","0","0","0","","1","","","2","0","1","0","0","0","0","2","0","2","","","","N","","","","","","","","","",""
"2012067210","","1","0","0","0","0","0","0","0","0","4","0","","02","7","2012","6","40.449498","-80.173795","","11","0","0","0","0","0","2","0","0","","0","0","0","","","1","","0","","40 26:58.192","","0","80 10:25.663","3","0","0","1","2214","0","0","0","N","0","0","0","2","02214","0","","1.0","","1","N","N","","0","","1","0","0","","0","","","2","1","0","0","0","0","0","2","0","2","","","","N","","","","","","","","","",""
"2012066521","","1","0","0","0","0","0","0","0","0","4","0","","02","6","2012","6","40.445446","-79.765266","","11","0","0","0","0","0","1","0","0","2","0","0","0","","","1","","1","","40 26:43.605","4","0","79 45:54.957","2","0","1","1","2446","0","0","0","N","0","0","0","2","02446","0","","1.0","","1","N","N","","0","","0","1","0","","0","N","","2","1","0","0","0","0","0","2","0","2","","","","N","","","","","","","","","",""
"2012063217","","2","0","0","0","0","0","0","0","0","1","0","55","02","6","2012","4","40.65328","-80.063183","","11","0","0","0","0","0","0","0","0","3","0","0","0","","","1","","0","","40 39:11.807","4","0","80 03:47.459","4","0","0","0","2216","0","0","0","N","0","0","0","3","68T02","1","","1.0","","1","N","N","","0","","0","0","0","","0","N","","3","1","0","0","0","0","0","2","0","3","","","Y","Y","4","1","N","N","N","N","Y","N","N",""
"2012066379","","1","0","0","1","0","0","0","0","0","5","0","","02","7","2012","5","40.43778","-79.972856","","11","0","0","0","0","0","1","0","0","1","0","0","0","","","1","","1","","40 26:16.008","3","0","79 58:22.281","8","0","0","0","2301","1","0","0","N","0","0","0","3","02301","0","","1.0","","1","N","N","","0","","0","0","0","","2","N","","2","1","0","0","0","1","0","2","0","1","","","","N","","","","","","","","","",""
"2012065459","","2","0","0","0","0","0","0","0","0","1","0","","02","6","2012","5","40.42039","-80.032356","","11","0","0","0","0","0","1","0","0","","0","0","0","","","1","","0","","40 25:13.404","","0","80 01:56.481","4","0","0","0","2301","0","0","0","N","0","0","0","2","68B03","1","","1.0","","1","N","N","","0","","0","0","0","","0","","","2","1","0","0","0","0","0","2","0","2","","","","N","","","","","","","","","",""
"2012063218","","3","0","0","0","0","0","0","0","0","1","0","55","02","6","2012","1","40.653902","-80.065355","","11","0","0","0","1","1","0","1","0","1","0","0","0","","","1","","0","","40 39:14.048","4","0","80 03:55.277","4","0","0","0","2216","0","0","0","N","0","0","0","5","68T02","1","","1.0","","1","N","N","","0","","0","0","1","","0","N","","4","1","0","0","0","0","0","2","0","4","","","N","Y","8","1","N","N","N","N","N","N","Y",""
"2012067212","","1","0","0","0","0","0","0","0","0","1","0","","02","6","2012","5","40.438756","-79.748699","","11","0","0","0","0","1","0","0","0","","0","0","0","","","1","","0","","40 26:19.523","","0","79 44:55.316","4","0","0","0","2446","0","0","0","N","0","0","0","3","02446","1","","1.0","","1","N","N","","0","","0","0","0","","0","","","2","1","0","0","0","0","0","2","1","2","","","","N","","","","","","","","","",""
"2012066524","","0","0","0","0","0","0","0","0","0","1","0","","02","7","2012","5","40.411252","-80.046382","","11","0","0","0","0","0","0","0","0","1","0","0","0","","","0","","2","","40 24:40.506","2","0","80 02:46.974","9","0","0","0","2435","0","0","0","N","0","0","0","4","02435","0","","1.0","","1","N","N","","0","","0","0","2","","0","N","","3","0","0","0","0","0","2","2","1","3","","","","N","","","","","","","","","",""
"2012068957","","2","0","0","0","0","0","0","0","0","3","0","","02","7","2012","2","40.481395","-80.033351","","11","0","0","0","0","1","0","0","0","","0","0","0","","","0","","2","","40 28:53.022","","0","80 02:00.063","0","0","0","0","2301","0","0","0","N","0","0","0","1","02301","0","","2.0","","1","N","N","","0","","0","0","0","","0","","","2","0","0","0","0","0","0","2","0","2","","","","N","","","","","","","","","",""
"2012067434","","1","0","0","0","0","0","0","0","0","7","0","","02","7","2012","5","40.540128","-79.824787","","11","0","0","0","0","0","1","0","0","1","0","0","0","","","0","","0","","40 32:24.461","2","1","79 49:29.232","0","0","0","0","2208","0","0","0","N","0","0","0","1","02208","0","","3.0","","1","N","N","","0","","0","0","0","","0","N","","1","0","0","0","0","0","0","2","0","1","","","","N","","","","","","","","","",""
"2012065958","","1","0","0","0","0","0","0","0","0","7","0","","02","7","2012","4","40.447942","-80.002033","","11","0","0","0","0","0","0","0","0","3","0","0","0","","","2","","1","","40 26:52.590","5","3","80 00:07.320","8","0","0","0","2301","0","0","0","N","0","0","0","2","02301","0","","1.0","","9","N","N","","0","","0","0","0","","0","Y","","1","2","0","0","0","2","0","2","0","1","","","","N","","","","","","","","","",""
"2012067584","","1","0","0","0","0","0","0","0","0","1","0","","02","7","2012","1","40.634618","-79.939842","","11","0","0","0","0","0","1","0","1","2","0","0","0","","","0","","0","","40 38:04.625","2","0","79 56:23.431","0","0","0","0","2217","0","0","0","N","0","0","0","6","02505","0","","1.0","","1","N","N","","0","","0","0","1","","0","N","","3","0","0","0","0","0","0","2","1","3","","","","N","","","","","","","","","",""
"2012066878","","0","0","0","0","0","0","0","0","1","7","0","","02","6","2012","6","40.507118","-80.241189","","11","0","0","0","0","0","0","0","0","2","0","0","0","","","2","","0","","40 30:25.624","4","0","80 14:28.280","2","0","0","0","2213","0","0","0","Y","0","0","0","2","02213","0","","2.0","","1","N","N","","0","","1","1","1","","0","N","","1","2","1","0","1","0","0","2","0","1","","","","N","","","","","","","","","",""
"2012068958","","1","0","0","0","0","0","0","0","0","4","0","","02","7","2012","2","40.568818","-80.049573","","11","0","1","0","0","0","0","0","0","2","0","0","0","","","0","","0","","40 34:07.743","5","0","80 02:58.464","0","0","0","0","2108","0","0","0","N","0","0","0","1","02108","0","","5.0","","1","N","N","","3","","0","0","0","","0","Y","","4","0","0","0","0","0","0","2","0","4","","","","N","","","","","","","","","",""
"2012067435","","2","0","0","0","0","0","0","0","0","1","0","","02","7","2012","6","40.429786","-80.007886","","11","0","0","0","0","0","1","0","1","1","0","0","0","","","0","","0","","40 25:47.229","4","0","80 00:28.389","0","0","0","0","2301","0","0","0","N","0","0","0","4","02301","0","","1.0","","1","N","N","","0","","0","0","1","","0","Y","","3","0","0","0","0","0","0","2","0","3","","","","N","","","","","","","","","",""
"2012068267","","1","0","0","0","0","0","0","0","0","7","0","","02","7","2012","3","40.22245","-79.898177","","11","0","0","1","0","0","0","0","0","2","0","0","0","","","1","","0","","40 13:20.820","6","0","79 53:53.437","8","0","0","0","2204","0","0","0","N","0","0","0","1","02204","0","","5.0","","9","N","N","","0","","0","0","0","","0","N","","1","1","1","0","0","1","0","1","0","1","","","","N","","","","","","","","","",""
"2012067518","","1","0","0","0","0","0","0","0","0","5","0","","02","7","2012","3","40.496966","-80.058393","","11","0","0","0","0","0","0","0","0","","0","0","0","","","0","","0","","40 29:49.077","","0","80 03:30.214","0","0","0","0","2404","0","0","0","N","0","0","0","2","02404","0","","2.0","","1","N","N","","1","","0","0","0","","0","","","2","0","0","0","0","0","0","2","0","2","","","","N","","","","","","","","","",""
"2012067585","","1","0","0","1","0","0","0","0","0","8","0","","02","7","2012","7","40.428648","-79.9789","","11","0","0","0","0","0","0","0","0","","0","0","0","","","1","","0","","40 25:43.131","","0","79 58:44.040","3","0","0","0","2301","1","0","0","N","0","0","0","2","02301","0","","1.0","","1","N","N","","0","","1","0","0","","0","","","2","1","0","0","0","0","0","2","0","1","","","","N","","","","","","","","","",""
"2012068959","","1","0","0","0","0","0","0","0","0","7","0","","02","6","2012","7","40.508067","-80.169756","","11","0","0","0","0","0","0","0","0","","0","0","0","","","0","","0","","40 30:29.042","","0","80 10:11.122","0","0","0","0","2213","0","0","0","N","0","0","0","1","02213","0","","4.0","","1","N","N","","0","","0","0","0","","0","","","1","0","0","0","0","0","0","2","0","1","","","","N","","","","","","","","","",""
"2012066103","","0","0","0","0","0","0","0","0","0","99","0","","02","7","2012","4","40.45863","-79.957447","","11","0","0","0","0","0","0","0","0","","0","0","0","","","2","","1","","40 27:31.068","","0","79 57:26.810","4","0","0","1","2301","0","0","0","N","0","0","0","2","02301","2","","1.0","","3","N","N","","0","","0","0","0","","2","","","1","2","0","0","0","0","0","2","0","1","","","","N","","","","","","","","","",""
"2012068960","","1","0","0","1","0","0","0","0","0","8","0","","02","7","2012","4","40.521473","-80.191085","","11","0","0","0","0","0","1","0","0","","0","0","0","","","1","","2","","40 31:17.302","","0","80 11:27.906","8","0","0","0","2213","1","0","0","N","0","0","0","2","02213","0","","1.0","","1","N","N","","0","","0","0","0","","3","","","2","1","0","0","0","1","0","2","0","1","","","","N","","","","","","","","","",""
"2012067361","","1","0","0","0","0","0","0","0","0","1","0","","02","7","2012","7","40.343943","-79.798758","","11","0","0","0","0","0","0","0","0","1","0","0","0","","","1","","2","","40 20:38.193","1","0","79 47:55.529","8","0","0","0","2477","0","0","0","N","0","0","0","2","02477","0","","1.0","","1","N","N","","1","","0","0","0","","0","N","","2","1","0","0","0","1","0","2","0","2","","","","N","","","","","","","","","",""
"2012066118","","2","0","0","0","0","0","0","0","0","2","0","","02","7","2012","3","40.618212","-80.055624","","11","0","0","0","0","1","1","0","0","1","0","0","0","","","1","","1","","40 37:05.564","2","0","80 03:20.247","8","0","0","0","2216","0","0","0","N","0","0","0","5","02505","0","","1.0","","1","N","N","","0","","0","0","0","","2","N","","2","1","1","0","0","1","0","1","0","2","","","","N","","","","","","","","","",""
"2012067438","","0","0","0","0","0","0","0","0","0","7","0","","02","7","2012","7","40.381222","-80.214497","","11","0","0","0","0","0","1","0","0","","0","0","0","","","0","","0","","40 22:52.400","","0","80 12:52.190","0","0","0","0","2214","0","0","0","N","0","0","0","1","02214","0","","5.0","","1","N","N","","1","","0","0","0","","0","","","1","0","0","0","0","0","0","2","0","1","","","","N","","","","","","","","","",""
"2012067521","","2","0","0","0","0","0","0","0","0","4","0","","02","7","2012","2","40.431364","-79.815836","","11","0","0","0","0","0","1","0","0","","0","0","0","","","0","","0","","40 25:52.912","","7","79 48:57.011","0","0","0","0","2124","0","0","0","N","0","0","0","3","02124","0","","1.0","","1","N","N","","0","","0","0","0","","2","","","2","0","0","0","0","0","0","2","0","2","","","","N","","","","","","","","","",""
"2012068200","","0","0","0","0","0","0","0","0","0","1","0","","02","7","2012","3","40.436877","-79.972731","","11","0","0","0","0","0","0","0","0","","0","0","0","","","0","","3","","40 26:12.756","","2","79 58:21.831","0","0","0","0","2301","0","0","0","Y","0","0","0","2","02301","0","","1.0","","1","N","N","","1","","0","0","1","","0","","","2","0","0","0","0","0","0","2","0","2","","","","N","","","","","","","","","",""
"2012067589","","2","0","0","0","0","0","0","0","0","5","0","","02","7","2012","7","40.423332","-79.892354","","11","0","0","0","0","0","0","0","0","","0","0","0","","","0","","0","","40 25:23.995","","0","79 53:32.474","0","0","0","0","2463","0","0","0","N","0","0","0","1","02463","0","","6.0","","1","N","N","","0","","0","0","0","","0","","","2","0","0","0","0","0","0","2","0","2","","","","N","","","","","","","","","",""
"2012066746","","0","0","0","0","0","0","0","0","0","7","0","","02","7","2012","5","40.468435","-79.828533","","11","0","0","0","0","0","0","0","1","","0","0","0","","","0","","0","","40 28:06.366","","0","79 49:42.718","0","0","0","0","2113","0","0","0","N","0","0","0","1","02113","0","","5.0","","1","N","N","","0","","0","0","1","","0","","","1","0","0","0","0","0","0","2","0","1","","","","N","","","","","","","","","",""
"2012067590","","0","0","0","0","0","0","0","0","0","7","0","","02","7","2012","1","40.368194","-79.911551","","11","0","0","0","0","0","0","0","0","","0","0","0","","","0","","0","","40 22:05.498","","0","79 54:41.583","0","0","0","0","2301","0","0","0","N","0","0","0","2","02301","0","","1.0","","1","N","N","","0","","0","0","1","","0","","","1","0","0","0","0","0","0","2","0","1","","","","N","","","","","","","","","",""
"2012066122","","1","0","0","0","0","0","0","0","0","4","0","","02","7","2012","3","40.353336","-79.956126","","11","0","0","0","0","0","0","1","0","2","0","0","0","","","2","","0","","40 21:12.008","5","0","79 57:22.053","8","0","0","0","2473","0","0","0","N","0","0","0","2","02473","0","","1.0","","9","N","N","","0","","0","0","1","","0","N","","2","2","0","0","0","2","0","2","0","2","","","","N","","","","","","","","","",""
"2012067367","","1","0","0","0","0","0","0","0","0","1","0","","02","7","2012","7","40.474761","-79.931763","","11","0","0","0","0","0","0","0","0","1","0","0","0","","","1","","0","","40 28:29.139","7","0","79 55:54.346","3","0","0","0","2301","0","0","0","N","0","0","0","2","02301","0","","2.0","","1","N","N","","0","","1","0","1","","0","Y","","3","1","0","0","0","0","0","2","0","2","","","","N","","","","","","","","","",""
"2012067441","","1","0","0","0","0","0","0","0","0","5","0","","02","7","2012","7","40.477855","-79.968429","","11","0","0","0","0","0","0","1","0","1","0","0","0","","","0","","0","","40 28:40.279","2","0","79 58:06.343","9","0","0","0","2118","0","0","0","Y","0","0","0","3","02118","0","","1.0","","1","N","N","","0","","0","0","0","","0","Y","","2","0","0","0","0","0","1","2","0","2","","","","N","","","","","","","","","",""
"2012068274","","1","0","0","0","0","0","0","0","0","1","0","","02","7","2012","1","40.369061","-79.782515","","11","0","0","0","0","0","0","0","0","2","0","0","0","","","1","","2","","40 22:08.619","6","0","79 46:57.054","8","0","0","0","2111","0","0","0","N","0","0","0","2","02111","0","","1.0","","1","N","N","","0","","0","0","1","","0","N","","2","1","1","0","0","1","0","2","0","2","","","","N","","","","","","","","","",""
"2012066680","","3","0","0","0","0","0","0","0","0","4","0","","02","7","2012","5","40.457842","-79.974246","","11","0","0","0","0","0","0","0","0","3","0","0","0","","","0","","1","","40 27:28.231","4","0","79 58:27.285","0","0","0","0","2301","0","0","0","N","0","0","0","2","02301","0","","1.0","","1","N","N","","0","","0","0","1","","3","N","","4","0","0","0","0","0","0","2","0","4","","","","N","","","","","","","","","",""
"2012068286","","2","0","0","0","0","0","0","0","0","2","0","","02","7","2012","3","40.456549","-79.997605","","11","0","0","0","0","0","0","0","0","2","0","0","0","","","4","","1","","40 27:23.575","4","0","79 59:51.378","8","0","0","0","2301","0","0","0","N","0","0","0","6","02301","0","","1.0","","1","N","N","","0","","0","0","0","","2","N","","2","4","0","0","0","4","0","2","0","2","","","","N","","","","","","","","","",""
"2012068203","","1","0","0","0","0","0","0","0","0","1","0","","02","7","2012","4","40.431434","-80.012109","","11","0","0","0","0","0","0","0","0","","0","0","0","","","0","","2","","40 25:53.162","","0","80 00:43.592","0","0","0","0","2301","0","0","0","N","0","0","0","1","02301","0","","2.0","","1","N","N","","1","","0","0","0","","3","","","2","0","0","0","0","0","0","2","0","2","","","","N","","","","","","","","","",""
"2012065978","","1","0","0","0","0","0","0","0","0","7","0","","02","7","2012","4","40.447137","-79.895168","","11","0","0","0","0","0","0","0","0","","0","0","0","","","1","","1","","40 26:49.694","","0","79 53:42.603","4","0","0","0","2301","0","0","0","N","0","0","0","1","02301","1","","5.0","","9","N","N","","0","","0","0","0","","2","","","1","1","0","0","0","0","0","2","0","1","","","","N","","","","","","","","","",""
"2012067607","","1","0","0","0","0","0","0","0","0","1","0","","02","7","2012","7","40.340803","-79.966636","","11","0","0","0","0","0","1","1","0","1","0","0","0","","","2","","0","","40 20:26.891","3","0","79 57:59.890","8","0","0","0","2454","0","0","0","N","0","0","0","6","02454","0","","1.0","","1","N","N","","2","","0","0","0","","0","N","","3","2","0","0","0","2","0","2","0","3","","","","N","","","","","","","","","",""
"2012066124","","1","0","0","0","0","0","0","0","0","4","0","","02","7","2012","3","40.444202","-80.028173","","11","0","0","1","0","1","0","0","0","","0","0","0","","","0","","5","","40 26:39.126","","0","80 01:41.424","0","0","0","0","2301","0","0","0","N","0","0","0","7","02301","0","","1.0","","1","N","N","","0","","0","0","1","","2","","","2","0","0","0","0","0","0","2","0","2","","","","N","","","","","","","","","",""
"2012068204","","1","0","0","0","0","0","0","0","0","1","0","","02","7","2012","3","40.382229","-79.995887","","11","0","0","0","0","0","1","0","0","","0","0","0","","","0","","5","","40 22:56.024","","0","79 59:45.194","0","0","0","0","2301","0","0","0","N","0","0","0","2","02301","0","","1.0","","1","N","N","","1","","0","0","0","","2","","","2","0","0","0","0","0","0","2","0","2","","","","N","","","","","","","","","",""
"2012066125","","1","0","0","0","0","0","0","0","0","4","0","","02","6","2012","6","40.521896","-80.048194","","11","0","0","0","0","0","0","0","0","1","0","0","0","","","2","","5","","40 31:18.826","1","0","80 02:53.498","3","0","0","0","2116","0","0","0","N","0","0","0","3","02116","1","","1.0","","9","N","N","","0","","1","0","1","","0","Y","","2","2","0","0","0","0","0","2","0","2","","","","N","","","","","","","","","",""
"2012068205","","2","0","0","0","0","0","0","0","0","1","0","","02","7","2012","2","40.493555","-79.915226","","11","0","0","0","0","0","1","0","0","","0","0","0","","","1","","0","","40 29:36.799","","0","79 54:54.813","3","0","0","0","2461","0","0","0","N","0","0","0","3","02461","0","","1.0","","1","N","N","","0","","1","0","1","","2","","","3","1","0","0","0","0","0","2","0","3","","","","N","","","","","","","","","",""
"2012066750","","2","0","0","0","0","0","0","0","0","4","0","","02","7","2012","5","40.453376","-79.980689","","11","0","0","0","0","0","0","0","0","1","0","0","0","","","0","","1","","40 27:12.153","4","0","79 58:50.480","0","0","0","0","2301","0","0","0","N","0","0","0","3","02301","0","","1.0","","1","N","N","","0","","0","0","0","","3","Y","","2","0","0","0","0","0","0","2","0","2","","","","N","","","","","","","","","",""
"2012067531","","1","0","0","0","0","0","0","0","0","2","0","","02","7","2012","7","40.351741","-80.011492","","11","1","0","0","0","0","0","0","0","2","0","0","0","","","0","","1","","40 21:06.266","4","0","80 00:41.371","0","0","0","0","2476","0","0","0","N","0","0","0","5","02476","0","","1.0","","1","N","N","","0","","0","0","1","","2","N","","2","0","0","0","0","0","0","2","0","2","","","","N","","","","","","","","","",""
"2012068291","","0","0","0","0","0","0","0","0","0","4","0","","02","7","2012","3","40.536083","-79.841348","","11","0","0","0","0","0","0","0","1","1","0","0","0","","","0","","2","","40 32:09.897","5","0","79 50:28.852","0","0","0","0","2208","0","0","0","N","0","0","0","3","02208","0","","1.0","","1","N","N","","0","","0","0","2","","3","N","","2","0","0","0","0","0","0","2","0","2","","","","N","","","","","","","","","",""
"2012067450","","1","0","0","0","0","0","0","0","0","7","0","","02","7","2012","3","40.573903","-79.841944","","11","0","0","0","0","0","0","1","0","","0","0","0","","","0","","0","","40 34:26.050","","0","79 50:31.000","9","0","0","0","2209","0","0","0","N","0","0","0","1","02209","0","","2.0","","1","N","N","","0","","0","0","0","","0","","","1","0","0","0","0","0","1","1","0","1","","","","N","","","","","","","","","",""
"2012065921","","1","0","0","0","0","0","0","0","0","4","0","","02","7","2012","3","40.570666","-79.787517","","11","0","0","0","1","0","1","0","0","","0","0","0","","","2","","1","","40 34:14.396","","0","79 47:15.062","4","0","0","0","2206","0","0","0","N","0","0","0","3","02206","2","","1.0","","3","N","N","","0","","0","0","1","","3","","","2","2","0","0","0","0","0","2","0","2","","","","N","","","","","","","","","",""