"CRN","ARRIVAL_TM","AUTOMOBILE_COUNT","BELTED_DEATH_COUNT","BELTED_SUSP_SERIOUS_INJ_COUNT","BICYCLE_COUNT","BICYCLE_DEATH_COUNT","BICYCLE_SUSP_SERIOUS_INJ_COUNT","BUS_COUNT","CHLDPAS_DEATH_COUNT","CHLDPAS_SUSP_SERIOUS_INJ_COUNT","COLLISION_TYPE","COMM_VEH_COUNT","CONS_ZONE_SPD_LIM","COUNTY","CRASH_MONTH","CRASH_YEAR","DAY_OF_WEEK","DEC_LATITUDE","DEC_LONGITUDE","DISPATCH_TM","DISTRICT","DRIVER_COUNT_16YR","DRIVER_COUNT_17YR","DRIVER_COUNT_18YR","DRIVER_COUNT_19YR","DRIVER_COUNT_20YR","DRIVER_COUNT_50_64YR","DRIVER_COUNT_65_74YR","DRIVER_COUNT_75PLUS","EST_HRS_CLOSED","FATAL_COUNT","HEAVY_TRUCK_COUNT","HORSE_BUGGY_COUNT","HOUR_OF_DAY","ILLUMINATION","INJURY_COUNT","INTERSECTION_RELATED","INTERSECT_TYPE","LANE_CLOSED","LATITUDE","LN_CLOSE_DIR","LOCATION_TYPE","LONGITUDE","MAX_SEVERITY_LEVEL","MCYCLE_DEATH_COUNT","MCYCLE_SUSP_SERIOUS_INJ_COUNT","MOTORCYCLE_COUNT","MUNICIPALITY","NONMOTR_COUNT","NONMOTR_DEATH_COUNT","NONMOTR_SUSP_SERIOUS_INJ_COUNT","NTFY_HIWY_MAINT","PED_COUNT","PED_DEATH_COUNT","PED_SUSP_SERIOUS_INJ_COUNT","PERSON_COUNT","POLICE_AGCY","POSSIBLE_INJ_COUNT","RDWY_SURF_TYPE_CD","RELATION_TO_ROAD","ROADWAY_CLEARED","ROAD_CONDITION","SCH_BUS_IND","SCH_ZONE_IND","SECONDARY_CRASH","SMALL_TRUCK_COUNT","SPEC_JURIS_CD","SUSP_MINOR_INJ_COUNT","SUSP_SERIOUS_INJ_COUNT","SUV_COUNT","TCD_FUNC_CD","TCD_TYPE","TFC_DETOUR_IND","TIME_OF_DAY","TOTAL_UNITS","TOT_INJ_COUNT","UNBELTED_OCC_COUNT","UNB_DEATH_COUNT","UNB_SUSP_SERIOUS_INJ_COUNT","UNK_INJ_DEG_COUNT","UNK_INJ_PER_COUNT","URBAN_RURAL","VAN_COUNT","VEHICLE_COUNT","WEATHER1","WEATHER2","WORKERS_PRES","WORK_ZONE_IND","WORK_ZONE_LOC","WORK_ZONE_TYPE","WZ_CLOSE_DETOUR","WZ_FLAGGER","WZ_LAW_OFFCR_IND","WZ_LN_CLOSURE","WZ_MOVING","WZ_OTHER","WZ_SHLDER_MDN","WZ_WORKERS_INJ_KILLED"
"2012066060","","1","0","0","0","0","0","0","0","0","1","0","","02","7","2012","3","40.630486","-79.886769","","11","0","0","0","0","0","0","0","0","","0","0","0","","","0","","0","","40 37:49.750","","0","79 53:12.368","0","0","0","0","2220","0","0","0","N","0","0","0","4","02220","0","","1.0","","1","N","N","","0","","0","0","1","","0","","","2","0","0","0","0","0","0","1","0","2","","","","N","","","","","","","","","",""
"2012068223","","1","0","0","0","0","0","0","0","0","1","0","","02","7","2012","2","40.633181","-79.954523","","11","0","0","0","0","0","0","0","0","","0","0","0","","","0","","2","","40 37:59.453","","0","79 57:16.283","0","0","0","0","2217","0","0","0","N","0","0","0","3","02505","0","","1.0","","1","N","N","","0","","0","0","1","","2","","","2","0","0","0","0","0","0","2","0","2","","","","N","","","","","","","","","",""
"2012065922","","0","0","0","0","0","0","0","0","0","4","0","","02","7","2012","3","40.432969","-79.996681","","11","0","0","0","0","0","0","0","0","","0","0","0","","","1","","0","","40 25:58.688","","3","79 59:48.052","4","0","0","0","2301","0","0","0","Y","0","0","0","3","02301","1","","1.0","","1","N","N","","0","","0","0","0","","0","","","2","1","0","0","0","0","0","2","2","2","","","","N","","","","","","","","","",""
"2012067377","","1","0","0","0","0","0","0","0","0","5","0","","02","6","2012","5","40.369736","-80.086185","","11","0","0","0","0","0","0","1","0","1","0","0","0","","","0","","2","","40 22:11.049","2","0","80 05:10.266","0","0","0","0","2117","0","0","0","N","0","0","0","6","02117","0","","1.0","","1","N","N","","1","","0","0","1","","3","N","","3","0","0","0","0","0","0","2","0","3","","","","N","","","","","","","","","",""
"2012066062","","2","0","0","0","0","0","0","0","0","5","0","","02","7","2012","4","40.465593","-79.965139","","11","0","0","0","0","0","0","0","0","2","0","0","0","","","1","","2","","40 27:56.133","1","0","79 57:54.501","4","0","0","0","2301","0","0","0","N","0","0","0","1","02301","1","","2.0","","9","N","N","","0","","0","0","0","","0","Y","","2","1","0","0","0","0","0","2","0","2","","","","N","","","","","","","","","",""
"2012066132","","2","0","0","0","0","0","0","0","0","1","0","","02","7","2012","2","40.498929","-79.790247","","11","0","0","0","0","0","0","0","1","1","0","0","0","","","0","","0","","40 29:56.144","2","7","79 47:24.889","0","0","0","0","2113","0","0","0","N","0","0","0","2","02113","0","","1.0","","1","N","N","","0","","0","0","0","","0","N","","2","0","0","0","0","0","0","2","0","2","","","","N","","","","","","","","","",""
"2012067378","","1","0","0","0","0","0","0","0","0","4","0","","02","7","2012","7","40.501232","-79.934183","","11","0","0","0","0","0","0","1","0","1","0","0","0","","","0","","2","","40 30:04.435","1","0","79 56:03.058","0","0","0","0","2112","0","0","0","N","0","0","0","2","02112","0","","1.0","","1","N","N","","1","","0","0","0","","3","N","","2","0","0","0","0","0","0","2","0","2","","","","N","","","","","","","","","",""
"2012068211","","0","0","0","0","0","0","0","0","0","7","0","","02","7","2012","2","40.443127","-79.814455","","11","0","0","0","0","0","0","0","0","","1","0","0","","","0","","0","","40 26:35.256","","0","79 48:52.038","1","1","0","1","2113","0","0","0","Y","0","0","0","1","02113","0","2","5.0","","1","N","N","","0","0","0","0","0","","0","","","1","0","0","0","0","0","0","2","0","1","","","","N","","","","","","","","","",""
"2012067536","","1","0","0","0","0","0","0","0","0","0","0","","02","7","2012","5","40.602266","-80.116779","","11","0","0","0","0","0","0","0","0","","0","0","0","","","0","","0","","40 36:08.158","","0","80 07:00.404","0","0","0","0","2481","0","0","0","N","0","0","0","1","02481","0","","1.0","","1","N","N","","0","","0","0","0","","0","","","1","0","0","0","0","0","0","2","0","1","","","","N","","","","","","","","","",""
"2012068298","","0","0","0","0","0","0","0","0","0","8","0","","02","7","2012","3","40.436801","-79.927708","","11","0","0","0","0","0","0","0","0","1","0","0","0","","","1","","1","","40 26:12.483","1","0","79 55:39.748","3","0","0","0","2301","1","0","0","N","1","0","0","2","02301","0","","1.0","","1","N","N","","0","","1","0","1","","0","N","","2","1","0","0","0","0","0","2","0","1","","","","N","","","","","","","","","",""
"2012066050","","0","0","0","0","0","0","0","0","0","99","0","55","02","7","2012","3","40.640205","-80.002933","","11","0","0","0","0","0","0","0","0","","0","0","0","","","1","","0","","40 38:24.738","","0","80 00:10.558","4","0","0","0","2216","0","0","0","N","0","0","0","1","68T02","1","","1.0","","1","N","N","","0","","0","0","1","","0","","","1","1","0","0","0","0","0","1","0","1","","","Y","Y","4","1","N","N","N","N","N","N","Y",""
"2012068228","","1","0","0","0","0","0","0","0","0","8","0","","02","7","2012","3","40.382321","-80.044012","","11","0","0","0","0","0","0","0","1","1","0","0","0","","","1","","2","","40 22:56.356","1","0","80 02:38.444","8","0","0","0","2109","1","0","0","N","1","0","0","2","02109","0","","1.0","","1","N","N","","0","","0","0","0","","2","N","","2","1","0","0","0","1","0","2","0","1","","","","N","","","","","","","","","",""
"2012067538","","1","0","0","0","0","0","0","0","0","1","0","","02","7","2012","6","40.506836","-79.842776","","11","0","0","0","0","0","1","0","0","1","0","0","0","","","0","","0","","40 30:24.609","1","0","79 50:33.994","0","0","0","0","2468","0","0","0","N","0","0","0","2","02468","0","","1.0","","1","N","N","","0","","0","0","1","","0","N","","2","0","0","0","0","0","0","2","0","2","","","","N","","","","","","","","","",""
"2012068300","","0","0","0","0","0","0","0","0","0","7","0","","02","7","2012","1","40.358742","-80.028704","","11","0","0","0","0","0","0","0","0","","0","0","0","","","1","","0","","40 21:31.471","","0","80 01:43.336","4","0","0","0","2416","0","0","0","N","0","0","0","3","02416","1","","2.0","","1","N","N","","0","","0","0","0","","0","","","1","1","1","0","0","0","0","2","1","1","","","","N","","","","","","","","","",""
"2012066070","","0","0","0","0","0","0","0","0","0","7","0","","02","7","2012","3","40.648939","-79.844299","","11","0","0","0","0","0","1","0","0","","0","0","0","","","0","","0","","40 38:56.182","","0","79 50:39.477","0","0","0","0","2220","0","0","0","N","0","0","0","1","02220","0","","5.0","","1","N","N","","1","","0","0","0","","0","","","1","0","1","0","0","0","0","1","0","1","","","","N","","","","","","","","","",""
"2012066071","","0","0","0","0","0","0","0","0","0","0","0","","02","7","2012","3","40.367874","-79.929597","","11","0","0","0","0","0","0","0","0","1","0","0","0","","","1","","2","","40 22:04.346","1","0","79 55:46.549","4","0","0","1","2473","0","0","0","N","0","0","0","1","02473","1","","1.0","","1","N","N","","0","","0","0","0","","2","N","","1","1","0","0","0","0","0","2","0","1","","","","N","","","","","","","","","",""
"2012067399","","2","0","0","0","0","0","0","0","0","2","0","","02","7","2012","7","40.486982","-79.916261","","11","0","0","0","0","0","2","0","0","2","1","0","0","","","1","","6","","40 29:13.134","6","8","79 54:58.539","1","0","0","0","2301","0","0","0","N","0","0","0","2","02301","0","9","1.0","","1","N","N","","0","0","0","0","0","","0","Y","","2","1","0","0","0","1","0","2","0","2","","","","N","","","","","","","","","",""
"2012065993","","1","0","0","0","0","0","0","0","0","7","0","","02","5","2012","2","40.548891","-80.085976","","11","0","0","0","0","0","0","0","0","","0","0","0","","","1","","0","","40 32:56.007","","0","80 05:09.514","4","0","0","0","2215","0","0","0","N","0","0","0","1","68B03","1","","2.0","","8","N","N","","0","","0","0","0","","0","","","1","1","0","0","0","0","0","2","0","1","","","","N","","","","","","","","","",""
"2012067474","","2","0","0","0","0","0","0","0","0","4","0","","02","7","2012","7","40.475174","-79.772912","","11","0","0","0","0","0","0","0","0","","0","0","0","","","0","","2","","40 28:30.628","","0","79 46:22.484","0","0","0","0","2466","0","0","0","N","0","0","0","2","02466","0","","1.0","","1","N","N","","0","","0","0","0","","3","","","2","0","0","0","0","0","0","2","0","2","","","","N","","","","","","","","","",""
"2012065994","","1","0","0","0","0","0","0","0","0","7","0","","02","7","2012","2","40.36523","-80.119108","","11","0","0","0","0","0","0","0","0","","0","0","0","","","1","","0","","40 21:54.829","","0","80 07:08.788","4","0","0","0","2102","0","0","0","N","0","0","0","1","68B03","1","","4.0","","1","N","N","","0","","0","0","0","","0","","","1","1","0","0","0","0","0","2","0","1","","","","N","","","","","","","","","",""
"2012066141","","1","0","0","0","0","0","0","0","0","4","0","","02","7","2012","3","40.403605","-80.099716","","11","0","0","0","0","0","0","0","0","2","0","0","0","","","1","","1","","40 24:12.979","7","0","80 05:58.979","4","0","0","0","2102","0","0","0","N","0","0","0","3","02102","1","","1.0","","9","N","N","","1","","0","0","0","","3","Y","","2","1","0","0","0","0","0","2","0","2","","","","N","","","","","","","","","",""
"2012068236","","0","0","0","0","0","0","0","0","0","1","0","","02","7","2012","2","40.356538","-80.119405","","11","0","0","0","0","0","1","1","0","2","0","0","0","","","1","","2","","40 21:23.538","3","2","80 07:09.858","3","0","0","0","2119","0","0","0","N","0","0","0","4","02119","0","","1.0","","1","N","N","","1","","1","0","1","","2","N","","2","1","0","0","0","0","0","2","0","2","","","","N","","","","","","","","","",""
"2012065995","","0","0","0","0","0","0","0","0","0","4","0","","02","7","2012","3","40.526479","-80.159126","","11","0","0","0","0","0","0","0","0","","0","0","0","","","0","","1","","40 31:35.323","","0","80 09:32.853","0","0","0","0","2452","0","0","0","N","0","0","0","4","68B03","0","","1.0","","1","N","N","","1","","0","0","1","","2","","","2","0","0","0","0","0","0","2","0","2","","","","N","","","","","","","","","",""
"2012067544","","2","0","0","0","0","0","0","0","0","4","0","","02","7","2012","7","40.605382","-79.890514","","11","0","0","0","0","0","0","0","0","1","0","0","0","","","2","","0","","40 36:19.375","3","0","79 53:25.850","4","0","0","0","2220","0","0","0","N","0","0","0","4","02220","2","","1.0","","1","N","N","","0","","0","0","0","","0","N","","2","2","0","0","0","0","0","1","0","2","","","","N","","","","","","","","","",""
"2012066767","","3","0","0","0","0","0","0","0","0","1","0","","02","7","2012","5","40.482186","-79.870049","","11","0","0","0","0","0","1","0","0","1","0","0","0","","","1","","0","","40 28:55.870","3","0","79 52:12.175","8","0","0","0","2113","0","0","0","","0","0","0","3","02113","0","","1.0","","1","","","","0","","0","0","0","","0","N","","3","1","0","0","0","1","0","2","0","3","","","","N","","","","","","","","","",""
"2012067561","","2","0","0","0","0","0","0","0","0","6","0","","02","7","2012","1","40.278493","-79.855923","","11","0","0","0","1","0","0","1","0","1","0","0","0","","","1","","2","","40 16:42.573","5","0","79 51:21.322","4","0","0","0","2105","0","0","0","N","0","0","0","3","02105","1","","1.0","","1","N","N","","0","","0","0","0","","3","N","","2","1","0","0","0","0","0","1","0","2","","","","N","","","","","","","","","",""
"2012068239","","1","0","0","0","0","0","0","0","0","4","0","","02","7","2012","3","40.458808","-79.972775","","11","0","0","0","1","0","0","0","0","","0","0","0","","","0","","1","","40 27:31.710","","0","79 58:21.990","0","0","0","0","2301","0","0","0","N","0","0","0","2","02301","0","","1.0","","1","N","N","","0","","0","0","1","","2","","","2","0","0","0","0","0","0","2","0","2","","","","N","","","","","","","","","",""
"2012067477","","1","0","0","0","0","0","0","0","0","4","0","","02","7","2012","7","","","","11","1","0","0","0","0","0","0","0","2","0","0","0","","","0","","2","","","2","0","","0","0","0","0","2302","0","0","0","N","0","0","0","3","62302","0","","1.0","","1","N","N","","0","","0","0","1","","0","Y","","2","0","0","0","0","0","0","1","0","2","","","","N","","","","","","","","","",""
"2012067548","","0","0","0","0","0","0","0","0","0","1","0","","02","7","2012","1","40.591355","-80.107414","","11","0","0","0","0","0","0","0","0","","0","0","0","","","0","","0","","40 35:28.879","","7","80 06:26.692","0","0","0","0","2481","0","0","0","N","0","0","0","4","02481","0","","6.0","","3","N","N","","1","","0","0","1","","0","","","2","0","0","0","0","0","0","2","0","2","","","","N","","","","","","","","","",""
"2012067562","","1","0","0","0","0","0","0","0","0","0","0","","02","7","2012","6","","","","11","0","1","0","0","0","0","0","0","","0","0","0","","","0","","0","","","","0","","0","0","0","0","2206","0","0","0","N","0","0","0","2","02206","0","","5.0","","1","N","N","","0","","0","0","0","","0","","","1","0","0","0","0","0","0","1","0","1","","","","N","","","","","","","","","",""
"2012067407","","1","0","0","0","0","0","0","0","0","99","0","","02","7","2012","6","40.405482","-79.774125","","11","0","0","0","0","0","0","0","0","","0","0","0","","","1","","1","","40 24:19.735","","0","79 46:26.850","8","0","0","0","2453","0","0","0","N","0","0","0","1","02453","0","","5.0","","1","N","N","","0","","0","0","0","","3","","","1","1","0","0","0","1","0","2","0","1","","","","N","","","","","","","","","",""
"2012067478","","2","0","0","0","0","0","0","0","0","1","0","","02","7","2012","7","40.405289","-80.083634","","11","0","0","0","0","0","1","0","0","","0","0","0","","","0","","0","","40 24:19.042","","0","80 05:01.083","0","0","0","0","2415","0","0","0","N","0","0","0","2","02415","0","","1.0","","1","N","N","","0","","0","0","0","","0","","","2","0","0","0","0","0","0","2","0","2","","","","N","","","","","","","","","",""
"2012066770","","1","0","0","0","0","0","0","0","0","1","0","","02","6","2012","6","40.55453","-80.02124","","11","0","0","0","0","0","0","0","0","","0","0","0","","","2","","1","","40 33:16.307","","0","80 01:16.463","4","0","0","0","2108","0","0","0","N","0","0","0","3","02108","2","","1.0","","9","N","N","","0","","0","0","1","","2","","","2","2","0","0","0","0","0","2","0","2","","","","N","","","","","","","","","",""
"2012066079","","1","0","0","0","0","0","0","0","0","7","0","","02","7","2012","4","40.495888","-79.928329","","11","0","0","0","0","0","0","0","0","","0","0","0","","","0","","0","","40 29:45.196","","0","79 55:41.986","0","0","0","0","2461","0","0","0","N","0","0","0","1","02461","0","","2.0","","1","N","N","","0","","0","0","0","","3","","","1","0","1","0","0","0","0","2","0","1","","","","N","","","","","","","","","",""
"2012067323","","1","0","0","0","0","0","0","0","0","7","0","","02","7","2012","6","40.420303","-79.790308","","11","0","0","0","0","0","0","1","0","","0","0","0","","","0","","0","","40 25:13.090","","0","79 47:25.108","0","0","0","0","2446","0","0","0","N","0","0","0","1","02446","0","","5.0","","1","N","N","","0","","0","0","0","","0","","","1","0","0","0","0","0","0","2","0","1","","","","N","","","","","","","","","",""
"2012067395","","2","0","0","0","0","0","0","0","0","4","0","","02","7","2012","7","40.350071","-79.864761","","11","0","0","0","0","0","1","0","0","1","0","0","0","","","0","","1","","40 21:00.255","1","0","79 51:53.138","0","0","0","0","2304","0","0","0","N","0","0","0","2","02304","0","","1.0","","1","N","N","","0","","0","0","0","","3","N","","2","0","0","0","0","0","0","2","0","2","","","","N","","","","","","","","","",""
"2012066771","","1","0","0","0","0","0","0","0","0","1","0","","02","6","2012","7","40.567388","-80.00696","","11","0","0","0","0","0","0","1","1","","0","0","0","","","0","","1","","40 34:02.595","","0","80 00:25.056","0","0","0","0","2108","0","0","0","N","0","0","0","2","02108","0","","1.0","","1","N","N","","0","","0","0","1","","3","","","2","0","0","0","0","0","0","2","0","2","","","","N","","","","","","","","","",""
"2012067565","","0","0","0","0","0","0","0","0","0","7","0","","02","7","2012","2","40.353248","-79.788811","","11","0","0","0","0","0","1","0","0","2","0","0","0","","","1","","0","","40 21:11.692","5","0","79 47:19.718","4","0","0","0","2477","0","0","0","Y","0","0","0","1","02477","1","","2.0","","1","N","N","","0","","0","0","0","","0","N","","1","1","0","0","0","0","0","2","1","1","","","","N","","","","","","","","","",""
"2012067411","","1","0","0","0","0","0","0","0","0","7","0","","02","7","2012","6","40.455663","-79.96601","","11","0","0","0","0","0","0","1","0","1","0","0","0","","","1","","5","","40 27:20.385","5","0","79 57:57.635","3","0","0","0","2301","0","0","0","N","0","0","0","1","02301","0","","5.0","","1","N","N","","0","","1","0","0","","2","Y","","1","1","0","0","0","0","0","2","0","1","","","","N","","","","","","","","","",""
"2012067483","","0","0","0","0","0","0","0","0","0","1","0","","02","7","2012","6","40.55023","-79.995086","","11","0","1","0","0","0","0","0","0","","0","0","0","","","0","","0","","40 33:00.828","","0","79 59:42.309","0","0","0","0","2116","0","0","0","N","0","0","0","2","02116","0","","6.0","","1","N","N","","0","","0","0","1","","3","","","2","0","0","0","0","0","0","2","1","2","","","","N","","","","","","","","","",""
"2012066772","","2","0","0","0","0","0","0","0","0","1","0","","02","7","2012","5","40.396242","-79.998126","","11","0","0","0","0","0","0","1","0","","0","0","0","","","1","","1","","40 23:46.470","","0","79 59:53.254","4","0","0","0","2301","0","0","0","N","0","0","0","4","02301","1","","1.0","","1","N","N","","0","","0","0","0","","2","","","2","1","0","0","0","0","0","2","0","2","","","","N","","","","","","","","","",""
"2012067484","","1","0","0","0","0","0","0","0","0","4","0","","02","7","2012","7","40.460816","-79.867511","","11","0","0","0","0","0","1","0","0","","0","0","0","","","1","","0","","40 27:38.936","","0","79 52:03.040","8","0","0","1","2113","0","0","0","N","0","0","0","2","02113","0","","1.0","","1","N","N","","0","","0","0","0","","0","","","2","1","0","0","0","1","0","2","0","2","","","","N","","","","","","","","","",""
"2012066773","","1","0","0","0","0","0","0","0","0","99","0","","02","6","2012","3","40.485758","-80.202476","","11","0","0","0","0","0","0","0","0","","0","0","0","","","0","","0","","40 29:08.727","","0","80 12:08.913","0","0","0","0","2213","0","0","0","N","0","0","0","1","02213","0","","1.0","","1","N","N","","0","","0","0","0","","0","","","1","0","0","0","0","0","0","2","0","1","","","","N","","","","","","","","","",""
"2012067567","","2","0","0","0","0","0","0","0","0","4","0","","02","7","2012","1","40.444431","-79.954831","","11","0","0","0","0","0","0","0","1","","0","0","0","","","2","","1","","40 26:39.951","","0","79 57:17.391","8","0","0","0","2301","0","0","0","N","0","0","0","4","02301","0","","1.0","","1","N","N","","0","","0","0","0","","2","","","2","2","0","0","0","2","0","2","0","2","","","","N","","","","","","","","","",""
"2012068388","","2","0","0","0","0","0","0","0","0","4","0","","02","7","2012","3","40.448982","-79.997906","","11","0","0","0","0","0","0","0","0","1","0","0","0","","","0","","2","","40 26:56.335","3","0","79 59:52.461","0","0","0","0","2301","0","0","0","N","0","0","0","2","02301","0","","1.0","","1","N","N","","0","","0","0","0","","3","Y","","2","0","0","0","0","0","0","2","0","2","","","","N","","","","","","","","","",""
"2012066083","","2","0","0","0","0","0","0","0","0","4","0","","02","7","2012","3","40.452681","-79.91037","","11","0","0","0","0","0","1","0","0","1","0","0","0","","","2","","1","","40 27:09.653","3","0","79 54:37.332","3","0","0","0","2301","0","0","0","N","0","0","0","4","02301","0","","1.0","","1","N","N","","0","","2","0","0","","2","Y","","2","2","1","0","0","0","0","2","0","2","","","","N","","","","","","","","","",""
"2012067485","","2","0","0","0","0","0","0","0","0","1","1","","02","7","2012","6","40.660736","-80.097725","","11","0","0","0","0","0","1","0","0","1","0","1","0","","","0","","2","","40 39:38.649","1","0","80 05:51.810","0","0","0","0","2212","0","0","0","N","0","0","0","3","02505","0","","1.0","","1","N","N","","0","","0","0","0","","2","N","","3","0","0","0","0","0","0","2","0","3","","","","N","","","","","","","","","",""
"2012067568","","1","0","0","0","0","0","0","0","0","2","0","","02","7","2012","5","40.452603","-79.91041","","11","0","0","0","0","0","0","0","0","","0","0","0","","","3","","1","","40 27:09.369","","0","79 54:37.475","3","0","0","0","2301","0","0","0","N","0","0","0","5","02301","2","","1.0","","1","N","N","","0","","1","0","0","","2","","","2","3","0","0","0","0","0","2","1","2","","","","N","","","","","","","","","",""
"2012066154","","0","0","0","0","0","0","0","0","0","0","0","","02","6","2012","5","40.451875","-79.967276","","11","0","0","0","0","0","0","0","0","1","0","0","0","","","0","","1","","40 27:06.750","5","0","79 58:02.193","0","0","0","0","2301","0","0","0","N","0","0","0","1","02301","0","","1.0","","1","N","N","","0","","0","0","1","","3","N","","1","0","1","0","0","0","0","2","0","1","","","","N","","","","","","","","","",""
"2012067488","","1","0","0","0","0","0","0","0","0","1","0","","02","7","2012","7","40.433306","-79.99636","","11","0","0","0","0","0","0","0","0","2","0","0","0","","","2","","0","","40 25:59.903","1","3","79 59:46.895","3","0","0","0","2301","0","0","0","N","0","0","0","4","02301","1","","1.0","","1","N","N","","0","","1","0","1","","0","N","","2","2","0","0","0","0","0","2","0","2","","","","N","","","","","","","","","",""
"2012067342","","0","0","0","0","0","0","0","0","0","1","0","","02","7","2012","6","40.442521","-79.84628","","11","0","0","0","0","0","1","0","0","","0","0","0","","","1","","0","","40 26:33.075","","0","79 50:46.607","4","0","0","0","2419","0","0","0","N","0","0","0","2","02419","1","","1.0","","1","N","N","","2","","0","0","0","","0","","","2","1","1","0","0","0","0","2","0","2","","","","N","","","","","","","","","",""
"2012068179","","1","0","0","0","0","0","0","0","0","4","0","","02","7","2012","2","40.381026","-79.811484","","11","0","0","0","0","0","0","1","0","","0","0","0","","","0","","0","","40 22:51.695","","0","79 48:41.344","0","0","0","0","2424","0","0","0","N","0","0","0","3","02424","0","","1.0","","1","N","N","","0","","0","0","1","","0","","","2","0","0","0","0","0","0","2","0","2","","","","N","","","","","","","","","",""
"2012068250","","0","0","0","0","0","0","0","0","0","4","0","","02","7","2012","3","40.454125","-79.906268","","11","0","0","0","1","0","1","0","0","","0","0","0","","","0","","1","","40 27:14.851","","0","79 54:22.563","0","0","0","0","2301","0","0","0","N","0","0","0","2","02301","0","","1.0","","1","N","N","","0","","0","0","2","","3","","","2","0","0","0","0","0","0","2","0","2","","","","N","","","","","","","","","",""
"2012067418","","1","0","0","0","0","0","0","0","0","1","0","","02","7","2012","7","40.620591","-80.054706","","11","0","0","0","0","0","0","1","0","1","0","0","0","","","0","","2","","40 37:14.126","5","0","80 03:16.943","0","0","0","0","2216","0","0","0","N","0","0","0","2","02505","0","","1.0","","1","N","N","","1","","0","0","0","","0","N","","2","0","0","0","0","0","0","2","0","2","","","","N","","","","","","","","","",""
"2012067504","","1","0","0","0","0","0","0","0","0","7","0","","02","6","2012","6","40.591002","-80.148899","","11","0","0","1","0","0","0","0","0","","0","0","0","","","1","","0","","40 35:27.607","","0","80 08:56.037","4","0","0","0","2480","0","0","0","N","0","0","0","1","02480","1","","2.0","","1","N","N","","0","","0","0","0","","0","","","1","1","0","0","0","0","0","1","0","1","","","","N","","","","","","","","","",""
"2012066088","","0","0","0","0","0","0","0","0","0","0","0","","02","7","2012","4","40.594447","-80.11115","","11","0","0","0","0","0","0","0","0","1","0","0","0","","","1","","0","","40 35:40.010","4","0","80 06:40.140","3","0","0","1","2481","0","0","0","N","0","0","0","1","02481","0","","4.0","","9","N","N","","0","","1","0","0","","0","N","","1","1","0","0","0","0","0","2","0","1","","","","N","","","","","","","","","",""
"2012065947","","1","0","0","0","0","0","0","0","0","7","0","","02","5","2012","4","40.608026","-79.833915","","11","0","0","0","0","0","0","0","0","2","0","0","0","","","1","","0","","40 36:28.892","2","0","79 50:02.094","3","0","0","0","2220","0","0","0","N","0","0","0","1","02220","0","","4.0","","1","N","N","","0","","1","0","0","","0","N","","1","1","1","0","0","0","0","2","0","1","","","","N","","","","","","","","","",""
"2012066089","","0","0","0","0","0","0","0","0","0","8","1","","02","7","2012","3","40.430404","-80.071419","","11","0","0","0","0","0","1","0","0","","0","1","0","","","1","","1","","40 25:49.454","","0","80 04:17.108","4","0","0","0","2421","1","0","0","N","1","0","0","2","02421","1","","1.0","","1","N","N","","0","","0","0","0","","0","","","2","1","1","0","0","0","0","2","0","1","","","","N","","","","","","","","","",""
"2012067492","","2","0","0","0","0","0","0","0","0","1","0","","02","7","2012","7","40.402769","-80.015826","","11","0","0","0","0","0","2","0","0","1","0","0","0","","","0","","2","","40 24:09.968","1","0","80 00:56.973","0","0","0","0","2301","0","0","0","N","0","0","0","2","02301","0","","1.0","","1","N","","","0","","0","0","0","","0","N","","2","0","0","0","0","0","0","2","0","2","","","","N","","","","","","","","","",""
"2012067423","","2","0","0","0","0","0","0","0","0","4","0","","02","7","2012","6","40.470069","-79.957828","","11","0","0","0","0","0","0","0","0","2","0","0","0","","","2","","1","","40 28:12.248","7","0","79 57:28.180","4","0","0","0","2301","0","0","0","N","0","0","0","2","02301","2","","1.0","","1","N","N","","1","","0","0","0","","0","Y","","3","2","0","0","0","0","0","2","0","3","","","","N","","","","","","","","","",""
"2012067508","","1","0","0","0","0","0","0","0","0","7","0","","02","6","2012","7","40.455678","-79.992413","","11","0","0","0","0","0","0","0","0","2","0","0","0","","","0","","0","","40 27:20.439","3","0","79 59:32.685","9","0","0","0","2301","0","0","0","N","0","0","0","1","02301","0","","2.0","","1","N","N","","0","","0","0","0","","0","N","","1","0","0","0","0","0","1","2","0","1","","","","N","","","","","","","","","",""
"2012067575","","2","0","0","0","0","0","0","0","0","4","0","","02","7","2012","1","40.389708","-79.933338","","11","0","0","1","0","1","0","0","0","1","0","0","0","","","3","","1","","40 23:22.947","4","0","79 56:00.018","8","0","0","0","2301","0","0","0","N","0","0","0","5","02301","0","","1.0","","1","N","N","","0","","0","0","0","","2","N","","2","3","1","0","0","3","0","2","0","2","","","","N","","","","","","","","","",""
"2012067509","","1","0","0","0","0","0","0","0","0","7","0","","02","7","2012","7","40.424494","-79.927054","","11","0","0","1","0","0","0","0","0","","0","0","0","","","0","","0","","40 25:28.179","","0","79 55:37.394","0","0","0","0","2301","0","0","0","N","0","0","0","2","02301","0","","5.0","","1","N","N","","0","","0","0","0","","0","","","1","0","0","0","0","0","0","2","0","1","","","","N","","","","","","","","","",""
"2012067576","","0","0","0","0","0","0","0","0","0","99","0","","02","7","2012","5","40.37025","-80.222511","","11","0","0","0","0","0","0","0","0","","0","0","0","","","1","","0","","40 22:12.901","","0","80 13:21.040","2","0","1","1","2119","0","0","0","N","0","0","0","1","02119","0","","1.0","","1","N","N","","0","","0","1","0","","0","","","1","1","0","0","0","0","0","2","0","1","","","","N","","","","","","","","","",""