"CRN","ARRIVAL_TM","AUTOMOBILE_COUNT","BELTED_DEATH_COUNT","BELTED_SUSP_SERIOUS_INJ_COUNT","BICYCLE_COUNT","BICYCLE_DEATH_COUNT","BICYCLE_SUSP_SERIOUS_INJ_COUNT","BUS_COUNT","CHLDPAS_DEATH_COUNT","CHLDPAS_SUSP_SERIOUS_INJ_COUNT","COLLISION_TYPE","COMM_VEH_COUNT","CONS_ZONE_SPD_LIM","COUNTY","CRASH_MONTH","CRASH_YEAR","DAY_OF_WEEK","DEC_LATITUDE","DEC_LONGITUDE","DISPATCH_TM","DISTRICT","DRIVER_COUNT_16YR","DRIVER_COUNT_17YR","DRIVER_COUNT_18YR","DRIVER_COUNT_19YR","DRIVER_COUNT_20YR","DRIVER_COUNT_50_64YR","DRIVER_COUNT_65_74YR","DRIVER_COUNT_75PLUS","EST_HRS_CLOSED","FATAL_COUNT","HEAVY_TRUCK_COUNT","HORSE_BUGGY_COUNT","HOUR_OF_DAY","ILLUMINATION","INJURY_COUNT","INTERSECTION_RELATED","INTERSECT_TYPE","LANE_CLOSED","LATITUDE","LN_CLOSE_DIR","LOCATION_TYPE","LONGITUDE","MAX_SEVERITY_LEVEL","MCYCLE_DEATH_COUNT","MCYCLE_SUSP_SERIOUS_INJ_COUNT","MOTORCYCLE_COUNT","MUNICIPALITY","NONMOTR_COUNT","NONMOTR_DEATH_COUNT","NONMOTR_SUSP_SERIOUS_INJ_COUNT","NTFY_HIWY_MAINT","PED_COUNT","PED_DEATH_COUNT","PED_SUSP_SERIOUS_INJ_COUNT","PERSON_COUNT","POLICE_AGCY","POSSIBLE_INJ_COUNT","RDWY_SURF_TYPE_CD","RELATION_TO_ROAD","ROADWAY_CLEARED","ROAD_CONDITION","SCH_BUS_IND","SCH_ZONE_IND","SECONDARY_CRASH","SMALL_TRUCK_COUNT","SPEC_JURIS_CD","SUSP_MINOR_INJ_COUNT","SUSP_SERIOUS_INJ_COUNT","SUV_COUNT","TCD_FUNC_CD","TCD_TYPE","TFC_DETOUR_IND","TIME_OF_DAY","TOTAL_UNITS","TOT_INJ_COUNT","UNBELTED_OCC_COUNT","UNB_DEATH_COUNT","UNB_SUSP_SERIOUS_INJ_COUNT","UNK_INJ_DEG_COUNT","UNK_INJ_PER_COUNT","URBAN_RURAL","VAN_COUNT","VEHICLE_COUNT","WEATHER1","WEATHER2","WORKERS_PRES","WORK_ZONE_IND","WORK_ZONE_LOC","WORK_ZONE_TYPE","WZ_CLOSE_DETOUR","WZ_FLAGGER","WZ_LAW_OFFCR_IND","WZ_LN_CLOSURE","WZ_MOVING","WZ_OTHER","WZ_SHLDER_MDN","WZ_WORKERS_INJ_KILLED"
"2012067577","","0","0","0","0","0","0","0","0","0","1","0","","02","7","2012","3","40.671597","-79.995698","","11","0","1","0","0","0","0","0","0","2","0","0","0","","","0","","2","","40 40:17.748","2","0","79 59:44.514","9","0","0","0","2216","0","0","0","N","0","0","0","3","02505","0","","1.0","","1","N","N","","1","","0","0","1","","3","N","","2","0","0","0","0","0","1","1","0","2","","","","N","","","","","","","","","",""
"2012067641","","1","0","0","0","0","0","0","0","0","7","0","","02","7","2012","7","40.335143","-79.990813","","11","0","0","0","0","0","0","0","0","1","0","0","0","","","0","","0","","40 20:06.513","1","1","79 59:26.925","0","0","0","0","2403","0","0","0","N","0","0","0","1","02403","0","","2.0","","1","N","N","","0","","0","0","0","","0","N","","1","0","1","0","0","0","0","2","0","1","","","","N","","","","","","","","","",""
"2012067427","","1","0","0","0","0","0","0","0","0","0","0","","02","7","2012","6","40.322686","-79.89906","","11","0","0","0","0","0","0","1","0","2","0","0","0","","","0","","0","","40 19:21.669","1","0","79 53:56.617","0","0","0","0","2473","0","0","0","N","0","0","0","4","02473","0","","1.0","","1","N","N","","2","","0","0","0","","0","Y","","3","0","0","0","0","0","0","2","0","3","","","","N","","","","","","","","","",""
"2012067512","","1","0","0","0","0","0","0","0","0","1","0","15","02","7","2012","6","40.352088","-79.859677","","11","0","0","0","0","0","0","0","0","","0","0","0","","","1","","1","","40 21:07.516","","0","79 51:34.837","4","0","0","0","2304","0","0","0","N","0","0","0","6","02304","1","","1.0","","1","N","N","","0","","0","0","1","","2","","","2","1","0","0","0","0","0","2","0","2","","","N","Y","4","1","","","N","","","","",""
"2012066095","","1","0","0","0","0","0","0","0","0","4","0","","02","7","2012","4","40.454076","-79.996814","","11","0","0","0","0","0","0","2","0","1","0","0","0","","","0","","1","","40 27:14.672","4","0","79 59:48.532","0","0","0","0","2301","0","0","0","N","0","0","0","2","02301","0","","1.0","","1","N","N","","0","","0","0","0","","2","Y","","2","0","0","0","0","0","0","2","1","2","","","","N","","","","","","","","","",""
"2012067643","","1","0","0","0","0","0","0","0","0","5","0","","02","7","2012","1","40.480235","-79.969623","","11","0","0","0","0","0","0","0","0","","0","0","0","","","0","","2","","40 28:48.847","","0","79 58:10.643","0","0","0","0","2445","0","0","0","N","0","0","0","1","02445","0","","2.0","","1","N","N","","0","","0","0","0","","0","","","2","0","0","0","0","0","0","2","1","2","","","","N","","","","","","","","","",""
"2012065954","","2","0","0","0","0","0","0","0","0","4","0","","02","6","2012","4","40.536165","-79.841363","","11","0","0","0","0","0","0","0","0","1","0","0","0","","","0","","0","","40 32:10.194","2","7","79 50:28.906","0","0","0","0","2208","0","0","0","N","0","0","0","2","02208","0","","1.0","","1","N","N","","0","","0","0","0","","0","N","","2","0","0","0","0","0","0","2","0","2","","","","N","","","","","","","","","",""
"2012068341","","1","0","0","0","0","0","0","0","0","5","1","","02","6","2012","5","40.493911","-79.909214","","11","0","0","0","0","0","0","0","0","2","0","1","0","","","0","","0","","40 29:38.080","1","8","79 54:33.169","0","0","0","0","2401","0","0","0","N","0","0","0","4","68D02","0","","1.0","","1","N","N","","0","","0","0","0","","0","N","","2","0","0","0","0","0","0","2","0","2","","","","N","","","","","","","","","",""
"2012066944","","2","0","0","0","0","0","0","0","0","1","0","","02","7","2012","4","40.442186","-80.029809","","11","0","0","0","0","0","0","0","0","2","0","0","0","","","0","","0","","40 26:31.870","1","0","80 01:47.311","0","0","0","0","2301","0","0","0","N","0","0","0","4","02301","0","","1.0","","1","N","N","","0","","0","0","0","","2","N","","2","0","0","0","0","0","0","2","0","2","","","","N","","","","","","","","","",""
"2012067010","","2","0","0","0","0","0","0","0","0","4","0","","02","7","2012","5","40.453729","-79.993335","","11","0","0","0","0","0","0","0","0","2","0","0","0","","","2","","2","","40 27:13.424","1","0","79 59:36.006","8","0","0","0","2301","0","0","0","N","0","0","0","4","02301","0","","1.0","","1","N","N","","0","","0","0","0","","0","N","","2","2","0","0","0","2","0","2","0","2","","","","N","","","","","","","","","",""
"2012050968","","0","0","0","0","0","0","0","0","0","5","0","","02","5","2012","2","40.451245","-79.920261","","11","0","0","0","0","0","0","0","0","","0","0","0","","","0","","0","","40 27:04.482","","0","79 55:12.939","9","0","0","0","2301","0","0","0","N","0","0","0","1","02301","0","","6.0","","1","N","N","","0","","0","0","1","","0","","","2","0","0","0","0","0","1","2","0","2","","","","N","","","","","","","","","",""
"2012066259","","2","0","0","0","0","0","0","0","0","2","0","","02","7","2012","4","40.385421","-79.913252","","11","0","0","0","0","0","1","0","0","2","0","0","0","","","1","","0","","40 23:07.516","6","0","79 54:47.707","4","0","0","0","2448","0","0","0","N","0","0","0","2","02448","1","","1.0","","1","N","N","","0","","0","0","0","","0","Y","","2","1","0","0","0","0","0","2","0","2","","","","N","","","","","","","","","",""
"2012050987","","1","0","0","0","0","0","0","0","0","1","0","","02","5","2012","7","40.49294","-80.062434","","11","0","0","0","0","0","1","0","0","1","0","0","0","","","1","","0","","40 29:34.585","3","0","80 03:44.762","8","0","0","0","2404","0","0","0","N","0","0","0","3","02404","0","","1.0","","1","N","N","","0","","0","0","0","","0","Y","","2","1","0","0","0","1","0","2","1","2","","","","N","","","","","","","","","",""
"2012053283","","1","0","0","0","0","0","0","0","0","7","0","","02","5","2012","2","40.415095","-80.222564","","11","0","1","0","0","0","0","0","0","2","0","0","0","","","1","","0","","40 24:54.341","4","0","80 13:21.229","8","0","0","0","2214","0","0","0","N","0","0","0","1","02214","0","","5.0","","1","N","N","","0","","0","0","0","","0","Y","","1","1","0","0","0","1","0","1","0","1","","","","N","","","","","","","","","",""
"2012068568","","0","0","0","0","0","0","0","0","0","7","1","55","02","6","2012","4","40.652847","-80.061635","","11","0","0","0","0","0","1","0","0","","0","1","0","","","1","","0","","40 39:10.250","","0","80 03:41.886","4","0","0","0","2216","0","0","0","Y","0","0","0","1","68T02","1","","2.0","","1","N","N","","0","","0","0","0","","8","","","1","1","0","0","0","0","0","2","0","1","","","N","Y","4","1","N","N","N","N","N","Y","N",""
"2012050970","","1","0","0","0","0","0","0","0","0","1","0","","02","5","2012","6","40.317113","-80.071772","","11","0","0","0","0","1","0","0","0","1","0","0","0","","","1","","0","","40 19:01.608","2","0","80 04:18.378","4","0","0","0","2123","0","0","0","N","0","0","0","2","02123","1","","1.0","","1","N","N","","0","","0","0","0","","0","Y","","2","1","0","0","0","0","0","2","1","2","","","","N","","","","","","","","","",""
"2012068569","","0","0","0","0","0","0","0","0","0","1","0","","02","6","2012","5","40.436018","-79.749173","","11","0","0","0","0","0","1","0","0","","0","0","0","","","0","","0","","40 26:09.664","","0","79 44:57.022","0","0","0","0","2446","0","0","0","N","0","0","0","6","68T02","0","","1.0","","1","N","N","","2","","0","0","1","","0","","","3","0","0","0","0","0","0","2","0","3","","","","N","","","","","","","","","",""
"2012053209","","1","0","0","0","0","0","0","0","0","4","0","","02","5","2012","1","40.487902","-79.920338","","11","0","0","0","0","0","0","0","0","","0","0","0","","","1","","2","","40 29:16.447","","0","79 55:13.218","4","0","0","0","2301","0","0","0","N","0","0","0","3","02301","1","","1.0","","1","N","N","","0","","0","0","1","","2","","","2","1","0","0","0","0","0","2","0","2","","","","N","","","","","","","","","",""
"2012051670","","1","0","0","0","0","0","0","0","0","7","0","","02","4","2012","2","40.494992","-79.939311","","11","0","0","0","0","0","0","0","0","1","0","0","0","","","0","","7","","40 29:41.971","1","2","79 56:21.520","0","0","0","0","2430","0","0","0","N","0","0","0","1","02430","0","","4.0","","1","N","N","","0","","0","0","0","","0","Y","","1","0","0","0","0","0","0","2","0","1","","","","N","","","","","","","","","",""
"2012052458","","1","0","0","0","0","0","0","0","0","1","0","","02","5","2012","6","40.424301","-79.935026","","11","0","0","0","0","0","0","0","0","","0","0","0","","","0","","0","","40 25:27.483","","0","79 56:06.093","0","0","0","0","2301","0","0","0","N","0","0","0","1","02301","0","","1.0","","1","N","N","","0","","0","0","1","","0","","","2","0","0","0","0","0","0","2","0","2","","","","N","","","","","","","","","",""
"2012068570","","0","0","0","0","0","0","0","0","0","99","0","","02","7","2012","7","40.583508","-79.872942","","11","0","0","0","0","0","0","0","0","","0","0","0","","","0","","0","","40 35:00.627","","0","79 52:22.591","0","0","0","0","2209","0","0","0","N","0","0","0","6","68T02","0","","1.0","","1","N","N","","0","","0","0","0","","0","","","1","0","0","0","0","0","0","2","1","1","","","","N","","","","","","","","","",""
"2012052447","","0","0","0","0","0","0","0","0","0","8","0","","02","5","2012","6","40.442007","-79.999643","","11","0","0","0","0","0","1","0","0","","0","0","0","","","2","","0","","40 26:31.226","","0","79 59:58.713","2","0","1","1","2301","1","0","0","N","1","0","0","2","02301","0","","1.0","","1","N","N","","0","","1","1","0","","0","","","2","2","0","0","0","0","0","2","0","1","","","","N","","","","","","","","","",""
"2012053222","","1","0","0","0","0","0","0","0","0","99","0","","02","5","2012","4","40.545736","-79.833347","","11","0","0","0","0","0","0","0","0","","0","0","0","","","0","","0","","40 32:44.651","","0","79 50:00.050","0","0","0","0","2208","0","0","0","N","0","0","0","3","68D02","0","","1.0","","1","N","N","","0","","0","0","0","","0","","","1","0","0","0","0","0","0","2","0","1","","","","N","","","","","","","","","",""
"2012066882","","2","0","0","0","0","0","0","0","0","4","0","","02","7","2012","5","40.361591","-80.063771","","11","0","0","0","0","0","0","1","1","","0","0","0","","","0","","2","","40 21:41.729","","0","80 03:49.575","0","0","0","0","2109","0","0","0","N","0","0","0","2","02109","0","","1.0","","1","N","N","","0","","0","0","0","","2","","","2","0","1","0","0","0","0","2","0","2","","","","N","","","","","","","","","",""
"2012068498","","1","0","0","0","0","0","0","0","0","4","0","","02","7","2012","3","40.454076","-79.996814","","11","0","0","0","0","0","2","0","0","","0","0","0","","","0","","1","","40 27:14.672","","0","79 59:48.532","0","0","0","0","2301","0","0","0","N","0","0","0","2","02301","0","","1.0","","1","N","N","","0","","0","0","1","","2","","","2","0","0","0","0","0","0","2","0","2","","","","N","","","","","","","","","",""
"2012066186","","1","0","0","0","0","0","0","0","0","1","0","","02","7","2012","3","40.421604","-80.096233","","11","0","0","0","0","0","0","0","0","1","0","0","0","","","0","","0","","40 25:17.775","4","0","80 05:46.437","0","0","0","0","2457","0","0","0","N","0","0","0","3","68B03","0","","1.0","","1","N","N","","0","","0","0","2","","0","N","","3","0","0","0","0","0","0","2","0","3","","","","N","","","","","","","","","",""
"2012052448","","1","0","0","0","0","0","0","0","0","7","0","","02","5","2012","5","40.445684","-80.034778","","11","0","0","0","1","0","0","0","0","","0","0","0","","","0","","2","","40 26:44.462","","0","80 02:05.200","9","0","0","0","2301","0","0","0","N","0","0","0","1","02301","0","","4.0","","1","N","N","","0","","0","0","0","","0","","","1","0","0","0","0","0","1","2","0","1","","","","N","","","","","","","","","",""
"2012052460","","1","0","0","0","0","0","0","0","0","4","0","","02","5","2012","3","40.448253","-79.986906","","11","0","0","0","0","0","0","0","0","2","0","0","0","","","0","","2","","40 26:53.710","1","0","79 59:12.860","0","0","0","0","2301","0","0","0","","0","0","0","2","02301","0","","1.0","","1","","","","0","","0","0","1","","2","Y","","2","0","0","0","0","0","0","2","0","2","","","","N","","","","","","","","","",""
"2012066187","","2","0","0","0","0","0","0","0","0","1","0","","02","7","2012","3","40.421604","-80.096233","","11","0","0","0","0","0","1","1","0","1","0","0","0","","","1","","0","","40 25:17.775","4","0","80 05:46.437","4","0","0","0","2457","0","0","0","N","0","0","0","4","68B03","1","","1.0","","1","N","N","","0","","0","0","1","","0","N","","3","1","0","0","0","0","0","2","0","3","","","","N","","","","","","","","","",""
"2012066250","","0","0","0","0","0","0","0","0","0","7","0","","02","7","2012","4","40.45416","-79.953474","","11","0","0","0","0","0","0","0","0","1","0","0","0","","","0","","0","","40 27:14.976","1","0","79 57:12.507","9","0","0","0","2301","0","0","0","N","0","0","0","1","02301","0","","4.0","","9","N","N","","0","","0","0","1","","0","N","","1","0","0","0","0","0","1","2","0","1","","","","N","","","","","","","","","",""
"2012050992","","1","0","0","0","0","0","0","0","0","4","0","","02","5","2012","2","40.432873","-79.936537","","11","0","0","0","0","0","0","1","0","","0","0","0","","","0","","1","","40 25:58.342","","0","79 56:11.533","0","0","0","0","2301","0","0","0","N","0","0","0","2","02301","0","","1.0","","1","N","N","","0","","0","0","0","","2","","","2","0","0","0","0","0","0","2","1","2","","","","N","","","","","","","","","",""
"2012051796","","1","0","0","0","0","0","0","0","0","4","1","","02","5","2012","4","40.411639","-80.011221","","11","0","0","0","0","0","2","0","0","","0","0","0","","","1","","0","","40 24:41.902","","0","80 00:40.394","8","0","0","0","2301","0","0","0","N","0","0","0","4","02503","0","","1.0","","1","N","N","","1","","0","0","2","","0","","","4","1","0","0","0","1","0","2","0","4","","","","N","","","","","","","","","",""
"2012052462","","1","0","0","0","0","0","0","0","0","2","0","","02","5","2012","6","40.459944","-80.010989","","11","0","0","0","0","0","0","0","0","","0","0","0","","","0","","0","","40 27:35.798","","0","80 00:39.560","9","0","0","0","2301","0","0","0","N","0","0","0","1","02301","0","","4.0","","1","N","N","","0","","0","0","1","","0","","","2","0","0","0","0","0","1","2","0","2","","","","N","","","","","","","","","",""
"2012051062","","1","0","0","0","0","0","0","0","0","2","0","","02","5","2012","6","40.279066","-79.875106","","11","0","0","0","0","0","0","0","0","2","0","0","0","","","1","","0","","40 16:44.636","5","0","79 52:30.382","8","0","0","1","2105","0","0","0","N","0","0","0","2","02105","0","","1.0","","1","N","N","","0","","0","0","0","","0","Y","","2","1","0","0","0","1","0","1","0","2","","","","N","","","","","","","","","",""
"2012068501","","1","0","0","0","0","0","0","0","0","7","0","","02","6","2012","2","40.584434","-79.950806","","11","0","0","1","0","0","0","0","0","","0","0","0","","","0","","2","","40 35:03.962","","0","79 57:02.900","0","0","0","0","2207","0","0","0","N","0","0","0","1","02207","0","","5.0","","1","N","N","","0","","0","0","0","","2","","","1","0","0","0","0","0","0","2","0","1","","","","N","","","","","","","","","",""
"2012050994","","1","0","0","0","0","0","0","0","0","7","0","","02","5","2012","6","40.651843","-80.081362","","11","0","0","0","0","0","0","1","0","","0","0","0","","","1","","0","","40 39:06.636","","0","80 04:52.902","8","0","0","0","2212","0","0","0","N","0","0","0","1","02505","0","","4.0","","1","N","N","","0","","0","0","0","","0","","","1","1","0","0","0","1","0","2","0","1","","","","N","","","","","","","","","",""
"2012052464","","1","0","0","0","0","0","0","0","0","7","0","","02","5","2012","5","40.466359","-79.993819","","11","0","0","0","0","0","0","0","0","","0","0","0","","","2","","10","","40 27:58.892","","0","79 59:37.748","4","0","0","0","2301","0","0","0","N","0","0","0","2","02301","2","","5.0","","1","N","N","","0","","0","0","0","","0","","","1","2","0","0","0","0","0","2","0","1","","","","N","","","","","","","","","",""
"2012050996","","1","0","0","0","0","0","0","0","0","5","0","","02","5","2012","6","40.318208","-80.073984","","11","0","0","0","0","0","1","0","0","2","0","0","0","","","0","","0","","40 19:05.548","3","0","80 04:26.342","0","0","0","0","2123","0","0","0","N","0","0","0","3","02123","0","","1.0","","1","N","N","","1","","0","0","0","","0","N","","2","0","1","0","0","0","0","2","0","2","","","","N","","","","","","","","","",""
"2012066272","","1","0","0","0","0","0","0","0","0","1","0","","02","7","2012","4","40.398327","-80.026313","","11","0","0","0","0","0","0","0","0","1","0","0","0","","","1","","1","","40 23:53.978","2","0","80 01:34.725","4","0","0","0","2301","0","0","0","N","0","0","0","4","02301","1","","1.0","","1","N","N","","0","","0","0","1","","2","Y","","2","1","0","0","0","0","0","2","0","2","","","","N","","","","","","","","","",""
"2012052466","","2","0","0","0","0","0","0","0","0","1","0","","02","5","2012","6","40.429037","-79.995919","","11","0","0","0","0","0","0","0","0","1","0","0","0","","","0","","0","","40 25:44.532","4","0","79 59:45.307","0","0","0","0","2301","0","0","0","N","0","0","0","1","02301","0","","4.0","","1","N","N","","0","","0","0","2","","0","N","","4","0","0","0","0","0","0","2","0","4","","","","N","","","","","","","","","",""
"2012067673","","1","0","0","0","0","0","0","0","0","2","0","","02","7","2012","6","40.438998","-79.79264","","11","0","0","0","0","0","1","0","0","","0","0","0","","","1","","0","","40 26:20.392","","0","79 47:33.505","8","0","0","0","2446","0","0","0","N","0","0","0","2","02446","0","","1.0","","1","N","N","","0","","0","0","1","","0","","","2","1","0","0","0","1","0","2","0","2","","","","N","","","","","","","","","",""
"2012067036","","2","0","0","0","0","0","0","0","0","4","0","","02","7","2012","6","40.454029","-79.912399","","11","0","0","0","0","0","0","1","0","","0","0","0","","","1","","1","","40 27:14.504","","0","79 54:44.638","4","0","0","0","2301","0","0","0","N","0","0","0","3","02301","1","","1.0","","1","N","N","","0","","0","0","0","","2","","","2","1","0","0","0","0","0","2","0","2","","","","N","","","","","","","","","",""
"2012051068","","0","0","0","0","0","0","0","0","0","7","0","","02","5","2012","6","40.609839","-80.051518","","11","0","0","0","0","0","0","0","0","3","0","0","0","","","0","","0","","40 36:35.422","6","0","80 03:05.465","0","0","0","0","2108","0","0","0","N","0","0","0","2","02108","0","","4.0","","1","N","N","","0","","0","0","1","","0","Y","","1","0","0","0","0","0","0","2","0","1","","","","N","","","","","","","","","",""
"2012066890","","0","0","0","1","0","0","0","0","0","4","0","","02","7","2012","5","40.491956","-79.864907","","11","0","0","0","0","0","1","0","0","","0","0","0","","","1","","1","","40 29:31.040","","0","79 51:53.666","3","0","0","0","2408","1","0","0","N","0","0","0","3","02408","0","","1.0","","1","N","N","","1","","1","0","0","","2","","","2","1","0","0","0","0","0","2","0","1","","","","N","","","","","","","","","",""
"2012066274","","1","0","0","0","0","0","0","0","0","7","0","","02","7","2012","5","40.42883","-79.983368","","11","0","0","0","0","0","0","0","1","3","0","0","0","","","0","","0","","40 25:43.787","7","0","79 59:00.123","9","0","0","0","2301","0","0","0","N","0","0","0","3","02301","0","","4.0","","1","N","N","","0","","0","0","1","","0","Y","","2","0","0","0","0","0","1","2","0","2","","","","N","","","","","","","","","",""
"2012053167","","3","0","0","0","0","0","0","0","0","4","0","","02","5","2012","1","40.593897","-79.996883","","11","0","0","0","0","0","2","0","0","","0","0","0","","","0","","1","","40 35:38.030","","0","79 59:48.778","9","0","0","0","2108","0","0","0","N","0","0","0","5","02501","0","","1.0","","1","N","N","","0","","0","0","1","","2","","","4","0","0","0","0","0","3","1","0","4","","","","N","","","","","","","","","",""
"2012051069","","0","0","0","0","0","0","0","0","0","4","0","","02","5","2012","5","","","","11","0","1","0","0","0","1","0","0","","0","0","0","","","0","","0","","","","0","","0","0","0","0","2115","0","0","0","N","0","0","0","2","02115","0","","1.0","","1","N","N","","0","","0","0","1","","0","","","2","0","0","0","0","0","0","1","1","2","","","","N","","","","","","","","","",""
"2012068580","","2","0","0","0","0","0","0","0","0","1","0","","02","7","2012","3","40.46225","-79.705798","","11","0","0","0","0","0","0","0","1","","0","0","0","","","0","","0","","40 27:44.101","","0","79 42:20.871","0","0","0","0","2446","0","0","0","N","0","0","0","2","02446","0","","1.0","","1","N","N","","0","","0","0","0","","0","","","2","0","0","0","0","0","0","2","0","2","","","","N","","","","","","","","","",""
"2012067038","","1","0","0","0","0","0","0","0","0","5","0","","02","7","2012","5","40.423807","-79.890981","","11","0","0","0","0","0","1","0","0","1","0","0","0","","","1","","1","","40 25:25.705","4","0","79 53:27.531","3","0","0","1","2463","0","0","0","N","0","0","0","2","02463","0","","1.0","","1","N","N","","0","","1","0","0","","2","N","","2","1","0","0","0","0","0","2","0","2","","","","N","","","","","","","","","",""
"2012053155","","2","0","0","0","0","0","0","0","0","1","0","","02","5","2012","1","40.394878","-80.021564","","11","0","0","0","0","1","0","0","1","","0","0","0","","","2","","2","","40 23:41.560","","0","80 01:17.630","8","0","0","0","2301","0","0","0","N","0","0","0","4","02301","0","","1.0","","1","N","N","","0","","0","0","0","","2","","","2","2","0","0","0","2","0","2","0","2","","","","N","","","","","","","","","",""
"2012051070","","2","0","0","0","0","0","0","0","0","1","0","","02","5","2012","4","40.341701","-80.039622","","11","0","0","0","0","0","2","0","0","","0","0","0","","","1","","2","","40 20:30.123","","0","80 02:22.639","4","0","0","0","2407","0","0","0","N","0","0","0","4","02407","1","","1.0","","1","N","N","","0","","0","0","1","","3","","","3","1","1","0","0","0","0","2","0","3","","","","N","","","","","","","","","",""
"2012051071","","1","0","0","0","0","0","0","0","0","7","0","","02","5","2012","7","40.356169","-80.016029","","11","0","0","0","0","0","0","0","0","","0","0","0","","","1","","0","","40 21:22.210","","0","80 00:57.703","4","0","0","0","2407","0","0","0","N","0","0","0","2","02407","1","","4.0","","1","N","N","","0","","0","0","0","","0","","","1","1","0","0","0","0","0","2","0","1","","","","N","","","","","","","","","",""
"2012066894","","2","0","0","0","0","0","0","0","0","4","0","","02","6","2012","7","40.43835","-79.772325","","11","0","0","0","0","0","1","1","0","2","0","0","0","","","0","","0","","40 26:18.061","3","0","79 46:20.370","0","0","0","0","2446","0","0","0","N","0","0","0","3","02446","0","","1.0","","1","N","N","","0","","0","0","0","","0","N","","2","0","0","0","0","0","0","2","0","2","","","","N","","","","","","","","","",""
"2012053301","","1","0","0","0","0","0","0","0","0","1","0","","02","5","2012","2","40.475094","-80.011438","","11","0","0","0","0","0","0","0","0","2","0","0","0","","","1","","10","","40 28:30.337","5","0","80 00:41.178","4","0","0","0","2301","0","0","0","N","0","0","0","1","02301","1","","4.0","","1","N","N","","1","","0","0","0","","0","N","","2","1","0","0","0","0","0","2","0","2","","","","N","","","","","","","","","",""
"2012067818","","1","0","0","0","0","0","0","0","0","4","0","","02","7","2012","5","40.372238","-79.981913","","11","0","0","0","0","0","0","0","0","","0","0","0","","","0","","0","","40 22:20.057","","0","79 58:54.888","9","0","0","0","2413","0","0","0","N","0","0","0","2","02413","0","","1.0","","1","N","N","","1","","0","0","0","","0","","","2","0","0","0","0","0","2","2","0","2","","","","N","","","","","","","","","",""
"2012053160","","1","0","0","0","0","0","0","0","0","2","0","","02","5","2012","1","40.490244","-79.774422","","11","0","0","0","0","0","0","0","1","1","0","0","0","","","3","","2","","40 29:24.880","1","0","79 46:27.918","8","0","0","0","2466","0","0","0","N","0","0","0","4","02466","0","","1.0","","1","N","N","","1","","0","0","0","","0","N","","2","3","0","0","0","3","0","2","0","2","","","","N","","","","","","","","","",""
"2012051625","","0","0","0","0","0","0","0","0","0","7","0","","02","5","2012","7","40.531721","-79.711095","","11","0","0","0","0","0","0","0","0","3","0","0","0","","","0","","0","","40 31:54.196","6","0","79 42:39.943","0","0","0","0","2466","0","0","0","N","0","0","0","2","02466","0","","5.0","","1","N","N","","1","","0","0","0","","0","Y","","1","0","0","0","0","0","0","1","0","1","","","","N","","","","","","","","","",""
"2012067694","","1","0","0","0","0","0","0","0","0","7","0","45","02","7","2012","6","40.537984","-79.833682","","11","0","0","0","0","0","1","0","0","1","0","0","0","","","1","","0","","40 32:16.743","1","0","79 50:01.255","8","0","0","0","2208","0","0","0","Y","0","0","0","1","02208","0","","4.0","","1","N","N","","0","","0","0","0","","0","N","","1","1","0","0","0","1","0","2","0","1","","","Y","Y","4","1","","","N","Y","","","",""
"2012067046","","2","0","0","0","0","0","0","0","0","1","0","","02","7","2012","6","40.450372","-79.761617","","11","0","0","0","0","0","1","0","0","","0","0","0","","","3","","0","","40 27:01.340","","0","79 45:41.820","4","0","0","0","2446","0","0","0","N","0","0","0","5","02446","3","","1.0","","1","N","N","","0","","0","0","1","","0","","","3","3","0","0","0","0","0","2","0","3","","","","N","","","","","","","","","",""
"2012067821","","2","0","0","0","0","0","0","0","0","2","0","","02","7","2012","2","40.473451","-79.96968","","11","0","0","0","0","1","0","0","0","1","0","0","0","","","2","","0","","40 28:24.423","7","3","79 58:10.848","4","0","0","0","2301","0","0","0","N","0","0","0","2","02301","1","","1.0","","1","N","N","","0","","0","0","0","","0","N","","2","2","1","0","0","1","0","2","0","2","","","","N","","","","","","","","","",""
"2012051626","","1","0","0","1","0","0","0","0","0","8","0","","02","5","2012","3","40.450646","-80.018631","","11","0","0","0","0","0","1","0","0","","0","0","0","","","1","","0","","40 27:02.325","","0","80 01:07.070","4","0","0","0","2301","1","0","0","N","0","0","0","2","02301","1","","4.0","","1","N","N","","0","","0","0","0","","0","","","2","1","0","0","0","0","0","2","0","1","","","","N","","","","","","","","","",""
"2012068588","","3","0","0","0","0","0","0","0","0","1","0","","02","7","2012","2","40.431127","-80.064488","","11","0","0","0","0","1","0","0","0","","0","0","0","","","0","","0","","40 25:52.056","","0","80 03:52.157","0","0","0","0","2421","0","0","0","N","0","0","0","1","02421","0","","1.0","","1","N","N","","0","","0","0","0","","0","","","3","0","0","0","0","0","0","2","0","3","","","","N","","","","","","","","","",""
"2012053163","","1","0","0","0","0","0","0","0","0","1","0","","02","5","2012","1","40.467983","-80.021912","","11","0","0","0","0","0","0","0","0","1","0","0","0","","","0","","2","","40 28:04.740","3","0","80 01:18.882","0","0","0","0","2301","0","0","0","N","0","0","0","1","02301","0","","1.0","","1","N","N","","0","","0","0","1","","0","N","","2","0","0","0","0","0","0","2","0","2","","","","N","","","","","","","","","",""