"CRN","ARRIVAL_TM","AUTOMOBILE_COUNT","BELTED_DEATH_COUNT","BELTED_SUSP_SERIOUS_INJ_COUNT","BICYCLE_COUNT","BICYCLE_DEATH_COUNT","BICYCLE_SUSP_SERIOUS_INJ_COUNT","BUS_COUNT","CHLDPAS_DEATH_COUNT","CHLDPAS_SUSP_SERIOUS_INJ_COUNT","COLLISION_TYPE","COMM_VEH_COUNT","CONS_ZONE_SPD_LIM","COUNTY","CRASH_MONTH","CRASH_YEAR","DAY_OF_WEEK","DEC_LATITUDE","DEC_LONGITUDE","DISPATCH_TM","DISTRICT","DRIVER_COUNT_16YR","DRIVER_COUNT_17YR","DRIVER_COUNT_18YR","DRIVER_COUNT_19YR","DRIVER_COUNT_20YR","DRIVER_COUNT_50_64YR","DRIVER_COUNT_65_74YR","DRIVER_COUNT_75PLUS","EST_HRS_CLOSED","FATAL_COUNT","HEAVY_TRUCK_COUNT","HORSE_BUGGY_COUNT","HOUR_OF_DAY","ILLUMINATION","INJURY_COUNT","INTERSECTION_RELATED","INTERSECT_TYPE","LANE_CLOSED","LATITUDE","LN_CLOSE_DIR","LOCATION_TYPE","LONGITUDE","MAX_SEVERITY_LEVEL","MCYCLE_DEATH_COUNT","MCYCLE_SUSP_SERIOUS_INJ_COUNT","MOTORCYCLE_COUNT","MUNICIPALITY","NONMOTR_COUNT","NONMOTR_DEATH_COUNT","NONMOTR_SUSP_SERIOUS_INJ_COUNT","NTFY_HIWY_MAINT","PED_COUNT","PED_DEATH_COUNT","PED_SUSP_SERIOUS_INJ_COUNT","PERSON_COUNT","POLICE_AGCY","POSSIBLE_INJ_COUNT","RDWY_SURF_TYPE_CD","RELATION_TO_ROAD","ROADWAY_CLEARED","ROAD_CONDITION","SCH_BUS_IND","SCH_ZONE_IND","SECONDARY_CRASH","SMALL_TRUCK_COUNT","SPEC_JURIS_CD","SUSP_MINOR_INJ_COUNT","SUSP_SERIOUS_INJ_COUNT","SUV_COUNT","TCD_FUNC_CD","TCD_TYPE","TFC_DETOUR_IND","TIME_OF_DAY","TOTAL_UNITS","TOT_INJ_COUNT","UNBELTED_OCC_COUNT","UNB_DEATH_COUNT","UNB_SUSP_SERIOUS_INJ_COUNT","UNK_INJ_DEG_COUNT","UNK_INJ_PER_COUNT","URBAN_RURAL","VAN_COUNT","VEHICLE_COUNT","WEATHER1","WEATHER2","WORKERS_PRES","WORK_ZONE_IND","WORK_ZONE_LOC","WORK_ZONE_TYPE","WZ_CLOSE_DETOUR","WZ_FLAGGER","WZ_LAW_OFFCR_IND","WZ_LN_CLOSURE","WZ_MOVING","WZ_OTHER","WZ_SHLDER_MDN","WZ_WORKERS_INJ_KILLED"
"2012052414","","0","0","0","0","0","0","0","0","0","1","0","","02","5","2012","5","40.43533","-79.994951","","11","0","0","0","0","0","0","0","0","","0","0","0","","","1","","0","","40 26:07.189","","3","79 59:41.822","4","0","0","0","2301","0","0","0","Y","0","0","0","2","02301","1","","1.0","","1","N","N","","1","","0","0","1","","0","","","2","1","0","0","0","0","0","2","0","2","","","","N","","","","","","","","","",""
"2012053175","","1","0","0","0","0","0","0","0","0","7","0","25","02","5","2012","1","40.348237","-79.890144","","11","0","0","0","0","0","1","0","0","1","0","0","0","","","0","","1","","40 20:53.653","3","2","79 53:24.518","0","0","0","0","2423","0","0","0","N","0","0","0","1","02304","0","","4.0","","9","N","N","","0","","0","0","0","","0","N","","1","0","0","0","0","0","0","2","0","1","","","N","Y","1","1","","","N","","","","",""
"2012051009","","0","0","0","0","0","0","0","0","0","1","0","","02","5","2012","2","40.436177","-79.972866","","11","0","0","0","0","0","1","0","0","","0","0","0","","","0","","2","","40 26:10.237","","0","79 58:22.316","0","0","0","0","2301","0","0","0","N","0","0","0","2","02301","0","","1.0","","1","N","N","","0","","0","0","1","","2","","","2","0","0","0","0","0","0","2","1","2","","","","N","","","","","","","","","",""
"2012067696","","0","0","0","0","0","0","0","0","0","7","0","","02","7","2012","7","40.366614","-79.871219","","11","0","0","0","0","1","0","0","0","1","0","0","0","","","1","","0","","40 21:59.810","1","0","79 52:16.390","8","0","0","0","2473","0","0","0","N","0","0","0","2","02473","0","","5.0","","1","N","N","","0","","0","0","1","","0","N","","1","1","0","0","0","1","0","2","0","1","","","","N","","","","","","","","","",""
"2012051749","","1","0","0","0","0","0","0","0","0","7","0","","02","5","2012","2","40.370097","-79.856572","","11","0","0","0","0","0","0","0","0","2","0","0","0","","","0","","0","","40 22:12.350","6","0","79 51:23.660","9","0","0","0","2303","0","0","0","N","0","0","0","1","02303","0","","5.0","","1","N","N","","0","","0","0","0","","0","N","","1","0","0","0","0","0","1","2","0","1","","","","N","","","","","","","","","",""
"2012053307","","0","0","0","0","0","0","0","0","0","0","0","","02","5","2012","1","40.407418","-80.015113","","11","0","0","0","0","0","0","0","0","","0","0","0","","","0","","0","","40 24:26.704","","0","80 00:54.406","0","0","0","0","2301","0","0","0","","0","0","0","2","02301","0","","1.0","","9","N","N","","0","","0","0","1","","0","","","1","0","0","0","0","0","0","2","0","1","","05","","N","","","","","","","","","",""
"2012051750","","1","0","0","0","0","0","0","0","0","5","0","","02","5","2012","3","40.434861","-79.790872","","11","0","0","0","0","0","1","1","0","","0","0","0","","","0","","0","","40 26:05.500","","0","79 47:27.139","0","0","0","0","2446","0","0","0","N","0","0","0","2","02446","0","","1.0","","1","N","N","","0","","0","0","1","","0","","","2","0","0","0","0","0","0","2","0","2","","","","N","","","","","","","","","",""
"2012067699","","0","0","0","0","0","0","0","0","0","1","0","","02","7","2012","2","40.443639","-80.02713","","11","0","0","0","0","0","0","0","0","1","0","0","0","","","1","","0","","40 26:37.100","4","0","80 01:37.668","2","0","1","1","2301","0","0","0","N","0","0","0","2","02301","0","","1.0","","1","N","N","","1","","0","1","0","","0","N","","2","1","0","0","0","0","0","2","0","2","","","","N","","","","","","","","","",""
"2012052418","","0","0","0","0","0","0","0","0","0","1","0","","02","5","2012","5","40.33798","-79.894971","","11","0","0","0","0","0","0","1","0","","0","0","0","","","1","","2","","40 20:16.728","","1","79 53:41.897","8","0","0","0","2473","0","0","0","N","0","0","0","2","02473","0","","1.0","","1","N","N","","2","","0","0","0","","2","","","2","1","0","0","0","1","0","2","0","2","","","","N","","","","","","","","","",""
"2012067701","","0","0","0","0","0","0","0","0","0","2","0","","02","7","2012","2","40.453981","-80.014537","","11","0","0","0","0","0","2","0","0","","0","0","0","","","1","","1","","40 27:14.331","","0","80 00:52.333","4","0","0","0","2301","0","0","0","N","0","0","0","2","02301","1","","1.0","","1","N","N","","0","","0","0","1","","2","","","2","1","0","0","0","0","0","2","1","2","","","","N","","","","","","","","","",""
"2012066159","","1","0","0","0","0","0","0","0","0","4","0","","02","7","2012","3","40.535713","-79.842059","","11","0","0","0","0","0","0","0","0","1","0","0","0","","","1","","0","","40 32:08.565","5","0","79 50:31.411","8","0","0","0","2208","0","0","0","N","0","0","0","2","02208","0","","1.0","","1","N","N","","0","","0","0","1","","0","Y","","2","1","0","0","0","1","0","2","0","2","","","","N","","","","","","","","","",""
"2012067702","","2","0","0","0","0","0","0","0","0","1","0","","02","7","2012","1","40.48782","-80.012264","","11","0","0","0","0","0","0","0","0","2","0","0","0","","","2","","0","","40 29:16.152","5","0","80 00:44.150","3","0","0","0","2301","0","0","0","N","0","0","0","3","02301","1","","1.0","","1","N","N","","0","","1","0","0","","0","Y","","2","2","1","0","0","0","1","2","0","2","","","","N","","","","","","","","","",""
"2012067832","","1","0","0","0","0","0","0","0","0","1","0","","02","7","2012","2","40.462819","-79.957327","","11","0","0","0","0","0","2","0","0","1","0","0","0","","","0","","2","","40 27:46.148","3","0","79 57:26.377","0","0","0","0","2301","0","0","0","N","0","0","0","3","02301","0","","1.0","","1","N","N","","0","","0","0","0","","2","N","","3","0","0","0","0","0","0","2","2","3","","","","N","","","","","","","","","",""
"2012067703","","2","0","0","0","0","0","0","0","0","1","0","","02","7","2012","5","40.471105","-79.922682","","11","0","0","0","0","0","0","0","0","","0","0","0","","","2","","0","","40 28:15.978","","0","79 55:21.655","8","0","0","0","2301","0","0","0","N","0","0","0","2","02301","0","","6.0","","1","N","N","","0","","0","0","0","","0","","","2","2","0","0","0","2","0","2","0","2","","","","N","","","","","","","","","",""
"2012068597","","1","0","0","0","0","0","0","0","0","1","0","","02","7","2012","3","40.340138","-79.967344","","11","0","0","0","0","0","1","0","0","","0","0","0","","","0","","2","","40 20:24.495","","0","79 58:02.439","0","0","0","0","2454","0","0","0","N","0","0","0","2","02454","0","","1.0","","1","N","N","","0","","0","0","1","","2","","","2","0","0","0","0","0","0","2","0","2","","","","N","","","","","","","","","",""
"2012066292","","2","0","0","0","0","0","0","0","0","2","0","","02","7","2012","4","40.490437","-79.78317","","11","0","0","0","0","0","0","0","1","1","0","0","0","","","2","","2","","40 29:25.573","3","0","79 46:59.412","4","0","0","0","2466","0","0","0","N","0","0","0","2","02466","1","","1.0","","1","N","N","","0","","0","0","0","","3","Y","","2","2","0","0","0","1","0","2","0","2","","","","N","","","","","","","","","",""
"2012051767","","2","0","0","0","0","0","0","0","0","4","0","","02","5","2012","4","40.440498","-80.033636","","11","0","0","0","0","1","1","0","0","","0","0","0","","","0","","2","","40 26:25.792","","0","80 02:01.089","0","0","0","0","2301","0","0","0","N","0","0","0","2","02301","0","","1.0","","1","N","N","","0","","0","0","0","","0","","","2","0","0","0","0","0","0","2","0","2","","","","N","","","","","","","","","",""
"2012068598","","1","0","0","0","0","0","0","0","0","4","0","","02","7","2012","4","40.343488","-79.97027","","11","0","0","0","0","0","0","1","0","","0","0","0","","","0","","0","","40 20:36.557","","0","79 58:12.972","0","0","0","0","2403","0","0","0","N","0","0","0","2","02403","0","","1.0","","1","N","N","","0","","0","0","1","","0","","","2","0","0","0","0","0","0","2","0","2","","","","N","","","","","","","","","",""
"2012051019","","1","0","0","0","0","0","0","0","0","7","0","","02","5","2012","1","40.315416","-80.006131","","11","0","0","0","0","0","1","0","0","","0","0","0","","","1","","1","","40 18:55.497","","0","80 00:22.071","3","0","0","0","2219","0","0","0","N","0","0","0","1","02501","0","","2.0","","1","N","N","","0","","1","0","0","","2","","","1","1","0","0","0","0","0","2","0","1","","","","N","","","","","","","","","",""
"2012068599","","1","0","0","0","0","0","0","0","0","7","0","","02","7","2012","5","40.460221","-79.842652","","11","0","0","0","0","0","0","0","1","","0","0","0","","","1","","1","","40 27:36.794","","7","79 50:33.548","8","0","0","0","2113","0","0","0","N","0","0","0","1","02113","0","","4.0","","1","N","N","","0","","0","0","0","","0","","","1","1","0","0","0","1","0","2","0","1","","","","N","","","","","","","","","",""
"2012052559","","2","0","0","0","0","0","0","0","0","4","0","","02","5","2012","5","40.382818","-79.976926","","11","0","0","0","0","0","1","0","0","1","0","0","0","","","0","","0","","40 22:58.144","3","0","79 58:36.933","0","0","0","0","2301","0","0","0","N","0","0","0","5","02301","0","","1.0","","1","N","N","","0","","0","0","0","","0","N","","2","0","3","0","0","0","0","2","0","2","","","","N","","","","","","","","","",""
"2012067707","","1","0","0","0","0","0","0","0","0","7","0","","02","7","2012","4","40.466829","-79.825846","","11","0","0","0","0","0","1","0","0","2","0","0","0","","","1","","0","","40 28:00.586","4","0","79 49:33.046","4","0","0","0","2113","0","0","0","N","0","0","0","1","02113","1","","5.0","","9","N","N","","0","","0","0","0","","0","N","","1","1","0","0","0","0","0","2","0","1","","","","N","","","","","","","","","",""
"2012066226","","1","0","0","0","0","0","0","0","0","0","0","","02","7","2012","2","40.61336","-79.954908","","11","0","0","0","0","0","0","0","0","2","0","0","0","","","0","","2","","40 36:48.095","2","0","79 57:17.669","0","0","0","0","2207","0","0","0","Y","0","0","0","3","02207","0","","5.0","","1","N","N","","1","","0","0","0","","3","N","","2","0","0","0","0","0","0","2","0","2","","","","N","","","","","","","","","",""
"2012067708","","2","0","0","0","0","0","0","0","0","4","0","","02","7","2012","1","40.427889","-79.916106","","11","0","0","0","0","0","2","0","0","2","0","0","0","","","2","","1","","40 25:40.400","2","0","79 54:57.980","8","0","0","0","2301","0","0","0","N","0","0","0","4","02301","0","","1.0","","1","N","N","","0","","0","0","0","","2","N","","2","2","3","0","0","2","0","2","0","2","","","","N","","","","","","","","","",""
"2012066929","","2","0","0","0","0","0","0","0","0","4","0","","02","7","2012","5","40.426975","-79.980753","","11","0","0","0","0","0","0","0","0","","0","0","0","","","1","","1","","40 25:37.110","","0","79 58:50.710","4","0","0","0","2301","0","0","0","N","0","0","0","2","02301","1","","1.0","","1","N","N","","0","","0","0","2","","2","","","4","1","0","0","0","0","0","2","0","4","","","","N","","","","","","","","","",""
"2012068541","","0","0","0","0","0","0","0","0","0","99","0","","02","7","2012","1","40.607076","-79.76343","","11","0","0","0","0","0","0","0","0","","0","0","0","","","0","","0","","40 36:25.472","","0","79 45:48.347","0","0","0","0","2464","0","0","0","N","0","0","0","1","68D02","0","","1.0","","1","N","N","","0","","0","0","1","","0","","","1","0","0","0","0","0","0","2","0","1","","","","N","","","","","","","","","",""
"2012068605","","1","0","0","0","0","0","0","0","0","4","0","","02","7","2012","3","40.45041","-79.948748","","11","0","0","0","0","0","0","0","0","","0","0","0","","","0","","1","","40 27:01.476","","0","79 56:55.492","0","0","0","0","2301","0","0","0","N","0","0","0","3","02301","0","","1.0","","1","N","N","","0","","0","0","0","","1","","","2","0","0","0","0","0","0","2","1","2","","","","N","","","","","","","","","",""
"2012053191","","0","0","0","0","0","0","0","0","0","4","0","","02","5","2012","6","40.43434","-79.918759","","11","0","0","0","0","0","1","0","0","","0","0","0","","","0","","2","","40 26:03.624","","0","79 55:07.532","0","0","0","0","2301","0","0","0","N","0","0","0","2","02301","0","","1.0","","1","N","N","","0","","0","0","2","","3","","","2","0","0","0","0","0","0","2","0","2","","","","N","","","","","","","","","",""
"2012050954","","1","0","0","0","0","0","0","0","0","4","0","","02","5","2012","1","40.46715","-80.066788","","11","0","0","0","0","0","0","0","0","","0","0","0","","","0","","0","","40 28:01.739","","0","80 04:00.437","0","0","0","0","2444","0","0","0","N","0","0","0","3","02444","0","","4.0","","1","N","N","","1","","0","0","1","","0","","","4","0","0","0","0","0","0","2","1","4","","","","N","","","","","","","","","",""
"2012053336","","0","0","0","0","0","0","0","0","0","7","0","","02","5","2012","6","40.654003","-79.759234","","11","0","0","0","0","0","0","0","0","3","0","0","0","","","1","","2","","40 39:14.412","5","7","79 45:33.244","8","0","0","0","2202","0","0","0","","0","0","0","1","02202","0","","5.0","","1","","","","0","","0","0","1","","0","Y","","1","1","0","0","0","1","0","1","0","1","","","","N","","","","","","","","","",""
"2012066930","","4","0","0","0","0","0","0","0","0","1","0","","02","7","2012","6","40.398971","-80.025229","","11","0","0","0","0","0","0","0","0","3","0","0","0","","","1","","0","","40 23:56.294","5","0","80 01:30.826","4","0","0","0","2301","0","0","0","N","0","0","0","1","02301","1","","1.0","","1","N","N","","0","","0","0","0","","0","Y","","4","1","0","0","0","0","0","2","0","4","","","","N","","","","","","","","","",""
"2012066996","","1","0","0","0","0","0","0","0","0","99","0","","02","7","2012","6","40.480912","-80.045338","","11","0","0","0","0","0","1","0","0","1","0","0","0","","","0","","0","","40 28:51.283","1","0","80 02:43.218","0","0","0","0","2301","0","0","0","N","0","0","0","1","02301","0","","1.0","","1","N","N","","0","","0","0","0","","0","N","","1","0","0","0","0","0","0","2","0","1","","","","N","","","","","","","","","",""
"2012052430","","0","0","0","0","0","0","0","0","0","8","0","","02","5","2012","5","40.453489","-80.00059","","11","0","0","0","0","0","0","0","1","","0","0","0","","","1","","2","","40 27:12.560","","0","80 00:02.124","4","0","0","0","2301","1","0","0","N","1","0","0","3","02301","1","","1.0","","1","N","N","","0","","0","0","0","","3","","","2","1","0","0","0","0","0","2","1","1","","","","N","","","","","","","","","",""
"2012051038","","1","0","0","0","0","0","0","0","0","4","0","","02","5","2012","2","40.481099","-79.951043","","11","0","1","0","0","0","1","1","0","","0","0","0","","","0","","1","","40 28:51.956","","0","79 57:03.754","0","0","0","0","2301","0","0","0","N","0","0","0","5","02301","0","","1.0","","1","N","N","","0","","0","0","0","","3","","","3","0","0","0","0","0","0","2","2","3","","","","N","","","","","","","","","",""
"2012052566","","1","0","0","0","0","0","0","0","0","4","0","","02","5","2012","7","40.399926","-80.023957","","11","0","0","0","0","0","0","1","0","","0","0","0","","","0","","0","","40 23:59.733","","0","80 01:26.246","0","0","0","0","2301","0","0","0","N","0","0","0","2","02301","0","","1.0","","1","N","N","","0","","0","0","0","","0","","","2","0","0","0","0","0","0","2","1","2","","","","N","","","","","","","","","",""
"2012067713","","1","0","0","0","0","0","0","0","0","1","0","","02","7","2012","2","40.440515","-80.034572","","11","0","0","0","0","0","0","0","0","1","0","0","0","","","1","","0","","40 26:25.854","3","0","80 02:04.459","4","0","0","0","2301","0","0","0","N","0","0","0","1","02301","1","","1.0","","1","N","N","","1","","0","0","0","","0","N","","3","1","0","0","0","0","0","2","1","3","","","","N","","","","","","","","","",""
"2012066997","","0","0","0","0","0","0","0","0","0","4","0","","02","7","2012","6","","","","11","0","0","0","0","0","0","0","0","","0","0","0","","","0","","2","","","","0","","0","0","0","0","2302","0","0","0","N","0","0","0","2","02301","0","","1.0","","1","N","N","","1","","0","0","1","","0","","","2","0","0","0","0","0","0","1","0","2","","","","N","","","","","","","","","",""
"2012050956","","2","0","0","0","0","0","0","0","0","1","0","","02","5","2012","2","40.434211","-79.764947","","11","0","0","0","0","0","0","0","0","","0","0","0","","","3","","0","","40 26:03.160","","0","79 45:53.810","8","0","0","0","2446","0","0","0","N","0","0","0","4","02446","0","","1.0","","1","N","N","","0","","0","0","0","","0","","","2","3","0","0","0","3","0","2","0","2","","","","N","","","","","","","","","",""
"2012068480","","1","0","0","0","0","0","0","0","0","99","0","","02","7","2012","4","40.576923","-80.222674","","11","0","0","0","0","0","0","0","0","","0","0","0","","","0","","0","","40 34:36.924","","0","80 13:21.628","0","0","0","0","2441","0","0","0","N","0","0","0","1","02441","0","","1.0","","1","N","N","","0","","0","0","0","","0","","","1","0","0","0","0","0","0","2","0","1","","","","N","","","","","","","","","",""
"2012067002","","0","0","0","0","0","0","0","0","0","1","0","","02","7","2012","5","40.432866","-79.937505","","11","0","0","0","0","0","1","0","0","","0","0","0","","","0","","2","","40 25:58.317","","0","79 56:15.018","0","0","0","0","2301","0","0","0","N","0","0","0","2","02301","0","","1.0","","1","N","N","","0","","0","0","2","","0","","","2","0","0","0","0","0","0","2","0","2","","","","N","","","","","","","","","",""
"2012067016","","1","0","0","0","0","0","0","0","0","1","1","","02","7","2012","6","40.451696","-79.98314","","11","0","0","0","0","0","0","0","0","1","0","1","0","","","1","","2","","40 27:06.105","4","0","79 58:59.304","4","0","0","0","2301","0","0","0","N","0","0","0","1","02301","1","","1.0","","1","N","N","","0","","0","0","0","","2","N","","2","1","0","0","0","0","0","2","0","2","","","","N","","","","","","","","","",""
"2012053198","","1","0","0","0","0","0","0","0","0","7","0","","02","5","2012","2","40.398044","-80.138993","","11","0","0","0","0","0","0","0","0","","0","0","0","","","0","","0","","40 23:52.958","","0","80 08:20.375","9","0","0","0","2214","0","0","0","N","0","0","0","1","02214","0","","4.0","","1","N","N","","0","","0","0","0","","0","","","2","0","0","0","0","0","1","2","0","2","","","","N","","","","","","","","","",""
"2012050974","","1","0","0","0","0","0","0","0","0","4","0","","02","5","2012","2","40.544728","-79.838662","","11","0","0","0","0","0","0","1","0","1","0","0","0","","","0","","2","","40 32:41.019","3","0","79 50:19.184","0","0","0","0","2208","0","0","0","","0","0","0","3","02208","0","","1.0","","1","","","","0","","0","0","1","","2","N","","2","0","0","0","0","0","0","2","0","2","","","","N","","","","","","","","","",""
"2012067793","","1","0","0","0","0","0","0","0","0","1","0","","02","7","2012","7","40.605427","-79.9471","","11","0","0","0","0","0","1","0","0","","0","0","0","","","0","","2","","40 36:19.536","","0","79 56:49.560","0","0","0","0","2207","0","0","0","N","0","0","0","2","02207","0","","1.0","","1","N","N","","0","","0","0","1","","0","","","2","0","0","0","0","0","0","2","0","2","","","","N","","","","","","","","","",""
"2012050976","","0","0","0","0","0","0","0","0","0","4","0","","02","5","2012","2","40.452825","-79.981467","","11","0","0","0","0","0","0","0","0","1","0","0","0","","","1","","1","","40 27:10.170","4","0","79 58:53.280","4","0","0","0","2301","0","0","0","N","0","0","0","2","02301","1","","1.0","","1","N","N","","1","","0","0","0","","0","N","","2","1","1","0","0","0","0","2","1","2","","","","N","","","","","","","","","",""
"2012053273","","2","0","0","0","0","0","0","0","0","4","0","","02","5","2012","2","40.523609","-79.838676","","11","0","0","0","0","0","0","0","0","","0","0","0","","","0","","0","","40 31:24.992","","0","79 50:19.233","0","0","0","0","2451","0","0","0","N","0","0","0","2","02451","0","","6.0","","1","N","N","","0","","0","0","0","","0","","","2","0","0","0","0","0","0","2","0","2","","","","N","","","","","","","","","",""
"2012051047","","1","0","0","0","0","0","0","0","0","4","0","","02","5","2012","4","40.497791","-80.055366","","11","0","0","0","0","0","1","0","0","1","0","0","0","","","0","","0","","40 29:52.049","3","0","80 03:19.317","0","0","0","0","2404","0","0","0","N","0","0","0","1","02404","0","","1.0","","1","N","N","","1","","0","0","0","","0","Y","","2","0","0","0","0","0","0","2","0","2","","","","N","","","","","","","","","",""
"2012051782","","2","0","0","0","0","0","0","0","0","1","0","","02","5","2012","4","40.450259","-80.027297","","11","0","0","0","0","0","1","0","0","2","0","0","0","","","0","","7","","40 27:00.932","4","2","80 01:38.270","0","0","0","0","2301","0","0","0","N","0","0","0","3","02301","0","","1.0","","1","N","N","","0","","0","0","1","","0","N","","3","0","0","0","0","0","0","2","0","3","","","","N","","","","","","","","","",""
"2012067655","","2","0","0","0","0","0","0","0","0","4","0","","02","7","2012","1","40.465193","-80.053754","","11","0","0","0","0","0","0","0","0","2","0","0","0","","","3","","2","","40 27:54.694","7","0","80 03:13.514","4","0","0","0","2444","0","0","0","N","0","0","0","5","02444","1","","1.0","","1","N","N","","0","","0","0","0","","2","N","","2","3","0","0","0","2","0","2","0","2","","","","N","","","","","","","","","",""
"2012066251","","2","0","0","0","0","0","0","0","0","2","0","","02","7","2012","4","40.441819","-79.96704","","11","0","0","0","0","0","0","0","0","","0","0","0","","","0","","0","","40 26:30.548","","0","79 58:01.344","9","0","0","0","2301","0","0","0","N","0","0","0","2","02301","0","","6.0","","9","N","N","","0","","0","0","0","","0","","","2","0","0","0","0","0","1","2","0","2","","","","N","","","","","","","","","",""
"2012067657","","1","0","0","0","0","0","0","0","0","1","0","","02","7","2012","1","40.370573","-79.982392","","11","0","0","0","0","0","0","0","0","1","0","0","0","","","1","","1","","40 22:14.063","2","0","79 58:56.611","8","0","0","0","2413","0","0","0","N","0","0","0","2","02413","0","","1.0","","1","N","N","","1","","0","0","0","","2","N","","3","1","0","0","0","1","0","2","0","2","","","","N","","","","","","","","","",""
"2012066253","","0","0","0","0","0","0","0","0","0","7","0","","02","7","2012","4","40.540601","-79.762111","","11","0","0","0","0","0","0","0","0","","0","0","0","","","1","","0","","40 32:26.164","","0","79 45:43.599","4","0","0","0","2466","0","0","0","N","0","0","0","1","02466","1","","1.0","","9","N","N","","0","","0","0","1","","0","","","1","1","0","0","0","0","0","1","0","1","","","","N","","","","","","","","","",""
"2012067021","","1","0","0","0","0","0","0","0","0","7","0","","02","7","2012","6","40.475985","-79.789364","","11","0","0","0","0","0","0","0","1","1","0","0","0","","","1","","0","","40 28:33.547","4","7","79 47:21.709","4","0","0","0","2113","0","0","0","N","0","0","0","1","02113","1","","5.0","","1","N","N","","0","","0","0","0","","0","N","","1","1","0","0","0","0","0","2","0","1","","","","N","","","","","","","","","",""
"2012067797","","1","0","0","0","0","0","0","0","0","7","0","","02","7","2012","2","40.468765","-80.019303","","11","0","0","0","0","0","0","0","0","","0","0","0","","","0","","10","","40 28:07.555","","0","80 01:09.492","0","0","0","0","2301","0","0","0","N","0","0","0","1","02301","0","","5.0","","1","N","N","","0","","0","0","0","","0","","","1","0","0","0","0","0","0","2","0","1","","","","N","","","","","","","","","",""
"2012067798","","1","0","0","0","0","0","0","0","0","7","0","","02","7","2012","5","40.542184","-79.964233","","11","0","0","0","0","0","0","0","1","1","0","0","0","","","1","","2","","40 32:31.862","2","0","79 57:51.239","8","0","0","0","2118","0","0","0","N","0","0","0","1","02118","0","","5.0","","1","N","N","","0","","0","0","1","","2","N","","2","1","0","0","0","1","0","2","0","2","","","","N","","","","","","","","","",""
"2012051654","","4","0","0","0","0","0","0","0","0","5","0","","02","5","2012","3","40.423471","-79.929583","","11","0","0","0","0","0","0","0","0","1","0","0","0","","","0","","0","","40 25:24.496","5","0","79 55:46.499","0","0","0","0","2301","0","0","0","N","0","0","0","0","02301","0","","6.0","","1","N","N","","0","","0","0","0","","0","N","","5","0","0","0","0","0","0","2","0","5","","","","N","","","","","","","","","",""
"2012053280","","1","0","0","0","0","0","0","0","0","4","0","","02","5","2012","7","40.532533","-79.968021","","11","0","0","0","0","1","1","0","0","1","0","0","0","","","1","","1","","40 31:57.117","1","0","79 58:04.877","4","0","0","0","2118","0","0","0","N","0","0","0","4","02118","1","","1.0","","1","N","N","","0","","0","0","1","","3","Y","","2","1","0","0","0","0","0","2","0","2","","","","N","","","","","","","","","",""
"2012053397","","1","0","0","1","0","0","0","0","0","8","0","","02","5","2012","2","40.401173","-79.86575","","11","0","0","0","0","0","0","0","0","","0","0","0","","","1","","2","","40 24:04.222","","0","79 51:56.700","3","0","0","0","2410","1","0","0","N","0","0","0","2","02410","0","","1.0","","1","N","N","","0","","1","0","0","","2","","","2","1","1","0","0","0","0","2","0","1","","","","N","","","","","","","","","",""
"2012050571","","1","0","0","0","0","0","0","0","0","7","0","","02","5","2012","3","40.421733","-79.986905","","11","0","0","0","0","0","0","0","0","","0","0","0","","","0","","2","","40 25:18.238","","0","79 59:12.858","0","0","0","0","2301","0","0","0","N","0","0","0","1","02301","0","","2.0","","1","N","N","","0","","0","0","0","","3","","","1","0","0","0","0","0","0","2","0","1","","","","N","","","","","","","","","",""
"2012051391","","1","0","0","0","0","0","0","0","0","1","0","","02","5","2012","2","40.409029","-79.756506","","11","0","0","0","0","0","1","0","0","","0","0","0","","","0","","2","","40 24:32.504","","0","79 45:23.421","0","0","0","0","2446","0","0","0","N","0","0","0","2","02446","0","","1.0","","1","N","N","","0","","0","0","1","","0","","","2","0","0","0","0","0","0","2","0","2","","","","N","","","","","","","","","",""
"2012050574","","1","0","0","0","0","0","0","0","0","4","1","","02","5","2012","6","40.653407","-80.067874","","11","0","0","0","0","0","1","0","0","1","0","1","0","","","1","","2","","40 39:12.266","3","0","80 04:04.348","8","0","0","0","2216","0","0","0","N","0","0","0","2","02505","0","","1.0","","1","N","N","","0","","0","0","0","","0","N","","2","1","0","0","0","1","0","2","0","2","","","","N","","","","","","","","","",""
"2012053401","","2","0","0","0","0","0","0","0","0","4","0","","02","5","2012","2","40.381367","-79.812391","","11","0","0","0","0","0","0","0","0","","0","0","0","","","0","","2","","40 22:52.922","","0","79 48:44.606","0","0","0","0","2424","0","0","0","N","0","0","0","5","02424","0","","1.0","","1","N","N","","0","","0","0","0","","2","","","2","0","0","0","0","0","0","2","0","2","","","","N","","","","","","","","","",""
"2012052586","","2","0","0","0","0","0","0","0","0","4","0","","02","5","2012","2","40.36334","-79.868601","","11","0","0","0","0","0","0","0","0","1","0","0","0","","","2","","0","","40 21:48.024","5","0","79 52:06.963","8","0","0","0","2473","0","0","0","N","0","0","0","3","02473","0","","1.0","","1","N","N","","1","","0","0","0","","0","Y","","3","2","2","0","0","2","0","2","0","3","","","","N","","","","","","","","","",""