"CRN","ARRIVAL_TM","AUTOMOBILE_COUNT","BELTED_DEATH_COUNT","BELTED_SUSP_SERIOUS_INJ_COUNT","BICYCLE_COUNT","BICYCLE_DEATH_COUNT","BICYCLE_SUSP_SERIOUS_INJ_COUNT","BUS_COUNT","CHLDPAS_DEATH_COUNT","CHLDPAS_SUSP_SERIOUS_INJ_COUNT","COLLISION_TYPE","COMM_VEH_COUNT","CONS_ZONE_SPD_LIM","COUNTY","CRASH_MONTH","CRASH_YEAR","DAY_OF_WEEK","DEC_LATITUDE","DEC_LONGITUDE","DISPATCH_TM","DISTRICT","DRIVER_COUNT_16YR","DRIVER_COUNT_17YR","DRIVER_COUNT_18YR","DRIVER_COUNT_19YR","DRIVER_COUNT_20YR","DRIVER_COUNT_50_64YR","DRIVER_COUNT_65_74YR","DRIVER_COUNT_75PLUS","EST_HRS_CLOSED","FATAL_COUNT","HEAVY_TRUCK_COUNT","HORSE_BUGGY_COUNT","HOUR_OF_DAY","ILLUMINATION","INJURY_COUNT","INTERSECTION_RELATED","INTERSECT_TYPE","LANE_CLOSED","LATITUDE","LN_CLOSE_DIR","LOCATION_TYPE","LONGITUDE","MAX_SEVERITY_LEVEL","MCYCLE_DEATH_COUNT","MCYCLE_SUSP_SERIOUS_INJ_COUNT","MOTORCYCLE_COUNT","MUNICIPALITY","NONMOTR_COUNT","NONMOTR_DEATH_COUNT","NONMOTR_SUSP_SERIOUS_INJ_COUNT","NTFY_HIWY_MAINT","PED_COUNT","PED_DEATH_COUNT","PED_SUSP_SERIOUS_INJ_COUNT","PERSON_COUNT","POLICE_AGCY","POSSIBLE_INJ_COUNT","RDWY_SURF_TYPE_CD","RELATION_TO_ROAD","ROADWAY_CLEARED","ROAD_CONDITION","SCH_BUS_IND","SCH_ZONE_IND","SECONDARY_CRASH","SMALL_TRUCK_COUNT","SPEC_JURIS_CD","SUSP_MINOR_INJ_COUNT","SUSP_SERIOUS_INJ_COUNT","SUV_COUNT","TCD_FUNC_CD","TCD_TYPE","TFC_DETOUR_IND","TIME_OF_DAY","TOTAL_UNITS","TOT_INJ_COUNT","UNBELTED_OCC_COUNT","UNB_DEATH_COUNT","UNB_SUSP_SERIOUS_INJ_COUNT","UNK_INJ_DEG_COUNT","UNK_INJ_PER_COUNT","URBAN_RURAL","VAN_COUNT","VEHICLE_COUNT","WEATHER1","WEATHER2","WORKERS_PRES","WORK_ZONE_IND","WORK_ZONE_LOC","WORK_ZONE_TYPE","WZ_CLOSE_DETOUR","WZ_FLAGGER","WZ_LAW_OFFCR_IND","WZ_LN_CLOSURE","WZ_MOVING","WZ_OTHER","WZ_SHLDER_MDN","WZ_WORKERS_INJ_KILLED"
"2012053404","","1","0","0","0","0","0","0","0","0","1","0","","02","5","2012","1","40.536939","-79.83918","","11","0","0","0","0","1","0","0","0","","0","0","0","","","0","","3","","40 32:12.979","","0","79 50:21.047","0","0","0","0","2208","0","0","0","N","0","0","0","2","02208","0","","1.0","","1","N","N","","0","","0","0","1","","4","","","2","0","0","0","0","0","0","2","0","2","","","","N","","","","","","","","","",""
"2012052876","","1","0","0","0","0","0","0","0","0","7","0","","02","5","2012","2","40.510373","-80.096931","","11","0","0","0","1","0","0","0","0","","0","0","0","","","0","","0","","40 30:37.342","","0","80 05:48.951","0","0","0","0","2429","0","0","0","N","0","0","0","2","02215","0","","5.0","","1","N","N","","0","","0","0","0","","0","","","1","0","0","0","0","0","0","2","0","1","","","","N","","","","","","","","","",""
"2012052731","","1","0","0","0","0","0","0","0","0","7","0","","02","5","2012","4","40.510411","-79.85497","","11","0","0","0","0","0","1","0","0","1","0","0","0","","","1","","0","","40 30:37.481","2","0","79 51:17.891","3","0","0","0","2112","0","0","0","Y","0","0","0","1","68D02","0","","4.0","","1","N","N","","0","","1","0","0","","0","N","","1","1","0","0","0","0","0","2","0","1","","","","N","","","","","","","","","",""
"2012051409","","2","0","0","0","0","0","0","0","0","4","0","","02","5","2012","3","40.398971","-80.025229","","11","0","0","0","0","1","0","0","0","","0","0","0","","","2","","0","","40 23:56.294","","0","80 01:30.826","4","0","0","0","2301","0","0","0","N","0","0","0","4","02301","1","","1.0","","1","N","N","","0","","0","0","0","","0","","","2","2","0","0","0","1","0","2","0","2","","","","N","","","","","","","","","",""
"2012051199","","0","0","0","0","0","0","0","0","0","7","0","","02","5","2012","3","40.470346","-79.822557","","11","0","0","0","0","0","0","0","0","","0","0","0","","","1","","0","","40 28:13.247","","0","79 49:21.204","4","0","0","0","2113","0","0","0","Y","0","0","0","1","02113","1","","5.0","","1","N","N","","1","","0","0","0","","0","","","1","1","0","0","0","0","0","2","0","1","","","","N","","","","","","","","","",""
"2012050653","","2","0","0","0","0","0","0","0","0","4","0","","02","5","2012","1","40.372227","-79.791125","","11","0","0","0","0","0","0","0","0","2","0","0","0","","","2","","0","","40 22:20.018","4","0","79 47:28.050","8","0","0","0","2111","0","0","0","N","0","0","0","2","02111","0","","1.0","","1","N","N","","0","","0","0","0","","0","Y","","3","2","0","0","0","2","0","2","1","3","","","","N","","","","","","","","","",""
"2012052811","","2","0","0","0","0","0","0","0","0","1","0","55","02","4","2012","4","40.426055","-79.897688","","11","0","0","0","0","0","0","0","0","1","0","0","0","","","0","","0","","40 25:33.799","4","0","79 53:51.675","0","0","0","0","2301","0","0","0","N","0","0","0","2","68B03","0","","1.0","","1","N","N","","0","","0","0","0","","0","N","","2","0","0","0","0","0","0","2","0","2","","","Y","Y","3","1","N","N","N","Y","N","N","N",""
"2012052590","","0","0","0","0","0","0","0","0","0","1","0","","02","5","2012","5","40.615681","-80.094185","","11","0","0","0","0","1","1","0","0","","0","0","0","","","1","","0","","40 36:56.450","","3","80 05:39.065","4","0","0","0","2481","0","0","0","N","0","0","0","2","02481","1","","1.0","","1","N","N","","2","","0","0","0","","0","","","2","1","0","0","0","0","0","2","0","2","","","","N","","","","","","","","","",""
"2012053308","","3","0","0","0","0","0","0","0","0","1","0","","02","5","2012","2","40.565774","-80.211054","","11","0","0","0","0","0","1","0","0","2","0","0","0","","","3","","2","","40 33:56.786","2","0","80 12:39.796","4","0","0","0","2441","0","0","0","N","0","0","0","3","02441","3","","1.0","","1","N","N","","0","","0","0","0","","0","N","","3","3","0","0","0","0","0","2","0","3","","","","N","","","","","","","","","",""
"2012052608","","1","0","0","0","0","0","0","0","0","7","0","","02","5","2012","6","40.287951","-79.815419","","11","0","0","0","0","0","0","0","0","2","0","0","0","","","1","","0","","40 17:16.625","5","0","79 48:55.510","4","0","0","0","2105","0","0","0","N","0","0","0","2","02105","1","","5.0","","1","N","N","","0","","0","0","0","","0","Y","","1","1","1","0","0","0","0","2","0","1","","","","N","","","","","","","","","",""
"2012050582","","0","0","0","0","0","0","0","0","0","7","0","","02","5","2012","7","40.482653","-79.814697","","11","0","0","0","0","0","0","0","0","2","0","0","0","","","1","","0","","40 28:57.550","6","0","79 48:52.909","3","0","0","1","2113","0","0","0","N","0","0","0","1","02113","0","","5.0","","1","N","N","","0","","1","0","0","","0","N","","1","1","0","0","0","0","0","2","0","1","","","","N","","","","","","","","","",""
"2012052899","","2","0","0","0","0","0","0","0","0","4","0","","02","5","2012","7","40.519296","-80.166082","","11","0","0","0","0","0","1","0","1","1","0","0","0","","","1","","10","","40 31:09.466","4","0","80 09:57.896","4","0","0","0","2420","0","0","0","N","0","0","0","3","02420","1","","1.0","","1","N","N","","0","","0","0","0","","2","N","","2","1","0","0","0","0","1","2","0","2","","","","N","","","","","","","","","",""
"2012051217","","2","0","1","0","0","0","0","0","0","1","0","","02","5","2012","7","40.430269","-80.02846","","11","0","0","0","0","0","0","0","1","","0","0","0","","","1","","3","","40 25:48.968","","0","80 01:42.455","2","0","0","0","2301","0","0","0","N","0","0","0","2","02301","0","","1.0","","1","N","N","","0","","0","1","0","","4","","","2","1","0","0","0","0","0","2","0","2","","","","N","","","","","","","","","",""
"2012050583","","2","0","0","0","0","0","0","0","0","4","0","","02","5","2012","7","40.3291","-79.816718","","11","0","0","0","0","0","1","0","1","1","0","0","0","","","0","","0","","40 19:44.761","2","0","79 49:00.185","0","0","0","0","2477","0","0","0","N","0","0","0","2","02477","0","","1.0","","1","N","N","","0","","0","0","0","","0","N","","2","0","0","0","0","0","0","2","0","2","","","","N","","","","","","","","","",""
"2012052089","","1","0","0","0","0","0","0","0","0","4","0","","02","5","2012","4","40.481399","-80.039605","","11","0","0","0","0","0","1","0","0","1","0","0","0","","","1","","1","","40 28:53.036","3","0","80 02:22.578","4","0","0","0","2301","0","0","0","N","0","0","0","3","02301","1","","1.0","","1","N","N","","0","","0","0","0","","3","N","","2","1","0","0","0","0","1","2","1","2","","","","N","","","","","","","","","",""
"2012050660","","2","0","0","0","0","0","0","0","0","4","0","","02","5","2012","1","40.4432","-79.786394","","11","0","0","1","0","0","1","0","0","","0","0","0","","","0","","0","","40 26:35.520","","0","79 47:11.020","0","0","0","0","2446","0","0","0","N","0","0","0","2","02446","0","","1.0","","1","N","N","","0","","0","0","0","","0","","","2","0","0","0","0","0","0","2","0","2","","","","N","","","","","","","","","",""
"2012050596","","1","0","0","0","0","0","0","0","0","5","0","","02","5","2012","1","40.438262","-79.978618","","11","0","0","0","0","0","0","0","0","","0","0","0","","","1","","0","","40 26:17.743","","0","79 58:43.024","4","0","0","0","2301","0","0","0","N","0","0","0","2","02301","1","","1.0","","1","N","N","","0","","0","0","0","","0","","","2","1","0","0","0","0","0","2","1","2","","","","N","","","","","","","","","",""
"2012052901","","3","0","0","0","0","0","0","0","0","1","0","","02","5","2012","7","40.34087","-79.96469","","11","0","0","0","0","0","2","0","0","1","0","0","0","","","1","","0","","40 20:27.132","1","0","79 57:52.883","8","0","0","0","2454","0","0","0","N","0","0","0","4","02454","0","","1.0","","1","N","N","","0","","0","0","0","","0","Y","","3","1","0","0","0","1","0","2","0","3","","","","N","","","","","","","","","",""
"2012050585","","2","0","0","0","0","0","0","0","0","4","0","","02","5","2012","7","40.607365","-79.752292","","11","0","0","0","0","1","0","0","0","1","0","0","0","","","0","","1","","40 36:26.513","6","0","79 45:08.252","0","0","0","0","2464","0","0","0","N","0","0","0","4","02464","0","","1.0","","1","N","N","","0","","0","0","0","","0","N","","2","0","0","0","0","0","0","2","0","2","","","","N","","","","","","","","","",""
"2012050597","","1","0","0","0","0","0","0","0","0","6","1","","02","5","2012","1","40.354587","-79.818975","","11","0","0","0","0","0","0","0","0","","0","0","0","","","0","","0","","40 21:16.514","","0","79 49:08.311","9","0","0","0","2477","0","0","0","N","0","0","0","1","02477","0","","4.0","","1","N","N","","0","","0","0","0","","0","","","2","0","0","0","0","0","1","2","0","2","","","","N","","","","","","","","","",""
"2012052091","","0","0","0","0","0","0","0","0","0","4","0","","02","5","2012","2","40.438066","-80.0651","","11","0","0","0","0","0","0","1","0","1","0","0","0","","","0","","1","","40 26:17.038","3","0","80 03:54.360","0","0","0","0","2421","0","0","0","N","0","0","0","2","02421","0","","1.0","","1","N","N","","0","","0","0","2","","3","N","","2","0","0","0","0","0","0","2","0","2","","","","N","","","","","","","","","",""
"2012053312","","0","0","0","0","0","0","0","0","0","7","0","","02","5","2012","7","40.530577","-80.009757","","11","0","0","0","0","0","1","0","0","2","0","0","0","","","0","","1","","40 31:50.078","1","0","80 00:35.126","0","0","0","0","2116","0","0","0","N","0","0","0","1","02116","0","","4.0","","1","N","N","","0","","0","0","0","","2","N","","1","0","0","0","0","0","0","2","1","1","","","","N","","","","","","","","","",""
"2012050598","","3","0","0","0","0","0","0","0","0","5","0","","02","5","2012","1","40.481468","-80.028378","","11","0","0","0","0","0","0","0","0","2","0","0","0","","","1","","0","","40 28:53.284","3","0","80 01:42.160","8","0","0","0","2301","0","0","0","N","0","0","0","1","02301","0","","6.0","","1","N","N","","0","","0","0","0","","0","N","","4","1","1","0","0","1","0","2","1","4","","","","N","","","","","","","","","",""
"2012051221","","0","0","0","0","0","0","0","0","0","7","0","","02","5","2012","2","","","","11","0","0","0","0","0","0","0","0","","0","0","0","","","0","","0","","","","0","","0","0","0","0","2106","0","0","0","N","0","0","0","1","02106","0","","5.0","","3","N","N","","0","","0","0","1","","0","","","1","0","0","0","0","0","0","1","0","1","","","","N","","","","","","","","","",""
"2012052904","","0","0","0","0","0","0","0","0","0","1","0","","02","5","2012","7","40.512213","-79.843405","","11","0","0","0","0","0","0","0","0","1","0","0","0","","","2","","2","","40 30:43.968","4","0","79 50:36.259","8","0","0","0","2451","0","0","0","N","0","0","0","4","02451","0","","1.0","","1","N","N","","0","","0","0","2","","3","N","","2","2","0","0","0","2","0","2","0","2","","","","N","","","","","","","","","",""
"2012052094","","1","0","0","0","0","0","0","0","0","1","0","","02","5","2012","3","40.326026","-79.793495","","11","0","0","1","0","0","0","0","0","1","0","0","0","","","1","","0","","40 19:33.693","4","0","79 47:36.582","8","0","0","0","2477","0","0","0","N","0","0","0","2","02477","0","","1.0","","1","N","N","","0","","0","0","1","","0","N","","2","1","0","0","0","1","0","2","0","2","","","","N","","","","","","","","","",""
"2012053431","","2","0","0","0","0","0","0","0","0","1","0","","02","5","2012","6","40.549215","-79.971818","","11","0","0","0","0","0","0","1","0","","0","0","0","","","0","","2","","40 32:57.175","","0","79 58:18.546","0","0","0","0","2118","0","0","0","N","0","0","0","2","02118","0","","1.0","","1","N","N","","0","","0","0","0","","0","","","2","0","0","0","0","0","0","2","0","2","","","","N","","","","","","","","","",""
"2012052618","","1","0","0","0","0","0","0","0","0","5","1","","02","5","2012","6","40.454661","-79.994731","","11","0","0","0","0","0","0","0","0","","0","1","0","","","2","","0","","40 27:16.779","","0","79 59:41.033","4","0","0","0","2301","0","0","0","N","0","0","0","3","02301","1","","1.0","","1","N","N","","0","","0","0","0","","0","","","2","2","0","0","0","1","0","2","0","2","","","","N","","","","","","","","","",""
"2012052695","","2","0","0","0","0","0","0","0","0","4","0","","02","5","2012","6","40.469439","-79.96044","","11","0","0","0","0","0","0","0","0","","0","0","0","","","0","","1","","40 28:09.980","","0","79 57:37.584","0","0","0","0","2301","0","0","0","N","0","0","0","2","02301","0","","1.0","","1","N","N","","0","","0","0","0","","3","","","2","0","0","0","0","0","0","2","0","2","","","","N","","","","","","","","","",""
"2012053319","","2","0","0","0","0","0","0","0","0","4","0","","02","5","2012","5","40.658399","-80.008613","","11","0","0","0","0","0","0","0","0","","0","0","0","","","0","","2","","40 39:30.237","","0","80 00:31.008","0","0","0","0","2216","0","0","0","N","0","0","0","2","02505","0","","1.0","","1","N","N","","0","","0","0","0","","0","","","2","0","0","0","0","0","0","2","0","2","","","","N","","","","","","","","","",""
"2012053433","","1","0","0","0","0","0","0","0","0","7","0","","02","5","2012","3","","","","11","0","0","0","0","0","0","0","0","1","0","0","0","","","0","","1","","","3","0","","0","0","0","0","2301","0","0","0","N","0","0","0","1","02301","0","","5.0","","1","N","N","","0","","0","0","0","","2","N","","1","0","0","0","0","0","0","1","0","1","","","","N","","","","","","","","","",""
"2012050591","","2","0","0","0","0","0","0","0","0","4","0","","02","5","2012","1","40.433037","-80.029231","","11","0","0","0","0","0","0","0","0","","0","0","0","","","0","","1","","40 25:58.933","","0","80 01:45.231","0","0","0","0","2301","0","0","0","N","0","0","0","3","02301","0","","1.0","","1","N","N","","0","","0","0","0","","3","","","2","0","0","0","0","0","0","2","0","2","","","","N","","","","","","","","","",""
"2012052910","","1","0","0","0","0","0","0","0","0","1","0","","02","5","2012","7","40.4704","-80.100094","","11","0","0","1","0","0","1","0","0","1","0","0","0","","","2","","0","","40 28:13.440","1","0","80 06:00.340","4","0","0","0","2126","0","0","0","N","0","0","0","3","02126","2","","1.0","","1","N","N","","0","","0","0","1","","0","N","","2","2","0","0","0","0","0","2","0","2","","","","N","","","","","","","","","",""
"2012050668","","2","0","0","0","0","0","0","0","0","4","0","","02","5","2012","7","40.409764","-79.916086","","11","0","0","0","0","0","0","0","0","","0","0","0","","","0","","0","","40 24:35.150","","0","79 54:57.910","0","0","0","0","2438","0","0","0","N","0","0","0","3","02438","0","","1.0","","1","N","N","","0","","0","0","0","","0","","","2","0","0","0","0","0","0","2","0","2","","","","N","","","","","","","","","",""
"2012051828","","0","0","0","0","0","0","0","0","0","7","0","","02","5","2012","6","40.237904","-79.947412","","11","0","0","0","1","0","0","0","0","","0","0","0","","","0","","0","","40 14:16.455","","0","79 56:50.682","0","0","0","0","2204","0","0","0","N","0","0","0","1","02204","0","","2.0","","1","N","N","","0","","0","0","1","","0","","","1","0","1","0","0","0","0","1","0","1","","","","N","","","","","","","","","",""
"2012053497","","2","0","0","0","0","0","0","0","0","1","0","","02","5","2012","2","40.481525","-79.73792","","11","0","0","0","0","1","1","0","0","1","0","0","0","","","1","","2","","40 28:53.489","1","0","79 44:16.511","4","0","0","0","2466","0","0","0","N","0","0","0","2","02466","1","","1.0","","1","N","N","","0","","0","0","0","","3","Y","","2","1","0","0","0","0","0","2","0","2","","","","N","","","","","","","","","",""
"2012052839","","0","0","0","0","0","0","0","0","0","7","0","","02","5","2012","4","40.530282","-79.821447","","11","0","0","0","0","0","0","0","0","","0","0","0","","","0","","0","","40 31:49.015","","0","79 49:17.209","0","0","0","0","2466","0","0","0","N","0","0","0","3","68T02","0","","3.0","","1","N","N","","0","","0","0","1","","0","","","1","0","0","0","0","0","0","1","0","1","","","","N","","","","","","","","","",""
"2012050669","","1","0","0","0","0","0","0","0","0","4","0","","02","5","2012","1","40.441021","-79.98601","","11","0","0","0","0","0","2","0","0","","0","0","0","","","3","","1","","40 26:27.675","","0","79 59:09.636","3","0","0","0","2301","0","0","0","N","0","0","0","3","02301","0","","1.0","","1","N","N","","0","","3","0","1","","2","","","2","3","0","0","0","0","0","2","0","2","","","","N","","","","","","","","","",""
"2012051151","","0","0","0","0","0","0","0","0","0","7","0","","02","5","2012","7","40.291781","-79.825415","","11","0","0","0","0","0","0","0","0","","0","0","0","","","1","","3","","40 17:30.411","","0","79 49:31.494","4","0","0","1","2105","0","0","0","N","0","0","0","1","02105","1","","5.0","","1","N","N","","0","","0","0","0","","0","","","1","1","0","0","0","0","0","2","0","1","","","","N","","","","","","","","","",""
"2012052760","","1","0","0","0","0","0","0","0","0","8","0","","02","5","2012","5","40.256214","-79.92533","","11","0","0","0","0","0","1","0","0","","0","0","0","","","1","","2","","40 15:22.370","","0","79 55:31.188","4","0","0","0","2440","1","0","0","N","1","0","0","2","02440","1","","1.0","","1","N","N","","0","","0","0","0","","3","","","2","1","0","0","0","0","0","2","0","1","","","","N","","","","","","","","","",""
"2012052912","","0","0","0","0","0","0","0","0","0","7","0","","02","5","2012","7","40.521627","-79.84112","","11","0","0","0","0","0","0","0","1","1","0","0","0","","","1","","2","","40 31:17.857","6","0","79 50:28.032","8","0","0","0","2451","0","0","0","N","0","0","0","1","02451","0","","5.0","","1","N","N","","0","","0","0","1","","0","N","","1","1","0","0","0","1","0","2","0","1","","","","N","","","","","","","","","",""
"2012053436","","0","0","0","0","0","0","0","0","0","7","0","","02","5","2012","2","40.414008","-80.073044","","11","0","0","0","0","0","0","0","0","","0","0","0","","","0","","0","","40 24:50.428","","0","80 04:22.960","9","0","0","0","2435","0","0","0","N","0","0","0","1","02435","0","","4.0","","1","N","N","","0","","0","0","1","","0","","","1","0","1","0","0","0","1","2","0","1","","","","N","","","","","","","","","",""
"2012051166","","0","0","0","0","0","0","0","0","0","8","0","","02","5","2012","2","40.506279","-79.832245","","11","0","0","0","0","0","1","0","0","1","0","0","0","","","1","","1","","40 30:22.604","6","0","79 49:56.082","3","0","0","0","2113","1","0","0","N","1","0","0","2","02113","0","","1.0","","1","N","N","","0","","1","0","1","","0","Y","","2","1","0","0","0","0","0","2","0","1","","","","N","","","","","","","","","",""
"2012051964","","2","0","0","0","0","0","0","0","0","4","0","","02","4","2012","6","40.457842","-79.974246","","11","1","0","0","0","0","0","0","0","1","0","0","0","","","1","","1","","40 27:28.231","2","0","79 58:27.285","8","0","0","0","2301","0","0","0","N","0","0","0","5","02301","0","","1.0","","1","N","N","","0","","0","0","0","","3","Y","","2","1","0","0","0","1","0","2","0","2","","","","N","","","","","","","","","",""
"2012050529","","1","0","0","0","0","0","0","0","0","1","0","","02","5","2012","3","40.490762","-79.884074","","11","0","0","0","0","0","0","0","0","","0","0","0","","","0","","0","","40 29:26.742","","2","79 53:02.665","0","0","0","0","2112","0","0","0","N","0","0","0","2","68D02","0","","1.0","","1","N","N","","0","","0","0","1","","4","","","2","0","0","0","0","0","0","2","0","2","","","","N","","","","","","","","","",""
"2012052027","","1","0","0","0","0","0","0","0","0","7","0","","02","5","2012","1","40.413383","-80.064631","","11","0","0","0","0","0","0","0","0","","0","0","0","","","0","","0","","40 24:48.179","","0","80 03:52.672","0","0","0","0","2435","0","0","0","Y","0","0","0","1","68B03","0","","5.0","","1","N","N","","0","","0","0","0","","0","","","1","0","1","0","0","0","0","2","0","1","","","","N","","","","","","","","","",""
"2012050607","","0","0","0","0","0","0","0","0","0","7","0","","02","5","2012","1","40.531828","-79.978879","","11","0","0","0","0","0","0","0","0","2","0","0","0","","","1","","0","","40 31:54.580","6","0","79 58:43.964","4","0","0","0","2118","0","0","0","N","0","0","0","1","02118","1","","5.0","","1","N","N","","0","","0","0","0","","0","N","","1","1","0","0","0","0","0","2","1","1","","","","N","","","","","","","","","",""
"2012052028","","0","0","0","0","0","0","0","0","0","7","0","","02","5","2012","3","40.449061","-80.004316","","11","0","0","0","0","0","1","0","0","1","0","0","0","","","0","","0","","40 26:56.620","1","0","80 00:15.537","0","0","0","0","2301","0","0","0","N","0","0","0","2","68B03","0","","4.0","","1","N","N","","1","","0","0","0","","0","N","","2","0","0","0","0","0","0","2","1","2","","","","N","","","","","","","","","",""
"2012053440","","2","0","0","0","0","0","1","0","0","1","1","","02","5","2012","7","40.562383","-79.95912","","11","1","0","0","0","0","1","0","0","2","0","0","0","","","3","","2","","40 33:44.580","1","0","79 57:32.833","3","0","0","0","2207","0","0","0","N","0","0","0","14","02207","1","","1.0","","1","N","N","","0","","2","0","0","","0","N","","4","3","0","0","0","0","0","2","1","4","","","","N","","","","","","","","","",""
"2012052703","","0","0","0","0","0","0","0","0","0","7","0","","02","5","2012","5","40.439947","-80.0876","","11","0","1","0","0","0","0","0","0","","0","0","0","","","1","","0","","40 26:23.808","","0","80 05:15.360","4","0","0","0","2115","0","0","0","N","0","0","0","1","02115","1","","4.0","","1","N","N","","0","","0","0","0","","0","","","1","1","0","0","0","0","0","2","1","1","","","","N","","","","","","","","","",""
"2012052917","","0","0","0","0","0","0","0","0","0","0","0","","02","5","2012","7","40.547265","-80.195278","","11","0","0","0","0","0","1","0","0","","0","0","0","","","0","","1","","40 32:50.155","","0","80 11:43.002","0","0","0","0","2427","0","0","0","N","0","0","0","1","02427","0","","1.0","","1","N","N","","1","","0","0","0","","0","","","1","0","0","0","0","0","0","2","0","1","","","","N","","","","","","","","","",""
"2012052765","","1","0","0","0","0","0","0","0","0","6","0","","02","5","2012","6","40.363844","-79.849078","","11","0","0","0","0","0","1","0","0","","0","0","0","","","0","","0","","40 21:49.837","","0","79 50:56.681","0","0","0","0","2303","0","0","0","","0","0","0","2","02303","0","","1.0","","1","","","","1","","0","0","0","","0","","","2","0","0","0","0","0","0","2","0","2","","","","N","","","","","","","","","",""
"2012052846","","1","0","0","0","0","0","0","0","0","1","0","","02","5","2012","5","40.354518","-79.842496","","11","0","0","0","0","0","0","0","0","","0","0","0","","","2","","3","","40 21:16.266","","3","79 50:32.985","4","0","0","0","2304","0","0","0","N","0","0","0","2","02304","2","","2.0","","1","N","N","","0","","0","0","1","","0","","","2","2","0","0","0","0","0","2","0","2","","","","N","","","","","","","","","",""
"2012052918","","2","0","0","0","0","0","0","0","0","1","0","","02","5","2012","4","40.559236","-79.959137","","11","0","1","0","0","1","0","0","0","","0","0","0","","","0","","0","","40 33:33.248","","0","79 57:32.894","0","0","0","0","2207","0","0","0","N","0","0","0","4","02207","0","","1.0","","1","N","N","","0","","0","0","0","","0","","","2","0","0","0","0","0","0","2","0","2","","","","N","","","","","","","","","",""
"2012053327","","1","0","0","0","0","0","0","0","0","7","0","","02","5","2012","5","40.638292","-80.04476","","11","0","1","0","0","0","0","0","0","","0","0","0","","","0","","2","","40 38:17.851","","0","80 02:41.136","0","0","0","0","2216","0","0","0","N","0","0","0","1","02505","0","","2.0","","1","N","N","","0","","0","0","0","","3","","","1","0","0","0","0","0","0","2","0","1","","","","N","","","","","","","","","",""
"2012051370","","2","0","0","0","0","0","0","0","0","4","0","","02","5","2012","5","40.378225","-80.064701","","11","0","0","0","0","0","0","0","0","2","0","0","0","","","0","","5","","40 22:41.611","4","0","80 03:52.925","0","0","0","0","2109","0","0","0","N","0","0","0","4","02109","0","","1.0","","1","N","N","","0","","0","0","0","","2","N","","2","0","0","0","0","0","0","2","0","2","","","","N","","","","","","","","","",""
"2012052920","","0","0","0","0","0","0","0","0","0","4","0","","02","5","2012","6","40.384931","-79.862769","","11","0","0","0","0","0","1","0","0","","0","1","0","","","0","","2","","40 23:05.750","","0","79 51:45.969","0","0","0","0","2473","0","0","0","N","0","0","0","5","02473","0","","1.0","","1","N","N","","1","","0","0","0","","2","","","2","0","1","0","0","0","0","2","0","2","","","","N","","","","","","","","","",""
"2012051159","","1","0","0","0","0","0","0","0","0","7","0","","02","5","2012","2","40.380967","-80.031817","","11","0","1","0","0","0","0","0","0","","0","0","0","","","0","","0","","40 22:51.480","","0","80 01:54.540","0","0","0","0","2109","0","0","0","N","0","0","0","1","02109","0","","5.0","","9","N","N","","0","","0","0","0","","0","","","1","0","0","0","0","0","0","2","0","1","","","","N","","","","","","","","","",""
"2012051174","","0","0","0","0","0","0","0","0","0","2","0","","02","5","2012","1","40.451862","-79.713101","","11","0","0","0","0","0","0","0","0","2","0","0","0","","","0","","0","","40 27:06.704","1","0","79 42:47.162","0","0","0","0","2466","0","0","0","N","0","0","0","3","02466","0","","1.0","","1","N","N","","0","","0","0","1","","0","N","","2","0","0","0","0","0","0","2","1","2","","","","N","","","","","","","","","",""
"2012050614","","3","0","0","0","0","0","0","0","0","1","0","","02","5","2012","7","40.496135","-80.256595","","11","0","0","0","0","0","2","0","1","","0","0","0","","","0","","0","","40 29:46.086","","7","80 15:23.742","0","0","0","0","2203","0","0","0","N","0","0","0","4","02501","0","","4.0","","1","N","N","","0","","0","0","0","","0","","","3","0","1","0","0","0","0","2","0","3","","","","N","","","","","","","","","",""
"2012050681","","1","0","0","0","0","0","0","0","0","7","0","","02","5","2012","5","40.369135","-79.782524","","11","0","0","0","0","0","0","0","0","","0","0","0","","","0","","2","","40 22:08.886","","0","79 46:57.085","0","0","0","0","2111","0","0","0","N","0","0","0","2","02111","0","","1.0","","1","N","N","","0","","0","0","0","","0","","","1","0","0","0","0","0","0","2","0","1","","","","N","","","","","","","","","",""
"2012052644","","1","0","0","0","0","0","0","0","0","4","0","","02","5","2012","6","40.395354","-80.09809","","11","1","0","0","0","0","0","0","0","","0","0","0","","","0","","0","","40 23:43.273","","0","80 05:53.124","0","0","0","0","2117","0","0","0","N","0","0","0","1","02117","0","","2.0","","1","N","N","","0","","0","0","1","","0","","","2","0","1","0","0","0","0","2","0","2","","","","N","","","","","","","","","",""
"2012051972","","1","0","0","0","0","0","0","0","0","8","0","","02","5","2012","4","40.353548","-80.077201","","11","0","0","0","0","0","0","1","0","","0","0","0","","","1","","2","","40 21:12.772","","0","80 04:37.923","8","0","0","0","2123","1","0","0","N","1","0","0","3","02123","0","","1.0","","1","N","N","","1","","0","0","0","","3","","","3","1","0","0","0","1","0","2","0","2","","","","N","","","","","","","","","",""
"2012052770","","1","0","0","0","0","0","0","0","0","7","0","","02","5","2012","6","40.455751","-80.050148","","11","0","0","0","0","0","0","0","0","","0","0","0","","","1","","1","","40 27:20.703","","0","80 03:00.532","8","0","0","0","2301","0","0","0","N","0","0","0","1","02301","0","","5.0","","1","N","N","","0","","0","0","0","","0","","","1","1","0","0","0","1","0","2","0","1","","","","N","","","","","","","","","",""