"CRN","ARRIVAL_TM","AUTOMOBILE_COUNT","BELTED_DEATH_COUNT","BELTED_SUSP_SERIOUS_INJ_COUNT","BICYCLE_COUNT","BICYCLE_DEATH_COUNT","BICYCLE_SUSP_SERIOUS_INJ_COUNT","BUS_COUNT","CHLDPAS_DEATH_COUNT","CHLDPAS_SUSP_SERIOUS_INJ_COUNT","COLLISION_TYPE","COMM_VEH_COUNT","CONS_ZONE_SPD_LIM","COUNTY","CRASH_MONTH","CRASH_YEAR","DAY_OF_WEEK","DEC_LATITUDE","DEC_LONGITUDE","DISPATCH_TM","DISTRICT","DRIVER_COUNT_16YR","DRIVER_COUNT_17YR","DRIVER_COUNT_18YR","DRIVER_COUNT_19YR","DRIVER_COUNT_20YR","DRIVER_COUNT_50_64YR","DRIVER_COUNT_65_74YR","DRIVER_COUNT_75PLUS","EST_HRS_CLOSED","FATAL_COUNT","HEAVY_TRUCK_COUNT","HORSE_BUGGY_COUNT","HOUR_OF_DAY","ILLUMINATION","INJURY_COUNT","INTERSECTION_RELATED","INTERSECT_TYPE","LANE_CLOSED","LATITUDE","LN_CLOSE_DIR","LOCATION_TYPE","LONGITUDE","MAX_SEVERITY_LEVEL","MCYCLE_DEATH_COUNT","MCYCLE_SUSP_SERIOUS_INJ_COUNT","MOTORCYCLE_COUNT","MUNICIPALITY","NONMOTR_COUNT","NONMOTR_DEATH_COUNT","NONMOTR_SUSP_SERIOUS_INJ_COUNT","NTFY_HIWY_MAINT","PED_COUNT","PED_DEATH_COUNT","PED_SUSP_SERIOUS_INJ_COUNT","PERSON_COUNT","POLICE_AGCY","POSSIBLE_INJ_COUNT","RDWY_SURF_TYPE_CD","RELATION_TO_ROAD","ROADWAY_CLEARED","ROAD_CONDITION","SCH_BUS_IND","SCH_ZONE_IND","SECONDARY_CRASH","SMALL_TRUCK_COUNT","SPEC_JURIS_CD","SUSP_MINOR_INJ_COUNT","SUSP_SERIOUS_INJ_COUNT","SUV_COUNT","TCD_FUNC_CD","TCD_TYPE","TFC_DETOUR_IND","TIME_OF_DAY","TOTAL_UNITS","TOT_INJ_COUNT","UNBELTED_OCC_COUNT","UNB_DEATH_COUNT","UNB_SUSP_SERIOUS_INJ_COUNT","UNK_INJ_DEG_COUNT","UNK_INJ_PER_COUNT","URBAN_RURAL","VAN_COUNT","VEHICLE_COUNT","WEATHER1","WEATHER2","WORKERS_PRES","WORK_ZONE_IND","WORK_ZONE_LOC","WORK_ZONE_TYPE","WZ_CLOSE_DETOUR","WZ_FLAGGER","WZ_LAW_OFFCR_IND","WZ_LN_CLOSURE","WZ_MOVING","WZ_OTHER","WZ_SHLDER_MDN","WZ_WORKERS_INJ_KILLED"
"2012052784","","1","0","0","0","0","0","0","0","0","7","0","","02","5","2012","7","40.452009","-80.055718","","11","0","0","0","1","0","0","0","0","1","0","0","0","","","0","","0","","40 27:07.232","1","0","80 03:20.584","0","0","0","0","2301","0","0","0","N","0","0","0","1","02301","0","","2.0","","1","N","N","","0","","0","0","0","","0","N","","1","0","0","0","0","0","0","2","0","1","","","","N","","","","","","","","","",""
"2012050615","","2","0","0","0","0","0","0","0","0","2","0","","02","5","2012","7","40.620533","-79.945322","","11","0","0","1","0","0","0","0","0","","0","0","0","","","0","","2","","40 37:13.920","","7","79 56:43.160","0","0","0","0","2217","0","0","0","N","0","0","0","2","02505","0","","1.0","","1","N","N","","0","","0","0","0","","0","","","2","0","1","0","0","0","0","2","0","2","","","","N","","","","","","","","","",""
"2012051373","","1","0","0","0","0","0","0","0","0","1","0","","02","5","2012","2","40.348305","-79.945178","","11","0","0","0","0","0","1","0","0","2","0","0","0","","","0","","0","","40 20:53.897","4","0","79 56:42.642","0","0","0","0","2473","0","0","0","N","0","0","0","2","02473","0","","1.0","","1","N","N","","0","","0","0","0","","0","N","","2","0","0","0","0","0","0","2","1","2","","","","N","","","","","","","","","",""
"2012050683","","1","0","0","0","0","0","0","0","0","5","1","","02","5","2012","1","40.412058","-79.994692","","11","0","0","0","0","0","0","0","0","","0","1","0","","","0","","0","","40 24:43.408","","0","79 59:40.891","0","0","0","0","2301","0","0","0","N","0","0","0","4","02301","0","","1.0","","1","N","N","","0","","0","0","0","","0","","","2","0","0","0","0","0","0","2","0","2","","","","N","","","","","","","","","",""
"2012051839","","0","0","0","0","0","0","0","0","0","4","0","","02","5","2012","3","40.376095","-79.907341","","11","0","0","0","0","0","1","0","0","2","0","0","0","","","1","","2","","40 22:33.941","4","0","79 54:26.427","3","0","0","0","2473","0","0","0","N","0","0","0","2","02473","0","","1.0","","1","N","N","","0","","1","0","2","","3","Y","","2","1","2","0","0","0","0","2","0","2","","","","N","","","","","","","","","",""
"2012051973","","1","0","0","0","0","0","0","0","0","4","0","","02","5","2012","1","40.492314","-79.827599","","11","0","0","0","0","1","0","0","0","","0","0","0","","","0","","2","","40 29:32.329","","0","79 49:39.357","0","0","0","0","2113","0","0","0","N","0","0","0","6","02113","0","","1.0","","1","N","N","","0","","0","0","1","","0","","","3","0","0","0","0","0","0","2","1","3","","","","N","","","","","","","","","",""
"2012051374","","1","0","0","0","0","0","0","0","0","1","0","","02","5","2012","4","40.350756","-79.866636","","11","0","0","0","0","1","0","0","0","2","0","0","0","","","1","","1","","40 21:02.720","3","0","79 51:59.890","4","0","0","1","2304","0","0","0","N","0","0","0","3","02304","1","","1.0","","1","N","N","","0","","0","0","0","","3","N","","2","1","0","0","0","0","0","2","0","2","","","","N","","","","","","","","","",""
"2012051177","","0","0","0","1","0","0","0","0","0","4","0","","02","5","2012","2","40.454076","-79.996814","","11","0","0","0","0","0","0","0","0","","0","0","0","","","1","","2","","40 27:14.672","","0","79 59:48.532","4","0","0","0","2301","1","0","0","N","0","0","0","2","02301","1","","1.0","","1","N","N","","0","","0","0","1","","2","","","2","1","0","0","0","0","0","2","0","1","","","","N","","","","","","","","","",""
"2012053380","","2","0","0","0","0","0","0","0","0","1","0","","02","5","2012","2","40.438731","-79.746501","","11","0","0","0","0","0","0","0","1","","0","0","0","","","1","","0","","40 26:19.431","","7","79 44:47.404","4","0","0","0","2446","0","0","0","N","0","0","0","2","02446","1","","1.0","","1","N","N","","0","","0","0","0","","2","","","2","1","0","0","0","0","0","2","0","2","","","","N","","","","","","","","","",""
"2012052786","","2","0","0","0","0","0","0","0","0","1","0","","02","5","2012","6","40.569558","-79.954263","","11","0","0","0","0","0","2","0","0","2","0","0","0","","","2","","2","","40 34:10.407","1","0","79 57:15.347","8","0","0","0","2207","0","0","0","N","0","0","0","5","02207","0","","1.0","","1","N","N","","1","","0","0","0","","2","Y","","3","2","1","0","0","2","0","2","0","3","","","","N","","","","","","","","","",""
"2012051375","","3","0","0","0","0","0","0","0","0","1","0","","02","5","2012","3","40.434176","-79.732488","","11","0","0","0","0","0","2","0","0","","0","0","0","","","1","","2","","40 26:03.034","","0","79 43:56.958","4","0","0","0","2446","0","0","0","N","0","0","0","5","02446","1","","1.0","","1","N","N","","2","","0","0","0","","2","","","5","1","0","0","0","0","0","2","0","5","","","","N","","","","","","","","","",""
"2012050685","","1","0","0","0","0","0","0","0","0","4","0","","02","5","2012","7","40.34077","-79.846691","","11","0","0","0","1","0","0","0","0","2","0","0","0","","","0","","0","","40 20:26.772","5","0","79 50:48.087","0","0","0","0","2304","0","0","0","N","0","0","0","3","02304","0","","1.0","","1","N","N","","0","","0","0","1","","3","Y","","2","0","3","0","0","0","0","2","0","2","","","","N","","","","","","","","","",""
"2012051178","","2","0","0","0","0","0","0","0","0","1","0","","02","5","2012","2","40.515456","-79.831928","","11","0","0","0","1","0","0","0","0","","0","0","0","","","1","","0","","40 30:55.641","","0","79 49:54.940","4","0","0","0","2451","0","0","0","N","0","0","0","1","02451","1","","6.0","","1","N","N","","0","","0","0","0","","0","","","2","1","0","0","0","0","0","2","0","2","","","","N","","","","","","","","","",""
"2012052125","","1","0","0","0","0","0","0","0","0","7","0","","02","5","2012","4","40.319608","-79.889463","","11","0","0","0","0","0","0","0","0","","0","0","0","","","0","","0","","40 19:10.587","","0","79 53:22.065","0","0","0","0","2433","0","0","0","N","0","0","0","1","02433","0","","5.0","","1","N","N","","0","","0","0","0","","0","","","1","0","0","0","0","0","0","2","0","1","","","","N","","","","","","","","","",""
"2012051103","","3","0","0","0","0","0","0","0","0","1","0","","02","5","2012","6","40.429075","-80.132735","","11","0","0","0","0","1","0","0","0","","0","0","0","","","0","","0","","40 25:44.670","","0","80 07:57.846","0","0","0","0","2102","0","0","0","N","0","0","0","3","68B03","0","","1.0","","1","N","N","","0","","0","0","0","","0","","","3","0","0","0","0","0","0","2","0","3","","","","N","","","","","","","","","",""
"2012050619","","0","0","0","0","0","0","0","0","0","0","0","","02","5","2012","7","40.489032","-79.932218","","11","0","0","0","0","0","0","0","0","2","0","0","0","","","1","","0","","40 29:20.514","6","0","79 55:55.986","4","0","0","0","2301","0","0","0","N","0","0","0","1","02301","1","","1.0","","1","N","N","","0","","0","0","0","","0","Y","","1","1","0","0","0","0","0","2","1","1","","","","N","","","","","","","","","",""
"2012051104","","1","0","0","0","0","0","0","0","0","99","0","","02","5","2012","7","40.422699","-80.105967","","11","0","0","0","0","0","0","0","0","","0","0","0","","","0","","0","","40 25:21.718","","0","80 06:21.480","0","0","0","0","2115","0","0","0","N","0","0","0","1","68B03","0","","1.0","","1","N","N","","0","","0","0","0","","0","","","1","0","0","0","0","0","0","2","0","1","","","","N","","","","","","","","","",""
"2012051977","","2","0","0","0","0","0","0","0","0","2","0","","02","5","2012","3","40.484468","-80.129294","","11","0","0","0","0","0","0","0","1","1","0","0","0","","","0","","0","","40 29:04.086","2","0","80 07:45.458","0","0","0","0","2115","0","0","0","N","0","0","0","1","02115","0","","1.0","","1","N","N","","0","","0","0","0","","0","N","","2","0","1","0","0","0","0","2","0","2","","","","N","","","","","","","","","",""
"2012052789","","0","0","0","0","0","0","0","0","0","7","0","","02","5","2012","7","40.443882","-79.938809","","11","0","0","0","0","1","0","0","0","","0","0","0","","","0","","2","","40 26:37.974","","0","79 56:19.714","0","0","0","0","2301","0","0","0","N","0","0","0","1","02301","0","","5.0","","1","N","N","","1","","0","0","0","","2","","","1","0","0","0","0","0","0","2","0","1","","","","N","","","","","","","","","",""
"2012052927","","0","0","0","0","0","0","0","0","0","7","0","","02","5","2012","7","40.493028","-80.308177","","11","0","0","0","0","0","0","0","0","","0","0","0","","","1","","0","","40 29:34.900","","1","80 18:29.438","8","0","0","0","2203","0","0","0","N","0","0","0","1","02203","0","","2.0","","1","N","N","","0","","0","0","1","","0","","","1","1","0","0","0","1","0","2","0","1","","","","N","","","","","","","","","",""
"2012050688","","1","0","0","0","0","0","0","0","0","7","0","","02","5","2012","7","40.478485","-79.744676","","11","0","0","0","0","0","0","0","0","","0","0","0","","","0","","0","","40 28:42.546","","0","79 44:40.835","0","0","0","0","2466","0","0","0","N","0","0","0","3","02466","0","","5.0","","1","N","N","","0","","0","0","0","","0","","","1","0","0","0","0","0","0","2","0","1","","","","N","","","","","","","","","",""
"2012052127","","2","0","0","0","0","0","0","0","0","1","0","","02","5","2012","4","40.473081","-79.813772","","11","0","0","0","0","0","0","0","0","","0","0","0","","","1","","2","","40 28:23.091","","0","79 48:49.579","8","0","0","0","2113","0","0","0","N","0","0","0","3","02113","0","","1.0","","1","N","N","","0","","0","0","0","","0","","","2","1","0","0","0","1","0","2","0","2","","","","N","","","","","","","","","",""
"2012052942","","0","0","0","0","0","0","0","0","0","0","0","","02","5","2012","6","40.316038","-79.940013","","11","0","0","0","0","0","1","0","0","","0","0","0","","","0","","0","","40 18:57.736","","0","79 56:24.045","0","0","0","0","2440","0","0","0","N","0","0","0","2","02440","0","","1.0","","1","N","N","","0","","0","0","2","","0","","","2","0","0","0","0","0","0","2","0","2","","","","N","","","","","","","","","",""
"2012053338","","1","0","0","0","0","0","0","0","0","1","1","","02","5","2012","6","40.313298","-79.938775","","11","0","0","0","0","0","1","0","0","","0","1","0","","","1","","1","","40 18:47.872","","0","79 56:19.590","4","0","0","0","2440","0","0","0","N","0","0","0","2","02440","1","","1.0","","1","N","N","","0","","0","0","0","","2","","","2","1","0","0","0","0","0","2","0","2","","","","N","","","","","","","","","",""
"2012051105","","0","0","0","0","0","0","0","0","0","1","0","","02","5","2012","6","40.434721","-79.965666","","11","0","0","0","1","0","1","0","0","","0","0","0","","","2","","0","","40 26:04.995","","0","79 57:56.396","4","0","0","0","2301","0","0","0","N","0","0","0","4","68B03","1","","1.0","","1","N","N","","1","","0","0","0","","0","","","2","2","0","0","0","1","0","2","1","2","","","","N","","","","","","","","","",""
"2012053452","","2","0","0","0","0","0","0","0","0","4","0","","02","5","2012","3","40.366411","-80.014059","","11","0","0","0","0","0","1","1","0","","0","0","0","","","1","","0","","40 21:59.080","","0","80 00:50.612","4","0","0","0","2416","0","0","0","N","0","0","0","4","02416","1","","2.0","","1","N","N","","0","","0","0","0","","0","","","2","1","0","0","0","0","0","2","0","2","","","","N","","","","","","","","","",""
"2012050689","","0","0","0","0","0","0","0","0","0","8","0","","02","5","2012","6","40.513046","-80.102922","","11","0","0","0","0","0","0","0","0","","0","0","0","","","1","","1","","40 30:46.965","","0","80 06:10.519","8","0","0","0","2429","1","0","0","N","1","0","0","2","02215","0","","1.0","","1","N","N","","0","","0","0","0","","0","","","2","1","0","0","0","1","0","2","1","1","","","","N","","","","","","","","","",""
"2012051244","","1","0","0","0","0","0","0","0","0","4","0","","02","4","2012","1","40.429006","-79.889775","","11","0","0","0","0","0","1","0","0","","0","0","0","","","1","","2","","40 25:44.422","","2","79 53:23.190","8","0","0","0","2426","0","0","0","N","0","0","0","3","68B03","0","","1.0","","1","N","N","","0","","0","0","1","","3","","","2","1","0","0","0","1","0","2","0","2","","","","N","","","","","","","","","",""
"2012052858","","1","0","0","0","0","0","1","0","0","1","1","","02","5","2012","6","40.44365","-79.995244","","11","0","0","0","0","0","1","0","0","","0","0","0","","","0","","1","","40 26:37.140","","0","79 59:42.880","0","0","0","0","2301","0","0","0","N","0","0","0","2","02503","0","","1.0","","1","N","N","","0","","0","0","0","","2","","","2","0","1","0","0","0","0","2","0","2","","","","N","","","","","","","","","",""
"2012052945","","1","0","0","0","0","0","0","0","0","4","0","","02","5","2012","7","40.490795","-80.053388","","11","0","0","0","0","0","0","0","0","","0","0","0","","","0","","1","","40 29:26.862","","0","80 03:12.196","0","0","0","0","2404","0","0","0","N","0","0","0","3","02404","0","","1.0","","1","N","N","","0","","0","0","1","","3","","","2","0","0","0","0","0","0","2","0","2","","","","N","","","","","","","","","",""
"2012051847","","1","0","0","0","0","0","0","0","0","4","0","","02","5","2012","2","40.449195","-80.004952","","11","0","0","0","0","0","1","0","0","3","0","0","0","","","0","","1","","40 26:57.102","4","99","80 00:17.827","9","0","0","0","2301","0","0","0","N","0","0","0","2","02301","0","","1.0","","1","N","N","","0","","0","0","1","","2","Y","","2","0","0","0","0","0","2","2","0","2","","","","N","","","","","","","","","",""
"2012052930","","1","0","0","0","0","0","0","0","0","1","0","99","02","5","2012","6","40.619353","-80.055213","","11","0","0","0","0","0","0","0","0","","0","0","0","","","1","","0","","40 37:09.670","","0","80 03:18.768","8","0","0","0","2216","0","0","0","N","0","0","0","2","02505","0","","1.0","","1","N","N","","0","","0","0","1","","2","","","2","1","1","0","0","1","0","1","0","2","","","U","Y","8","8","","","U","","","","",""
"2012051184","","1","0","0","0","0","0","0","0","0","1","0","","02","5","2012","7","40.618212","-80.055624","","11","0","0","0","0","0","0","0","0","","0","0","0","","","0","","1","","40 37:05.564","","0","80 03:20.247","0","0","0","0","2216","0","0","0","N","0","0","0","5","02505","0","","1.0","","1","N","N","","0","","0","0","1","","2","","","2","0","0","0","0","0","0","2","0","2","","","","N","","","","","","","","","",""
"2012052779","","1","0","1","0","0","0","0","0","0","7","0","","02","5","2012","7","40.431228","-80.155178","","11","0","0","0","0","1","0","0","0","1","0","0","0","","","2","","0","","40 25:52.420","3","0","80 09:18.640","2","0","0","0","2102","0","0","0","N","0","0","0","2","02501","0","","2.0","","1","N","N","","0","","0","2","0","","0","N","","1","2","1","0","1","0","0","1","0","1","","","","N","","","","","","","","","",""
"2012051382","","1","0","0","0","0","0","0","0","0","1","0","","02","5","2012","1","40.434836","-79.754633","","11","0","0","0","0","0","2","1","0","","0","0","0","","","0","","0","","40 26:05.411","","0","79 45:16.677","0","0","0","0","2446","0","0","0","N","0","0","0","5","02446","0","","1.0","","1","N","N","","1","","0","0","1","","0","","","4","0","0","0","0","0","0","2","1","4","","","","N","","","","","","","","","",""
"2012052931","","1","0","0","0","0","0","0","0","0","1","0","","02","5","2012","6","40.443625","-80.056363","","11","0","0","0","0","1","0","0","0","","0","0","0","","","0","","0","","40 26:37.050","","0","80 03:22.906","0","0","0","0","2301","0","0","0","N","0","0","0","1","02301","0","","6.0","","1","N","N","","2","","0","0","1","","0","","","4","0","0","0","0","0","0","2","0","4","","","","N","","","","","","","","","",""
"2012053342","","0","0","0","1","0","0","0","0","0","8","0","","02","5","2012","2","40.455451","-80.062683","","11","0","0","0","0","0","0","0","0","1","0","0","0","","","1","","1","","40 27:19.623","5","0","80 03:45.658","4","0","0","0","2301","1","0","0","N","0","0","0","3","02301","1","","1.0","","1","N","N","","0","","0","0","1","","0","Y","","2","1","0","0","0","0","0","2","0","1","","","","N","","","","","","","","","",""
"2012052948","","1","0","0","0","0","0","0","0","0","1","0","","02","5","2012","6","40.364673","-80.020336","","11","0","0","0","0","0","1","0","0","","0","0","0","","","0","","0","","40 21:52.822","","0","80 01:13.208","0","0","0","0","2416","0","0","0","N","0","0","0","2","02416","0","","1.0","","1","N","N","","1","","0","0","0","","0","","","2","0","0","0","0","0","0","2","0","2","","","","N","","","","","","","","","",""
"2012053392","","0","0","0","0","0","0","0","0","0","7","0","","02","5","2012","2","40.267103","-79.851132","","11","0","0","0","0","0","0","0","0","2","0","0","0","","","0","","0","","40 16:01.570","3","0","79 51:04.075","0","0","0","0","2105","0","0","0","N","0","0","0","1","02105","0","","5.0","","1","N","N","","0","","0","0","0","","0","N","","1","0","1","0","0","0","0","2","1","1","","","","N","","","","","","","","","",""
"2012050500","","0","0","0","0","0","0","0","0","0","1","0","","02","5","2012","6","40.598131","-79.947605","","11","0","0","0","0","1","0","0","0","","0","0","0","","","1","","0","","40 35:53.270","","0","79 56:51.377","8","0","0","0","2207","0","0","0","N","0","0","0","2","02207","0","","1.0","","1","N","N","","1","","0","0","0","","0","","","2","1","0","0","0","1","0","2","1","2","","","","N","","","","","","","","","",""
"2012051397","","3","0","0","0","0","0","0","0","0","1","0","","02","5","2012","3","40.498069","-80.012915","","11","0","0","0","0","0","0","0","0","1","0","0","0","","","0","","0","","40 29:53.050","2","0","80 00:46.495","0","0","0","0","2301","0","0","0","N","0","0","0","6","02301","0","","1.0","","1","N","N","","0","","0","0","1","","0","Y","","4","0","0","0","0","0","0","2","0","4","","","","N","","","","","","","","","",""
"2012052721","","1","0","0","0","0","0","0","0","0","7","0","","02","4","2012","6","40.434474","-79.989249","","11","0","0","0","0","0","0","0","0","2","0","0","0","","","0","","7","","40 26:04.105","4","2","79 59:21.296","0","0","0","0","2301","0","0","0","Y","0","0","0","1","68B03","0","","4.0","","1","N","N","","0","","0","0","0","","0","N","","1","0","0","0","0","0","0","2","0","1","","","","N","","","","","","","","","",""
"2012050566","","0","0","0","0","0","0","0","0","0","8","0","","02","5","2012","7","40.484283","-80.023533","","11","0","0","0","0","0","0","0","0","1","0","0","0","","","1","","0","","40 29:03.420","2","0","80 01:24.720","2","0","0","0","2301","1","0","1","N","1","0","1","3","02301","0","","1.0","","1","N","N","","1","","0","1","0","","0","N","","2","1","2","0","0","0","0","2","0","1","","","","N","","","","","","","","","",""
"2012052722","","1","0","0","0","0","0","0","0","0","5","0","","02","5","2012","5","40.539037","-80.123252","","11","0","0","0","0","0","1","0","0","2","0","0","0","","","0","","0","","40 32:20.533","2","0","80 07:23.708","0","0","0","0","2460","0","0","0","N","0","0","0","3","68B03","0","","1.0","","9","N","N","","0","","0","0","1","","0","N","","3","0","0","0","0","0","0","1","0","3","","","","N","","","","","","","","","",""
"2012053394","","1","0","0","0","0","0","0","0","0","2","0","","02","5","2012","2","40.421192","-79.99893","","11","0","0","0","0","0","0","0","0","","0","0","0","","","0","","2","","40 25:16.291","","0","79 59:56.148","0","0","0","0","2301","0","0","0","N","0","0","0","1","02301","0","","2.0","","1","N","N","","0","","0","0","1","","0","","","2","0","0","0","0","0","0","2","0","2","","","","N","","","","","","","","","",""
"2012050567","","1","0","0","0","0","0","0","0","0","7","0","","02","5","2012","7","40.46834","-79.921668","","11","0","0","0","0","0","0","0","0","","0","0","0","","","1","","0","","40 28:06.024","","0","79 55:18.004","8","0","0","0","2301","0","0","0","N","0","0","0","1","02301","0","","2.0","","1","N","N","","0","","0","0","0","","0","","","1","1","0","0","0","1","0","2","0","1","","","","N","","","","","","","","","",""
"2012051854","","2","0","1","0","0","0","0","0","0","4","0","","02","4","2012","3","40.436958","-79.991111","","11","0","0","0","0","0","0","0","1","9","0","0","0","","","1","","0","","40 26:13.050","6","0","79 59:28.000","2","0","0","0","2301","0","0","0","N","0","0","0","2","02508","0","","1.0","","1","N","N","","0","","0","1","0","","3","N","","2","1","0","0","0","0","0","2","0","2","","","","N","","","","","","","","","",""
"2012052723","","0","0","0","0","0","0","0","0","0","0","0","","02","5","2012","5","40.526931","-80.272239","","11","0","0","0","0","0","0","0","0","2","0","0","0","","","1","","0","","40 31:36.952","4","0","80 16:20.061","3","0","0","0","2203","0","0","0","N","0","0","0","1","68B03","0","","1.0","","1","N","N","","0","","1","0","1","","0","N","","1","1","1","0","0","0","0","2","0","1","","","","N","","","","","","","","","",""
"2012052662","","2","0","0","0","0","0","0","0","0","4","0","","02","5","2012","6","40.521631","-80.033943","","11","0","0","1","0","0","0","0","0","1","0","0","0","","","0","","1","","40 31:17.870","1","0","80 02:02.195","0","0","0","0","2474","0","0","0","N","0","0","0","3","02474","0","","1.0","","1","N","N","","0","","0","0","0","","2","Y","","2","0","0","0","0","0","0","2","0","2","","","","N","","","","","","","","","",""
"2012051191","","2","0","0","0","0","0","0","0","0","4","0","","02","5","2012","2","40.287621","-80.011878","","11","0","0","0","0","0","2","0","0","3","0","0","0","","","2","","0","","40 17:15.434","5","0","80 00:42.761","3","0","0","0","2219","0","0","0","N","0","0","0","2","02219","0","","1.0","","1","N","N","","0","","2","0","0","","0","Y","","2","2","0","0","0","0","0","2","0","2","","","","N","","","","","","","","","",""
"2012052724","","0","0","0","0","0","0","0","0","0","99","0","","02","5","2012","5","40.443976","-79.777601","","11","0","0","0","0","0","0","0","0","","0","0","0","","","0","","0","","40 26:38.313","","0","79 46:39.362","0","0","0","0","2446","0","0","0","N","0","0","0","1","68B03","0","","1.0","","1","N","N","","0","","0","0","1","","0","","","1","0","0","0","0","0","0","2","0","1","","","","N","","","","","","","","","",""
"2012050570","","1","0","0","0","0","0","0","0","0","7","0","","02","5","2012","6","40.639618","-80.087953","","11","0","0","1","0","0","0","0","0","2","0","0","0","","","0","","0","","40 38:22.625","2","0","80 05:16.630","0","0","0","0","2412","0","0","0","N","0","0","0","1","02505","0","","2.0","","1","N","N","","0","","0","0","0","","0","Y","","1","0","0","0","0","0","0","2","0","1","","","","N","","","","","","","","","",""
"2012050778","","1","0","0","0","0","0","0","0","0","4","1","","02","5","2012","2","40.479272","-79.769244","","11","0","0","0","0","0","0","0","0","","0","1","0","","","1","","0","","40 28:45.380","","0","79 46:09.278","4","0","0","0","2466","0","0","0","N","0","0","0","2","68T02","1","","1.0","","9","N","N","","0","","0","0","0","","0","","","2","1","0","0","0","0","0","2","0","2","","","","N","","","","","","","","","",""
"2012050168","","3","0","0","0","0","0","0","0","0","1","0","","02","5","2012","6","40.399692","-79.834327","","11","0","0","0","0","0","2","0","1","2","0","0","0","","","2","","2","","40 23:58.892","4","0","79 50:03.578","4","0","0","0","2425","0","0","0","N","0","0","0","4","02425","2","","1.0","","1","N","N","","0","","0","0","0","","2","N","","3","2","0","0","0","0","0","2","0","3","","","","N","","","","","","","","","",""
"2012051532","","0","0","0","0","0","0","0","0","0","4","1","","02","5","2012","2","40.426456","-79.892924","","11","0","0","0","0","0","1","0","0","3","0","1","0","","","1","","0","","40 25:35.241","3","0","79 53:34.527","4","0","0","0","2301","0","0","0","Y","0","0","0","2","68B03","1","","1.0","","1","N","N","","0","","0","0","1","","0","N","","2","1","0","0","0","0","0","2","0","2","","","","N","","","","","","","","","",""
"2012048744","","1","0","0","0","0","0","0","0","0","1","0","","02","5","2012","2","40.345894","-80.057049","","11","0","0","0","0","0","1","0","0","1","0","0","0","","","1","","0","","40 20:45.219","1","7","80 03:25.378","4","0","0","0","2123","0","0","0","N","0","0","0","3","02123","1","","1.0","","9","N","N","","1","","0","0","0","","2","N","","3","1","0","0","0","0","1","2","0","3","","","","N","","","","","","","","","",""
"2012050780","","1","0","0","0","0","0","0","0","0","7","0","55","02","5","2012","7","40.65523","-80.071248","","11","0","0","0","0","0","0","0","0","","0","0","0","","","0","","0","","40 39:18.827","","5","80 04:16.492","0","0","0","0","2212","0","0","0","N","0","0","0","1","68T02","0","","1.0","","1","N","N","","0","","0","0","0","","1","","","1","0","0","0","0","0","0","2","0","1","","","N","Y","5","1","N","N","N","N","Y","N","Y",""
"2012051608","","2","0","0","0","0","0","0","0","0","4","0","","02","5","2012","3","40.439585","-80.005091","","11","0","0","0","0","0","0","0","0","","0","0","0","","","0","","1","","40 26:22.506","","0","80 00:18.329","0","0","0","0","2301","0","0","0","N","0","0","0","2","02301","0","","1.0","","1","N","N","","0","","0","0","0","","2","","","2","0","0","0","0","0","0","2","0","2","","","","N","","","","","","","","","",""
"2012050170","","1","0","0","0","0","0","0","0","0","7","0","","02","5","2012","5","40.373974","-79.913584","","11","0","0","0","0","0","0","0","0","","0","0","0","","","2","","10","","40 22:26.306","","0","79 54:48.902","8","0","0","0","2301","0","0","0","N","0","0","0","2","02301","0","","5.0","","1","N","N","","0","","0","0","0","","0","","","1","2","0","0","0","2","0","2","0","1","","","","N","","","","","","","","","",""
"2012050184","","2","0","0","0","0","0","0","0","0","1","0","","02","5","2012","5","40.654348","-80.091619","","11","0","0","0","0","0","1","0","0","1","0","0","0","","","1","","1","","40 39:15.651","6","0","80 05:29.828","4","0","0","0","2212","0","0","0","N","0","0","0","4","02505","1","","1.0","","1","N","N","","0","","0","0","1","","0","N","","4","1","0","0","0","0","1","2","0","4","","","","N","","","","","","","","","",""
"2012053021","","0","0","0","0","0","0","0","0","0","7","0","","02","5","2012","7","40.653253","-79.906483","","11","0","0","0","0","0","1","0","0","2","0","0","0","","","1","","0","","40 39:11.709","6","0","79 54:23.338","2","0","1","1","2220","0","0","0","N","0","0","0","1","02220","0","","4.0","","1","N","N","","0","","0","1","0","","0","Y","","1","1","0","0","0","0","0","1","0","1","","","","N","","","","","","","","","",""
"2012052290","","1","0","0","1","0","0","0","0","0","4","0","","02","5","2012","5","40.461561","-79.967058","","11","0","0","0","0","0","0","0","0","1","0","0","0","","","1","","1","","40 27:41.620","3","0","79 58:01.410","8","0","0","0","2301","1","0","0","N","0","0","0","2","02301","0","","1.0","","1","N","N","","0","","0","0","0","","2","N","","2","1","0","0","0","1","0","2","0","1","","","","N","","","","","","","","","",""
"2012051610","","1","0","0","0","0","0","0","0","0","7","0","35","02","5","2012","7","40.405836","-79.839627","","11","0","0","0","0","0","1","0","0","1","0","0","0","","","0","","10","","40 24:21.009","5","0","79 50:22.657","0","0","0","0","2449","0","0","0","N","0","0","0","2","02449","0","","1.0","","1","N","N","","0","","0","0","1","","1","N","","2","0","0","0","0","0","0","2","0","2","","","N","Y","3","1","","","N","Y","","","",""