"CRN","ARRIVAL_TM","AUTOMOBILE_COUNT","BELTED_DEATH_COUNT","BELTED_SUSP_SERIOUS_INJ_COUNT","BICYCLE_COUNT","BICYCLE_DEATH_COUNT","BICYCLE_SUSP_SERIOUS_INJ_COUNT","BUS_COUNT","CHLDPAS_DEATH_COUNT","CHLDPAS_SUSP_SERIOUS_INJ_COUNT","COLLISION_TYPE","COMM_VEH_COUNT","CONS_ZONE_SPD_LIM","COUNTY","CRASH_MONTH","CRASH_YEAR","DAY_OF_WEEK","DEC_LATITUDE","DEC_LONGITUDE","DISPATCH_TM","DISTRICT","DRIVER_COUNT_16YR","DRIVER_COUNT_17YR","DRIVER_COUNT_18YR","DRIVER_COUNT_19YR","DRIVER_COUNT_20YR","DRIVER_COUNT_50_64YR","DRIVER_COUNT_65_74YR","DRIVER_COUNT_75PLUS","EST_HRS_CLOSED","FATAL_COUNT","HEAVY_TRUCK_COUNT","HORSE_BUGGY_COUNT","HOUR_OF_DAY","ILLUMINATION","INJURY_COUNT","INTERSECTION_RELATED","INTERSECT_TYPE","LANE_CLOSED","LATITUDE","LN_CLOSE_DIR","LOCATION_TYPE","LONGITUDE","MAX_SEVERITY_LEVEL","MCYCLE_DEATH_COUNT","MCYCLE_SUSP_SERIOUS_INJ_COUNT","MOTORCYCLE_COUNT","MUNICIPALITY","NONMOTR_COUNT","NONMOTR_DEATH_COUNT","NONMOTR_SUSP_SERIOUS_INJ_COUNT","NTFY_HIWY_MAINT","PED_COUNT","PED_DEATH_COUNT","PED_SUSP_SERIOUS_INJ_COUNT","PERSON_COUNT","POLICE_AGCY","POSSIBLE_INJ_COUNT","RDWY_SURF_TYPE_CD","RELATION_TO_ROAD","ROADWAY_CLEARED","ROAD_CONDITION","SCH_BUS_IND","SCH_ZONE_IND","SECONDARY_CRASH","SMALL_TRUCK_COUNT","SPEC_JURIS_CD","SUSP_MINOR_INJ_COUNT","SUSP_SERIOUS_INJ_COUNT","SUV_COUNT","TCD_FUNC_CD","TCD_TYPE","TFC_DETOUR_IND","TIME_OF_DAY","TOTAL_UNITS","TOT_INJ_COUNT","UNBELTED_OCC_COUNT","UNB_DEATH_COUNT","UNB_SUSP_SERIOUS_INJ_COUNT","UNK_INJ_DEG_COUNT","UNK_INJ_PER_COUNT","URBAN_RURAL","VAN_COUNT","VEHICLE_COUNT","WEATHER1","WEATHER2","WORKERS_PRES","WORK_ZONE_IND","WORK_ZONE_LOC","WORK_ZONE_TYPE","WZ_CLOSE_DETOUR","WZ_FLAGGER","WZ_LAW_OFFCR_IND","WZ_LN_CLOSURE","WZ_MOVING","WZ_OTHER","WZ_SHLDER_MDN","WZ_WORKERS_INJ_KILLED"
"2012050453","0759","1","0","0","0","0","0","0","0","0","7","0","","02","5","2012","7","40.400494","-80.002563","0752","11","0","0","0","0","0","0","0","0","","0","0","0","07","1","1","","0","","40 24:01.778","","0","80 00:09.226","8","0","0","0","2301","0","0","0","N","0","0","0","1","02301","0","","5.0","","1","N","N","","0","","0","0","0","0","0","","0750","1","1","0","0","0","1","0","2","0","1","","","","N","","","","","","","","","",""
"2012049028","1515","1","0","0","0","0","0","0","0","0","4","0","","02","5","2012","2","40.659561","-80.1028","1458","11","0","0","0","0","0","1","0","0","","0","0","0","06","1","0","","0","","40 39:34.420","","0","80 06:10.080","0","0","0","0","2212","0","0","0","N","0","0","0","1","02505","0","","6.0","","1","N","N","","1","","0","0","0","0","0","","0630","2","0","0","0","0","0","0","2","0","2","","","","N","","","","","","","","","",""
"2012047579","1727","1","0","0","0","0","0","0","0","0","7","0","","02","5","2012","7","40.355307","-79.839136","1725","11","0","0","0","0","0","0","0","0","","0","0","0","17","1","1","","0","","40 21:19.105","","0","79 50:20.889","8","0","0","0","2304","0","0","0","","0","0","0","1","02304","0","","2.0","","1","","","","0","","0","0","0","0","0","","1720","1","1","0","0","0","1","0","2","0","1","","","","N","","","","","","","","","",""
"2012049556","0348","1","0","0","0","0","0","0","0","0","7","0","","02","5","2012","5","40.351868","-79.850907","0347","11","0","0","0","0","0","0","0","0","2","0","0","0","03","3","0","","0","","40 21:06.724","1","0","79 51:03.265","0","0","0","0","2304","0","0","0","N","0","0","0","2","02304","0","","5.0","","1","N","N","","0","","0","0","0","0","0","N","0347","1","0","2","0","0","0","0","2","0","1","","","","N","","","","","","","","","",""
"2012047655","0236","1","0","0","0","0","0","0","0","0","7","0","","02","5","2012","7","40.34889","-79.939012","0235","11","0","0","0","0","0","0","0","0","4","0","0","0","02","3","2","","1","","40 20:56.003","2","0","79 56:20.443","2","0","0","0","2473","0","0","0","Y","0","0","0","2","02473","0","","2.0","","1","N","N","","0","","1","1","0","3","2","Y","0234","1","2","1","0","1","0","0","2","0","1","","","","N","","","","","","","","","",""
"2012048556","0654","1","0","0","0","0","0","0","0","0","7","0","","02","5","2012","3","40.275459","-79.9035","0639","11","0","0","0","0","0","0","0","0","","0","0","0","06","5","0","","0","","40 16:31.653","","0","79 54:12.600","0","0","0","0","2440","0","0","0","N","0","0","0","1","02440","0","","1.0","","9","N","N","","0","","0","0","0","0","0","","0635","1","0","0","0","0","0","0","2","0","1","","","","N","","","","","","","","","",""
"2012048417","1708","2","0","0","0","0","0","0","0","0","1","0","","02","4","2012","3","40.444771","-80.009312","1657","11","0","0","0","0","0","1","0","0","1","0","0","0","16","1","1","","0","","40 26:41.175","1","3","80 00:33.523","8","0","0","0","2301","0","0","0","N","0","0","0","3","68B03","0","","1.0","","1","N","N","","0","","0","0","1","0","0","N","1656","3","1","0","0","0","1","0","2","0","3","","","","N","","","","","","","","","",""
"2012048480","0709","1","0","0","0","0","0","0","0","0","99","0","","02","5","2012","1","40.592496","-79.891242","0704","11","0","0","0","0","0","0","0","0","","0","0","0","07","1","0","","0","","40 35:32.984","","0","79 53:28.470","0","0","0","0","2209","0","0","0","N","0","0","0","1","68T02","0","","1.0","","1","N","N","","0","","0","0","0","0","0","","0701","1","0","0","0","0","0","0","1","0","1","","","","N","","","","","","","","","",""
"2012048492","1824","1","0","0","0","0","0","0","0","0","1","0","","02","5","2012","2","40.452801","-79.996044","1816","11","0","0","0","0","0","0","0","0","","0","0","0","18","1","0","","0","","40 27:10.083","","0","79 59:45.759","0","0","0","0","2301","0","0","0","N","0","0","0","2","02301","0","","1.0","","9","N","N","","1","","0","0","0","0","0","","1816","2","0","0","0","0","0","0","2","0","2","","","","N","","","","","","","","","",""
"2012048557","2032","1","0","0","0","0","0","0","0","0","7","0","","02","5","2012","1","40.354518","-79.842496","2030","11","0","0","0","0","0","0","0","0","","0","0","0","20","1","0","","7","","40 21:16.266","","8","79 50:32.985","0","0","0","0","2303","0","0","0","N","0","0","0","2","02303","0","","1.0","","9","N","N","","0","","0","0","0","0","0","","2030","1","0","0","0","0","0","0","2","0","1","","","","N","","","","","","","","","",""
"2012094061","2121","1","0","0","0","0","0","0","0","0","4","0","","02","9","2012","5","40.322199","-79.925998","2115","11","0","0","0","0","0","0","0","0","2","0","0","0","21","3","0","","3","","40 19:19.915","2","0","79 55:33.594","0","0","0","0","2440","0","0","0","N","0","0","0","3","02440","0","","1.0","","1","N","N","","0","","0","0","1","3","3","Y","2112","2","0","0","0","0","0","0","2","0","2","","","","N","","","","","","","","","",""
"2012094838","0143","1","0","0","0","0","0","0","0","0","7","0","","02","6","2012","1","40.440887","-79.830893","0137","11","0","0","0","0","0","1","0","0","","0","0","0","01","3","0","","0","","40 26:27.192","","2","79 49:51.213","0","0","0","0","2124","0","0","0","N","0","0","0","1","68B03","0","","4.0","","1","N","N","","0","","0","0","0","0","0","","0137","1","0","0","0","0","0","0","2","0","1","","","","N","","","","","","","","","",""
"2012048418","0615","0","0","0","0","0","0","0","0","0","7","1","","02","4","2012","1","40.426645","-79.892606","0614","11","0","0","0","0","0","1","0","0","4","0","1","0","03","3","1","","0","","40 25:35.923","6","0","79 53:33.383","4","0","0","0","2301","0","0","0","Y","0","0","0","2","68B03","1","","3.0","","9","N","N","","0","","0","0","0","0","0","Y","0345","1","1","1","0","0","0","1","2","0","1","","","","N","","","","","","","","","",""
"2012049249","9999","2","0","0","0","0","0","0","0","0","1","0","","02","5","2012","1","40.335263","-79.947111","1549","11","0","0","0","0","0","0","1","0","2","0","0","0","15","1","3","","1","","40 20:06.946","2","0","79 56:49.599","4","0","0","0","2454","0","0","0","N","0","0","0","6","02454","3","","1.0","","9","N","N","","1","","0","0","0","3","2","Y","1551","3","3","1","0","0","0","0","2","0","3","","","","N","","","","","","","","","",""
"2012049326","0542","1","0","1","0","0","0","0","0","0","7","0","","02","5","2012","3","40.437399","-80.202471","0528","11","0","0","0","0","0","1","0","0","","0","0","0","05","1","1","","0","","40 26:14.636","","0","80 12:08.897","2","0","0","0","2214","0","0","0","N","0","0","0","1","68B03","0","","4.0","","9","N","N","","0","","0","1","0","0","0","","0528","1","1","0","0","0","0","0","2","0","1","","","","N","","","","","","","","","",""
"2012094062","1311","2","0","0","0","0","0","0","0","0","4","0","","02","9","2012","7","40.55113","-79.899847","1307","11","0","0","0","0","0","0","0","0","","0","0","0","13","1","0","","2","","40 33:04.067","","0","79 53:59.450","0","0","0","0","2209","0","0","0","N","0","0","0","2","02209","0","","1.0","","1","N","N","","0","","0","0","0","2","3","","1307","2","0","0","0","0","0","0","2","0","2","","","","N","","","","","","","","","",""
"2012094840","0642","2","0","0","0","0","0","0","0","0","1","0","","02","9","2012","2","40.421004","-80.042854","0616","11","0","0","0","0","0","2","0","0","2","0","0","0","06","3","1","","6","","40 25:15.614","3","2","80 02:34.276","8","0","0","0","2435","0","0","0","N","0","0","0","2","68B03","0","","1.0","","1","N","N","","0","","0","0","0","3","4","N","0615","2","1","0","0","0","1","0","2","0","2","","","","N","","","","","","","","","",""
"2012048419","0910","2","0","0","0","0","0","0","0","0","1","0","","02","5","2012","6","40.4256","-79.906446","0851","11","0","0","0","0","0","1","0","0","1","0","1","0","08","1","0","","0","","40 25:32.159","4","0","79 54:23.207","0","0","0","0","2301","0","0","0","Y","0","0","0","6","68B03","0","","1.0","","1","N","N","","0","","0","0","0","0","0","N","0850","4","0","0","0","0","0","0","2","1","4","","","","N","","","","","","","","","",""
"2012049184","0918","2","0","0","0","0","0","0","0","0","4","0","","02","5","2012","3","40.453381","-79.980672","0904","11","0","0","0","0","0","0","0","0","","0","0","0","09","1","0","","1","","40 27:12.170","","0","79 58:50.420","0","0","0","0","2301","0","0","0","N","0","0","0","2","02301","0","","1.0","","1","N","N","","0","","0","0","0","3","3","","0904","2","0","0","0","0","0","0","2","0","2","","","","N","","","","","","","","","",""
"2012047809","1729","3","0","0","0","0","0","0","0","0","1","0","25","02","5","2012","1","40.344736","-79.884789","1729","11","0","0","1","0","0","0","1","0","1","0","0","0","17","1","0","","0","","40 20:41.050","2","3","79 53:05.240","0","0","0","0","2423","0","0","0","Y","0","0","0","4","02304","0","","1.0","","9","N","N","","0","","0","0","0","3","2","N","1728","3","0","1","0","0","0","0","2","0","3","","","N","Y","4","1","","","N","Y","","","",""
"2012050115","1242","1","0","0","0","0","0","0","0","0","7","0","","02","5","2012","1","40.383847","-79.97749","1240","11","0","0","0","0","0","0","0","0","","0","0","0","12","1","0","","2","","40 23:01.849","","0","79 58:38.964","0","0","0","0","2413","0","0","0","N","0","0","0","1","02413","0","","5.0","","9","N","N","","0","","0","0","0","3","3","","1240","1","0","1","0","0","0","0","2","0","1","","","","N","","","","","","","","","",""
"2012049327","1230","1","0","0","0","0","0","0","0","0","1","0","","02","5","2012","4","40.432505","-79.870921","1206","11","0","0","0","0","0","1","0","0","","0","0","0","12","1","1","","0","","40 25:57.018","","0","79 52:15.316","4","0","0","0","2411","0","0","0","N","0","0","0","4","68B03","1","","1.0","","1","N","N","","0","","0","0","0","0","0","","1200","2","1","0","0","0","0","0","2","1","2","","","","N","","","","","","","","","",""
"2012094841","0720","1","0","0","0","0","0","0","0","0","1","0","","02","9","2012","2","40.420566","-80.039008","0700","11","0","0","0","0","0","0","0","0","","0","0","0","06","5","0","","0","","40 25:14.037","","0","80 02:20.428","0","0","0","0","2301","0","0","0","N","0","0","0","3","68B03","0","","1.0","","1","N","N","","0","","0","0","2","0","0","","0651","3","0","0","0","0","0","0","2","0","3","","","","N","","","","","","","","","",""
"2012050116","0934","3","0","1","0","0","0","0","0","0","4","0","","02","5","2012","6","40.462482","-79.927828","0925","11","0","1","0","0","0","0","0","1","","0","0","0","09","1","1","","1","","40 27:44.935","","0","79 55:40.180","2","0","0","0","2301","0","0","0","N","0","0","0","6","02301","0","","1.0","","1","N","N","","0","","0","1","0","3","2","","0925","3","1","2","0","0","0","0","2","0","3","","","","N","","","","","","","","","",""
"2012049328","0409","1","0","0","0","0","0","0","0","0","7","0","","02","5","2012","7","40.465308","-80.000124","0340","11","0","0","0","0","0","0","0","0","","0","0","0","03","3","1","","0","","40 27:55.109","","0","80 00:00.447","4","0","0","0","2301","0","0","0","N","0","0","0","3","68B03","1","","4.0","","1","N","N","","0","","0","0","0","0","0","","0337","1","1","0","0","0","0","0","2","0","1","","","","N","","","","","","","","","",""
"2012093384","1710","4","0","1","0","0","0","0","0","0","4","0","","02","9","2012","3","40.443546","-80.054034","1700","11","0","0","1","0","0","1","0","0","2","0","0","0","16","1","2","","2","","40 26:36.765","7","0","80 03:14.522","2","0","0","0","2301","0","0","0","N","0","0","0","3","02301","0","","1.0","","1","N","N","","0","","0","1","0","3","3","Y","1650","4","2","0","0","0","1","0","2","0","4","","","","N","","","","","","","","","",""
"2012094127","1749","1","0","0","0","0","0","0","0","0","8","0","","02","9","2012","7","40.465439","-79.82729","1746","11","0","0","0","0","0","0","0","1","2","0","0","0","17","1","1","","0","","40 27:55.580","6","7","79 49:38.245","3","0","0","0","2113","1","0","0","N","1","0","0","2","02113","0","","1.0","","1","N","N","","0","","1","0","0","3","3","Y","1746","2","1","0","0","0","0","0","2","0","1","","","","N","","","","","","","","","",""
"2012094842","0801","2","0","0","0","0","0","0","0","0","1","0","","02","9","2012","2","40.420566","-80.039008","0801","11","0","0","0","0","0","0","0","0","","0","0","0","08","1","1","","0","","40 25:14.037","","0","80 02:20.428","8","0","0","0","2301","0","0","0","N","0","0","0","2","68B03","0","","1.0","","1","N","N","","0","","0","0","0","0","0","","0801","2","1","0","0","0","1","0","2","0","2","","","","N","","","","","","","","","",""
"2012047811","1712","1","0","0","0","0","0","0","0","0","1","0","","02","5","2012","1","40.452966","-80.039423","1712","11","0","0","0","0","0","1","0","0","1","0","0","0","17","1","0","","2","","40 27:10.676","4","0","80 02:21.924","0","0","0","0","2301","0","0","0","N","0","0","0","10","02301","0","","1.0","","9","N","N","","0","","0","0","1","3","2","N","1712","2","0","4","0","0","0","0","2","0","2","","","","N","","","","","","","","","",""
"2012050117","1330","1","0","0","0","0","0","1","0","0","1","1","","02","5","2012","5","40.4647","-79.936428","1325","11","0","0","0","0","0","1","1","0","","0","0","0","13","1","3","","1","","40 27:52.920","","0","79 56:11.140","8","0","0","0","2301","0","0","0","N","0","0","0","5","02503","0","","1.0","","1","N","N","","0","","0","0","0","3","2","","1325","2","3","0","0","0","3","0","2","0","2","","","","N","","","","","","","","","",""
"2012047876","2234","1","0","0","0","0","0","0","0","0","7","0","","02","5","2012","1","40.408711","-79.892772","2231","11","0","0","0","0","0","0","0","0","","0","0","0","22","3","0","","0","","40 24:31.358","","0","79 53:33.980","0","0","0","0","2448","0","0","0","N","0","0","0","1","02448","0","","5.0","","9","N","N","","0","","0","0","0","0","0","","2231","1","0","0","0","0","0","0","2","0","1","","","","N","","","","","","","","","",""
"2012049329","1228","1","0","0","0","0","0","0","0","0","99","0","","02","5","2012","7","40.387164","-80.098152","1208","11","0","0","0","0","0","0","0","0","","0","0","0","12","1","1","","0","","40 23:13.789","","0","80 05:53.347","4","0","0","0","2117","0","0","0","N","0","0","0","2","68B03","1","","1.0","","1","N","N","","0","","0","0","0","0","0","","1200","1","1","0","0","0","0","0","2","0","1","","","","N","","","","","","","","","",""
"2012049330","1749","1","0","0","0","0","0","0","0","0","1","0","","02","5","2012","3","40.425632","-79.905795","1748","11","0","0","0","1","0","0","0","0","","0","0","0","17","1","0","","0","","40 25:32.275","","0","79 54:20.862","0","0","0","0","2301","0","0","0","N","0","0","0","5","68B03","0","","1.0","","1","N","N","","0","","0","0","2","0","0","","1745","3","0","0","0","0","0","0","2","0","3","","","","N","","","","","","","","","",""
"2012094129","1845","1","0","0","0","0","0","0","0","0","7","0","","02","9","2012","7","40.264534","-79.87656","1830","11","0","0","0","0","0","1","0","0","1","0","0","0","18","3","1","","0","","40 15:52.322","7","0","79 52:35.616","3","0","0","0","2105","0","0","0","N","0","0","0","1","02105","0","","2.0","","9","N","N","","0","","1","0","0","0","0","N","1830","1","1","1","0","0","0","0","1","0","1","","","","N","","","","","","","","","",""
"2012047813","1350","1","0","0","0","0","0","0","0","0","1","0","","02","4","2012","1","40.431219","-80.025499","1330","11","0","0","0","0","0","1","0","0","","0","0","0","13","1","3","","0","","40 25:52.388","","0","80 01:31.795","8","0","0","0","2301","0","0","0","N","0","0","0","7","68B03","0","","1.0","","1","N","N","","0","","0","0","3","0","0","","1325","4","3","0","0","0","3","1","2","0","4","","","","N","","","","","","","","","",""
"2012049331","1745","1","0","0","0","0","0","0","0","0","1","0","40","02","5","2012","3","40.450045","-79.993442","1621","11","0","0","0","0","0","2","0","0","","0","0","0","16","1","0","","0","","40 27:00.163","","3","79 59:36.390","0","0","0","0","2301","0","0","0","N","0","0","0","4","68B03","0","","1.0","","1","N","N","","0","","0","0","2","0","0","","1615","3","0","0","0","0","0","0","2","0","3","","","Y","Y","4","1","N","N","N","Y","Y","N","N",""
"2012047666","0119","1","0","0","0","0","0","0","0","0","7","0","","02","5","2012","1","40.285818","-80.022936","0115","11","0","0","0","0","0","0","0","0","1","0","0","0","01","3","0","","0","","40 17:08.945","1","7","80 01:22.569","0","0","0","0","2219","0","0","0","N","0","0","0","1","02219","0","","5.0","","1","N","N","","0","","0","0","0","0","0","N","0115","1","0","0","0","0","0","0","2","0","1","","","","N","","","","","","","","","",""
"2012048424","0955","1","0","0","0","0","0","0","0","0","1","0","","02","5","2012","2","40.493753","-79.909386","0948","11","0","0","0","0","0","0","0","0","1","0","0","0","09","1","0","","5","","40 29:37.512","1","2","79 54:33.791","0","0","0","0","2401","0","0","0","N","0","0","0","5","68D02","0","","7.0","","1","N","N","","0","","0","0","0","3","3","N","0948","2","0","0","0","0","0","0","2","1","2","","","","N","","","","","","","","","",""
"2012047748","1217","0","0","0","0","0","0","0","0","0","7","0","","02","5","2012","7","40.502944","-79.94716","1216","11","0","0","0","0","0","0","0","0","","0","0","0","12","1","1","","0","","40 30:10.600","","0","79 56:49.776","3","0","0","0","2430","0","0","0","Y","0","0","0","1","02430","0","","5.0","","1","N","N","","0","","1","0","1","0","0","","1215","1","1","0","0","0","0","0","2","0","1","","","","N","","","","","","","","","",""
"2012049256","2111","0","0","0","0","0","0","0","0","0","7","0","","02","5","2012","6","40.392452","-80.131874","2107","11","0","0","0","0","0","1","0","0","","0","0","0","21","2","0","","0","","40 23:32.827","","0","80 07:54.748","0","0","0","0","2102","0","0","0","N","0","0","0","1","02102","0","","4.0","","1","N","N","","0","","0","0","1","0","0","","2104","1","0","0","0","0","0","0","2","0","1","","","","N","","","","","","","","","",""
"2012047814","1359","1","0","0","0","0","0","0","0","0","1","0","","02","5","2012","1","40.437006","-80.014685","1359","11","0","0","0","0","0","0","0","0","","0","0","0","13","1","0","","0","","40 26:13.220","","0","80 00:52.867","0","0","0","0","2301","0","0","0","N","0","0","0","3","68B03","0","","1.0","","1","N","N","","0","","0","0","1","0","0","","1356","2","0","0","0","0","0","0","2","0","2","","","","N","","","","","","","","","",""
"2012048577","1754","1","0","0","0","0","0","0","0","0","1","0","","02","5","2012","7","40.646083","-79.709513","1748","11","0","0","0","1","0","0","0","0","","0","0","0","17","1","1","","0","","40 38:45.899","","7","79 42:34.246","8","0","0","0","2106","0","0","0","N","0","0","0","4","02106","0","","1.0","","1","N","N","","1","","0","0","0","3","2","","1747","2","1","0","0","0","1","0","2","0","2","","","","N","","","","","","","","","",""
"2012049332","1945","0","0","0","0","0","0","0","0","0","99","0","","02","5","2012","3","40.583361","-80.104006","1945","11","0","0","0","0","0","0","0","0","","0","0","0","19","1","0","","0","","40 35:00.100","","0","80 06:14.420","0","0","0","0","2481","0","0","0","N","0","0","0","1","68B03","0","","1.0","","1","N","N","","0","","0","0","0","0","0","","1935","1","0","0","0","0","0","0","2","1","1","","","","N","","","","","","","","","",""
"2012047750","1054","1","0","0","0","0","0","0","0","0","1","0","25","02","5","2012","1","40.344572","-79.883672","1052","11","0","0","0","0","0","0","0","0","2","0","0","0","10","1","0","","0","","40 20:40.460","4","0","79 53:01.220","9","0","0","0","2304","0","0","0","N","0","0","0","4","02304","0","","1.0","","9","N","N","","0","","0","0","1","3","2","Y","1052","2","0","0","0","0","0","2","2","0","2","","","N","Y","4","1","","","N","","","","",""
"2012047668","0157","0","0","0","0","0","0","0","0","0","0","0","","02","5","2012","1","40.437944","-79.955085","0153","11","0","0","0","0","0","0","0","0","1","0","0","0","01","3","1","","0","","40 26:16.599","5","0","79 57:18.306","3","0","0","1","2301","0","0","0","N","0","0","0","1","02301","0","","6.0","","1","N","N","","0","","1","0","0","3","3","Y","0152","1","1","0","0","0","0","0","2","0","1","","","","N","","","","","","","","","",""
"2012094783","1803","0","0","0","0","0","0","0","0","0","0","0","","02","9","2012","2","40.35506","-80.003573","1800","11","0","0","0","1","0","0","0","0","1","0","0","0","18","1","1","","0","","40 21:18.216","3","0","80 00:12.864","4","0","0","1","2476","0","0","0","N","0","0","0","1","02476","1","","1.0","","1","N","N","","0","","0","0","0","0","0","N","1800","1","1","0","0","0","0","0","2","0","1","","","","N","","","","","","","","","",""
"2012094145","2245","1","0","0","0","0","0","0","0","0","7","0","","02","9","2012","7","40.284041","-79.911179","2241","11","0","0","0","0","0","0","0","0","1","0","0","0","22","3","1","","0","","40 17:02.546","2","0","79 54:40.246","4","0","0","0","2440","0","0","0","N","0","0","0","1","02440","1","","1.0","","1","N","N","","0","","0","0","0","0","0","N","2241","1","1","0","0","0","0","0","2","0","1","","","","N","","","","","","","","","",""
"2012094784","1639","0","0","0","0","0","0","0","0","0","7","0","","02","9","2012","4","40.436554","-79.773172","1635","11","0","0","0","0","0","0","0","0","2","0","0","0","16","1","0","","0","","40 26:11.594","4","0","79 46:23.419","0","0","0","0","2446","0","0","0","N","0","0","0","1","02446","0","","2.0","","1","N","N","","0","","0","0","0","0","0","Y","1635","1","0","0","0","0","0","0","2","1","1","","","","N","","","","","","","","","",""
"2012048504","1735","1","0","0","0","0","0","0","0","0","2","0","","02","5","2012","2","40.455903","-79.977058","1727","11","0","0","0","0","0","0","1","0","","0","0","0","17","1","2","","2","","40 27:21.250","","0","79 58:37.410","8","0","0","0","2301","0","0","0","N","0","0","0","4","02301","0","","1.0","","1","N","N","","0","","0","0","1","3","3","","1727","2","2","1","0","0","2","0","2","0","2","","","","N","","","","","","","","","",""
"2012049324","0615","0","0","0","0","0","0","0","0","0","4","1","","02","4","2012","1","40.426162","-79.894383","0614","11","0","0","0","0","0","1","0","0","4","0","1","0","03","3","0","","0","","40 25:34.182","3","0","79 53:39.779","0","0","0","0","2301","0","0","0","N","0","0","0","2","68B03","0","","1.0","","9","N","N","","0","","0","0","2","0","0","Y","0350","3","0","0","0","0","0","0","2","0","3","","","","N","","","","","","","","","",""
"2012047756","1308","0","0","0","0","0","0","0","0","0","1","0","","02","5","2012","1","40.510081","-79.992205","1300","11","0","1","0","0","0","0","0","0","","0","0","0","13","1","1","","0","","40 30:36.291","","0","79 59:31.938","4","0","0","0","2116","0","0","0","N","0","0","0","8","02116","1","","1.0","","9","N","N","","0","","0","0","3","0","0","","1300","3","1","0","0","0","0","0","2","0","3","","","","N","","","","","","","","","",""
"2012048505","1950","1","0","0","0","0","0","0","0","0","1","0","","02","5","2012","2","40.380741","-79.999689","1944","11","0","0","1","0","0","0","1","0","","0","0","0","19","1","0","","2","","40 22:50.666","","0","79 59:58.882","0","0","0","0","2301","0","0","0","N","0","0","0","2","02301","0","","1.0","","9","N","N","","0","","0","0","1","0","0","","1920","2","0","0","0","0","0","0","2","0","2","","","","N","","","","","","","","","",""
"2012049261","1558","1","0","0","0","0","0","0","0","0","1","0","","02","5","2012","1","40.321117","-79.942255","1558","11","0","0","0","0","0","2","0","0","2","0","0","0","15","1","5","","1","","40 19:16.022","5","0","79 56:32.119","3","0","0","0","2454","0","0","0","N","0","0","0","6","02454","3","","1.0","","9","N","N","","2","","2","0","1","3","2","Y","1558","4","5","1","0","0","0","0","2","0","4","","","","N","","","","","","","","","",""
"2012049325","0059","1","0","0","0","0","0","0","0","0","1","0","","02","4","2012","2","40.427791","-79.890469","0036","11","0","0","0","0","0","0","0","0","","0","0","0","00","3","0","","0","","40 25:40.049","","0","79 53:25.688","9","0","0","0","2426","0","0","0","N","0","0","0","2","68B03","0","","1.0","","1","N","N","","0","","0","0","0","0","0","","0036","2","0","0","0","0","0","1","2","0","2","","","","N","","","","","","","","","",""
"2012093397","1730","1","0","0","0","0","0","0","0","0","7","0","","02","9","2012","3","40.641248","-80.008955","1724","11","0","0","1","0","0","0","0","0","","0","0","0","17","1","0","","0","","40 38:28.493","","7","80 00:32.239","0","0","0","0","2216","0","0","0","N","0","0","0","1","02505","0","","2.0","","9","N","N","","0","","0","0","0","0","0","","1724","1","0","0","0","0","0","0","1","0","1","","","","N","","","","","","","","","",""
"2012047836","1909","1","0","0","0","0","0","0","0","0","4","0","","02","5","2012","1","40.450596","-80.174227","1903","11","0","0","0","0","0","0","0","0","1","0","0","0","19","1","4","","1","","40 27:02.145","3","0","80 10:27.217","4","0","0","0","2214","0","0","0","N","0","0","0","4","02214","4","","1.0","","9","N","N","","1","","0","0","0","3","2","N","1902","2","4","0","0","0","0","0","2","0","2","","","","N","","","","","","","","","",""
"2012049264","1801","0","0","0","0","0","0","0","0","0","4","0","","02","5","2012","3","40.5868","-80.045118","1756","11","0","0","0","0","0","0","0","0","","0","0","0","17","1","1","","1","","40 35:12.479","","0","80 02:42.423","4","0","0","1","2108","0","0","0","N","0","0","0","4","02108","1","","1.0","","1","N","N","","0","","0","0","1","3","2","","1756","2","1","0","0","0","0","0","2","0","2","","","","N","","","","","","","","","",""
"2012093400","1602","1","0","0","0","0","0","0","0","0","4","0","","02","9","2012","5","40.447062","-79.947299","1600","11","0","0","0","0","0","0","0","0","1","0","0","0","15","1","1","","1","","40 26:49.423","7","0","79 56:50.276","4","0","0","0","2301","0","0","0","N","0","0","0","2","02301","1","","1.0","","1","N","N","","0","","0","0","1","2","2","N","1555","2","1","0","0","0","0","0","2","0","2","","","","N","","","","","","","","","",""
"2012094153","0459","2","0","0","0","0","0","0","0","0","2","0","","02","9","2012","6","40.410661","-79.834386","0457","11","0","0","0","0","0","0","0","0","2","0","0","0","04","3","1","","0","","40 24:38.380","3","0","79 50:03.790","8","0","0","0","2431","0","0","0","N","0","0","0","1","02431","0","","1.0","","1","N","N","","0","","0","0","0","0","0","N","0457","3","1","0","0","0","1","0","2","0","3","","","","N","","","","","","","","","",""
"2012048510","1800","1","0","0","0","0","0","0","0","0","4","0","","02","5","2012","2","40.283396","-79.837167","1800","11","0","0","0","0","0","0","0","1","1","0","0","0","17","1","0","","2","","40 17:00.227","1","0","79 50:13.800","0","0","0","0","2105","0","0","0","N","0","0","0","2","02105","0","","1.0","","9","N","N","","1","","0","0","0","3","3","N","1755","2","0","0","0","0","0","0","1","0","2","","","","N","","","","","","","","","",""