"CRN","ARRIVAL_TM","AUTOMOBILE_COUNT","BELTED_DEATH_COUNT","BELTED_SUSP_SERIOUS_INJ_COUNT","BICYCLE_COUNT","BICYCLE_DEATH_COUNT","BICYCLE_SUSP_SERIOUS_INJ_COUNT","BUS_COUNT","CHLDPAS_DEATH_COUNT","CHLDPAS_SUSP_SERIOUS_INJ_COUNT","COLLISION_TYPE","COMM_VEH_COUNT","CONS_ZONE_SPD_LIM","COUNTY","CRASH_MONTH","CRASH_YEAR","DAY_OF_WEEK","DEC_LATITUDE","DEC_LONGITUDE","DISPATCH_TM","DISTRICT","DRIVER_COUNT_16YR","DRIVER_COUNT_17YR","DRIVER_COUNT_18YR","DRIVER_COUNT_19YR","DRIVER_COUNT_20YR","DRIVER_COUNT_50_64YR","DRIVER_COUNT_65_74YR","DRIVER_COUNT_75PLUS","EST_HRS_CLOSED","FATAL_COUNT","HEAVY_TRUCK_COUNT","HORSE_BUGGY_COUNT","HOUR_OF_DAY","ILLUMINATION","INJURY_COUNT","INTERSECTION_RELATED","INTERSECT_TYPE","LANE_CLOSED","LATITUDE","LN_CLOSE_DIR","LOCATION_TYPE","LONGITUDE","MAX_SEVERITY_LEVEL","MCYCLE_DEATH_COUNT","MCYCLE_SUSP_SERIOUS_INJ_COUNT","MOTORCYCLE_COUNT","MUNICIPALITY","NONMOTR_COUNT","NONMOTR_DEATH_COUNT","NONMOTR_SUSP_SERIOUS_INJ_COUNT","NTFY_HIWY_MAINT","PED_COUNT","PED_DEATH_COUNT","PED_SUSP_SERIOUS_INJ_COUNT","PERSON_COUNT","POLICE_AGCY","POSSIBLE_INJ_COUNT","RDWY_SURF_TYPE_CD","RELATION_TO_ROAD","ROADWAY_CLEARED","ROAD_CONDITION","SCH_BUS_IND","SCH_ZONE_IND","SECONDARY_CRASH","SMALL_TRUCK_COUNT","SPEC_JURIS_CD","SUSP_MINOR_INJ_COUNT","SUSP_SERIOUS_INJ_COUNT","SUV_COUNT","TCD_FUNC_CD","TCD_TYPE","TFC_DETOUR_IND","TIME_OF_DAY","TOTAL_UNITS","TOT_INJ_COUNT","UNBELTED_OCC_COUNT","UNB_DEATH_COUNT","UNB_SUSP_SERIOUS_INJ_COUNT","UNK_INJ_DEG_COUNT","UNK_INJ_PER_COUNT","URBAN_RURAL","VAN_COUNT","VEHICLE_COUNT","WEATHER1","WEATHER2","WORKERS_PRES","WORK_ZONE_IND","WORK_ZONE_LOC","WORK_ZONE_TYPE","WZ_CLOSE_DETOUR","WZ_FLAGGER","WZ_LAW_OFFCR_IND","WZ_LN_CLOSURE","WZ_MOVING","WZ_OTHER","WZ_SHLDER_MDN","WZ_WORKERS_INJ_KILLED"
"2012095803","0010","2","0","0","0","0","0","0","0","0","2","1","","02","9","2012","5","40.382205","-79.995981","0005","11","0","0","0","0","1","1","0","0","","0","1","0","00","6","1","","2","","40 22:55.939","","0","79 59:45.533","4","0","0","0","2301","0","0","0","N","0","0","0","3","02301","1","","1.0","","9","N","N","","0","","0","0","0","3","2","","0002","3","1","2","0","0","0","0","2","0","3","","","","N","","","","","","","","","",""
"2012094485","0754","2","0","0","0","0","0","0","0","0","1","0","","02","9","2012","2","40.456592","-79.991606","0742","11","0","0","0","1","0","0","0","0","1","0","0","0","07","1","0","","0","","40 27:23.730","4","0","79 59:29.780","0","0","0","0","2301","0","0","0","N","0","0","0","3","02301","0","","1.0","","1","N","N","","0","","0","0","1","0","0","N","0738","3","0","2","0","0","0","0","2","0","3","","","","N","","","","","","","","","",""
"2012095190","1229","0","0","0","0","0","0","0","0","0","7","0","","02","8","2012","1","40.427328","-79.951186","1220","11","0","0","0","0","0","2","0","0","2","0","0","0","12","1","1","","0","","40 25:38.379","3","3","79 57:04.268","4","0","0","0","2301","0","0","0","N","0","0","0","4","68B03","1","","2.0","","9","N","N","","1","","0","0","1","0","0","N","1220","2","1","2","0","0","0","0","2","0","2","","","","N","","","","","","","","","",""
"2012094329","1613","1","0","0","0","0","0","0","0","0","1","0","","02","9","2012","7","40.648509","-79.937221","1604","11","0","1","0","0","0","0","0","1","","0","0","0","16","1","0","","2","","40 38:54.634","","0","79 56:13.997","0","0","0","0","2217","0","0","0","N","0","0","0","4","02505","0","","1.0","","1","N","N","","0","","0","0","0","3","2","","1600","2","0","0","0","0","0","0","2","1","2","","","","N","","","","","","","","","",""
"2012093725","1212","1","0","0","0","0","0","0","0","0","7","0","","02","9","2012","6","40.335395","-79.840694","1209","11","0","0","0","0","1","0","0","0","","0","0","0","12","1","0","","0","","40 20:07.422","","0","79 50:26.498","0","0","0","0","2304","0","0","0","N","0","0","0","1","02304","0","","5.0","","1","N","N","","0","","0","0","0","0","0","","1205","1","0","0","0","0","0","0","2","0","1","","","","N","","","","","","","","","",""
"2012093804","0031","0","0","0","0","0","0","0","0","0","7","0","","02","9","2012","1","40.640473","-79.720716","0008","11","0","0","0","0","0","0","0","0","","0","0","0","00","2","0","","0","","40 38:25.704","","0","79 43:14.576","0","0","0","0","2106","0","0","0","Y","0","0","0","1","68D02","0","","2.0","","1","N","N","","0","","0","0","1","0","0","","0001","1","0","0","0","0","0","0","2","0","1","","","","N","","","","","","","","","",""
"2012095191","1230","1","0","0","0","0","0","0","0","0","1","0","","02","8","2012","6","40.430031","-79.880064","1210","11","0","0","0","0","0","1","0","0","","0","0","0","12","1","1","","0","","40 25:48.112","","0","79 52:48.229","4","0","0","0","2426","0","0","0","N","0","0","0","2","68B03","1","","1.0","","1","N","N","","0","","0","0","1","0","0","","1200","2","1","0","0","0","0","0","2","0","2","","","","N","","","","","","","","","",""
"2012094907","1224","0","0","0","0","0","0","0","0","0","4","0","","02","9","2012","4","40.485816","-80.053169","1222","11","0","0","0","0","0","0","0","0","1","0","0","0","12","1","1","","0","","40 29:08.938","2","0","80 03:11.408","3","0","0","0","2404","0","0","0","N","0","0","0","3","02404","0","","1.0","","1","N","N","","1","","1","0","0","0","0","N","1222","2","1","0","0","0","0","0","2","1","2","","","","N","","","","","","","","","",""
"2012093654","0655","0","0","0","0","0","0","0","0","0","7","1","","02","9","2012","3","40.495299","-79.783493","0655","11","0","0","0","0","0","1","0","0","2","0","1","0","06","5","1","","0","","40 29:43.075","4","0","79 47:00.576","4","0","0","0","2466","0","0","0","N","0","0","0","4","68T02","1","","3.0","","9","N","N","","2","","0","0","0","0","0","N","0653","3","1","0","0","0","0","0","2","0","3","","","","N","","","","","","","","","",""
"2012095192","","2","0","0","0","0","0","0","0","0","1","0","","02","9","2012","2","40.428896","-79.932203","1238","11","0","0","0","0","0","1","0","0","","0","0","0","","","0","","0","","40 25:44.026","","0","79 55:55.931","0","0","0","0","2301","0","0","0","N","0","0","0","6","68B03","0","","1.0","","1","N","N","","0","","0","0","0","","0","","","3","0","0","0","0","0","0","2","1","3","","","","N","","","","","","","","","",""
"2012094908","","2","0","0","0","0","0","0","0","0","1","0","","02","9","2012","1","40.442467","-80.029758","1349","11","0","0","0","0","1","0","0","0","","0","0","0","","","4","","0","","40 26:32.882","","0","80 01:47.128","8","0","0","0","2301","0","0","0","N","0","0","0","4","02301","0","","1.0","","1","N","N","","0","","0","0","0","","0","","","2","4","0","0","0","4","0","2","0","2","","","","N","","","","","","","","","",""
"2012094347","","0","0","0","0","0","0","0","0","0","0","0","","02","9","2012","1","","","1927","11","0","0","0","0","0","0","0","0","2","0","0","0","","","1","","0","","","6","0","","8","0","0","0","2304","0","0","0","N","0","0","0","2","02304","0","","1.0","","1","N","N","","1","","0","0","0","","0","Y","","1","1","2","0","0","1","0","1","0","1","","","","N","","","","","","","","","",""
"2012093794","","1","0","0","0","0","0","0","0","0","7","0","","02","9","2012","3","40.585778","-80.100035","0603","11","0","0","0","0","0","1","0","0","","0","0","0","","","0","","0","","40 35:08.802","","0","80 06:00.125","0","0","0","0","2481","0","0","0","N","0","0","0","1","68B03","0","","2.0","","9","N","N","","0","","0","0","0","","0","","","1","0","0","0","0","0","0","2","0","1","","","","N","","","","","","","","","",""
"2012095193","","1","0","0","0","0","0","0","0","0","5","0","","02","9","2012","2","40.427938","-79.948609","1249","11","0","0","0","0","0","2","0","0","2","0","0","0","","","1","","0","","40 25:40.576","3","0","79 56:54.994","3","0","0","0","2301","0","0","0","N","0","0","0","3","68B03","0","","1.0","","1","N","N","","0","","1","0","1","","0","N","","2","1","0","0","0","0","0","2","0","2","","","","N","","","","","","","","","",""
"2012093869","","1","0","0","0","0","0","0","0","0","4","0","","02","9","2012","6","40.356244","-80.050325","1938","11","1","0","0","0","0","1","0","0","","0","0","0","","","0","","0","","40 21:22.480","","0","80 03:01.169","0","0","0","0","2109","0","0","0","N","0","0","0","4","02109","0","","1.0","","1","N","N","","0","","0","0","1","","0","","","2","0","0","0","0","0","0","2","0","2","","","","N","","","","","","","","","",""
"2012094199","","1","0","0","0","0","0","0","0","0","4","0","","02","9","2012","1","40.395358","-80.030702","0841","11","0","0","0","0","1","1","0","0","","0","0","0","","","0","","2","","40 23:43.288","","0","80 01:50.527","0","0","0","0","2301","0","0","0","N","0","0","0","2","02301","0","","1.0","","1","","","","0","","0","0","1","","3","","","2","0","0","0","0","0","0","2","0","2","","","","N","","","","","","","","","",""
"2012095808","","1","0","0","0","0","0","0","0","0","7","0","","02","9","2012","5","40.438078","-79.994416","0210","11","0","0","0","0","0","0","0","0","","0","0","0","","","0","","1","","40 26:17.079","","1","79 59:39.896","0","0","0","0","2301","0","0","0","N","0","0","0","1","02301","0","","3.0","","9","N","N","","0","","0","0","0","","2","","","1","0","0","0","0","0","0","2","0","1","","","","N","","","","","","","","","",""
"2012093795","","0","0","0","0","0","0","0","0","0","7","0","","02","9","2012","3","40.415275","-80.083895","0612","11","0","0","0","0","0","1","0","0","","0","0","0","","","0","","0","","40 24:54.990","","0","80 05:02.021","0","0","0","0","2415","0","0","0","N","0","0","0","1","68B03","0","","4.0","","9","N","N","","1","","0","0","0","","0","","","1","0","0","0","0","0","0","2","0","1","","","","N","","","","","","","","","",""
"2012095194","","1","0","0","0","0","0","0","0","0","1","1","","02","9","2012","5","40.439457","-80.010096","0127","11","0","0","0","0","0","2","0","0","","0","1","0","","","0","","0","","40 26:22.044","","3","80 00:36.345","0","0","0","0","2301","0","0","0","N","0","0","0","2","68B03","0","","1.0","","1","N","N","","0","","0","0","0","","0","","","2","0","0","0","0","0","0","2","0","2","","","","N","","","","","","","","","",""
"2012093658","","1","0","0","0","0","0","0","0","0","1","0","","02","9","2012","5","40.438202","-79.830514","1319","11","0","0","0","0","0","0","0","0","1","0","0","0","","","1","","1","","40 26:17.528","4","0","79 49:49.850","8","0","0","0","2419","0","0","0","N","0","0","0","2","02419","0","","1.0","","1","N","N","","1","","0","0","0","","2","N","","2","1","0","0","0","1","0","2","0","2","","","","N","","","","","","","","","",""
"2012094349","","0","0","0","0","0","0","0","0","0","5","0","","02","9","2012","1","40.488952","-79.95394","0024","11","0","0","0","0","1","1","0","0","2","1","0","0","","","0","","0","","40 29:20.227","1","0","79 57:14.184","1","1","0","1","2118","0","0","0","Y","0","0","0","3","02118","0","1","1.0","","1","N","N","","1","0","0","0","1","","0","N","","3","0","0","0","0","0","0","2","0","3","","","","N","","","","","","","","","",""
"2012095758","","1","0","0","0","0","0","0","0","0","8","0","","02","9","2012","4","40.470439","-79.943802","1945","11","0","0","0","0","0","1","0","0","","0","0","0","","","1","","0","","40 28:13.580","","0","79 56:37.687","4","0","0","0","2301","1","0","0","N","1","0","0","2","02301","1","","1.0","","9","N","N","","0","","0","0","0","","0","","","2","1","0","0","0","0","0","2","0","1","","","","N","","","","","","","","","",""
"2012093585","","1","0","0","0","0","0","0","0","0","7","0","","02","9","2012","6","40.296196","-79.829949","0215","11","0","0","0","0","0","0","0","0","","0","0","0","","","0","","0","","40 17:46.307","","0","79 49:47.815","0","0","0","0","2105","0","0","0","N","0","0","0","1","02105","0","","5.0","","1","N","N","","0","","0","0","0","","0","","","1","0","0","0","0","0","0","2","0","1","","","","N","","","","","","","","","",""
"2012094350","","2","0","0","0","0","0","0","0","0","6","0","","02","9","2012","1","40.497645","-80.062263","1800","11","0","0","0","0","1","0","0","0","","0","0","0","","","0","","0","","40 29:51.522","","7","80 03:44.146","9","0","0","0","2402","0","0","0","N","0","0","0","2","02402","0","","1.0","","1","N","N","","0","","0","0","0","","0","","","2","0","0","0","0","0","1","2","0","2","","","","N","","","","","","","","","",""
"2012094272","","1","0","0","0","0","0","0","0","0","4","0","","02","9","2012","7","40.45679","-79.84413","2251","11","0","0","0","0","0","0","0","0","2","0","0","0","","","1","","0","","40 27:24.444","2","0","79 50:38.869","8","0","0","0","2113","0","0","0","N","0","0","0","1","02113","0","","4.0","","9","N","N","","0","","0","0","2","","0","Y","","3","1","1","0","0","1","0","2","0","3","","","","N","","","","","","","","","",""
"2012094351","","0","0","0","0","0","0","0","0","0","4","0","99","02","9","2012","1","40.604455","-79.757236","2006","11","0","0","1","0","0","0","0","0","1","0","0","0","","","2","","1","","40 36:16.039","3","0","79 45:26.050","4","0","0","0","2464","0","0","0","N","0","0","0","4","02464","2","","1.0","","1","N","N","","1","","0","0","1","","2","Y","","2","2","0","0","0","0","0","2","0","2","","","N","Y","4","1","","","N","Y","","","Y",""
"2012095131","","2","0","0","0","0","0","0","0","0","4","0","","02","9","2012","3","40.385668","-79.971409","1805","11","0","0","0","0","0","1","0","0","1","0","0","0","","","0","","2","","40 23:08.406","2","0","79 58:17.071","0","0","0","0","2413","0","0","0","N","0","0","0","3","02413","0","","1.0","","9","N","N","","0","","0","0","0","","3","N","","2","0","0","0","0","0","0","2","0","2","","","","N","","","","","","","","","",""
"2012093874","","2","0","0","0","0","0","0","0","0","4","0","","02","9","2012","6","40.438999","-79.995643","2151","11","0","0","0","0","0","0","0","0","","0","0","0","","","0","","1","","40 26:20.396","","0","79 59:44.314","0","0","0","0","2301","0","0","0","N","0","0","0","4","02301","0","","1.0","","1","N","N","","0","","0","0","0","","2","","","2","0","0","0","0","0","0","2","0","2","","","","N","","","","","","","","","",""
"2012094022","","2","0","0","0","0","0","0","0","0","1","0","","02","9","2012","7","40.432652","-79.996817","1353","11","0","0","0","0","0","0","0","0","","0","0","0","","","0","","0","","40 25:57.546","","3","79 59:48.540","0","0","0","0","2301","0","0","0","N","0","0","0","2","02301","0","","1.0","","1","N","N","","0","","0","0","0","","0","","","2","0","0","0","0","0","0","2","0","2","","","","N","","","","","","","","","",""
"2012080600","","2","0","0","0","0","0","0","0","0","6","0","","02","8","2012","4","40.38654","-80.004333","0057","11","0","0","0","0","0","0","0","0","","0","0","0","","","0","","0","","40 23:11.544","","0","80 00:15.598","0","0","0","0","2301","0","0","0","N","0","0","0","1","02301","0","","2.0","","1","N","N","","0","","0","0","1","","0","","","3","0","0","0","0","0","0","2","0","3","","","","N","","","","","","","","","",""
"2012079959","","1","0","0","0","0","0","0","0","0","7","0","","02","8","2012","1","40.524581","-79.966061","1003","11","0","0","1","0","0","0","0","0","1","0","0","0","","","0","","0","","40 31:28.491","6","0","79 57:57.820","0","0","0","0","2118","0","0","0","N","0","0","0","1","02118","0","","5.0","","1","N","N","","0","","0","0","0","","0","Y","","1","0","0","0","0","0","0","2","0","1","","","","N","","","","","","","","","",""
"2012093346","","1","0","0","0","0","0","0","0","0","4","0","","02","9","2012","5","40.429713","-79.923443","1046","11","0","0","0","0","0","1","1","0","","0","0","0","","","0","","5","","40 25:46.966","","0","79 55:24.394","0","0","0","0","2301","0","0","0","N","0","0","0","2","02301","0","","1.0","","1","N","N","","0","","0","0","1","","2","","","2","0","0","0","0","0","0","2","0","2","","","","N","","","","","","","","","",""
"2012079152","","1","0","0","0","0","0","0","0","0","7","0","","02","8","2012","5","40.456232","-79.955957","2353","11","0","0","0","0","0","1","0","0","","0","0","0","","","0","","10","","40 27:22.435","","0","79 57:21.445","0","0","0","0","2301","0","0","0","N","0","0","0","1","02301","0","","2.0","","9","N","N","","0","","0","0","0","","0","","","1","0","0","0","0","0","0","2","0","1","","","","N","","","","","","","","","",""
"2012079834","","1","0","0","0","0","0","0","0","0","1","0","","02","7","2012","3","40.427297","-79.752924","1515","11","0","0","0","0","0","0","0","0","","0","0","0","","","0","","0","","40 25:38.268","","0","79 45:10.526","0","0","0","0","2446","0","0","0","N","0","0","0","2","02446","0","","1.0","","9","N","N","","0","","0","0","1","","0","","","2","0","0","0","0","0","0","2","0","2","","","","N","","","","","","","","","",""
"2012080602","","1","0","0","0","0","0","0","0","0","7","0","","02","8","2012","4","40.294664","-79.906564","1015","11","0","0","0","0","0","0","0","0","1","0","0","0","","","1","","0","","40 17:40.791","3","0","79 54:23.631","8","0","0","0","2440","0","0","0","N","0","0","0","1","02440","0","","5.0","","1","N","N","","0","","0","0","0","","0","N","","1","1","0","0","0","1","0","2","0","1","","","","N","","","","","","","","","",""
"2012079153","","1","0","0","0","0","0","0","0","0","7","0","","02","8","2012","6","40.435991","-79.994591","0038","11","0","0","0","0","1","0","0","0","3","0","0","0","","","0","","3","","40 26:09.568","1","2","79 59:40.527","0","0","0","0","2301","0","0","0","N","0","0","0","2","02301","0","","2.0","","9","N","N","","0","","0","0","0","","0","N","","1","0","0","0","0","0","0","2","0","1","","","","N","","","","","","","","","",""
"2012095271","","2","0","0","0","0","0","0","0","0","1","0","","02","9","2012","4","40.507019","-80.059018","1412","11","0","0","0","0","0","1","1","0","1","0","0","0","","","1","","0","","40 30:25.267","3","0","80 03:32.465","4","0","0","0","2116","0","0","0","","0","0","0","2","02116","1","","1.0","","1","","","","0","","0","0","0","","0","N","","2","1","0","0","0","0","0","2","0","2","","","","N","","","","","","","","","",""
"2012094574","","2","0","0","0","0","0","0","0","0","6","0","","02","9","2012","2","40.422434","-79.749697","1853","11","0","0","0","0","0","0","1","0","","0","0","0","","","0","","3","","40 25:20.762","","0","79 44:58.909","0","0","0","0","2446","0","0","0","N","0","0","0","2","02446","0","","1.0","","1","N","N","","0","","0","0","0","","0","","","2","0","0","0","0","0","0","2","0","2","","","","N","","","","","","","","","",""
"2012080589","","0","0","0","0","0","0","0","0","0","7","0","","02","8","2012","4","40.366826","-79.984163","0109","11","0","0","0","0","0","0","0","0","2","0","0","0","","","0","","0","","40 22:00.574","1","99","79 59:02.985","0","0","0","0","2413","0","0","0","Y","0","0","0","1","02413","0","","2.0","","1","N","N","","1","","0","0","0","","0","Y","","1","0","0","0","0","0","0","2","0","1","","","","N","","","","","","","","","",""
"2012079003","","1","0","0","0","0","0","0","0","0","5","0","","02","8","2012","5","40.448809","-79.987534","1519","11","0","0","0","0","0","1","0","0","","0","0","0","","","0","","2","","40 26:55.712","","0","79 59:15.122","9","0","0","0","2301","0","0","0","N","0","0","0","2","02301","0","","1.0","","1","N","N","","0","","0","0","0","","2","","","2","0","0","0","0","0","1","2","1","2","","","","N","","","","","","","","","",""
"2012079154","","1","0","0","0","0","0","0","0","0","5","0","","02","8","2012","6","40.495298","-79.954574","1126","11","0","0","0","0","0","0","0","0","","0","0","0","","","0","","0","","40 29:43.072","","0","79 57:16.466","0","0","0","0","2118","0","0","0","N","0","0","0","3","02118","0","","6.0","","1","N","N","","1","","0","0","1","","0","","","3","0","0","0","0","0","0","2","0","3","","","","N","","","","","","","","","",""
"2012079977","","1","0","0","0","0","0","0","0","0","1","0","","02","8","2012","2","40.447532","-79.988017","0941","11","0","0","0","0","0","2","0","0","","0","0","0","","","0","","0","","40 26:51.115","","0","79 59:16.861","0","0","0","0","2301","0","0","0","N","0","0","0","5","02301","0","","1.0","","1","N","N","","0","","0","0","1","","0","","","2","0","0","0","0","0","0","2","0","2","","","","N","","","","","","","","","",""
"2012080590","","1","0","0","0","0","0","0","0","0","4","0","","02","8","2012","2","40.497387","-79.870038","2250","11","0","0","1","0","0","0","0","0","1","0","0","0","","","1","","1","","40 29:50.593","2","0","79 52:12.136","4","0","0","0","2112","0","0","0","N","0","0","0","2","02112","1","","1.0","","1","N","N","","0","","0","0","1","","2","N","","2","1","0","0","0","0","0","2","0","2","","","","N","","","","","","","","","",""
"2012079837","","1","0","0","0","0","0","0","0","0","1","0","","02","8","2012","1","40.429084","-80.024318","1903","11","0","0","0","0","0","0","0","0","","0","0","0","","","1","","3","","40 25:44.701","","2","80 01:27.544","4","0","0","0","2301","0","0","0","N","0","0","0","2","02301","1","","1.0","","1","N","N","","0","","0","0","0","","4","","","2","1","0","0","0","0","0","2","0","2","","","","N","","","","","","","","","",""
"2012079155","","2","0","0","0","0","0","0","0","0","5","0","","02","8","2012","6","40.485177","-80.034583","0130","11","0","0","1","0","0","0","0","0","","0","0","0","","","3","","2","","40 29:06.637","","0","80 02:04.498","2","0","0","0","2301","0","0","0","N","0","0","0","3","02301","1","","4.0","","9","N","N","","0","","1","1","0","","0","","","2","3","0","0","0","0","0","2","0","2","","","","N","","","","","","","","","",""
"2012079978","","1","0","0","0","0","0","0","0","0","4","0","","02","8","2012","2","","","0742","11","0","0","0","0","0","2","0","0","2","0","0","0","","","0","","0","","","6","7","","0","0","0","0","2441","0","0","0","N","0","0","0","2","02441","0","","1.0","","1","N","N","","0","","0","0","1","","0","N","","2","0","0","0","0","0","0","1","0","2","","","","N","","","","","","","","","",""
"2012094576","","1","0","0","0","0","0","0","0","0","2","0","99","02","9","2012","5","40.615175","-79.759227","1935","11","0","0","0","0","0","1","0","0","2","0","0","0","","","1","","5","","40 36:54.630","3","8","79 45:33.217","8","0","0","1","2202","0","0","0","N","0","0","0","2","02202","0","","1.0","","1","N","N","","0","","0","0","0","","3","Y","","2","1","0","0","0","1","0","2","0","2","","","U","Y","8","8","","","U","","","","",""
"2012079838","","1","0","0","0","0","0","0","0","0","7","0","","02","8","2012","7","40.428698","-79.988591","2140","11","0","0","0","0","0","0","0","0","","0","0","0","","","1","","1","","40 25:43.313","","0","79 59:18.929","3","0","0","0","2301","0","0","0","N","0","0","0","1","02301","0","","5.0","","1","N","N","","0","","1","0","0","","2","","","1","1","1","0","0","0","0","2","0","1","","","","N","","","","","","","","","",""
"2012080606","","1","0","0","0","0","0","0","0","0","7","0","","02","8","2012","2","40.280097","-79.954678","2204","11","0","0","0","1","0","0","0","0","","0","0","0","","","0","","1","","40 16:48.348","","0","79 57:16.841","0","0","0","0","2440","0","0","0","N","0","0","0","2","02440","0","","5.0","","1","N","N","","0","","0","0","0","","0","","","1","0","0","0","0","0","0","2","0","1","","","","N","","","","","","","","","",""
"2012079902","","1","0","0","0","0","0","0","0","0","7","0","","02","7","2012","7","40.506952","-80.036369","0435","11","0","0","0","0","0","0","0","0","","0","0","0","","","0","","0","","40 30:25.026","","0","80 02:10.928","0","0","0","0","2116","0","0","0","Y","0","0","0","1","68B03","0","","3.0","","1","N","N","","0","","0","0","0","","0","","","1","0","1","0","0","0","0","2","0","1","","","","N","","","","","","","","","",""
"2012079156","","2","0","0","0","0","0","0","0","0","1","0","","02","8","2012","6","40.46471","-79.864538","0319","11","0","0","0","0","0","0","0","0","2","0","0","0","","","0","","0","","40 27:52.956","2","0","79 51:52.336","0","0","0","0","2113","0","0","0","N","0","0","0","1","02113","0","","2.0","","9","N","N","","0","","0","0","0","","0","N","","2","0","0","0","0","0","0","2","0","2","","","","N","","","","","","","","","",""
"2012095274","","1","0","0","0","0","0","0","0","0","4","0","","02","9","2012","1","40.448927","-79.76192","1114","11","0","0","0","0","0","1","1","0","","0","0","0","","","1","","1","","40 26:56.137","","0","79 45:42.912","3","0","0","0","2446","0","0","0","N","0","0","0","2","02446","0","","1.0","","1","N","N","","1","","1","0","0","","3","","","2","1","0","0","0","0","0","2","0","2","","","","N","","","","","","","","","",""
"2012079903","","3","0","0","0","0","0","0","0","0","1","0","","02","8","2012","4","40.43844","-80.012179","1527","11","0","0","0","0","0","1","0","0","","0","0","0","","","1","","0","","40 26:18.383","","3","80 00:43.843","8","0","0","0","2301","0","0","0","N","0","0","0","4","68B03","0","","1.0","","1","N","N","","0","","0","0","0","","0","","","3","1","0","0","0","1","0","2","0","3","","","","N","","","","","","","","","",""
"2012079157","","1","0","0","0","0","0","0","0","0","99","0","","02","8","2012","6","40.45863","-79.957447","0213","11","0","0","0","0","0","0","0","0","1","0","0","0","","","0","","1","","40 27:31.068","3","0","79 57:26.810","9","0","0","0","2301","0","0","0","N","0","0","0","1","02301","0","","1.0","","9","N","N","","0","","0","0","0","","2","N","","1","0","0","0","0","0","1","2","0","1","","","","N","","","","","","","","","",""
"2012094578","","1","0","0","0","0","0","0","0","0","1","0","35","02","9","2012","2","40.470651","-79.974884","1628","11","0","0","0","0","0","0","0","0","","0","0","0","","","1","","0","","40 28:14.345","","0","79 58:29.584","8","0","0","0","2301","0","0","0","N","0","0","0","5","02301","0","","1.0","","1","N","N","","0","","0","0","2","","0","","","3","1","0","0","0","1","1","2","0","3","","","N","Y","8","1","","","N","","","Y","",""
"2012093352","","1","0","0","0","0","0","0","0","0","1","0","","02","9","2012","5","40.348168","-79.947286","0941","11","0","0","0","0","0","1","0","0","1","0","0","0","","","0","","1","","40 20:53.403","4","0","79 56:50.231","0","0","0","0","2473","0","0","0","N","0","0","0","2","02473","0","","1.0","","1","N","N","","0","","0","0","0","","2","N","","2","0","0","0","0","0","0","2","1","2","","","","N","","","","","","","","","",""
"2012079840","","1","0","0","0","0","0","0","0","0","4","0","","02","8","2012","1","40.444202","-80.028173","1935","11","0","0","0","1","0","1","0","0","","0","0","0","","","2","","1","","40 26:39.126","","0","80 01:41.424","2","0","1","1","2301","0","0","0","N","0","0","0","6","02301","1","","1.0","","1","N","N","","0","","0","1","0","","2","","","2","2","0","0","0","0","0","2","0","2","","","","N","","","","","","","","","",""
"2012079904","","1","0","0","0","0","0","0","0","0","1","0","","02","8","2012","5","40.416131","-80.058878","1154","11","0","0","0","0","0","0","0","0","1","0","0","0","","","0","","0","","40 24:58.072","3","0","80 03:31.962","0","0","0","0","2435","0","0","0","N","0","0","0","2","68B03","0","","1.0","","1","N","N","","1","","0","0","0","","0","N","","2","0","0","0","0","0","0","2","0","2","","","","N","","","","","","","","","",""
"2012079158","","0","0","0","0","0","0","0","0","0","6","0","","02","8","2012","6","40.403604","-80.040431","0250","11","0","1","0","0","0","1","0","0","","0","0","0","","","0","","1","","40 24:12.974","","0","80 02:25.552","0","0","0","0","2301","0","0","0","N","0","0","0","2","02301","0","","1.0","","9","N","N","","0","","0","0","2","","2","","","2","0","0","0","0","0","0","2","0","2","","","","N","","","","","","","","","",""
"2012093353","","1","0","0","0","0","0","0","0","0","6","0","","02","9","2012","5","40.460722","-80.055163","1111","11","0","0","0","0","0","0","0","0","","0","0","0","","","0","","0","","40 27:38.599","","0","80 03:18.586","0","0","0","0","2301","0","0","0","N","0","0","0","0","02301","0","","6.0","","1","N","N","","0","","0","0","0","","0","","","2","0","0","0","0","0","0","2","0","2","","","","N","","","","","","","","","",""
"2012079905","","1","0","0","0","0","0","0","0","0","5","0","","02","8","2012","6","40.432009","-79.959465","1350","11","0","0","0","0","0","0","0","0","2","0","0","0","","","0","","0","","40 25:55.234","4","0","79 57:34.075","0","0","0","0","2301","0","0","0","N","0","0","0","3","68B03","0","","1.0","","1","N","N","","1","","0","0","0","","0","N","","2","0","0","0","0","0","0","2","0","2","","","","N","","","","","","","","","",""
"2012079145","","1","0","0","0","0","0","0","0","0","7","0","","02","8","2012","2","40.339926","-79.831173","1347","11","0","0","0","0","0","0","0","0","","0","0","0","","","1","","10","","40 20:23.733","","0","79 49:52.222","4","0","0","0","2304","0","0","0","N","0","0","0","1","02304","1","","2.0","","1","N","N","","0","","0","0","0","","0","","","1","1","0","0","0","0","0","2","0","1","","","","N","","","","","","","","","",""
"2012079159","","2","0","0","0","0","0","0","0","0","1","0","","02","8","2012","6","40.34604","-79.9821","0217","11","0","0","0","0","0","1","0","0","2","0","0","0","","","1","","0","","40 20:45.744","6","0","79 58:55.560","3","0","0","0","2476","0","0","0","N","0","0","0","7","02476","0","","1.0","","9","N","N","","0","","1","0","0","","0","N","","2","1","0","0","0","0","0","2","0","2","","","","N","","","","","","","","","",""