"CRN","ARRIVAL_TM","AUTOMOBILE_COUNT","BELTED_DEATH_COUNT","BELTED_SUSP_SERIOUS_INJ_COUNT","BICYCLE_COUNT","BICYCLE_DEATH_COUNT","BICYCLE_SUSP_SERIOUS_INJ_COUNT","BUS_COUNT","CHLDPAS_DEATH_COUNT","CHLDPAS_SUSP_SERIOUS_INJ_COUNT","COLLISION_TYPE","COMM_VEH_COUNT","CONS_ZONE_SPD_LIM","COUNTY","CRASH_MONTH","CRASH_YEAR","DAY_OF_WEEK","DEC_LATITUDE","DEC_LONGITUDE","DISPATCH_TM","DISTRICT","DRIVER_COUNT_16YR","DRIVER_COUNT_17YR","DRIVER_COUNT_18YR","DRIVER_COUNT_19YR","DRIVER_COUNT_20YR","DRIVER_COUNT_50_64YR","DRIVER_COUNT_65_74YR","DRIVER_COUNT_75PLUS","EST_HRS_CLOSED","FATAL_COUNT","HEAVY_TRUCK_COUNT","HORSE_BUGGY_COUNT","HOUR_OF_DAY","ILLUMINATION","INJURY_COUNT","INTERSECTION_RELATED","INTERSECT_TYPE","LANE_CLOSED","LATITUDE","LN_CLOSE_DIR","LOCATION_TYPE","LONGITUDE","MAX_SEVERITY_LEVEL","MCYCLE_DEATH_COUNT","MCYCLE_SUSP_SERIOUS_INJ_COUNT","MOTORCYCLE_COUNT","MUNICIPALITY","NONMOTR_COUNT","NONMOTR_DEATH_COUNT","NONMOTR_SUSP_SERIOUS_INJ_COUNT","NTFY_HIWY_MAINT","PED_COUNT","PED_DEATH_COUNT","PED_SUSP_SERIOUS_INJ_COUNT","PERSON_COUNT","POLICE_AGCY","POSSIBLE_INJ_COUNT","RDWY_SURF_TYPE_CD","RELATION_TO_ROAD","ROADWAY_CLEARED","ROAD_CONDITION","SCH_BUS_IND","SCH_ZONE_IND","SECONDARY_CRASH","SMALL_TRUCK_COUNT","SPEC_JURIS_CD","SUSP_MINOR_INJ_COUNT","SUSP_SERIOUS_INJ_COUNT","SUV_COUNT","TCD_FUNC_CD","TCD_TYPE","TFC_DETOUR_IND","TIME_OF_DAY","TOTAL_UNITS","TOT_INJ_COUNT","UNBELTED_OCC_COUNT","UNB_DEATH_COUNT","UNB_SUSP_SERIOUS_INJ_COUNT","UNK_INJ_DEG_COUNT","UNK_INJ_PER_COUNT","URBAN_RURAL","VAN_COUNT","VEHICLE_COUNT","WEATHER1","WEATHER2","WORKERS_PRES","WORK_ZONE_IND","WORK_ZONE_LOC","WORK_ZONE_TYPE","WZ_CLOSE_DETOUR","WZ_FLAGGER","WZ_LAW_OFFCR_IND","WZ_LN_CLOSURE","WZ_MOVING","WZ_OTHER","WZ_SHLDER_MDN","WZ_WORKERS_INJ_KILLED"
"2012094580","","1","0","0","0","0","0","0","0","0","1","0","","02","9","2012","2","40.488978","-79.709653","1511","11","0","0","0","0","0","1","0","0","1","0","0","0","","","1","","0","","40 29:20.321","6","0","79 42:34.751","8","0","0","0","2466","0","0","0","N","0","0","0","4","02466","0","","1.0","","1","N","N","","0","","0","0","1","","0","N","","2","1","0","0","0","1","0","2","0","2","","","","N","","","","","","","","","",""
"2012079906","","1","0","0","0","0","0","0","0","0","1","0","","02","8","2012","6","40.430568","-79.95763","1350","11","0","0","0","0","0","0","0","0","","0","0","0","","","0","","7","","40 25:50.046","","2","79 57:27.467","0","0","0","0","2301","0","0","0","N","0","0","0","2","68B03","0","","1.0","","1","N","N","","0","","0","0","1","","0","","","2","0","0","0","0","0","0","2","0","2","","","","N","","","","","","","","","",""
"2012080684","","1","0","0","0","0","0","0","0","0","6","0","","02","8","2012","3","40.601381","-80.148727","1009","11","0","0","0","0","0","1","0","0","","0","0","0","","","0","","0","","40 36:04.971","","0","80 08:55.417","9","0","0","0","2481","0","0","0","Y","0","0","0","2","02481","0","","4.0","","1","N","N","","0","","0","0","0","","0","","","2","0","0","0","0","0","1","1","0","2","","","","N","","","","","","","","","",""
"2012079160","","0","0","0","0","0","0","0","0","0","7","0","","02","8","2012","6","","","0221","11","0","0","0","0","0","0","0","0","1","0","0","0","","","0","","0","","","2","0","","9","0","0","0","2220","0","0","0","N","0","0","0","1","02220","0","","5.0","","9","N","N","","1","","0","0","0","","0","N","","1","0","0","0","0","0","1","1","0","1","","","","N","","","","","","","","","",""
"2012079907","","0","0","0","0","0","0","0","0","0","7","0","","02","8","2012","7","40.469175","-80.040564","1020","11","0","0","0","0","0","0","0","0","","0","0","0","","","0","","0","","40 28:09.030","","0","80 02:26.030","0","0","0","0","2301","0","0","0","N","0","0","0","1","68B03","0","","4.0","","1","N","N","","1","","0","0","0","","0","","","1","0","1","0","0","0","0","2","0","1","","","","N","","","","","","","","","",""
"2012079149","","1","0","0","0","0","0","0","0","0","7","0","","02","8","2012","6","40.395517","-80.024115","0218","11","0","0","0","0","0","0","0","0","","0","0","0","","","1","","2","","40 23:43.861","","0","80 01:26.814","8","0","0","0","2301","0","0","0","N","0","0","0","1","02301","0","","2.0","","9","N","N","","0","","0","0","0","","0","","","1","1","1","0","0","1","0","2","0","1","","","","N","","","","","","","","","",""
"2012079161","","1","0","0","0","0","0","0","0","0","6","0","","02","8","2012","6","40.410619","-79.91476","2238","11","1","0","0","0","0","0","0","0","","0","0","0","","","0","","10","","40 24:38.228","","7","79 54:53.136","0","0","0","0","2438","0","0","0","N","0","0","0","4","02438","0","","1.0","","1","N","N","","0","","0","0","1","","0","","","2","0","0","0","0","0","0","2","0","2","","","","N","","","","","","","","","",""
"2012079984","","2","0","0","0","0","0","0","0","0","4","0","","02","8","2012","7","40.34505","-80.082181","1327","11","0","0","0","0","0","0","0","0","2","0","0","0","","","0","","1","","40 20:42.181","3","0","80 04:55.851","0","0","0","0","2123","0","0","0","N","0","0","0","3","02123","0","","1.0","","1","N","N","","0","","0","0","0","","2","N","","2","0","0","0","0","0","0","2","0","2","","","","N","","","","","","","","","",""
"2012094569","","1","0","0","0","0","0","0","0","0","4","0","","02","8","2012","6","40.386502","-80.092458","1155","11","0","0","0","0","0","1","0","0","2","0","0","0","","","1","","2","","40 23:11.408","3","7","80 05:32.848","8","0","0","0","2117","0","0","0","N","0","0","0","2","02117","0","","1.0","","1","N","N","","0","","0","0","1","","2","N","","2","1","0","0","0","1","0","2","0","2","","","","N","","","","","","","","","",""
"2012095291","","1","0","0","0","0","0","0","0","0","1","0","","02","9","2012","6","40.381202","-79.807734","1444","11","0","0","0","0","0","0","0","0","2","0","0","0","","","2","","1","","40 22:52.327","3","0","79 48:27.842","3","0","0","0","2424","0","0","0","N","0","0","0","3","02424","0","","1.0","","1","N","N","","1","","2","0","0","","0","Y","","2","2","0","0","0","0","0","2","0","2","","","","N","","","","","","","","","",""
"2012093291","","1","0","0","0","0","0","0","0","0","7","0","","02","9","2012","7","40.656213","-80.079051","1026","11","0","0","0","0","0","0","0","0","","0","0","0","","","1","","0","","40 39:22.365","","0","80 04:44.584","4","0","0","0","2212","0","0","0","N","0","0","0","1","68T02","1","","3.0","","8","N","N","","0","","0","0","0","","0","","","1","1","1","0","0","0","0","2","0","1","","","","N","","","","","","","","","",""
"2012093966","","1","0","0","0","0","0","1","0","0","1","1","","02","9","2012","6","40.412953","-80.010118","1502","11","0","0","0","0","0","0","0","1","","0","0","0","","","1","","2","","40 24:46.629","","0","80 00:36.426","4","0","0","0","2301","0","0","0","N","0","0","0","23","02301","1","","1.0","","1","Y","N","","0","","0","0","0","","2","","","2","1","0","0","0","0","0","2","0","2","","","","N","","","","","","","","","",""
"2012079162","","1","0","0","0","0","0","0","0","0","7","0","","02","8","2012","5","40.503269","-79.947559","2252","11","0","0","0","0","0","0","0","0","1","0","0","0","","","0","","2","","40 30:11.769","1","0","79 56:51.212","0","0","0","0","2430","0","0","0","N","0","0","0","1","02430","0","","5.0","","9","N","N","","0","","0","0","0","","2","N","","1","0","0","0","0","0","0","2","0","1","","","","N","","","","","","","","","",""
"2012093887","","1","0","0","0","0","0","0","0","0","7","0","","02","9","2012","7","40.414324","-79.992049","0037","11","0","0","0","0","0","0","0","0","1","0","0","0","","","0","","2","","40 24:51.566","4","0","79 59:31.376","0","0","0","0","2301","0","0","0","N","0","0","0","4","02301","0","","2.0","","1","N","N","","1","","0","0","0","","0","Y","","2","0","0","0","0","0","0","2","0","2","","","","N","","","","","","","","","",""
"2012094570","","1","0","0","0","0","0","0","0","0","4","0","","02","9","2012","1","40.439215","-79.768609","1805","11","0","1","1","0","0","0","0","0","1","0","0","0","","","0","","0","","40 26:21.175","2","0","79 46:06.994","0","0","0","0","2446","0","0","0","N","0","0","0","2","02446","0","","1.0","","1","N","N","","1","","0","0","0","","8","N","","2","0","0","0","0","0","0","2","0","2","","","","N","","","","","","","","","",""
"2012094583","","1","0","0","0","0","0","0","0","0","2","0","","02","9","2012","6","40.586853","-80.041629","2116","11","0","1","0","0","0","0","0","0","2","0","0","0","","","0","","5","","40 35:12.669","5","0","80 02:29.866","0","0","0","0","2108","0","0","0","N","0","0","0","2","02108","0","","1.0","","9","N","N","","0","","0","0","1","","2","Y","","2","0","0","0","0","0","0","2","0","2","","","","N","","","","","","","","","",""
"2012095292","","1","0","0","0","0","0","0","0","0","2","0","","02","9","2012","4","40.525598","-79.840956","0845","11","0","0","0","0","0","2","0","0","","0","0","0","","","0","","2","","40 31:32.153","","0","79 50:27.440","0","0","0","0","2451","0","0","0","N","0","0","0","2","02451","0","","1.0","","9","N","N","","0","","0","0","1","","2","","","2","0","0","0","0","0","0","2","0","2","","","","N","","","","","","","","","",""
"2012079846","","1","0","0","0","0","0","0","0","0","7","0","","02","7","2012","3","40.433662","-79.802373","1557","11","0","1","0","0","0","0","0","0","1","0","0","0","","","0","","0","","40 26:01.182","2","0","79 48:08.542","0","0","0","0","2446","0","0","0","N","0","0","0","4","02446","0","","2.0","","1","N","N","","0","","0","0","0","","0","N","","1","0","0","0","0","0","0","2","0","1","","","","N","","","","","","","","","",""
"2012079986","","1","0","0","0","0","0","0","0","0","4","0","","02","8","2012","2","40.454076","-79.996814","1050","11","0","0","0","0","0","0","1","0","","0","0","0","","","0","","1","","40 27:14.672","","0","79 59:48.532","0","0","0","0","2301","0","0","0","N","0","0","0","2","02301","0","","1.0","","1","N","N","","0","","0","0","0","","2","","","2","0","0","0","0","0","0","2","1","2","","","","N","","","","","","","","","",""
"2012094584","","0","0","0","0","0","0","0","0","0","4","0","","02","9","2012","7","40.542639","-80.205181","2052","11","0","0","0","1","0","0","1","0","","0","0","0","","","2","","1","","40 32:33.502","","0","80 12:18.652","8","0","0","0","2213","0","0","0","N","0","0","0","3","02213","0","","1.0","","9","N","N","","0","","0","0","0","","2","","","2","2","0","0","0","2","0","2","2","2","","","","N","","","","","","","","","",""
"2012094036","","0","0","0","0","0","0","0","0","0","0","0","","02","9","2012","6","40.35401","-79.956241","1430","11","0","0","0","0","0","0","1","0","1","0","0","0","","","1","","0","","40 21:14.435","5","0","79 57:22.467","8","0","0","1","2473","0","0","0","N","0","0","0","1","02473","0","","1.0","","1","N","N","","0","","0","0","0","","0","N","","1","1","0","0","0","1","0","2","0","1","","","","N","","","","","","","","","",""
"2012080614","","2","0","0","0","0","0","0","0","0","5","0","","02","8","2012","4","40.445874","-80.06016","0137","11","0","0","0","0","0","0","0","0","1","0","0","0","","","0","","0","","40 26:45.146","6","0","80 03:36.576","0","0","0","0","2301","0","0","0","N","0","0","0","1","02301","0","","1.0","","1","N","N","","0","","0","0","0","","0","N","","2","0","0","0","0","0","0","2","0","2","","","","N","","","","","","","","","",""
"2012094585","","3","0","0","0","0","0","0","0","0","1","0","","02","9","2012","4","40.336688","-80.024676","2112","11","0","0","0","0","0","1","0","0","1","0","0","0","","","0","","2","","40 20:12.076","2","0","80 01:28.833","0","0","0","0","2407","0","0","0","N","0","0","0","5","02407","0","","1.0","","1","N","N","","0","","0","0","0","","2","N","","3","0","0","0","0","0","0","2","0","3","","","","N","","","","","","","","","",""
"2012094037","","1","0","0","0","0","0","0","0","0","2","0","","02","9","2012","1","40.388644","-79.830233","2121","11","0","0","0","0","1","0","0","0","2","0","0","0","","","2","","2","","40 23:19.117","3","0","79 49:48.839","3","0","0","0","2111","0","0","0","N","0","0","0","4","02111","0","","1.0","","1","N","N","","0","","1","0","1","","2","Y","","2","2","0","0","0","1","0","2","0","2","","","","N","","","","","","","","","",""
"2012080616","","1","0","0","0","0","0","0","0","0","7","0","","02","8","2012","6","40.379623","-79.925521","0308","11","0","0","0","0","0","0","0","0","","0","0","0","","","0","","2","","40 22:46.644","","0","79 55:31.877","9","0","0","0","2301","0","0","0","N","0","0","0","1","02301","0","","2.0","","9","N","N","","0","","0","0","0","","2","","","1","0","0","0","0","0","1","2","0","1","","","","N","","","","","","","","","",""
"2012094586","","1","0","0","0","0","0","0","0","0","4","0","","02","9","2012","6","40.352837","-80.02622","1504","11","0","1","0","0","0","0","1","0","1","0","0","0","","","1","","2","","40 21:10.213","5","0","80 01:34.391","8","0","0","0","2407","0","0","0","N","0","0","0","4","02407","0","","1.0","","1","N","N","","0","","0","0","1","","3","N","","2","1","0","0","0","1","0","2","0","2","","","","N","","","","","","","","","",""
"2012095295","","2","0","0","0","0","0","0","0","0","1","0","","02","9","2012","2","40.547396","-80.028725","1255","11","0","0","0","0","1","2","0","0","1","0","0","0","","","0","","0","","40 32:50.625","1","0","80 01:43.410","0","0","0","0","2116","0","0","0","N","0","0","0","3","02116","0","","1.0","","1","N","N","","0","","0","0","0","","0","Y","","3","0","0","0","0","0","0","2","1","3","","","","N","","","","","","","","","",""
"2012093360","","2","0","0","0","0","0","0","0","0","4","0","","02","9","2012","5","40.553459","-79.971254","1059","11","0","0","0","0","0","0","1","0","1","0","0","0","","","0","","2","","40 33:12.454","1","0","79 58:16.516","0","0","0","0","2118","0","0","0","N","0","0","0","2","02118","0","","1.0","","1","N","N","","0","","0","0","0","","3","N","","2","0","0","0","0","0","0","2","0","2","","","","N","","","","","","","","","",""
"2012095297","","2","0","0","0","0","0","0","0","0","4","0","","02","9","2012","4","40.546403","-80.18933","1324","11","0","0","0","0","0","1","0","0","","0","0","0","","","0","","2","","40 32:47.050","","0","80 11:21.588","0","0","0","0","2427","0","0","0","N","0","0","0","2","02427","0","","1.0","","9","N","N","","0","","0","0","0","","0","","","2","0","0","0","0","0","0","2","0","2","","","","N","","","","","","","","","",""
"2012079993","","0","0","0","0","0","0","0","0","0","1","0","99","02","8","2012","2","40.408489","-80.032433","1205","11","0","0","0","0","0","0","1","0","","0","0","0","","","1","","0","","40 24:30.560","","0","80 01:56.757","3","0","0","1","2301","0","0","0","N","0","0","0","2","02301","0","","1.0","","1","N","N","","0","","1","0","1","","0","","","2","1","0","0","0","0","0","2","0","2","","","Y","Y","4","1","","","N","Y","","Y","",""
"2012095230","","1","0","0","0","0","0","0","0","0","7","0","","02","9","2012","5","40.418656","-79.885747","1234","11","0","0","0","0","0","1","0","0","","0","0","0","","","0","","2","","40 25:07.161","","0","79 53:08.689","0","0","0","0","2463","0","0","0","N","0","0","0","1","02463","0","","5.0","","1","N","N","","0","","0","0","0","","0","","","1","0","0","0","0","0","0","2","0","1","","","","N","","","","","","","","","",""
"2012095298","","0","0","0","0","0","0","0","0","0","7","0","","02","9","2012","4","40.666539","-80.003069","1004","11","0","0","0","0","0","0","0","0","","0","0","0","","","0","","0","","40 39:59.541","","0","80 00:11.047","0","0","0","0","2216","0","0","0","Y","0","0","0","2","02505","0","","4.0","","9","N","N","","1","","0","0","0","","0","","","1","0","0","0","0","0","0","2","0","1","","","","N","","","","","","","","","",""
"2012079098","","1","0","0","0","0","0","0","0","0","5","0","","02","8","2012","5","40.496702","-80.051207","1602","11","0","0","0","0","0","0","0","0","","0","0","0","","","0","","0","","40 29:48.128","","0","80 03:04.345","0","0","0","0","2404","0","0","0","N","0","0","0","2","02404","0","","4.0","","1","N","N","","0","","0","0","1","","0","","","2","0","0","0","0","0","0","2","0","2","","","","N","","","","","","","","","",""
"2012080693","","0","0","0","0","0","0","0","0","0","7","0","","02","8","2012","4","40.387616","-79.996103","0701","11","0","0","0","0","0","0","0","0","2","0","0","0","","","1","","0","","40 23:15.418","1","0","79 59:45.969","4","0","0","0","2301","0","0","0","Y","0","0","0","1","02301","1","","4.0","","1","N","N","","1","","0","0","0","","0","N","","1","1","0","0","0","0","0","2","0","1","","","","N","","","","","","","","","",""
"2012093909","","1","0","0","0","0","0","0","0","0","7","0","","02","9","2012","7","40.391728","-79.934514","0336","11","0","0","0","0","0","0","0","0","2","0","0","0","","","0","","5","","40 23:30.221","3","0","79 56:04.249","0","0","0","0","2301","0","0","0","N","0","0","0","1","02301","0","","1.0","","1","N","N","","0","","0","0","0","","0","N","","1","0","0","0","0","0","0","2","0","1","","","","N","","","","","","","","","",""
"2012093973","","0","0","0","0","0","0","0","0","0","4","0","","02","9","2012","4","40.438048","-79.974463","1315","11","0","0","0","0","0","0","0","0","","0","0","0","","","0","","1","","40 26:16.972","","0","79 58:28.066","0","0","0","0","2301","0","0","0","N","0","0","0","2","02301","0","","1.0","","1","N","N","","0","","0","0","1","","0","","","2","0","0","0","0","0","0","2","1","2","","","","N","","","","","","","","","",""
"2012093299","","1","0","0","0","0","0","0","0","0","5","1","","02","9","2012","4","40.519961","-80.167876","1408","11","0","0","0","0","0","0","1","1","1","0","1","0","","","0","","0","","40 31:11.861","1","0","80 10:04.354","0","0","0","0","2420","0","0","0","N","0","0","0","2","02420","0","","1.0","","1","N","N","","0","","0","0","0","","0","Y","","2","0","0","0","0","0","0","2","0","2","","","","N","","","","","","","","","",""
"2012079100","","0","0","0","0","0","0","0","0","0","1","0","","02","8","2012","5","","","1744","11","0","0","0","0","0","1","0","0","","0","0","0","","","0","","7","","","","3","","0","0","0","0","2301","0","0","0","N","0","0","0","2","02301","0","","1.0","","1","N","N","","0","","0","0","2","","0","","","2","0","0","0","0","0","0","1","0","2","","","","N","","","","","","","","","",""
"2012095304","","1","0","0","0","0","0","0","0","0","2","0","","02","9","2012","4","40.527482","-80.021118","1417","11","0","0","0","0","0","0","0","0","2","0","0","0","","","2","","0","","40 31:38.935","6","0","80 01:16.024","3","0","0","0","2116","0","0","0","N","0","0","0","2","02116","1","","1.0","","9","N","N","","1","","1","0","0","","0","Y","","2","2","0","0","0","0","0","2","0","2","","","","N","","","","","","","","","",""
"2012079024","","3","0","0","0","0","0","0","0","0","1","0","25","02","8","2012","4","40.604508","-80.050604","1043","11","0","0","0","0","0","0","2","0","","0","0","0","","","1","","0","","40 36:16.228","","7","80 03:02.174","4","0","0","0","2108","0","0","0","N","0","0","0","4","02108","1","","1.0","","1","N","N","","0","","0","0","0","","2","","","3","1","0","0","0","0","0","2","0","3","","","Y","Y","4","1","N","N","N","Y","Y","N","N",""
"2012079855","","1","0","0","0","0","0","0","0","0","4","0","","02","8","2012","1","40.339423","-79.83513","2124","11","0","0","0","0","0","0","0","0","2","0","0","0","","","0","","1","","40 20:21.922","7","0","79 50:06.468","0","0","0","0","2304","0","0","0","N","0","0","0","1","02304","0","","1.0","","1","N","N","","1","","0","0","0","","0","Y","","2","0","0","0","0","0","0","2","0","2","","","","N","","","","","","","","","",""
"2012079856","","2","0","0","0","0","0","0","0","0","1","0","","02","8","2012","7","40.362462","-79.963358","0003","11","1","0","0","0","0","0","0","0","","0","0","0","","","0","","0","","40 21:44.863","","0","79 57:48.089","0","0","0","0","2403","0","0","0","N","0","0","0","5","02403","0","","1.0","","1","N","N","","0","","0","0","0","","0","","","2","0","0","0","0","0","0","2","0","2","","","","N","","","","","","","","","",""
"2012080623","","2","0","0","0","0","0","0","0","0","5","0","","02","8","2012","4","40.421845","-79.98213","0031","11","0","0","0","0","0","0","0","0","2","0","0","0","","","1","","0","","40 25:18.642","5","0","79 58:55.668","4","0","0","0","2301","0","0","0","N","0","0","0","1","02301","1","","1.0","","1","N","N","","0","","0","0","0","","0","Y","","2","1","0","0","0","0","0","2","0","2","","","","N","","","","","","","","","",""
"2012079102","","1","0","0","0","0","0","0","0","0","4","0","","02","8","2012","5","40.34837","-79.944808","1557","11","0","0","0","0","0","0","0","0","","0","0","0","","","0","","1","","40 20:54.133","","0","79 56:41.310","0","0","0","0","2473","0","0","0","N","0","0","0","3","02473","0","","1.0","","1","N","N","","0","","0","0","1","","2","","","2","0","0","0","0","0","0","2","0","2","","","","N","","","","","","","","","",""
"2012080000","","2","0","0","0","0","0","0","0","0","1","0","","02","8","2012","5","40.402919","-80.060462","0945","11","0","0","1","0","0","0","0","0","","0","0","0","","","1","","2","","40 24:10.510","","0","80 03:37.662","3","0","0","0","2117","0","0","0","N","0","0","0","2","02117","0","","1.0","","1","","N","","0","","1","0","0","","0","","","2","1","0","0","0","0","0","2","0","2","","","","N","","","","","","","","","",""
"2012093992","","1","0","0","0","0","0","0","0","0","4","0","","02","9","2012","7","40.449156","-79.762252","0816","11","0","0","1","0","0","0","0","0","1","0","0","0","","","1","","3","","40 26:56.961","5","0","79 45:44.107","4","0","0","0","2446","0","0","0","N","0","0","0","2","02446","1","","1.0","","9","N","N","","0","","0","0","0","","3","N","","2","1","1","0","0","0","0","2","1","2","","","","N","","","","","","","","","",""
"2012079858","","1","0","0","1","0","0","0","0","0","8","0","","02","8","2012","1","40.441098","-80.206537","2130","11","0","0","0","0","0","0","0","0","","0","0","0","","","1","","2","","40 26:27.953","","0","80 12:23.534","4","0","0","0","2214","1","0","0","N","0","0","0","2","02214","1","","1.0","","1","N","N","","0","","0","0","0","","3","","","2","1","0","0","0","0","0","2","0","1","","","","N","","","","","","","","","",""
"2012095308","","2","0","0","0","0","0","0","0","0","4","0","","02","9","2012","5","40.481453","-80.046055","2157","11","0","0","0","0","0","1","0","0","2","0","0","0","","","3","","2","","40 28:53.232","5","0","80 02:45.797","8","0","0","0","2301","0","0","0","N","0","0","0","3","02301","0","","1.0","","1","N","N","","0","","0","0","1","","3","Y","","3","3","0","0","0","3","0","2","0","3","","","","N","","","","","","","","","",""
"2012095310","","2","0","0","0","0","0","0","0","0","2","0","","02","9","2012","7","40.31002","-79.891307","1549","11","0","0","0","0","1","0","0","0","","0","0","0","","","0","","10","","40 18:36.071","","99","79 53:28.704","9","0","0","0","2302","0","0","0","","0","0","0","2","02302","0","","1.0","","9","N","N","","0","","0","0","0","","9","","","2","0","0","0","0","0","2","2","0","2","","","","N","","","","","","","","","",""
"2012079861","","1","0","0","0","0","0","0","0","0","7","0","","02","8","2012","4","40.354143","-79.989976","1755","11","0","0","0","0","0","0","0","1","1","0","0","0","","","1","","2","","40 21:14.914","5","0","79 59:23.913","4","0","0","0","2476","0","0","0","N","0","0","0","1","02476","1","","5.0","","1","N","N","","0","","0","0","0","","0","Y","","1","1","0","0","0","0","0","2","0","1","","","","N","","","","","","","","","",""
"2012079108","","2","0","0","0","0","0","0","0","0","2","0","","02","8","2012","5","40.451155","-80.250577","1948","11","0","0","0","0","0","1","0","0","1","0","0","0","","","0","","2","","40 27:04.158","1","0","80 15:02.077","0","0","0","0","2203","0","0","0","N","0","0","0","2","02203","0","","1.0","","1","N","N","","0","","0","0","0","","3","N","","2","0","1","0","0","0","0","2","0","2","","","","N","","","","","","","","","",""
"2012080005","","2","0","0","0","0","0","0","0","0","4","0","","02","8","2012","2","40.454076","-79.996814","1413","11","0","0","0","0","0","0","0","0","1","0","0","0","","","1","","1","","40 27:14.672","7","8","79 59:48.532","4","0","0","0","2301","0","0","0","N","0","0","0","2","02301","1","","1.0","","1","N","N","","0","","0","0","0","","2","N","","2","1","0","0","0","0","0","2","0","2","","","","N","","","","","","","","","",""
"2012093982","","3","0","0","0","0","0","0","0","0","1","0","","02","9","2012","7","40.44632","-80.030879","0748","11","0","0","0","1","0","0","0","0","","0","0","0","","","0","","0","","40 26:46.752","","0","80 01:51.164","0","0","0","0","2301","0","0","0","N","0","0","0","4","02301","0","","1.0","","9","N","N","","0","","0","0","1","","0","","","4","0","0","0","0","0","0","2","0","4","","","","N","","","","","","","","","",""
"2012080561","","1","0","0","0","0","0","0","0","0","7","0","","02","8","2012","3","40.498296","-80.067516","0030","11","0","0","0","0","0","0","0","0","","0","0","0","","","0","","0","","40 29:53.865","","0","80 04:03.057","0","0","0","0","2402","0","0","0","N","0","0","0","1","02402","0","","5.0","","1","N","N","","0","","0","0","0","","0","","","1","0","1","0","0","0","0","2","0","1","","","","N","","","","","","","","","",""
"2012079096","","0","0","0","0","0","0","0","0","0","7","0","","02","8","2012","5","40.293711","-79.887293","1855","11","0","0","0","0","0","0","0","0","","0","0","0","","","1","","1","","40 17:37.359","","0","79 53:14.254","4","0","0","0","2302","0","0","0","N","0","0","0","1","02302","1","","5.0","","1","N","N","","0","","0","0","1","","0","","","1","1","0","0","0","0","0","2","0","1","","","","N","","","","","","","","","",""
"2012093983","","0","0","0","0","0","0","0","0","0","1","0","","02","9","2012","7","","","0909","11","0","0","0","0","0","1","0","0","","0","0","0","","","1","","6","","","","2","","4","0","0","0","2301","0","0","0","N","0","0","0","4","02301","1","","1.0","","1","N","N","","0","","0","0","2","","0","","","2","1","0","0","0","0","0","1","0","2","","","","N","","","","","","","","","",""
"2012079800","","1","0","0","0","0","0","0","0","0","5","0","","02","6","2012","2","40.583194","-79.779923","1750","11","0","0","0","0","0","0","0","0","2","0","0","0","","","2","","0","","40 34:59.499","1","0","79 46:47.724","3","0","0","0","2104","0","0","0","N","0","0","0","3","68D02","1","","1.0","","1","N","N","","0","","1","0","1","","0","N","","2","2","1","0","0","0","0","2","0","2","","","","N","","","","","","","","","",""
"2012079801","","2","0","0","0","0","0","0","0","0","1","0","","02","8","2012","6","40.497302","-79.928938","2343","11","0","0","0","1","0","0","0","0","2","0","0","0","","","2","","0","","40 29:50.286","1","0","79 55:44.175","4","0","0","0","2461","0","0","0","N","0","0","0","3","68D02","2","","1.0","","1","N","N","","0","","0","0","0","","0","N","","2","2","2","0","0","0","0","2","0","2","","","","N","","","","","","","","","",""
"2012080565","","1","0","0","0","0","0","1","0","0","1","1","","02","8","2012","2","40.461578","-79.967126","1729","11","0","0","0","0","0","0","0","0","1","0","0","0","","","0","","1","","40 27:41.680","3","0","79 58:01.653","0","0","0","0","2301","0","0","0","N","0","0","0","2","02503","0","","1.0","","1","N","N","","0","","0","0","0","","0","N","","2","0","0","0","0","0","0","2","0","2","","","","N","","","","","","","","","",""
"2012094540","","1","0","0","0","0","0","0","0","0","1","0","","02","9","2012","2","40.398138","-79.999695","1159","11","0","0","0","0","0","1","0","0","2","0","0","0","","","3","","0","","40 23:53.296","1","0","79 59:58.903","3","0","0","0","2301","0","0","0","N","0","0","0","5","02301","0","","1.0","","1","N","N","","1","","2","0","2","","0","N","","4","3","0","0","0","1","0","2","0","4","","","","N","","","","","","","","","",""
"2012093313","","2","0","0","0","0","0","0","0","0","4","0","","02","9","2012","4","40.448181","-79.827447","1537","11","0","0","0","0","0","1","0","1","","0","0","0","","","0","","0","","40 26:53.450","","7","79 49:38.810","0","0","0","0","2113","0","0","0","N","0","0","0","2","02113","0","","1.0","","1","N","N","","0","","0","0","0","","0","","","2","0","0","0","0","0","0","2","0","2","","","","N","","","","","","","","","",""
"2012095249","","1","0","0","0","0","0","0","0","0","6","0","","02","9","2012","4","40.43573","-79.909768","0852","11","0","0","0","0","0","1","0","0","","0","0","0","","","1","","2","","40 26:08.628","","0","79 54:35.164","4","0","0","0","2301","0","0","0","N","0","0","0","2","02301","1","","1.0","","9","N","N","","0","","0","0","0","","0","","","2","1","0","0","0","0","0","2","1","2","","","","N","","","","","","","","","",""
"2012094005","","2","0","0","0","0","0","0","0","0","1","0","","02","9","2012","6","40.530783","-80.069676","1704","11","0","0","0","0","0","0","0","0","","0","0","0","","","1","","1","","40 31:50.817","","0","80 04:10.835","4","0","0","0","2215","0","0","0","N","0","0","0","5","02215","1","","1.0","","1","N","N","","0","","0","0","0","","4","","","2","1","0","0","0","0","0","2","0","2","","","","N","","","","","","","","","",""