"CRN","ARRIVAL_TM","AUTOMOBILE_COUNT","BELTED_DEATH_COUNT","BELTED_SUSP_SERIOUS_INJ_COUNT","BICYCLE_COUNT","BICYCLE_DEATH_COUNT","BICYCLE_SUSP_SERIOUS_INJ_COUNT","BUS_COUNT","CHLDPAS_DEATH_COUNT","CHLDPAS_SUSP_SERIOUS_INJ_COUNT","COLLISION_TYPE","COMM_VEH_COUNT","CONS_ZONE_SPD_LIM","COUNTY","CRASH_MONTH","CRASH_YEAR","DAY_OF_WEEK","DEC_LATITUDE","DEC_LONGITUDE","DISPATCH_TM","DISTRICT","DRIVER_COUNT_16YR","DRIVER_COUNT_17YR","DRIVER_COUNT_18YR","DRIVER_COUNT_19YR","DRIVER_COUNT_20YR","DRIVER_COUNT_50_64YR","DRIVER_COUNT_65_74YR","DRIVER_COUNT_75PLUS","EST_HRS_CLOSED","FATAL_COUNT","HEAVY_TRUCK_COUNT","HORSE_BUGGY_COUNT","HOUR_OF_DAY","ILLUMINATION","INJURY_COUNT","INTERSECTION_RELATED","INTERSECT_TYPE","LANE_CLOSED","LATITUDE","LN_CLOSE_DIR","LOCATION_TYPE","LONGITUDE","MAX_SEVERITY_LEVEL","MCYCLE_DEATH_COUNT","MCYCLE_SUSP_SERIOUS_INJ_COUNT","MOTORCYCLE_COUNT","MUNICIPALITY","NONMOTR_COUNT","NONMOTR_DEATH_COUNT","NONMOTR_SUSP_SERIOUS_INJ_COUNT","NTFY_HIWY_MAINT","PED_COUNT","PED_DEATH_COUNT","PED_SUSP_SERIOUS_INJ_COUNT","PERSON_COUNT","POLICE_AGCY","POSSIBLE_INJ_COUNT","RDWY_SURF_TYPE_CD","RELATION_TO_ROAD","ROADWAY_CLEARED","ROAD_CONDITION","SCH_BUS_IND","SCH_ZONE_IND","SECONDARY_CRASH","SMALL_TRUCK_COUNT","SPEC_JURIS_CD","SUSP_MINOR_INJ_COUNT","SUSP_SERIOUS_INJ_COUNT","SUV_COUNT","TCD_FUNC_CD","TCD_TYPE","TFC_DETOUR_IND","TIME_OF_DAY","TOTAL_UNITS","TOT_INJ_COUNT","UNBELTED_OCC_COUNT","UNB_DEATH_COUNT","UNB_SUSP_SERIOUS_INJ_COUNT","UNK_INJ_DEG_COUNT","UNK_INJ_PER_COUNT","URBAN_RURAL","VAN_COUNT","VEHICLE_COUNT","WEATHER1","WEATHER2","WORKERS_PRES","WORK_ZONE_IND","WORK_ZONE_LOC","WORK_ZONE_TYPE","WZ_CLOSE_DETOUR","WZ_FLAGGER","WZ_LAW_OFFCR_IND","WZ_LN_CLOSURE","WZ_MOVING","WZ_OTHER","WZ_SHLDER_MDN","WZ_WORKERS_INJ_KILLED"
"2012079869","","1","0","0","0","0","0","0","0","0","4","0","","02","8","2012","1","40.648963","-80.09674","0044","11","0","0","0","0","1","0","0","0","2","0","0","0","","","2","","1","","40 38:56.265","3","0","80 05:48.265","4","0","0","0","2212","0","0","0","N","0","0","0","3","02505","2","","1.0","","1","N","N","","1","","0","0","0","","2","N","","2","2","3","0","0","0","0","2","0","2","","","","N","","","","","","","","","",""
"2012095332","","1","0","0","0","0","0","0","0","0","7","0","","02","9","2012","4","40.461647","-80.200833","1540","11","0","1","0","0","0","0","0","0","","0","0","0","","","1","","0","","40 27:41.930","","0","80 12:03.000","4","0","0","0","2203","0","0","0","N","0","0","0","1","02203","1","","2.0","","9","N","N","","0","","0","0","0","","0","","","1","1","0","0","0","0","0","2","0","1","","","","N","","","","","","","","","",""
"2012094007","","2","0","0","0","0","0","0","0","0","1","0","","02","9","2012","7","40.432401","-79.800522","1208","11","0","0","1","0","0","1","0","0","1","0","0","0","","","1","","0","","40 25:56.642","3","0","79 48:01.880","8","0","0","0","2446","0","0","0","N","0","0","0","7","02446","0","","1.0","","1","N","N","","0","","0","0","1","","2","N","","3","1","0","0","0","1","0","2","0","3","","","","N","","","","","","","","","",""
"2012080569","","2","0","0","0","0","0","0","0","0","4","0","","02","8","2012","3","40.541049","-79.784119","1442","11","0","0","0","0","0","0","1","0","2","0","0","0","","","1","","1","","40 32:27.776","6","0","79 47:02.829","4","0","0","0","2462","0","0","0","N","0","0","0","2","02462","1","","1.0","","9","N","N","","0","","0","0","0","","2","N","","2","1","0","0","0","0","0","2","0","2","","","","N","","","","","","","","","",""
"2012080712","","1","0","0","0","0","0","0","0","0","7","0","","02","8","2012","4","40.372655","-79.957501","1150","11","0","0","0","0","0","0","0","0","","0","0","0","","","0","","0","","40 22:21.558","","0","79 57:27.003","0","0","0","0","2403","0","0","0","N","0","0","0","2","02403","0","","2.0","","1","N","N","","0","","0","0","0","","3","","","1","0","0","0","0","0","0","2","0","1","","","","N","","","","","","","","","",""
"2012080013","","1","0","0","0","0","0","0","0","0","4","0","","02","8","2012","2","40.448316","-80.010457","1311","11","0","0","0","0","0","2","0","0","","0","0","0","","","0","","1","","40 26:53.937","","0","80 00:37.645","0","0","0","0","2301","0","0","0","N","0","0","0","2","02301","0","","1.0","","1","N","N","","0","","0","0","0","","2","","","2","0","0","0","0","0","0","2","1","2","","","","N","","","","","","","","","",""
"2012095252","","1","0","0","0","0","0","0","0","0","5","0","","02","9","2012","4","40.484761","-79.837249","0334","11","0","0","0","0","0","0","0","0","1","0","0","0","","","0","","0","","40 29:05.139","4","0","79 50:14.096","0","0","0","0","2113","0","0","0","N","0","0","0","1","02113","0","","6.0","","1","N","N","","1","","0","0","0","","0","Y","","3","0","0","0","0","0","0","2","1","3","","","","N","","","","","","","","","",""
"2012093317","","1","0","0","0","0","0","0","0","0","1","0","","02","6","2012","7","40.387103","-79.902335","1246","11","0","0","0","0","0","0","1","0","","0","0","0","","","0","","0","","40 23:13.570","","0","79 54:08.406","0","0","0","0","2448","0","0","0","N","0","0","0","2","02448","0","","1.0","","1","N","N","","0","","0","0","1","","0","","","2","0","0","0","0","0","0","2","0","2","","","","N","","","","","","","","","",""
"2012080015","","1","0","0","0","0","0","0","0","0","4","0","","02","8","2012","2","40.438078","-79.994416","1524","11","0","0","0","0","0","1","0","0","","0","0","0","","","0","","1","","40 26:17.079","","0","79 59:39.896","0","0","0","0","2301","0","0","0","N","0","0","0","2","02301","0","","1.0","","1","N","N","","0","","0","0","1","","2","","","2","0","0","0","0","0","0","2","0","2","","","","N","","","","","","","","","",""
"2012094009","","1","0","0","0","0","0","0","0","0","1","0","","02","9","2012","6","40.615106","-80.096627","1435","11","0","0","0","0","0","0","0","0","1","0","0","0","","","0","","0","","40 36:54.383","4","3","80 05:47.856","0","0","0","0","2481","0","0","0","N","0","0","0","4","02481","0","","1.0","","1","N","N","","0","","0","0","1","","0","N","","2","0","0","0","0","0","0","2","0","2","","","","N","","","","","","","","","",""
"2012095321","","1","0","0","0","0","0","0","0","0","7","0","","02","9","2012","4","40.511984","-79.885528","1445","11","0","0","0","0","0","0","0","0","","0","0","0","","","0","","0","","40 30:43.142","","7","79 53:07.900","0","0","0","0","2432","0","0","0","N","0","0","0","1","02432","0","","4.0","","9","N","N","","0","","0","0","0","","0","","","1","0","0","0","0","0","0","2","0","1","","","","N","","","","","","","","","",""
"2012093334","","0","0","0","0","0","0","0","0","0","1","0","","02","9","2012","5","40.430269","-80.02846","1028","11","0","0","0","0","0","0","1","0","","0","0","0","","","0","","6","","40 25:48.968","","2","80 01:42.455","0","0","0","0","2301","0","0","0","N","0","0","0","2","02301","0","","1.0","","1","N","N","","1","","0","0","1","","9","","","2","0","0","0","0","0","0","2","0","2","","","","N","","","","","","","","","",""
"2012080019","","1","0","0","0","0","0","0","0","0","4","0","","02","8","2012","4","40.397668","-79.769328","2104","11","0","0","0","0","0","0","0","0","1","0","0","0","","","2","","1","","40 23:51.606","3","0","79 46:09.579","4","0","0","0","2446","0","0","0","N","0","0","0","3","02446","2","","1.0","","1","N","N","","0","","0","0","1","","2","N","","2","2","0","0","0","0","0","2","0","2","","","","N","","","","","","","","","",""
"2012095256","","0","0","0","0","0","0","0","0","0","8","0","","02","9","2012","4","","","0916","11","0","0","0","0","0","0","0","0","","0","0","0","","","1","","2","","","","2","","4","0","0","0","2301","1","0","0","N","1","0","0","2","02301","1","","7.0","","9","N","N","","0","","0","0","1","","0","","","2","1","1","0","0","0","0","1","0","1","","","","N","","","","","","","","","",""
"2012094012","","2","0","0","0","0","0","0","0","0","4","0","","02","9","2012","7","40.454076","-79.996814","1247","11","0","0","0","0","0","0","0","0","2","0","0","0","","","0","","1","","40 27:14.672","1","0","79 59:48.532","0","0","0","0","2301","0","0","0","N","0","0","0","7","02301","0","","1.0","","1","N","N","","0","","0","0","1","","2","N","","3","0","0","0","0","0","0","2","0","3","","","","N","","","","","","","","","",""
"2012079876","","1","0","0","0","0","0","0","0","0","7","0","","02","8","2012","2","40.491784","-80.047893","0233","11","0","0","0","0","0","0","0","0","1","0","0","0","","","0","","3","","40 29:30.422","4","0","80 02:52.414","0","0","0","0","2404","0","0","0","N","0","0","0","1","02404","0","","5.0","","1","N","N","","0","","0","0","0","","0","N","","1","0","1","0","0","0","0","2","0","1","","","","N","","","","","","","","","",""
"2012095325","","1","0","0","0","0","0","0","0","0","7","0","","02","9","2012","5","40.549252","-80.007609","1859","11","0","0","0","0","0","0","0","0","","0","0","0","","","0","","0","","40 32:57.307","","0","80 00:27.392","0","0","0","0","2116","0","0","0","N","0","0","0","1","02116","0","","2.0","","1","N","N","","0","","0","0","0","","0","","","1","0","0","0","0","0","0","2","0","1","","","","N","","","","","","","","","",""
"2012095338","","1","0","0","0","0","0","0","0","0","0","0","","02","9","2012","4","40.654028","-79.745906","1536","11","0","0","0","0","0","0","0","0","2","0","0","0","","","1","","0","","40 39:14.500","6","0","79 44:45.261","8","0","0","0","2202","0","0","0","N","0","0","0","2","02202","0","","4.0","","9","N","N","","0","","0","0","0","","0","Y","","1","1","1","0","0","1","0","1","0","1","","","","N","","","","","","","","","",""
"2012094013","","1","0","0","0","0","0","0","0","0","4","0","","02","9","2012","7","40.324584","-79.834829","1252","11","0","0","0","0","0","1","0","0","2","0","0","0","","","0","","2","","40 19:28.502","5","0","79 50:05.383","0","0","0","0","2304","0","0","0","N","0","0","0","2","02304","0","","1.0","","1","N","N","","1","","0","0","0","","0","N","","2","0","0","0","0","0","0","2","0","2","","","","N","","","","","","","","","",""
"2012080594","","0","0","0","0","0","0","0","0","0","1","0","","02","8","2012","3","40.460033","-80.011896","2246","11","0","0","0","0","0","0","0","0","","0","0","0","","","0","","0","","40 27:36.118","","0","80 00:42.825","0","0","0","0","2301","0","0","0","N","0","0","0","1","02301","0","","1.0","","9","N","N","","1","","0","0","1","","0","","","2","0","0","0","0","0","0","2","0","2","","","","N","","","","","","","","","",""
"2012093340","","1","0","0","0","0","0","0","0","0","4","0","","02","9","2012","5","40.486524","-79.837318","1027","11","0","0","0","0","0","1","0","0","","0","0","0","","","0","","1","","40 29:11.486","","0","79 50:14.344","0","0","0","0","2113","0","0","0","N","0","0","0","2","02113","0","","1.0","","1","N","N","","0","","0","0","1","","2","","","2","0","0","0","0","0","0","2","0","2","","","","N","","","","","","","","","",""
"2012094017","","0","0","0","0","0","0","0","0","0","2","0","","02","9","2012","7","40.391603","-80.027824","1158","11","0","1","0","0","0","0","0","0","2","0","0","0","","","0","","1","","40 23:29.770","5","0","80 01:40.166","0","0","0","0","2109","0","0","0","N","0","0","0","3","02109","0","","1.0","","1","N","N","","0","","0","0","1","","0","Y","","2","0","0","0","0","0","0","2","1","2","","","","N","","","","","","","","","",""
"2012094628","","1","0","0","0","0","0","0","0","0","0","0","","02","9","2012","5","40.648701","-80.094907","0758","11","0","0","0","0","0","1","0","0","","0","0","0","","","1","","0","","40 38:55.323","","0","80 05:41.666","4","0","0","0","2212","0","0","0","N","0","0","0","1","68B03","1","","5.0","","1","N","N","","0","","0","0","0","","0","","","1","1","0","0","0","0","0","2","0","1","","","","N","","","","","","","","","",""
"2012093341","","2","0","0","0","0","0","0","0","0","4","0","","02","9","2012","5","40.363406","-80.046069","1025","11","0","0","0","0","0","1","0","0","2","0","0","0","","","0","","0","","40 21:48.260","3","0","80 02:45.850","0","0","0","0","2109","0","0","0","N","0","0","0","2","02109","0","","1.0","","1","N","N","","0","","0","0","0","","0","Y","","2","0","0","0","0","0","0","2","0","2","","","","N","","","","","","","","","",""
"2012080724","","1","0","0","0","0","0","0","0","0","1","0","","02","8","2012","4","40.447826","-79.910798","1406","11","0","0","0","0","0","1","1","0","2","0","0","0","","","0","","2","","40 26:52.173","2","0","79 54:38.871","0","0","0","0","2301","0","0","0","N","0","0","0","2","02301","0","","1.0","","1","N","N","","0","","0","0","1","","0","N","","2","0","0","0","0","0","0","2","0","2","","","","N","","","","","","","","","",""
"2012094629","","1","0","0","0","0","0","0","0","0","7","0","","02","9","2012","2","40.436483","-79.975449","1129","11","0","0","0","0","0","0","0","0","","0","0","0","","","0","","7","","40 26:11.337","","2","79 58:31.618","0","0","0","0","2301","0","0","0","N","0","0","0","1","68B03","0","","7.0","","1","N","N","","0","","0","0","0","","0","","","1","0","0","0","0","0","0","2","0","1","","","","N","","","","","","","","","",""
"2012080725","","2","0","0","0","0","0","0","0","0","1","0","","02","8","2012","4","40.428061","-79.71972","1229","11","0","0","0","0","1","2","0","0","1","0","0","0","","","0","","0","","40 25:41.021","4","0","79 43:10.993","0","0","0","0","2446","0","0","0","","0","0","0","3","02446","0","","1.0","","1","N","N","","0","","0","0","0","","0","N","","3","0","0","0","0","0","0","2","1","3","","","","N","","","","","","","","","",""
"2012079970","","1","0","0","0","0","0","0","0","0","4","0","","02","8","2012","6","40.642542","-80.067346","1556","11","0","0","0","0","1","0","0","0","2","0","0","0","","","0","","1","","40 38:33.150","1","0","80 04:02.446","9","0","0","0","2216","0","0","0","Y","0","0","0","3","02505","0","","1.0","","1","N","N","","1","","0","0","0","","2","N","","2","0","0","0","0","0","3","2","0","2","","","","N","","","","","","","","","",""
"2012080726","","1","0","0","0","0","0","0","0","0","4","0","","02","8","2012","4","40.455455","-79.892235","1313","11","0","0","0","0","0","0","1","0","","0","0","0","","","0","","1","","40 27:19.638","","0","79 53:32.046","0","0","0","0","2301","0","0","0","N","0","0","0","2","02301","0","","1.0","","1","N","N","","0","","0","0","1","","3","","","2","0","0","0","0","0","0","2","0","2","","","","N","","","","","","","","","",""
"2012093344","","0","0","0","0","0","0","0","0","0","4","0","","02","9","2012","5","40.410917","-80.083361","0742","11","0","0","0","0","0","0","1","0","","0","0","0","","","1","","1","","40 24:39.300","","0","80 05:00.101","8","0","0","0","2415","0","0","0","N","0","0","0","2","02415","0","","1.0","","1","N","N","","1","","0","0","1","","2","","","2","1","0","0","0","1","0","2","0","2","","","","N","","","","","","","","","",""
"2012080599","","2","0","0","0","0","0","0","0","0","2","0","","02","8","2012","5","40.508729","-80.084046","0208","11","0","0","0","0","0","0","0","0","1","0","0","0","","","1","","0","","40 30:31.424","2","0","80 05:02.565","8","0","0","0","2405","0","0","0","","0","0","0","2","02215","0","","1.0","","1","","","","0","","0","0","1","","0","N","","3","1","0","0","0","1","1","2","0","3","","","","N","","","","","","","","","",""
"2012080727","","1","0","0","0","0","0","0","0","0","7","0","","02","8","2012","4","40.436202","-79.996331","1350","11","0","0","0","0","0","0","0","0","2","0","0","0","","","0","","0","","40 26:10.328","3","1","79 59:46.792","0","0","0","0","2301","0","0","0","N","0","0","0","1","02301","0","","4.0","","1","N","N","","0","","0","0","0","","0","N","","1","0","0","0","0","0","0","2","0","1","","","","N","","","","","","","","","",""
"2012079281","","1","0","0","0","0","0","0","0","0","1","0","","02","8","2012","6","40.447368","-79.827646","1436","11","0","0","0","0","0","1","0","0","1","0","0","0","","","0","","0","","40 26:50.526","1","0","79 49:39.526","0","0","0","0","2113","0","0","0","N","0","0","0","6","02113","0","","1.0","","1","N","N","","1","","0","0","1","","0","Y","","4","0","0","0","0","0","0","2","1","4","","","","N","","","","","","","","","",""
"2012077967","","1","0","0","0","0","0","0","0","0","7","0","","02","8","2012","3","40.444244","-79.993472","2324","11","0","0","0","0","0","0","0","0","","0","0","0","","","1","","1","","40 26:39.280","","0","79 59:36.500","4","0","0","0","2301","0","0","0","N","0","0","0","1","02301","1","","1.0","","1","N","N","","0","","0","0","0","","2","","","1","1","0","0","0","0","0","2","0","1","","","","N","","","","","","","","","",""
"2012079574","","1","0","0","1","0","0","0","0","0","8","0","","02","8","2012","7","40.326025","-79.888989","1705","11","0","0","0","0","0","0","0","0","1","0","0","0","","","1","","1","","40 19:33.690","6","0","79 53:20.360","3","0","0","0","2433","1","0","0","N","0","0","0","3","02433","0","","1.0","","1","N","N","","0","","1","0","0","","0","N","","2","1","0","0","0","0","0","2","0","1","","","","N","","","","","","","","","",""
"2012079213","","1","0","0","0","0","0","0","0","0","7","0","","02","8","2012","6","40.475825","-80.060566","9999","11","0","0","0","0","0","0","0","0","3","0","0","0","","","1","","2","","40 28:32.970","4","0","80 03:38.037","4","0","0","0","2122","1","0","0","N","1","0","0","3","02444","1","","5.0","","9","N","N","","0","","0","0","0","","0","Y","","2","1","0","0","0","0","0","2","0","1","","","","N","","","","","","","","","",""
"2012078650","","1","0","0","0","0","0","0","0","0","7","0","","02","8","2012","2","40.558141","-80.023489","1329","11","0","0","0","0","0","0","1","0","1","0","0","0","","","0","","1","","40 33:29.308","1","0","80 01:24.560","0","0","0","0","2108","0","0","0","N","0","0","0","1","02108","0","","4.0","","1","N","N","","0","","0","0","0","","2","N","","1","0","0","0","0","0","0","2","0","1","","","","N","","","","","","","","","",""
"2012078788","","0","0","0","0","0","0","0","0","0","7","0","","02","8","2012","5","40.363262","-79.868346","0117","11","0","0","0","0","0","0","0","0","1","0","0","0","","","0","","0","","40 21:47.743","4","0","79 52:06.045","0","0","0","0","2473","0","0","0","N","0","0","0","1","02473","0","","2.0","","1","N","N","","0","","0","0","0","","0","Y","","1","0","1","0","0","0","0","2","1","1","","","","N","","","","","","","","","",""
"2012079214","","0","0","0","0","0","0","0","0","0","7","0","","02","8","2012","6","40.465459","-79.824959","0101","11","0","0","0","0","0","0","0","0","1","0","0","0","","","0","","0","","40 27:55.652","2","0","79 49:29.852","0","0","0","0","2113","0","0","0","N","0","0","0","1","02113","0","","3.0","","9","N","N","","0","","0","0","0","","2","N","","1","0","0","0","0","0","0","2","1","1","","","","N","","","","","","","","","",""
"2012078651","","1","0","0","0","0","0","0","0","0","4","0","","02","8","2012","3","40.567674","-80.016505","1638","11","0","0","0","0","0","2","0","0","","0","0","0","","","1","","0","","40 34:03.625","","0","80 00:59.417","3","0","0","0","2108","0","0","0","N","0","0","0","2","02108","0","","1.0","","1","N","N","","0","","1","0","1","","3","","","2","1","1","0","0","0","0","2","0","2","","","","N","","","","","","","","","",""
"2012077981","","0","0","0","0","0","0","0","0","0","99","0","","02","8","2012","4","40.429286","-79.999241","0234","11","0","0","0","0","0","0","0","0","1","0","0","0","","","0","","1","","40 25:45.428","2","4","79 59:57.266","0","0","0","0","2301","0","0","0","N","0","0","0","1","02301","0","","9.0","","1","N","N","","0","","0","0","1","","0","N","","1","0","0","0","0","0","0","2","0","1","","","","N","","","","","","","","","",""
"2012078724","","0","0","0","0","0","0","0","0","0","7","0","55","02","7","2012","1","40.615853","-79.978115","1555","11","0","0","0","0","0","1","0","0","1","0","0","0","","","1","","0","","40 36:57.072","4","0","79 58:41.214","8","0","0","0","2217","0","0","0","N","0","0","0","2","68T02","0","","4.0","","1","N","N","","1","","0","0","0","","0","N","","1","1","0","0","0","1","0","1","0","1","","","N","Y","2","1","N","N","N","N","N","N","Y",""
"2012080049","","1","0","0","0","0","0","0","0","0","4","0","","02","8","2012","2","40.354954","-80.115883","1520","11","0","0","0","0","0","0","0","0","","0","0","0","","","0","","7","","40 21:17.835","","0","80 06:57.177","0","0","0","0","2119","0","0","0","N","0","0","0","3","02119","0","","1.0","","1","N","N","","0","","0","0","1","","4","","","2","0","0","0","0","0","0","2","0","2","","","","N","","","","","","","","","",""
"2012079284","","2","0","0","0","0","0","0","0","0","4","0","","02","8","2012","1","40.425389","-79.967892","2146","11","0","0","0","1","0","0","0","0","","0","0","0","","","0","","1","","40 25:31.400","","0","79 58:04.411","0","0","0","0","2301","0","0","0","N","0","0","0","3","02301","0","","1.0","","1","N","N","","0","","0","0","0","","3","","","2","0","0","0","0","0","0","2","0","2","","","","N","","","","","","","","","",""
"2012078652","","2","0","0","0","0","0","0","0","0","4","0","","02","8","2012","4","40.449389","-80.107489","0758","11","0","0","0","0","0","0","0","0","1","0","0","0","","","2","","1","","40 26:57.801","4","0","80 06:26.960","3","0","0","0","2115","0","0","0","N","0","0","0","2","02115","1","","1.0","","1","N","N","","0","","1","0","0","","2","N","","2","2","0","0","0","0","0","2","0","2","","","","N","","","","","","","","","",""
"2012077970","","1","0","0","0","0","0","0","0","0","7","0","","02","8","2012","1","40.417976","-79.97867","0635","11","0","0","0","0","0","0","0","0","1","0","0","0","","","1","","1","","40 25:04.713","3","0","79 58:43.212","4","0","0","0","2301","0","0","0","N","0","0","0","2","02301","1","","2.0","","1","N","N","","0","","0","0","0","","0","N","","1","1","0","0","0","0","0","2","0","1","","","","N","","","","","","","","","",""
"2012079443","","1","0","0","0","0","0","0","0","0","7","0","","02","8","2012","7","40.418049","-79.966892","0448","11","0","0","0","0","0","0","0","0","","0","0","0","","","0","","2","","40 25:04.976","","0","79 58:00.811","9","0","0","0","2301","0","0","0","N","0","0","0","1","02301","0","","5.0","","1","N","N","","0","","0","0","0","","0","","","1","0","0","0","0","0","1","2","0","1","","","","N","","","","","","","","","",""
"2012080051","","1","0","0","0","0","0","0","0","0","7","0","","02","8","2012","6","40.561302","-80.013095","1435","11","0","0","0","0","0","0","0","0","1","0","0","0","","","1","","1","","40 33:40.688","3","0","80 00:47.142","8","0","0","0","2108","0","0","0","N","0","0","0","1","02108","0","","4.0","","1","N","N","","0","","0","0","0","","2","N","","1","1","0","0","0","1","0","2","0","1","","","","N","","","","","","","","","",""
"2012080052","","1","0","0","0","0","0","0","0","0","4","0","","02","8","2012","7","40.567388","-80.00696","1223","11","0","0","0","0","0","2","0","0","","0","0","0","","","0","","1","","40 34:02.595","","0","80 00:25.056","0","0","0","0","2108","0","0","0","N","0","0","0","3","02108","0","","1.0","","1","N","N","","0","","0","0","1","","2","","","2","0","0","0","0","0","0","2","0","2","","","","N","","","","","","","","","",""
"2012080053","","1","0","0","0","0","0","0","0","0","4","0","","02","8","2012","6","","","1405","11","0","0","0","0","0","0","0","0","","0","0","0","","","0","","0","","","","7","","0","0","0","0","2115","0","0","0","N","0","0","0","2","02115","0","","1.0","","1","N","N","","1","","0","0","0","","1","","","2","0","0","0","0","0","0","1","0","2","","","","N","","","","","","","","","",""
"2012077906","","2","0","0","0","0","0","0","0","0","4","0","","02","8","2012","3","40.399762","-79.92026","1750","11","0","0","0","0","0","0","0","1","2","0","0","0","","","0","","3","","40 23:59.143","2","0","79 55:12.936","0","0","0","0","2472","0","0","0","N","0","0","0","3","02472","0","","1.0","","1","N","N","","0","","0","0","0","","3","N","","3","0","0","0","0","0","0","2","0","2","","","","N","","","","","","","","","",""
"2012079220","","1","0","0","0","0","0","0","0","0","4","0","","02","8","2012","6","40.463586","-79.906057","0829","11","0","0","0","0","0","1","0","0","","0","0","0","","","1","","0","","40 27:48.911","","0","79 54:21.805","8","0","0","0","2301","0","0","0","N","0","0","0","2","02301","0","","1.0","","1","N","N","","1","","0","0","0","","0","","","2","1","0","0","0","1","0","2","0","2","","","","N","","","","","","","","","",""
"2012080054","","0","0","0","0","0","0","0","0","0","7","0","","02","8","2012","6","40.440581","-80.11706","1854","11","0","0","0","0","0","0","0","0","2","0","0","0","","","1","","0","","40 26:26.091","5","0","80 07:01.416","4","0","0","0","2115","0","0","0","N","0","0","0","3","02115","1","","4.0","","1","N","N","","0","","0","0","1","","0","N","","1","1","0","0","0","0","0","2","0","1","","","","N","","","","","","","","","",""
"2012079309","","1","0","0","0","0","0","0","0","0","8","0","","02","8","2012","6","40.350197","-79.859363","1553","11","0","0","0","0","0","1","0","0","1","0","0","0","","","1","","0","","40 21:00.709","6","0","79 51:33.706","4","0","0","0","2304","1","0","0","N","1","0","0","2","02304","1","","1.0","","1","N","N","","0","","0","0","0","","0","N","","2","1","0","0","0","0","0","2","0","1","","","","N","","","","","","","","","",""
"2012079435","","1","0","0","0","0","0","0","0","0","1","0","","02","8","2012","7","40.432773","-80.005106","0236","11","0","0","0","0","0","0","0","0","1","0","0","0","","","3","","2","","40 25:57.984","2","0","80 00:18.381","3","0","0","0","2301","0","0","0","N","0","0","0","5","02301","2","","1.0","","1","N","N","","0","","1","0","1","","2","N","","2","3","0","0","0","0","0","2","0","2","","","","N","","","","","","","","","",""
"2012078795","","1","0","0","0","0","0","0","0","0","99","0","","02","8","2012","5","40.477228","-80.040206","0332","11","0","0","0","0","0","0","0","0","9","0","0","0","","","2","","1","","40 28:38.020","3","0","80 02:24.741","8","0","0","1","2301","0","0","0","N","0","0","0","2","02301","0","","1.0","","1","N","N","","0","","0","0","0","","0","N","","2","2","0","0","0","2","0","2","0","2","","","","N","","","","","","","","","",""
"2012079221","","1","0","0","0","0","0","0","0","0","7","0","","02","8","2012","6","40.468395","-79.885379","0000","11","0","0","0","0","0","0","0","0","2","0","0","0","","","0","","0","","40 28:06.222","6","0","79 53:07.364","0","0","0","0","2113","0","0","0","N","0","0","0","1","02113","0","","2.0","","9","N","N","","0","","0","0","0","","0","N","","1","0","0","0","0","0","0","2","0","1","","","","N","","","","","","","","","",""
"2012080055","","0","0","0","0","0","0","0","0","0","7","1","","02","8","2012","5","40.512131","-80.206567","0727","11","0","0","0","0","0","0","0","0","4","0","1","0","","","0","","0","","40 30:43.671","5","7","80 12:23.641","0","0","0","0","2213","0","0","0","N","0","0","0","0","02213","0","","2.0","","1","N","N","","0","","0","0","0","","0","Y","","1","0","0","0","0","0","0","2","0","1","","","","N","","","","","","","","","",""
"2012080195","","1","0","0","0","0","0","0","0","0","7","0","","02","8","2012","4","40.54283","-79.727174","1936","11","0","0","0","0","0","0","0","0","2","0","0","0","","","0","","0","","40 32:34.188","5","0","79 43:37.827","9","0","0","0","2466","0","0","0","N","0","0","0","1","02466","0","","5.0","","1","N","N","","0","","0","0","0","","0","Y","","1","0","0","0","0","0","1","1","0","1","","","","N","","","","","","","","","",""
"2012079513","","0","0","0","0","0","0","0","0","0","4","0","","02","8","2012","2","40.597489","-80.081001","1012","11","0","0","0","0","0","0","2","0","","0","0","0","","","0","","1","","40 35:50.960","","0","80 04:51.603","0","0","0","0","2481","0","0","0","N","0","0","0","2","02481","0","","1.0","","1","N","N","","0","","0","0","2","","3","","","2","0","0","0","0","0","0","2","0","2","","","","N","","","","","","","","","",""
"2012080056","","0","0","0","0","0","0","0","0","0","7","0","","02","8","2012","7","40.530858","-80.231226","2104","11","0","1","0","0","0","0","0","0","1","0","0","0","","","1","","0","","40 31:51.088","2","0","80 13:52.415","3","0","0","0","2213","0","0","0","N","0","0","0","1","02213","0","","4.0","","9","N","N","","1","","1","0","0","","0","N","","1","1","0","0","0","0","0","2","0","1","","","","N","","","","","","","","","",""
"2012079311","","3","0","0","0","0","0","0","0","0","1","0","","02","8","2012","6","40.453796","-79.82443","1713","11","0","0","0","0","0","0","0","1","3","0","0","0","","","2","","0","","40 27:13.666","5","0","79 49:27.949","8","0","0","0","2113","0","0","0","N","0","0","0","3","02113","0","","1.0","","1","N","N","","0","","0","0","0","","0","N","","3","2","1","0","0","2","0","2","0","3","","","","N","","","","","","","","","",""