"CRN","ARRIVAL_TM","AUTOMOBILE_COUNT","BELTED_DEATH_COUNT","BELTED_SUSP_SERIOUS_INJ_COUNT","BICYCLE_COUNT","BICYCLE_DEATH_COUNT","BICYCLE_SUSP_SERIOUS_INJ_COUNT","BUS_COUNT","CHLDPAS_DEATH_COUNT","CHLDPAS_SUSP_SERIOUS_INJ_COUNT","COLLISION_TYPE","COMM_VEH_COUNT","CONS_ZONE_SPD_LIM","COUNTY","CRASH_MONTH","CRASH_YEAR","DAY_OF_WEEK","DEC_LATITUDE","DEC_LONGITUDE","DISPATCH_TM","DISTRICT","DRIVER_COUNT_16YR","DRIVER_COUNT_17YR","DRIVER_COUNT_18YR","DRIVER_COUNT_19YR","DRIVER_COUNT_20YR","DRIVER_COUNT_50_64YR","DRIVER_COUNT_65_74YR","DRIVER_COUNT_75PLUS","EST_HRS_CLOSED","FATAL_COUNT","HEAVY_TRUCK_COUNT","HORSE_BUGGY_COUNT","HOUR_OF_DAY","ILLUMINATION","INJURY_COUNT","INTERSECTION_RELATED","INTERSECT_TYPE","LANE_CLOSED","LATITUDE","LN_CLOSE_DIR","LOCATION_TYPE","LONGITUDE","MAX_SEVERITY_LEVEL","MCYCLE_DEATH_COUNT","MCYCLE_SUSP_SERIOUS_INJ_COUNT","MOTORCYCLE_COUNT","MUNICIPALITY","NONMOTR_COUNT","NONMOTR_DEATH_COUNT","NONMOTR_SUSP_SERIOUS_INJ_COUNT","NTFY_HIWY_MAINT","PED_COUNT","PED_DEATH_COUNT","PED_SUSP_SERIOUS_INJ_COUNT","PERSON_COUNT","POLICE_AGCY","POSSIBLE_INJ_COUNT","RDWY_SURF_TYPE_CD","RELATION_TO_ROAD","ROADWAY_CLEARED","ROAD_CONDITION","SCH_BUS_IND","SCH_ZONE_IND","SECONDARY_CRASH","SMALL_TRUCK_COUNT","SPEC_JURIS_CD","SUSP_MINOR_INJ_COUNT","SUSP_SERIOUS_INJ_COUNT","SUV_COUNT","TCD_FUNC_CD","TCD_TYPE","TFC_DETOUR_IND","TIME_OF_DAY","TOTAL_UNITS","TOT_INJ_COUNT","UNBELTED_OCC_COUNT","UNB_DEATH_COUNT","UNB_SUSP_SERIOUS_INJ_COUNT","UNK_INJ_DEG_COUNT","UNK_INJ_PER_COUNT","URBAN_RURAL","VAN_COUNT","VEHICLE_COUNT","WEATHER1","WEATHER2","WORKERS_PRES","WORK_ZONE_IND","WORK_ZONE_LOC","WORK_ZONE_TYPE","WZ_CLOSE_DETOUR","WZ_FLAGGER","WZ_LAW_OFFCR_IND","WZ_LN_CLOSURE","WZ_MOVING","WZ_OTHER","WZ_SHLDER_MDN","WZ_WORKERS_INJ_KILLED"
"2012084614","0314","0","0","0","0","0","0","0","0","0","7","0","","02","8","2012","3","40.420043","-79.850567","0314","11","0","0","0","0","0","0","0","0","2","0","0","0","03","","1","","0","","40 25:12.155","3","0","79 51:02.040","8","0","0","0","2431","0","0","0","N","0","0","0","1","02431","0","","5.0","","1","N","N","","1","","0","0","0","","0","N","0314","1","1","1","0","0","1","0","2","0","1","","","","N","","","","","","","","","",""
"2012084744","0214","0","0","0","0","0","0","0","0","0","7","0","","02","8","2012","2","40.456914","-79.938523","0212","11","0","0","0","0","0","0","0","0","","0","0","0","02","","0","","1","","40 27:24.891","","0","79 56:18.684","0","0","0","0","2301","0","0","0","N","0","0","0","1","02301","0","","5.0","","1","N","N","","0","","0","0","1","","2","","0210","1","0","0","0","0","0","0","2","0","1","","","","N","","","","","","","","","",""
"2012083975","0421","0","0","0","0","0","0","0","0","0","0","0","","02","8","2012","4","40.524159","-79.90615","0414","11","0","0","0","0","0","0","0","0","2","0","0","0","04","","1","","3","","40 31:26.972","5","0","79 54:22.140","3","0","0","0","2432","0","0","0","","0","0","0","2","02432","0","","2.0","","1","","","","1","","1","0","0","","0","Y","0400","1","1","0","0","0","0","1","2","0","1","","","","N","","","","","","","","","",""
"2012086408","2030","1","0","0","1","0","0","0","0","0","4","0","","02","8","2012","5","40.438023","-79.913084","2017","11","0","0","0","0","0","0","0","0","","0","0","0","20","","1","","1","","40 26:16.882","","0","79 54:47.102","8","0","0","0","2301","1","0","0","N","0","0","0","2","02301","0","","1.0","","1","N","N","","0","","0","0","0","","2","","2010","2","1","0","0","0","1","0","2","0","1","","","","N","","","","","","","","","",""
"2012084602","1912","1","0","0","0","0","0","0","0","0","4","0","","02","8","2012","1","40.43791","-79.740084","1910","11","0","0","0","0","0","0","0","0","1","0","0","0","19","","1","","2","","40 26:16.476","3","0","79 44:24.303","4","0","0","0","2446","0","0","0","N","0","0","0","7","02446","1","","1.0","","1","N","N","","1","","0","0","0","","2","Y","1910","2","1","2","0","0","0","0","2","0","2","","","","N","","","","","","","","","",""
"2012086409","1608","1","0","0","0","0","0","0","0","0","1","0","","02","8","2012","5","40.418963","-79.986823","1607","11","0","0","0","0","1","0","0","0","","0","0","0","16","","1","","0","","40 25:08.266","","0","79 59:12.562","3","0","0","0","2301","0","0","0","N","0","0","0","3","02301","0","","1.0","","1","N","N","","1","","1","0","0","","0","","1600","2","1","3","0","0","0","0","2","0","2","","","","N","","","","","","","","","",""
"2012084603","2043","1","0","0","0","0","0","0","0","0","7","0","","02","8","2012","6","40.528331","-80.071166","2036","11","0","0","0","0","0","0","0","0","","0","0","0","20","","0","","0","","40 31:41.991","","0","80 04:16.199","0","0","0","0","2215","0","0","0","Y","0","0","0","1","02215","0","","5.0","","1","N","N","","0","","0","0","0","","0","","2030","1","0","0","0","0","0","0","2","0","1","","","","N","","","","","","","","","",""
"2012084113","1104","2","0","0","0","0","0","0","0","0","4","0","","02","8","2012","6","40.450025","-79.903741","1100","11","0","0","0","0","0","1","0","0","","0","0","0","11","","0","","1","","40 27:00.091","","0","79 54:13.469","0","0","0","0","2301","0","0","0","N","0","0","0","2","02301","0","","1.0","","1","N","N","","0","","0","0","0","","2","","1100","2","0","0","0","0","0","0","2","0","2","","","","N","","","","","","","","","",""
"2012086411","1918","0","0","0","0","0","0","0","0","0","0","0","","02","8","2012","5","40.329213","-79.945046","1916","11","0","0","0","0","0","1","0","0","","0","0","0","19","","1","","0","","40 19:45.165","","0","79 56:42.167","8","0","0","1","2454","0","0","0","N","0","0","0","1","02454","0","","1.0","","1","N","N","","0","","0","0","0","","0","","1916","1","1","0","0","0","1","0","2","0","1","","","","N","","","","","","","","","",""
"2012084902","1855","1","0","0","0","0","0","0","0","0","7","0","","02","8","2012","6","40.451508","-80.018919","1845","11","0","0","0","0","0","0","1","0","1","0","0","0","18","","1","","1","","40 27:05.428","2","0","80 01:08.107","8","0","0","0","2301","0","0","0","N","0","0","0","1","02301","0","","5.0","","1","N","N","","0","","0","0","0","","0","N","1840","1","1","0","0","0","1","0","2","0","1","","","","N","","","","","","","","","",""
"2012084128","0315","2","0","0","0","0","0","0","0","0","4","0","","02","8","2012","3","40.363357","-79.867897","0313","11","0","0","0","0","0","0","0","0","1","0","0","0","03","","0","","0","","40 21:48.085","2","0","79 52:04.429","0","0","0","0","2473","0","0","0","N","0","0","0","1","02473","0","","5.0","","1","N","N","","1","","0","0","0","","0","N","0312","3","0","0","0","0","0","0","2","0","3","","","","N","","","","","","","","","",""
"2012084618","1005","1","0","0","0","0","0","0","0","0","0","0","","02","8","2012","6","40.2812","-79.908429","1001","11","0","0","0","0","0","0","0","0","1","0","0","0","10","","0","","0","","40 16:52.320","2","0","79 54:30.345","0","0","0","0","2440","0","0","0","N","0","0","0","1","02440","0","","1.0","","1","N","N","","0","","0","0","0","","0","N","1000","1","0","0","0","0","0","0","2","0","1","","","","N","","","","","","","","","",""
"2012086350","2330","1","1","0","0","0","0","0","0","0","0","0","","02","7","2012","2","40.410594","-80.071261","2317","11","0","0","1","1","0","0","0","0","3","1","0","0","23","","1","","0","","40 24:38.139","6","0","80 04:16.539","1","0","0","0","2117","0","0","0","N","0","0","0","4","68B03","1","1","1.0","","1","N","N","","0","0","0","0","1","","0","Y","2316","2","1","0","0","0","0","0","2","0","2","","","","N","","","","","","","","","",""
"2012084830","0750","1","0","0","0","0","0","0","0","0","4","0","","02","8","2012","2","40.437078","-79.981483","0735","11","0","0","0","0","1","0","0","0","","0","0","0","07","","0","","1","","40 26:13.480","","0","79 58:53.338","0","0","0","0","2301","0","0","0","N","0","0","0","4","02301","0","","1.0","","1","N","N","","0","","0","0","1","","0","","0730","2","0","0","0","0","0","0","2","0","2","","","","N","","","","","","","","","",""
"2012086965","2238","0","0","0","0","0","0","0","0","0","7","0","","02","8","2012","6","40.559683","-79.961003","2231","11","0","0","0","0","0","0","0","0","2","0","0","0","22","","0","","0","","40 33:34.859","4","0","79 57:39.611","0","0","0","0","2207","0","0","0","N","0","0","0","1","02207","0","","2.0","","1","N","N","","0","","0","0","1","","0","N","2230","1","0","0","0","0","0","0","2","0","1","","","","N","","","","","","","","","",""
"2012084619","1501","2","0","0","0","0","0","0","0","0","4","0","","02","8","2012","1","40.494081","-80.061569","1458","11","0","0","0","0","0","1","0","0","","0","0","0","14","","1","","1","","40 29:38.691","","0","80 03:41.650","8","0","0","0","2404","0","0","0","N","0","0","0","7","02404","0","","1.0","","1","N","N","","0","","0","0","0","","0","","1458","2","1","0","0","0","1","0","2","0","2","","","","N","","","","","","","","","",""
"2012086950","2224","2","0","0","0","0","0","0","0","0","4","0","","02","9","2012","7","40.444202","-80.028173","2220","11","0","0","0","0","0","1","0","0","2","0","0","0","22","","0","","1","","40 26:39.126","1","0","80 01:41.424","9","0","0","0","2301","0","0","0","N","0","0","0","3","02301","0","","1.0","","1","N","N","","0","","0","0","0","","2","N","2220","3","0","0","0","0","0","1","2","0","3","","","","N","","","","","","","","","",""
"2012086413","1520","0","0","0","0","0","0","0","0","0","8","0","","02","8","2012","5","40.345513","-79.830914","1513","11","0","0","0","0","0","0","0","0","1","0","0","0","15","","1","","0","","40 20:43.845","1","0","79 49:51.292","4","0","0","0","2304","1","0","0","N","1","0","0","2","02304","1","","1.0","","1","N","N","","0","","0","0","1","","0","N","1512","2","1","0","0","0","0","0","2","0","1","","","","N","","","","","","","","","",""
"2012084116","1230","2","0","0","0","0","0","0","0","0","1","0","","02","8","2012","6","40.384413","-79.977884","1223","11","0","0","0","0","1","0","0","0","","0","0","0","12","","0","","2","","40 23:03.886","","0","79 58:40.382","0","0","0","0","2301","0","0","0","N","0","0","0","7","02301","0","","1.0","","1","N","N","","0","","0","0","0","","2","","1220","2","0","1","0","0","0","0","2","0","2","","","","N","","","","","","","","","",""
"2012083983","0028","0","0","0","0","0","0","0","0","0","7","0","","02","8","2012","6","40.542536","-79.808545","0028","11","0","0","0","0","0","0","0","0","","0","0","0","00","","1","","0","","40 32:33.131","","4","79 48:30.761","4","0","0","1","2301","0","0","0","N","0","0","0","1","02301","1","","2.0","","1","N","N","","0","","0","0","0","","2","","0028","1","1","0","0","0","0","0","2","0","1","","","","N","","","","","","","","","",""
"2012085549","0152","1","0","0","0","0","0","0","0","0","7","0","","02","8","2012","4","40.411383","-80.006435","0150","11","0","0","0","0","0","0","0","0","1","0","0","0","01","","1","","0","","40 24:40.980","2","0","80 00:23.165","4","0","0","0","2301","0","0","0","N","0","0","0","3","02301","1","","1.0","","1","N","N","","1","","0","0","0","","0","N","0150","2","1","0","0","0","0","0","2","0","2","","","","N","","","","","","","","","",""
"2012084833","0702","1","0","0","0","0","0","0","0","0","1","0","","02","8","2012","2","40.384938","-80.053432","0657","11","0","0","0","0","0","0","0","0","2","0","0","0","06","","1","","1","","40 23:05.778","3","0","80 03:12.354","8","0","0","0","2109","0","0","0","N","0","0","0","3","02109","0","","1.0","","1","N","N","","0","","0","0","0","","2","N","0657","2","1","0","0","0","1","0","2","1","2","","","","N","","","","","","","","","",""
"2012086967","0121","2","0","0","0","0","0","0","0","0","2","0","","02","9","2012","1","40.454299","-79.813911","0117","11","0","0","0","0","0","0","0","0","2","0","0","0","01","","1","","0","","40 27:15.477","7","0","79 48:50.080","3","0","0","0","2113","0","0","0","N","0","0","0","2","02113","0","","2.0","","1","N","N","","0","","1","0","0","","0","N","0117","2","1","1","0","0","0","0","2","0","2","","","","N","","","","","","","","","",""
"2012084834","0859","1","0","0","0","0","0","0","0","0","2","0","","02","8","2012","2","40.435847","-79.895992","0851","11","0","0","0","0","0","0","0","0","","0","0","0","08","","1","","1","","40 26:09.049","","0","79 53:45.571","4","0","0","0","2301","0","0","0","N","0","0","0","3","02301","1","","1.0","","1","N","N","","1","","0","0","0","","3","","0845","2","1","1","0","0","0","0","2","0","2","","","","N","","","","","","","","","",""
"2012087039","1241","0","0","0","0","0","0","0","0","0","1","0","","02","9","2012","1","40.549719","-79.959331","1237","11","0","0","0","0","0","1","0","0","","0","0","0","12","","1","","1","","40 32:58.989","","0","79 57:33.590","8","0","0","0","2118","0","0","0","N","0","0","0","2","02118","0","","1.0","","1","N","N","","1","","0","0","0","","2","","1232","2","1","0","0","0","1","0","2","1","2","","","","N","","","","","","","","","",""
"2012086954","0010","1","0","0","0","0","0","0","0","0","2","0","","02","9","2012","7","40.449162","-80.023273","0001","11","0","0","0","0","0","0","0","0","2","0","0","0","23","","1","","0","","40 26:56.984","1","0","80 01:23.781","4","0","0","0","2301","0","0","0","N","0","0","0","4","02301","1","","1.0","","1","N","N","","0","","0","0","1","","0","N","2358","2","1","0","0","0","0","0","2","0","2","","","","N","","","","","","","","","",""
"2012084120","1050","0","0","0","0","0","0","0","0","0","7","0","","02","8","2012","6","40.465512","-79.992944","1045","11","0","0","0","0","0","0","0","0","3","0","0","0","07","","0","","0","","40 27:55.843","5","0","79 59:34.598","0","0","0","0","2301","0","0","0","N","0","0","0","0","02301","0","","5.0","","1","N","N","","1","","0","0","0","","0","N","0745","1","0","0","0","0","0","0","2","0","1","","","","N","","","","","","","","","",""
"2012084133","1412","1","0","0","0","0","0","0","0","0","4","0","","02","8","2012","6","40.485404","-80.034286","1400","11","0","0","0","0","0","0","0","0","","0","0","0","14","","0","","0","","40 29:07.454","","0","80 02:03.429","0","0","0","0","2301","0","0","0","N","0","0","0","1","02301","0","","4.0","","1","N","N","","1","","0","0","0","","0","","1400","2","0","1","0","0","0","0","2","0","2","","","","N","","","","","","","","","",""
"2012084542","1242","1","0","0","0","0","0","0","0","0","1","0","","02","8","2012","4","40.34889","-79.939012","1242","11","0","0","0","1","0","1","0","0","","0","0","0","12","","0","","1","","40 20:56.003","","0","79 56:20.443","0","0","0","0","2473","0","0","0","N","0","0","0","3","02473","0","","1.0","","1","N","N","","0","","0","0","0","","4","","1242","2","0","0","0","0","0","0","2","1","2","","","","N","","","","","","","","","",""
"2012086141","1444","2","0","0","0","0","0","0","0","0","5","0","","02","8","2012","4","40.337626","-79.951476","1440","11","0","0","0","0","1","1","0","0","1","0","0","0","14","","0","","2","","40 20:15.452","1","7","79 57:05.313","0","0","0","0","2454","0","0","0","N","0","0","0","2","02454","0","","1.0","","1","N","N","","0","","0","0","0","","2","N","1440","2","0","0","0","0","0","0","2","0","2","","","","N","","","","","","","","","",""
"2012086429","2320","1","0","0","0","0","0","0","0","0","1","0","","02","8","2012","5","40.443614","-80.028028","2315","11","0","0","0","0","0","0","0","0","3","0","0","0","23","","1","","0","","40 26:37.011","1","0","80 01:40.901","4","0","0","0","2301","0","0","0","N","0","0","0","2","02301","1","","1.0","","1","N","N","","0","","0","0","1","","0","N","2310","2","1","0","0","0","0","0","2","0","2","","","","N","","","","","","","","","",""
"2012085351","2112","2","0","0","0","0","0","0","0","0","1","0","","02","8","2012","2","40.658327","-80.091049","2107","11","0","1","0","0","0","1","0","0","","0","0","0","20","","0","","1","","40 39:29.978","","0","80 05:27.778","0","0","0","0","2212","0","0","0","N","0","0","0","2","02505","0","","1.0","","9","N","N","","0","","0","0","0","","2","","2030","2","0","0","0","0","0","0","2","0","2","","","","N","","","","","","","","","",""
"2012086972","0241","1","0","0","0","0","0","0","0","0","7","0","","02","9","2012","1","40.661564","-80.100322","0236","11","0","0","0","0","0","0","0","0","","0","0","0","02","","0","","2","","40 39:41.630","","0","80 06:01.160","0","0","0","0","2212","0","0","0","N","0","0","0","1","02505","0","","5.0","","1","N","N","","0","","0","0","0","","0","","0236","1","0","0","0","0","0","0","2","0","1","","","","N","","","","","","","","","",""
"2012084688","1840","3","0","0","0","0","0","0","0","0","1","0","","02","8","2012","1","40.469345","-79.823689","1830","11","0","0","0","0","0","0","0","0","1","0","0","0","18","","3","","2","","40 28:09.641","1","0","79 49:25.280","8","0","0","0","2113","0","0","0","","0","0","0","6","02113","0","","1.0","","1","","","","0","","0","0","0","","0","N","1830","3","3","0","0","0","3","0","2","0","3","","","","N","","","","","","","","","",""
"2012086430","0505","1","0","0","0","0","0","0","0","0","7","0","","02","8","2012","5","40.477598","-79.842736","0458","11","0","0","0","0","0","0","0","0","4","0","0","0","04","","0","","3","","40 28:39.352","6","0","79 50:33.848","0","0","0","0","2113","0","0","0","N","0","0","0","1","02113","0","","2.0","","1","N","N","","1","","0","0","0","","3","Y","0455","2","0","0","0","0","0","0","2","0","2","","","","N","","","","","","","","","",""
"2012086143","0658","0","0","0","0","0","0","0","0","0","0","0","","02","8","2012","4","40.53102","-80.078516","0655","11","0","0","0","0","0","1","1","0","1","0","0","0","06","","1","","2","","40 31:51.672","7","0","80 04:42.657","4","0","0","1","2215","0","0","0","N","0","0","0","2","02215","1","","1.0","","1","N","N","","0","","0","0","1","","3","N","0655","2","1","0","0","0","0","0","2","0","2","","","","N","","","","","","","","","",""
"2012086432","2311","1","0","0","0","0","0","0","0","0","2","0","","02","8","2012","5","40.412953","-80.010118","2310","11","0","0","1","0","0","0","1","0","2","0","0","0","23","","4","","1","","40 24:46.629","3","0","80 00:36.426","4","0","0","0","2301","0","0","0","N","0","0","0","4","02301","4","","1.0","","1","N","N","","0","","0","0","1","","2","Y","2307","2","4","0","0","0","0","0","2","0","2","","","","N","","","","","","","","","",""
"2012086297","1558","0","0","1","0","0","0","0","0","0","7","1","","02","8","2012","1","40.539647","-79.829778","1558","11","0","0","0","0","0","1","0","0","2","0","1","0","15","","1","","0","","40 32:22.730","2","7","79 49:47.200","2","0","0","0","2208","0","0","0","N","0","0","0","1","02208","0","","5.0","","1","N","N","","0","","0","1","0","","4","N","1558","1","1","0","0","0","0","0","2","0","1","","","","N","","","","","","","","","",""
"2012086420","2130","2","0","0","0","0","0","0","0","0","1","0","","02","8","2012","5","40.396218","-79.998194","2129","11","0","0","1","0","0","0","0","0","1","0","0","0","21","","1","","1","","40 23:46.384","2","0","79 59:53.499","8","0","0","0","2301","0","0","0","N","0","0","0","5","02301","0","","1.0","","1","N","N","","0","","0","0","1","","2","N","2128","3","1","4","0","0","1","0","2","0","3","","","","N","","","","","","","","","",""
"2012085340","1855","1","0","0","0","0","0","0","0","0","7","0","","02","8","2012","2","40.432639","-80.151847","1845","11","0","0","0","0","0","0","0","0","","0","0","0","18","","1","","0","","40 25:57.500","","0","80 09:06.650","4","0","0","0","2102","0","0","0","N","0","0","0","1","02501","1","","4.0","","9","N","N","","0","","0","0","0","","0","","1842","1","1","0","0","0","0","0","1","0","1","","","","N","","","","","","","","","",""
"2012083990","1724","2","0","0","0","0","0","0","0","0","2","0","","02","8","2012","2","40.34487","-79.961188","1721","11","0","0","0","0","0","0","0","0","1","0","0","0","17","","2","","2","","40 20:41.532","4","0","79 57:40.277","4","0","0","1","2473","0","0","0","N","0","0","0","4","02473","1","","1.0","","1","N","N","","0","","0","0","0","","3","Y","1721","3","2","0","0","0","1","0","2","0","3","","","","N","","","","","","","","","",""
"2012086421","1257","2","0","0","0","0","0","0","0","0","1","0","","02","8","2012","4","40.369905","-80.100983","1256","11","0","0","0","0","1","1","0","0","","0","0","0","12","","1","","0","","40 22:11.657","","0","80 06:03.539","4","0","0","0","2102","0","0","0","N","0","0","0","2","02102","1","","1.0","","1","N","N","","0","","0","0","0","","0","","1252","2","1","0","0","0","0","0","2","0","2","","","","N","","","","","","","","","",""
"2012084562","1032","1","0","0","0","0","0","0","0","0","7","0","","02","8","2012","1","40.481677","-79.828911","1026","11","0","0","0","0","0","0","0","0","2","0","0","0","10","","0","","0","","40 28:54.038","4","7","79 49:44.081","0","0","0","0","2113","0","0","0","N","0","0","0","1","02113","0","","5.0","","1","N","N","","0","","0","0","0","","0","N","1023","1","0","0","0","0","0","0","2","0","1","","","","N","","","","","","","","","",""
"2012084629","1852","2","0","0","0","0","0","0","0","0","1","0","","02","8","2012","7","40.349471","-79.927123","1848","11","0","0","0","0","0","0","0","1","2","0","0","0","18","","1","","0","","40 20:58.094","2","0","79 55:37.642","4","0","0","0","2473","0","0","0","N","0","0","0","2","02473","1","","1.0","","1","N","N","","0","","0","0","0","","0","N","1848","2","1","0","0","0","0","0","2","0","2","","","","N","","","","","","","","","",""
"2012086219","1426","1","0","0","0","0","0","0","0","0","7","0","","02","8","2012","1","40.575115","-79.86478","1417","11","0","0","0","0","0","0","0","0","","0","0","0","14","","1","","0","","40 34:30.415","","0","79 51:53.207","4","0","0","0","2209","0","0","0","N","0","0","0","1","68T02","1","","2.0","","1","N","N","","0","","0","0","0","","0","","1415","1","1","0","0","0","0","0","2","0","1","","","","N","","","","","","","","","",""
"2012084706","2016","2","0","0","0","0","0","0","0","0","5","0","","02","8","2012","1","40.458827","-79.972836","2009","11","0","0","0","0","0","0","0","0","","0","0","0","20","","0","","1","","40 27:31.777","","0","79 58:22.209","0","0","0","0","2301","0","0","0","N","0","0","0","2","02301","0","","1.0","","1","N","N","","0","","0","0","0","","2","","2000","2","0","0","0","0","0","0","2","0","2","","","","N","","","","","","","","","",""
"2012084859","0331","1","0","0","0","0","0","0","0","0","7","0","","02","8","2012","1","40.494685","-79.827566","0326","11","0","0","0","0","0","0","0","0","4","0","0","0","03","","0","","2","","40 29:40.866","7","0","79 49:39.239","0","0","0","0","2113","0","0","0","N","0","0","0","1","02113","0","","5.0","","1","N","N","","0","","0","0","0","","0","Y","0326","1","0","0","0","0","0","0","2","0","1","","","","N","","","","","","","","","",""
"2012086858","1215","2","0","0","0","0","0","0","0","0","1","0","","02","9","2012","7","40.417338","-79.973634","1210","11","0","0","0","0","0","0","0","0","","0","0","0","12","","1","","0","","40 25:02.416","","0","79 58:25.082","8","0","0","0","2301","0","0","0","N","0","0","0","1","02301","0","","2.0","","1","N","N","","0","","0","0","1","","0","","1205","3","1","0","0","0","1","0","2","0","3","","","","N","","","","","","","","","",""
"2012085345","1737","2","0","0","0","0","0","0","0","0","1","0","","02","8","2012","3","40.437566","-79.982692","1622","11","0","0","0","0","0","1","0","0","","0","0","0","16","","0","","1","","40 26:15.237","","0","79 58:57.691","0","0","0","0","2301","0","0","0","","0","0","0","3","02301","0","","1.0","","1","N","N","","0","","0","0","1","","0","","1622","3","0","0","0","0","0","0","2","0","3","","","","N","","","","","","","","","",""
"2012084553","1119","0","0","0","0","0","0","0","0","0","8","0","","02","8","2012","7","40.344926","-79.837516","1118","11","0","0","0","0","0","1","0","0","1","0","0","0","11","","1","","1","","40 20:41.733","6","0","79 50:15.057","8","0","0","0","2304","1","0","0","N","1","0","0","2","02304","0","","1.0","","1","N","N","","0","","0","0","1","","0","N","1118","2","1","0","0","0","1","0","2","0","1","","","","N","","","","","","","","","",""
"2012086097","1715","1","0","0","0","0","0","0","0","0","7","0","","02","8","2012","2","40.655253","-80.010209","1710","11","0","0","1","0","0","0","0","0","","0","0","0","17","","0","","2","","40 39:18.909","","0","80 00:36.753","0","0","0","0","2216","0","0","0","N","0","0","0","1","02505","0","","5.0","","9","N","N","","0","","0","0","0","","0","","1710","1","0","0","0","0","0","0","1","0","1","","","","N","","","","","","","","","",""
"2012086224","1314","1","0","0","0","0","0","0","0","0","7","0","","02","8","2012","4","40.495807","-79.940972","1313","11","0","0","0","0","0","0","0","0","","0","0","0","13","","2","","0","","40 29:44.906","","0","79 56:27.500","4","0","0","0","2430","0","0","0","N","0","0","0","2","02430","2","","2.0","","1","N","N","","0","","0","0","0","","0","","1312","1","2","0","0","0","0","0","2","0","1","","","","N","","","","","","","","","",""
"2012085497","1835","0","0","0","0","0","0","0","0","0","1","0","","02","8","2012","3","40.453367","-79.979186","1829","11","0","0","0","0","0","0","0","0","","0","0","0","17","","0","","1","","40 27:12.121","","0","79 58:45.069","0","0","0","0","2301","0","0","0","N","0","0","0","2","02301","0","","1.0","","1","N","N","","1","","0","0","1","","2","","1750","2","0","0","0","0","0","0","2","0","2","","","","N","","","","","","","","","",""
"2012086304","1701","1","0","0","0","0","0","0","0","0","2","0","","02","8","2012","5","40.444422","-79.954808","1705","11","0","0","0","0","0","0","0","0","","0","0","0","17","","1","","1","","40 26:39.920","","7","79 57:17.310","4","0","0","1","2301","0","0","0","N","0","0","0","2","02301","1","","1.0","","1","N","N","","0","","0","0","0","","2","","1701","2","1","0","0","0","0","0","2","0","2","","","","N","","","","","","","","","",""
"2012083999","0235","2","0","0","0","0","0","0","0","0","6","0","","02","8","2012","6","40.387335","-79.983867","0227","11","0","0","0","0","0","0","0","0","","0","0","0","02","","1","","1","","40 23:14.406","","0","79 59:01.921","8","0","0","0","2301","0","0","0","N","0","0","0","4","02301","0","","1.0","","1","N","N","","0","","0","0","0","","2","","0227","2","1","0","0","0","1","0","2","0","2","","","","N","","","","","","","","","",""
"2012084851","0905","1","0","0","0","0","0","0","0","0","7","0","","02","8","2012","2","40.465575","-79.821005","0900","11","0","0","0","0","0","1","0","0","","0","0","0","08","","1","","0","","40 27:56.070","","7","79 49:15.618","8","0","0","0","2113","0","0","0","N","0","0","0","1","02113","0","","2.0","","1","N","N","","0","","0","0","0","","0","","0855","1","1","0","0","0","1","0","2","0","1","","","","N","","","","","","","","","",""
"2012086098","2205","1","0","0","0","0","0","0","0","0","2","0","","02","8","2012","3","40.54236","-79.784222","2130","11","0","0","0","0","0","1","0","0","3","0","0","0","21","","0","","0","","40 32:32.496","5","0","79 47:03.199","0","0","0","0","2462","0","0","0","N","0","0","0","1","02462","0","","4.0","","1","N","N","","0","","0","0","1","","0","N","2130","2","0","0","0","0","0","0","2","0","2","","","","N","","","","","","","","","",""
"2012084635","1536","0","0","0","0","0","0","0","0","0","7","0","","02","8","2012","7","40.364616","-79.989589","1534","11","0","0","0","0","0","1","0","0","5","0","0","0","15","","0","","0","","40 21:52.617","3","0","79 59:22.520","0","0","0","0","2476","0","0","0","N","0","0","0","1","02476","0","","5.0","","1","N","N","","0","","0","0","0","","0","N","1534","1","0","0","0","0","0","0","2","1","1","","","","N","","","","","","","","","",""
"2012086912","1730","1","1","0","0","0","0","0","0","0","1","0","","02","9","2012","7","40.522239","-79.842548","1729","11","0","0","0","0","0","1","1","0","","1","0","0","17","","2","","0","","40 31:20.061","","0","79 50:33.172","1","0","0","0","2451","0","0","0","N","0","0","0","4","02451","2","2","1.0","","1","N","N","","0","0","0","0","1","","0","","1729","2","2","0","0","0","0","0","2","0","2","","","","N","","","","","","","","","",""
"2012085498","1615","3","0","0","0","0","0","0","0","0","1","0","45","02","8","2012","3","40.47563","-79.969969","1613","11","0","0","0","0","1","0","0","0","","0","0","0","16","","0","","0","","40 28:32.268","","0","79 58:11.889","0","0","0","0","2445","0","0","0","N","0","0","0","3","02445","0","","1.0","","1","N","N","","0","","0","0","0","","0","","1613","3","0","1","0","0","0","0","2","0","3","","","N","Y","1","1","","","N","","","Y","",""
"2012084000","0235","2","0","0","0","0","0","0","0","0","1","0","","02","8","2012","6","40.428733","-79.994928","0230","11","0","0","0","0","0","0","0","0","1","0","0","0","02","","5","","0","","40 25:43.437","5","0","79 59:41.742","3","0","0","0","2301","0","0","0","N","0","0","0","6","02301","4","","1.0","","1","N","N","","0","","1","0","0","","0","Y","0230","2","5","0","0","0","0","1","2","0","2","","","","N","","","","","","","","","",""
"2012084852","0731","2","0","0","0","0","0","0","0","0","4","0","","02","8","2012","2","40.514034","-80.055084","0728","11","0","0","0","0","0","0","0","0","2","0","0","0","07","","2","","2","","40 30:50.523","3","8","80 03:18.301","3","0","0","0","2116","0","0","0","N","0","0","0","3","02116","0","","1.0","","1","N","N","","0","","2","0","0","","2","N","0726","2","2","0","0","0","0","0","2","0","2","","","","N","","","","","","","","","",""