"CRN","ARRIVAL_TM","AUTOMOBILE_COUNT","BELTED_DEATH_COUNT","BELTED_SUSP_SERIOUS_INJ_COUNT","BICYCLE_COUNT","BICYCLE_DEATH_COUNT","BICYCLE_SUSP_SERIOUS_INJ_COUNT","BUS_COUNT","CHLDPAS_DEATH_COUNT","CHLDPAS_SUSP_SERIOUS_INJ_COUNT","COLLISION_TYPE","COMM_VEH_COUNT","CONS_ZONE_SPD_LIM","COUNTY","CRASH_MONTH","CRASH_YEAR","DAY_OF_WEEK","DEC_LATITUDE","DEC_LONGITUDE","DISPATCH_TM","DISTRICT","DRIVER_COUNT_16YR","DRIVER_COUNT_17YR","DRIVER_COUNT_18YR","DRIVER_COUNT_19YR","DRIVER_COUNT_20YR","DRIVER_COUNT_50_64YR","DRIVER_COUNT_65_74YR","DRIVER_COUNT_75PLUS","EST_HRS_CLOSED","FATAL_COUNT","HEAVY_TRUCK_COUNT","HORSE_BUGGY_COUNT","HOUR_OF_DAY","ILLUMINATION","INJURY_COUNT","INTERSECTION_RELATED","INTERSECT_TYPE","LANE_CLOSED","LATITUDE","LN_CLOSE_DIR","LOCATION_TYPE","LONGITUDE","MAX_SEVERITY_LEVEL","MCYCLE_DEATH_COUNT","MCYCLE_SUSP_SERIOUS_INJ_COUNT","MOTORCYCLE_COUNT","MUNICIPALITY","NONMOTR_COUNT","NONMOTR_DEATH_COUNT","NONMOTR_SUSP_SERIOUS_INJ_COUNT","NTFY_HIWY_MAINT","PED_COUNT","PED_DEATH_COUNT","PED_SUSP_SERIOUS_INJ_COUNT","PERSON_COUNT","POLICE_AGCY","POSSIBLE_INJ_COUNT","RDWY_SURF_TYPE_CD","RELATION_TO_ROAD","ROADWAY_CLEARED","ROAD_CONDITION","SCH_BUS_IND","SCH_ZONE_IND","SECONDARY_CRASH","SMALL_TRUCK_COUNT","SPEC_JURIS_CD","SUSP_MINOR_INJ_COUNT","SUSP_SERIOUS_INJ_COUNT","SUV_COUNT","TCD_FUNC_CD","TCD_TYPE","TFC_DETOUR_IND","TIME_OF_DAY","TOTAL_UNITS","TOT_INJ_COUNT","UNBELTED_OCC_COUNT","UNB_DEATH_COUNT","UNB_SUSP_SERIOUS_INJ_COUNT","UNK_INJ_DEG_COUNT","UNK_INJ_PER_COUNT","URBAN_RURAL","VAN_COUNT","VEHICLE_COUNT","WEATHER1","WEATHER2","WORKERS_PRES","WORK_ZONE_IND","WORK_ZONE_LOC","WORK_ZONE_TYPE","WZ_CLOSE_DETOUR","WZ_FLAGGER","WZ_LAW_OFFCR_IND","WZ_LN_CLOSURE","WZ_MOVING","WZ_OTHER","WZ_SHLDER_MDN","WZ_WORKERS_INJ_KILLED"
"2012083623","1326","1","0","0","0","0","0","0","0","0","1","0","","02","8","2012","7","40.428688","-79.934492","1252","11","0","0","0","0","0","1","0","0","","0","0","0","12","","1","","0","","40 25:43.277","","0","79 56:04.172","4","0","0","0","2301","0","0","0","N","0","0","0","2","68B03","1","","1.0","","1","N","N","","1","","0","0","0","","0","","1250","2","1","0","0","0","0","0","2","0","2","","","","N","","","","","","","","","",""
"2012081346","2010","4","0","0","0","0","0","0","0","0","4","0","45","02","8","2012","5","40.403368","-80.040856","2003","11","0","0","0","0","0","1","0","0","1","0","0","0","20","","1","","1","","40 24:12.124","2","0","80 02:27.082","3","0","0","0","2301","0","0","0","N","0","0","0","7","02301","0","","1.0","","1","N","N","","0","","1","0","0","","2","N","2003","4","1","0","0","0","0","0","2","0","4","","","Y","Y","8","1","","Y","Y","","","","",""
"2012084910","1627","1","0","0","0","0","0","0","0","0","4","0","","02","8","2012","2","40.420169","-79.935723","1621","11","0","0","0","0","0","1","0","0","1","0","1","0","16","","0","","0","","40 25:12.610","4","0","79 56:08.601","0","0","0","0","2301","0","0","0","N","0","0","0","1","02301","0","","1.0","","1","N","N","","0","","0","0","0","","0","N","1615","2","0","0","0","0","0","0","2","0","2","","","","N","","","","","","","","","",""
"2012083624","1806","2","0","0","0","0","0","0","0","0","1","0","","02","8","2012","3","40.563173","-80.087595","1759","11","0","0","0","0","0","0","0","0","1","0","0","0","17","","2","","0","","40 33:47.422","1","0","80 05:15.343","8","0","0","0","2481","0","0","0","N","0","0","0","5","68B03","0","","1.0","","1","N","N","","0","","0","0","0","","0","N","1750","2","2","0","0","0","2","0","2","0","2","","","","N","","","","","","","","","",""
"2012081360","2258","2","0","0","0","0","0","0","0","0","4","0","","02","8","2012","7","40.447425","-79.942471","2253","11","0","0","0","0","0","0","0","0","","0","0","0","22","","0","","1","","40 26:50.730","","0","79 56:32.895","0","0","0","0","2301","0","0","0","N","0","0","0","6","02301","0","","1.0","","1","N","N","","0","","0","0","0","","2","","2250","2","0","0","0","0","0","0","2","0","2","","","","N","","","","","","","","","",""
"2012086544","1005","1","0","0","0","0","0","0","0","0","4","0","","02","8","2012","6","40.454076","-79.996814","1001","11","0","0","0","0","0","0","0","0","1","0","0","0","10","","1","","1","","40 27:14.672","1","0","79 59:48.532","8","0","0","0","2301","0","0","0","N","0","0","0","3","02301","0","","1.0","","1","N","N","","0","","0","0","1","","0","N","1001","2","1","0","0","0","1","0","2","0","2","","","","N","","","","","","","","","",""
"2012084186","1700","1","0","0","0","0","0","0","0","0","5","0","","02","8","2012","6","40.489529","-79.930511","1652","11","0","0","0","0","0","1","0","0","","0","0","0","16","","0","","0","","40 29:22.303","","0","79 55:49.840","0","0","0","0","2301","0","0","0","N","0","0","0","1","02301","0","","2.0","","1","N","N","","0","","0","0","1","","0","","1645","2","0","0","0","0","0","0","2","0","2","","","","N","","","","","","","","","",""
"2012085039","1745","1","0","0","0","0","0","0","0","0","4","0","","02","8","2012","6","40.655214","-80.08751","1742","11","0","0","0","0","0","0","1","0","","0","0","0","17","","0","","0","","40 39:18.771","","0","80 05:15.035","0","0","0","0","2212","0","0","0","N","0","0","0","2","02505","0","","1.0","","1","N","N","","0","","0","0","0","","8","","1742","2","0","0","0","0","0","0","2","1","2","","","","N","","","","","","","","","",""
"2012082218","0910","0","0","0","0","0","0","0","0","0","4","0","","02","8","2012","2","40.39606","-79.905235","0908","11","0","0","0","0","0","1","0","0","1","0","0","0","09","","1","","3","","40 23:45.816","2","0","79 54:18.846","8","0","0","0","2448","0","0","0","N","0","0","0","2","02448","0","","1.0","","1","N","N","","1","","0","0","1","","0","N","0908","2","1","0","0","0","1","0","2","0","2","","","","N","","","","","","","","","",""
"2012086546","1246","2","0","0","0","0","0","0","0","0","6","0","","02","8","2012","3","40.500436","-80.065356","1245","11","0","0","0","0","0","0","0","0","","0","0","0","12","","0","","0","","40 30:01.570","","0","80 03:55.280","0","0","0","0","2402","0","0","0","N","0","0","0","1","02402","0","","1.0","","1","N","N","","0","","0","0","0","","0","","1245","2","0","0","0","0","0","0","2","0","2","","","","N","","","","","","","","","",""
"2012085054","2105","2","0","0","0","0","0","0","0","0","1","0","","02","8","2012","2","40.450672","-80.023482","2052","11","0","0","0","0","0","2","0","0","2","0","0","0","20","","1","","1","","40 27:02.419","4","0","80 01:24.535","8","0","0","0","2301","0","0","0","N","0","0","0","3","02301","0","","1.0","","9","N","N","","0","","0","0","0","","2","N","2045","2","1","0","0","0","1","0","2","0","2","","","","N","","","","","","","","","",""
"2012081365","1252","1","0","0","0","0","0","0","0","0","1","0","","02","8","2012","5","40.532594","-79.958414","1246","11","0","0","1","0","0","0","1","0","","0","0","0","99","","1","","2","","40 31:57.337","","0","79 57:30.290","8","0","0","0","2118","0","0","0","N","0","0","0","3","02118","0","","1.0","","1","N","N","","0","","0","0","1","","2","","9999","2","1","0","0","0","1","0","2","0","2","","","","N","","","","","","","","","",""
"2012084915","1724","1","0","0","0","0","0","0","0","0","4","0","","02","8","2012","6","40.581512","-80.065493","1714","11","0","0","0","0","0","2","0","0","","0","0","0","17","","1","","1","","40 34:53.443","","0","80 03:55.774","4","0","0","1","2108","0","0","0","N","0","0","0","2","02108","1","","1.0","","1","N","N","","0","","0","0","0","","3","","1709","2","1","0","0","0","0","0","2","0","2","","","","N","","","","","","","","","",""
"2012085041","2014","2","0","0","0","0","0","0","0","0","0","0","","02","8","2012","2","40.381094","-79.995286","2009","11","0","0","0","0","0","1","0","0","2","0","0","0","20","","0","","0","","40 22:51.939","4","0","79 59:43.029","9","0","0","0","2301","0","0","0","N","0","0","0","5","02301","0","","1.0","","9","N","N","","1","","0","0","0","","0","N","2009","3","0","0","0","0","0","1","2","0","3","","","","N","","","","","","","","","",""
"2012084262","1841","1","0","0","0","0","0","0","0","0","8","0","","02","8","2012","6","40.451926","-79.952044","1831","11","0","0","0","0","0","0","0","0","","0","0","0","18","","1","","0","","40 27:06.933","","0","79 57:07.358","4","0","0","0","2301","1","0","0","N","1","0","0","2","02301","1","","1.0","","1","N","N","","0","","0","0","0","","0","","1831","2","1","1","0","0","0","1","2","0","1","","","","N","","","","","","","","","",""
"2012084916","2350","1","0","0","0","0","0","0","0","0","7","0","","02","8","2012","6","40.437849","-80.08836","2343","11","0","0","0","0","0","0","0","0","2","0","0","0","23","","0","","0","","40 26:16.256","3","0","80 05:18.096","9","0","0","0","2115","0","0","0","N","0","0","0","1","02115","0","","4.0","","1","N","N","","0","","0","0","0","","0","N","2343","1","0","0","0","0","0","1","2","0","1","","","","N","","","","","","","","","",""
"2012085056","1640","2","0","0","0","0","0","0","0","0","6","0","","02","8","2012","4","40.458026","-79.888905","1629","11","0","0","0","0","0","0","0","0","1","0","0","0","16","","0","","0","","40 27:28.894","4","0","79 53:20.059","9","0","0","0","2301","0","0","0","N","0","0","0","3","02301","0","","4.0","","1","N","N","","0","","0","0","0","","0","N","1628","2","0","0","0","0","0","2","2","0","2","","","","N","","","","","","","","","",""
"2012082222","0855","2","0","0","0","0","0","0","0","0","4","0","","02","8","2012","2","40.437857","-79.739515","0844","11","0","0","0","0","0","0","0","0","","0","0","0","08","","1","","1","","40 26:16.284","","0","79 44:22.255","8","0","0","0","2446","0","0","0","N","0","0","0","2","02446","0","","1.0","","1","N","N","","0","","0","0","0","","2","","0844","2","1","0","0","0","1","0","2","0","2","","","","N","","","","","","","","","",""
"2012084917","0159","2","0","0","0","0","0","0","0","0","1","0","","02","8","2012","6","40.522569","-80.176713","0154","11","0","0","0","0","0","0","0","0","","0","0","0","01","","0","","0","","40 31:21.248","","0","80 10:36.167","0","0","0","0","2213","0","0","0","N","0","0","0","1","02213","0","","1.0","","1","N","N","","0","","0","0","0","","0","","0154","2","0","0","0","0","0","0","2","0","2","","","","N","","","","","","","","","",""
"2012085126","1540","0","0","0","0","0","0","0","0","0","4","0","","02","8","2012","3","40.650068","-80.093985","1537","11","0","0","1","0","0","0","1","0","2","0","0","0","15","","1","","2","","40 39:00.244","3","0","80 05:38.345","4","0","0","0","2212","0","0","0","N","0","0","0","6","68B03","1","","1.0","","1","N","N","","1","","0","0","1","","2","N","1535","2","1","5","0","0","0","0","2","0","2","","","","N","","","","","","","","","",""
"2012082964","1132","1","0","0","0","0","0","0","0","0","7","0","35","02","8","2012","6","40.419298","-79.849542","1127","11","0","0","0","0","0","1","0","0","2","0","0","0","11","","0","","0","","40 25:09.472","4","0","79 50:58.351","0","0","0","0","2449","0","0","0","Y","0","0","0","2","02449","0","","4.0","","1","N","N","","0","","0","0","0","","0","N","1127","2","0","0","0","0","0","0","2","1","2","","","Y","Y","3","1","","","N","Y","","Y","",""
"2012086566","1128","0","0","0","0","0","0","0","0","0","1","0","","02","8","2012","6","40.447425","-79.942471","1122","11","0","0","0","0","0","0","0","0","","0","0","0","11","","2","","1","","40 26:50.730","","0","79 56:32.895","3","0","0","0","2301","0","0","0","N","0","0","0","2","02301","0","","1.0","","1","N","N","","0","","2","0","2","","1","","1115","2","2","0","0","0","0","0","2","0","2","","","","N","","","","","","","","","",""
"2012085127","1849","1","0","0","0","0","0","0","0","0","1","0","","02","8","2012","3","40.412881","-80.065923","1837","11","0","0","0","0","0","0","0","0","","0","0","0","18","","2","","0","","40 24:46.372","","0","80 03:57.323","3","0","0","0","2435","0","0","0","N","0","0","0","3","68B03","0","","1.0","","1","N","N","","0","","2","0","1","","0","","1835","2","2","0","0","0","0","0","2","0","2","","","","N","","","","","","","","","",""
"2012084919","1700","2","0","0","0","0","0","0","0","0","4","0","","02","8","2012","2","40.392569","-80.067195","1645","11","0","0","0","0","0","0","0","0","","0","0","0","16","","0","","0","","40 23:33.249","","0","80 04:01.902","0","0","0","0","2109","0","0","0","N","0","0","0","4","02109","0","","1.0","","9","N","N","","0","","0","0","1","","3","","1640","3","0","0","0","0","0","0","2","0","3","","","","N","","","","","","","","","",""
"2012085046","1635","3","0","0","0","0","0","0","0","0","1","0","","02","8","2012","2","40.368313","-79.983402","1633","11","0","0","0","1","0","1","0","0","1","0","0","0","16","","1","","0","","40 22:05.925","1","0","79 59:00.246","8","0","0","0","2413","0","0","0","N","0","0","0","8","02413","0","","1.0","","1","N","N","","0","","0","0","2","","0","N","1632","5","1","0","0","0","1","0","2","0","5","","","","N","","","","","","","","","",""
"2012085128","1536","2","0","0","0","0","0","0","0","0","1","0","","02","8","2012","2","40.42798","-79.926602","1520","11","0","0","0","0","0","2","0","0","","0","0","0","15","","1","","0","","40 25:40.727","","4","79 55:35.768","3","0","0","0","2301","0","0","0","N","0","0","0","6","68B03","0","","1.0","","1","N","N","","0","","1","0","2","","0","","1515","4","1","1","0","0","0","0","2","0","4","","","","N","","","","","","","","","",""
"2012081370","0520","0","0","0","0","0","0","0","0","0","1","0","","02","8","2012","6","40.469647","-79.908719","0520","11","0","0","0","0","0","1","0","0","","0","0","0","05","","0","","0","","40 28:10.730","","0","79 54:31.389","0","0","0","0","2301","0","0","0","N","0","0","0","2","02301","0","","1.0","","9","N","N","","1","","0","0","1","","0","","0520","2","0","0","0","0","0","0","2","0","2","","","","N","","","","","","","","","",""
"2012082226","1407","1","0","0","0","0","0","0","0","0","4","0","","02","8","2012","1","40.355564","-79.979551","1405","11","1","0","0","0","0","1","0","0","2","0","0","0","14","","1","","1","","40 21:20.030","2","0","79 58:46.383","3","0","0","1","2476","0","0","0","N","0","0","0","2","02476","0","","1.0","","1","N","N","","0","","1","0","0","","2","Y","1403","2","1","0","0","0","0","0","2","0","2","","","","N","","","","","","","","","",""
"2012086553","1351","0","0","0","0","0","0","0","0","0","4","1","","02","8","2012","5","40.40993","-80.005086","1345","11","0","0","0","0","0","0","0","0","","0","1","0","13","","1","","0","","40 24:35.748","","0","80 00:18.308","4","0","0","0","2301","0","0","0","N","0","0","0","4","02301","1","","1.0","","1","N","N","","1","","0","0","0","","0","","1344","2","1","1","0","0","0","0","2","0","2","","","","N","","","","","","","","","",""
"2012085047","1845","1","0","0","0","0","0","0","0","0","7","0","","02","8","2012","2","40.357182","-80.001396","1843","11","0","0","0","0","0","1","0","0","1","0","0","0","18","","0","","0","","40 21:25.854","3","7","80 00:05.027","0","0","0","0","2476","0","0","0","N","0","0","0","1","02476","0","","5.0","","9","N","N","","0","","0","0","0","","0","N","1841","1","0","0","0","0","0","0","2","0","1","","","","N","","","","","","","","","",""
"2012084335","1312","1","0","0","0","0","0","0","0","0","1","0","","02","8","2012","7","40.452114","-80.173283","1304","11","0","0","0","0","0","0","0","0","","0","0","0","13","","0","","7","","40 27:07.612","","2","80 10:23.817","0","0","0","0","2214","0","0","0","N","0","0","0","2","68B03","0","","1.0","","1","N","N","","0","","0","0","1","","0","","1303","2","0","0","0","0","0","0","2","0","2","","","","N","","","","","","","","","",""
"2012081371","0026","2","0","0","0","0","0","0","0","0","5","0","","02","8","2012","6","40.454827","-79.932391","0022","11","0","0","0","0","0","0","1","0","2","0","0","0","00","","0","","0","","40 27:17.376","4","0","79 55:56.608","0","0","0","0","2301","0","0","0","N","0","0","0","1","02301","0","","1.0","","1","N","N","","1","","0","0","0","","0","N","0020","3","0","0","0","0","0","0","2","0","3","","","","N","","","","","","","","","",""
"2012086569","0912","1","0","0","0","0","0","0","0","0","4","0","","02","8","2012","6","40.392526","-80.067134","0909","11","0","0","0","0","0","0","0","0","","0","0","0","09","","0","","0","","40 23:33.094","","0","80 04:01.682","0","0","0","0","2109","0","0","0","N","0","0","0","2","02109","0","","1.0","","1","Y","N","","0","","0","0","1","","0","","0905","2","0","0","0","0","0","0","2","0","2","","","","N","","","","","","","","","",""
"2012084336","1451","1","0","0","0","0","0","0","0","0","4","0","65","02","8","2012","3","40.65199","-80.093764","1451","11","0","0","0","0","0","0","1","0","","0","0","0","14","","0","","0","","40 39:07.165","","0","80 05:37.549","0","0","0","0","2212","0","0","0","N","0","0","0","2","68B03","0","","1.0","","1","N","N","","0","","0","0","1","","0","","1450","2","0","0","0","0","0","0","2","0","2","","","Y","Y","2","2","N","N","Y","Y","N","N","N",""
"2012081372","0327","1","0","0","0","0","0","0","0","0","7","0","","02","8","2012","6","40.477656","-79.932667","0324","11","0","0","0","0","0","0","0","0","","0","0","0","03","","0","","0","","40 28:39.561","","0","79 55:57.601","0","0","0","0","2301","0","0","0","N","0","0","0","1","02301","0","","4.0","","1","N","N","","0","","0","0","0","","0","","0320","1","0","0","0","0","0","0","2","0","1","","","","N","","","","","","","","","",""
"2012084132","1904","2","0","0","0","0","0","0","0","0","4","0","","02","8","2012","5","40.354226","-79.913811","1901","11","0","0","0","0","0","0","0","0","","0","0","0","19","","0","","2","","40 21:15.213","","0","79 54:49.719","0","0","0","0","2473","0","0","0","N","0","0","0","5","02473","0","","1.0","","1","N","N","","0","","0","0","0","","2","","1901","2","0","0","0","0","0","0","2","0","2","","","","N","","","","","","","","","",""
"2012084196","1625","2","0","0","0","0","0","0","0","0","4","0","","02","8","2012","6","40.26688","-79.834354","1620","11","0","0","1","0","0","0","0","0","2","0","0","0","16","","1","","2","","40 16:00.768","5","0","79 50:03.674","4","0","0","0","2105","0","0","0","N","0","0","0","3","02105","1","","1.0","","1","N","N","","0","","0","0","0","","3","N","1620","2","1","0","0","0","0","0","1","0","2","","","","N","","","","","","","","","",""
"2012083712","0940","1","0","0","0","0","0","0","0","0","1","0","","02","8","2012","5","40.428289","-79.930222","0938","11","0","0","0","0","0","0","0","0","","0","0","0","09","","0","","0","","40 25:41.840","","0","79 55:48.800","0","0","0","0","2301","0","0","0","N","0","0","0","6","02301","0","","1.0","","1","N","N","","0","","0","0","2","","0","","0930","3","0","0","0","0","0","0","2","0","3","","","","N","","","","","","","","","",""
"2012084197","1446","1","0","0","0","0","0","0","0","0","1","0","","02","8","2012","6","40.595509","-79.947767","1440","11","0","0","0","0","0","0","0","1","","0","0","0","14","","1","","0","","40 35:43.832","","0","79 56:51.960","8","0","0","0","2207","0","0","0","N","0","0","0","2","02207","0","","1.0","","1","N","N","","1","","0","0","0","","0","","1440","2","1","0","0","0","1","0","2","0","2","","","","N","","","","","","","","","",""
"2012086558","1657","3","0","0","0","0","0","0","0","0","1","0","","02","8","2012","4","40.51675","-80.004479","1655","11","0","0","0","0","0","1","0","1","1","0","0","0","16","","0","","0","","40 31:00.299","1","0","80 00:16.124","0","0","0","0","2116","0","0","0","N","0","0","0","4","02116","0","","1.0","","1","N","N","","0","","0","0","0","","0","N","1652","3","0","0","0","0","0","0","2","0","3","","","","N","","","","","","","","","",""
"2012086572","1155","0","0","0","0","0","0","0","0","0","1","0","","02","8","2012","6","40.398495","-79.988707","1152","11","0","0","0","0","0","0","0","0","","0","0","0","11","","0","","2","","40 23:54.582","","0","79 59:19.345","0","0","0","0","2301","0","0","0","N","0","0","0","3","02301","0","","1.0","","1","N","N","","0","","0","0","1","","0","","1150","2","0","0","0","0","0","0","2","1","2","","","","N","","","","","","","","","",""
"2012085694","1225","1","0","0","0","0","0","0","0","0","1","1","25","02","8","2012","4","40.384089","-79.860288","1225","11","0","0","0","0","0","0","0","0","","0","1","0","12","","0","","2","","40 23:02.721","","0","79 51:37.038","0","0","0","0","2303","0","0","0","Y","0","0","0","4","02303","0","","1.0","","1","N","N","","0","","0","0","0","","0","","1225","2","0","0","0","0","0","0","2","0","2","","","Y","Y","4","1","","","N","","","","",""
"2012084199","2056","1","0","0","0","0","0","0","0","0","1","0","","02","8","2012","4","40.556856","-80.022558","2053","11","0","0","0","0","0","1","0","0","1","0","0","0","20","","1","","0","","40 33:24.681","1","0","80 01:21.209","4","0","0","0","2108","0","0","0","N","0","0","0","2","02108","1","","1.0","","9","N","N","","0","","0","0","1","","2","N","2051","2","1","1","0","0","0","0","2","0","2","","","","N","","","","","","","","","",""
"2012086574","1012","1","0","0","0","0","0","0","0","0","7","0","","02","8","2012","6","40.473514","-80.015578","1009","11","0","0","0","0","0","0","0","0","3","0","0","0","10","","0","","0","","40 28:24.651","6","0","80 00:56.082","0","0","0","0","2301","0","0","0","N","0","0","0","1","02301","0","","5.0","","1","N","N","","0","","0","0","0","","0","Y","1007","1","0","0","0","0","0","0","2","0","1","","","","N","","","","","","","","","",""
"2012083715","0000","1","0","0","0","0","0","0","0","0","4","0","","02","4","2012","2","40.465231","-80.026836","0000","11","0","0","0","0","0","1","0","0","","0","0","0","15","","0","","2","","40 27:54.830","","0","80 01:36.611","0","0","0","0","2301","0","0","0","N","0","0","0","2","00000","0","","1.0","","1","N","N","","0","","0","0","0","","0","","1500","2","0","0","0","0","0","0","2","0","2","","","","N","","","","","","","","","",""
"2012084200","1554","2","0","0","0","0","0","0","0","0","2","0","","02","8","2012","5","40.566871","-80.00181","1451","11","0","0","0","0","1","0","0","0","1","0","0","0","14","","1","","0","","40 34:00.737","4","0","80 00:06.516","4","0","0","0","2108","0","0","0","N","0","0","0","4","02108","1","","1.0","","1","N","N","","0","","0","0","0","","0","N","1447","2","1","0","0","0","0","0","2","0","2","","","","N","","","","","","","","","",""
"2012084277","1845","2","0","0","0","0","0","0","0","0","4","0","","02","8","2012","6","40.437485","-79.999283","1839","11","0","0","0","0","0","0","0","0","","0","0","0","18","","0","","1","","40 26:14.947","","0","79 59:57.417","0","0","0","0","2301","0","0","0","N","0","0","0","2","02301","0","","1.0","","1","N","N","","0","","0","0","0","","0","","1835","2","0","0","0","0","0","0","2","0","2","","","","N","","","","","","","","","",""
"2012082110","0211","1","0","0","0","0","0","0","0","0","7","0","","02","8","2012","1","40.380923","-79.814671","0211","11","0","0","0","0","0","0","0","0","2","0","0","0","02","","1","","0","","40 22:51.324","6","0","79 48:52.815","4","0","0","0","2424","0","0","0","N","0","0","0","1","02424","1","","5.0","","1","N","N","","0","","0","0","0","","0","Y","0208","1","1","0","0","0","0","0","2","0","1","","","","N","","","","","","","","","",""
"2012082975","0000","0","0","0","0","0","0","0","0","0","3","0","","02","1","2012","2","40.461189","-79.896518","0000","11","0","0","0","0","0","1","0","0","","0","0","0","07","","1","","0","","40 27:40.280","","0","79 53:47.464","4","0","0","0","2301","0","0","0","N","0","0","0","2","00000","1","","1.0","","1","N","N","","0","","0","0","1","","0","","0740","2","1","0","0","0","0","0","2","1","2","","","","N","","","","","","","","","",""
"2012085070","0027","0","0","0","0","0","0","0","0","0","7","0","","02","8","2012","3","40.403614","-80.019723","0019","11","0","0","0","0","0","0","0","0","1","0","0","0","00","","1","","0","","40 24:13.010","2","0","80 01:11.004","8","0","0","0","2301","0","0","0","N","0","0","0","1","02301","0","","5.0","","1","N","N","","0","","0","0","0","","0","N","0019","1","1","0","0","0","1","0","2","1","1","","","","N","","","","","","","","","",""
"2012086647","1615","1","0","0","0","0","0","0","0","0","1","0","","02","8","2012","6","40.457959","-79.960591","1610","11","0","0","0","0","0","3","0","0","2","0","0","0","15","","0","","2","","40 27:28.654","3","0","79 57:38.129","0","0","0","0","2301","0","0","0","N","0","0","0","5","02301","0","","1.0","","1","Y","N","","0","","0","0","2","","0","N","1515","4","0","0","0","0","0","0","2","1","4","","","","N","","","","","","","","","",""
"2012086565","1109","0","0","0","0","0","0","0","0","0","8","0","","02","8","2012","6","40.450594","-80.013403","1107","11","0","0","0","0","0","1","0","0","","0","0","0","11","","1","","0","","40 27:02.140","","0","80 00:48.249","3","0","0","0","2301","1","0","0","N","1","0","0","2","02301","0","","5.0","","1","N","N","","0","","1","0","0","","0","","1107","2","1","0","0","0","0","0","2","1","1","","","","N","","","","","","","","","",""
"2012082977","1300","2","0","0","0","0","0","0","0","0","4","0","","02","8","2012","3","40.549719","-79.959331","1253","11","0","0","0","0","0","0","0","0","1","0","0","0","99","","2","","1","","40 32:58.989","5","0","79 57:33.590","3","0","0","0","2118","0","0","0","N","0","0","0","2","02118","0","","1.0","","1","N","N","","0","","2","0","0","","2","N","9999","2","2","0","0","0","0","0","2","0","2","","","","N","","","","","","","","","",""
"2012081318","1843","1","0","0","0","0","0","0","0","0","8","0","","02","8","2012","5","40.417461","-79.978","1840","11","0","0","0","0","0","0","0","0","1","0","0","0","18","","1","","3","","40 25:02.859","2","0","79 58:40.800","3","0","0","0","2301","1","0","0","N","1","0","0","2","02301","0","","1.0","","1","N","N","","0","","1","0","0","","0","N","1835","2","1","0","0","0","0","0","2","0","1","","","","N","","","","","","","","","",""
"2012083595","0240","2","0","0","0","0","0","0","0","0","5","0","","02","8","2012","5","40.464513","-80.027636","0236","11","0","0","0","0","0","0","0","0","","0","0","0","02","","0","","0","","40 27:52.248","","0","80 01:39.490","0","0","0","0","2301","0","0","0","N","0","0","0","1","02301","0","","1.0","","1","N","N","","0","","0","0","0","","0","","0230","2","0","0","0","0","0","0","2","0","2","","","","N","","","","","","","","","",""
"2012086583","1225","0","0","0","1","0","0","0","0","0","5","0","","02","8","2012","6","40.449867","-79.985844","1215","11","0","0","0","0","0","0","0","0","","0","0","0","10","","1","","0","","40 26:59.520","","0","79 59:09.040","4","0","0","0","2301","1","0","0","N","0","0","0","2","02301","1","","4.0","","1","N","N","","0","","0","0","1","","0","","1015","2","1","0","0","0","0","0","2","0","1","","","","N","","","","","","","","","",""
"2012083597","0123","1","0","0","0","0","0","0","0","0","7","0","","02","8","2012","5","40.454226","-79.977944","0122","11","0","0","0","0","0","1","0","0","","0","0","0","01","","1","","0","","40 27:15.212","","0","79 58:40.598","2","0","0","0","2301","0","0","0","N","0","0","0","1","02301","0","","5.0","","1","N","N","","0","","0","1","0","","2","","0120","1","1","0","0","0","0","0","2","0","1","","","","N","","","","","","","","","",""
"2012081386","1701","1","0","0","0","0","0","0","0","0","7","0","","02","8","2012","5","40.36794","-80.033124","1655","11","0","0","0","0","0","0","0","0","1","0","0","0","16","","0","","0","","40 22:04.584","3","0","80 01:59.246","0","0","0","0","2416","0","0","0","N","0","0","0","1","02416","0","","5.0","","1","N","N","","0","","0","0","0","","0","N","1655","1","0","0","0","0","0","0","2","0","1","","","","N","","","","","","","","","",""
"2012083726","1025","1","0","0","0","0","0","0","0","0","7","0","","02","8","2012","5","40.400125","-80.023838","1017","11","0","0","0","0","0","0","0","0","","0","0","0","10","","0","","3","","40 24:00.451","","0","80 01:25.815","0","0","0","0","2301","0","0","0","N","0","0","0","2","02301","0","","5.0","","1","N","N","","0","","0","0","0","","0","","1015","1","0","0","0","0","0","0","2","0","1","","","","N","","","","","","","","","",""
"2012081448","1441","0","0","0","0","0","0","0","0","0","7","0","","02","8","2012","3","40.522099","-79.815646","1425","11","0","0","0","0","0","0","1","0","","0","0","0","14","","1","","0","","40 31:19.558","","3","79 48:56.327","4","0","0","0","2466","0","0","0","N","0","0","0","1","68T02","1","","4.0","","9","N","N","","1","","0","0","0","","0","","1422","1","1","0","0","0","0","0","2","0","1","","","","N","","","","","","","","","",""
"2012086504","1745","2","0","0","0","0","0","0","0","0","4","0","","02","8","2012","5","","","1743","11","0","0","0","0","0","0","1","0","","0","0","0","17","","0","","2","","","","0","","9","0","0","0","2425","0","0","0","N","0","0","0","2","02425","0","","1.0","","1","N","N","","0","","0","0","0","","0","","1743","2","0","0","0","0","0","2","1","0","2","","","","N","","","","","","","","","",""