"CRN","ARRIVAL_TM","AUTOMOBILE_COUNT","BELTED_DEATH_COUNT","BELTED_SUSP_SERIOUS_INJ_COUNT","BICYCLE_COUNT","BICYCLE_DEATH_COUNT","BICYCLE_SUSP_SERIOUS_INJ_COUNT","BUS_COUNT","CHLDPAS_DEATH_COUNT","CHLDPAS_SUSP_SERIOUS_INJ_COUNT","COLLISION_TYPE","COMM_VEH_COUNT","CONS_ZONE_SPD_LIM","COUNTY","CRASH_MONTH","CRASH_YEAR","DAY_OF_WEEK","DEC_LATITUDE","DEC_LONGITUDE","DISPATCH_TM","DISTRICT","DRIVER_COUNT_16YR","DRIVER_COUNT_17YR","DRIVER_COUNT_18YR","DRIVER_COUNT_19YR","DRIVER_COUNT_20YR","DRIVER_COUNT_50_64YR","DRIVER_COUNT_65_74YR","DRIVER_COUNT_75PLUS","EST_HRS_CLOSED","FATAL_COUNT","HEAVY_TRUCK_COUNT","HORSE_BUGGY_COUNT","HOUR_OF_DAY","ILLUMINATION","INJURY_COUNT","INTERSECTION_RELATED","INTERSECT_TYPE","LANE_CLOSED","LATITUDE","LN_CLOSE_DIR","LOCATION_TYPE","LONGITUDE","MAX_SEVERITY_LEVEL","MCYCLE_DEATH_COUNT","MCYCLE_SUSP_SERIOUS_INJ_COUNT","MOTORCYCLE_COUNT","MUNICIPALITY","NONMOTR_COUNT","NONMOTR_DEATH_COUNT","NONMOTR_SUSP_SERIOUS_INJ_COUNT","NTFY_HIWY_MAINT","PED_COUNT","PED_DEATH_COUNT","PED_SUSP_SERIOUS_INJ_COUNT","PERSON_COUNT","POLICE_AGCY","POSSIBLE_INJ_COUNT","RDWY_SURF_TYPE_CD","RELATION_TO_ROAD","ROADWAY_CLEARED","ROAD_CONDITION","SCH_BUS_IND","SCH_ZONE_IND","SECONDARY_CRASH","SMALL_TRUCK_COUNT","SPEC_JURIS_CD","SUSP_MINOR_INJ_COUNT","SUSP_SERIOUS_INJ_COUNT","SUV_COUNT","TCD_FUNC_CD","TCD_TYPE","TFC_DETOUR_IND","TIME_OF_DAY","TOTAL_UNITS","TOT_INJ_COUNT","UNBELTED_OCC_COUNT","UNB_DEATH_COUNT","UNB_SUSP_SERIOUS_INJ_COUNT","UNK_INJ_DEG_COUNT","UNK_INJ_PER_COUNT","URBAN_RURAL","VAN_COUNT","VEHICLE_COUNT","WEATHER1","WEATHER2","WORKERS_PRES","WORK_ZONE_IND","WORK_ZONE_LOC","WORK_ZONE_TYPE","WZ_CLOSE_DETOUR","WZ_FLAGGER","WZ_LAW_OFFCR_IND","WZ_LN_CLOSURE","WZ_MOVING","WZ_OTHER","WZ_SHLDER_MDN","WZ_WORKERS_INJ_KILLED"
"2012082463","0531","4","0","0","0","0","0","0","0","0","5","0","","02","8","2012","2","40.38881","-79.911861","0528","11","0","0","0","0","0","0","0","0","2","0","0","0","05","","0","","0","","40 23:19.716","7","0","79 54:42.699","0","0","0","0","2448","0","0","0","N","0","0","0","1","02448","0","","1.0","","1","N","N","","0","","0","0","0","","0","Y","0528","4","0","0","0","0","0","0","2","0","4","","","","N","","","","","","","","","",""
"2012081539","1645","1","0","0","0","0","0","0","0","0","1","0","","02","8","2012","6","40.451275","-80.172909","1643","11","0","0","1","0","0","0","0","0","","0","0","0","16","","1","","0","","40 27:04.590","","0","80 10:22.473","4","0","0","0","2214","0","0","0","N","0","0","0","4","02214","1","","1.0","","1","N","N","","1","","0","0","0","","0","","1643","2","1","0","0","0","0","0","2","0","2","","","","N","","","","","","","","","",""
"2012083060","0858","1","0","0","0","0","0","0","0","0","4","1","","02","8","2012","4","40.432773","-80.005106","0858","11","0","0","0","0","0","0","0","0","","0","0","0","08","","0","","2","","40 25:57.984","","4","80 00:18.381","9","0","0","0","2301","0","0","0","N","0","0","0","2","02301","0","","1.0","","1","N","N","","1","","0","0","0","","2","","0858","2","0","0","0","0","0","2","2","0","2","","","","N","","","","","","","","","",""
"2012081771","1452","1","0","0","0","0","0","0","0","0","1","0","","02","8","2012","6","40.432306","-79.918257","1449","11","0","0","0","0","0","1","0","0","","0","0","0","14","","0","","1","","40 25:56.301","","0","79 55:05.725","0","0","0","0","2301","0","0","0","N","0","0","0","3","02301","0","","1.0","","9","N","N","","1","","0","0","0","","2","","1448","2","0","0","0","0","0","0","2","0","2","","","","N","","","","","","","","","",""
"2012081041","2226","1","0","0","0","0","0","0","0","0","4","0","","02","8","2012","4","40.430682","-79.892598","2224","11","0","0","0","0","0","0","1","0","1","0","0","0","22","","1","","2","","40 25:50.455","5","0","79 53:33.352","4","0","0","0","2463","0","0","0","N","0","0","0","2","02463","1","","1.0","","1","N","N","","0","","0","0","1","","0","Y","2220","2","1","1","0","0","0","0","2","0","2","","","","N","","","","","","","","","",""
"2012081042","2315","0","0","0","0","0","0","0","0","0","7","0","","02","8","2012","4","40.341526","-79.840307","2315","11","0","0","0","0","0","1","0","0","","0","0","0","23","","1","","1","","40 20:29.493","","0","79 50:25.105","8","0","0","0","2304","0","0","0","N","0","0","0","1","02304","0","","5.0","","1","N","N","","1","","0","0","0","","3","","2314","1","1","0","0","0","1","0","2","0","1","","","","N","","","","","","","","","",""
"2012082467","2259","1","0","0","0","0","0","0","0","0","7","0","","02","8","2012","2","40.610998","-79.821814","2252","11","0","0","1","0","0","0","0","0","2","0","0","0","22","","1","","0","","40 36:39.594","3","0","79 49:18.530","4","0","0","0","2220","0","0","0","N","0","0","0","1","02220","1","","4.0","","1","N","N","","0","","0","0","0","","0","Y","2252","1","1","1","0","0","0","0","1","0","1","","","","N","","","","","","","","","",""
"2012081474","2055","0","0","0","0","0","0","0","0","0","1","0","25","02","8","2012","4","40.464754","-79.979778","2055","11","0","0","0","1","0","0","0","0","9","0","0","0","20","","0","","0","","40 27:53.113","1","0","79 58:47.201","0","0","0","0","2301","0","0","0","Y","0","0","0","5","02301","0","","1.0","","1","N","N","","0","","0","0","2","","7","Y","2055","2","0","0","0","0","0","0","2","0","2","","","Y","Y","4","1","","Y","Y","","","","",""
"2012081546","1423","1","0","0","0","0","0","1","0","0","5","1","","02","8","2012","6","40.454631","-79.897437","1418","11","0","0","0","0","0","1","0","0","","0","0","0","14","","0","","0","","40 27:16.670","","0","79 53:50.772","0","0","0","0","2301","0","0","0","N","0","0","0","1","02503","0","","6.0","","1","N","N","","0","","0","0","0","","2","","1418","2","0","0","0","0","0","0","2","0","2","","","","N","","","","","","","","","",""
"2012082470","2110","1","0","0","0","0","0","0","0","0","4","0","","02","8","2012","4","40.489479","-79.819853","2108","11","0","0","0","0","0","0","0","0","","0","0","0","21","","1","","1","","40 29:22.124","","0","79 49:11.470","8","0","0","0","2113","0","0","0","N","0","0","0","2","02113","0","","1.0","","1","N","N","","0","","0","0","1","","3","","2108","2","1","0","0","0","1","0","2","0","2","","","","N","","","","","","","","","",""
"2012083208","2223","1","0","0","0","0","0","0","0","0","4","0","","02","8","2012","3","40.512224","-79.949323","2221","11","0","0","1","0","0","0","0","0","1","0","0","0","99","","2","","2","","40 30:44.008","2","0","79 56:57.562","4","0","0","0","2118","0","0","0","N","0","0","0","4","02118","2","","1.0","","1","N","N","","1","","0","0","0","","2","N","9999","2","2","0","0","0","0","0","2","0","2","","","","N","","","","","","","","","",""
"2012082485","0116","1","0","0","0","0","0","0","0","0","7","0","","02","8","2012","3","40.549719","-79.959331","0116","11","0","0","0","0","0","0","0","0","1","0","0","0","01","","1","","1","","40 32:58.989","6","0","79 57:33.590","4","0","0","0","2118","0","0","0","N","0","0","0","2","02118","1","","5.0","","1","N","N","","0","","0","0","0","","2","N","0116","1","1","2","0","0","0","0","2","0","1","","","","N","","","","","","","","","",""
"2012083751","1732","1","0","0","0","0","0","0","0","0","2","0","","02","8","2012","4","40.66141","-79.757401","1729","11","0","0","0","0","0","0","1","0","5","1","0","0","17","","2","","0","","40 39:41.076","7","0","79 45:26.645","1","0","0","0","2202","0","0","0","N","0","0","0","5","02202","1","2","1.0","","1","N","N","","0","0","1","0","0","","0","Y","1725","2","2","1","1","0","0","0","1","1","2","","","","N","","","","","","","","","",""
"2012083863","0030","0","0","0","0","0","0","0","0","0","5","2","","02","7","2012","3","40.410616","-80.071143","0030","11","0","0","0","0","0","1","0","0","2","0","2","0","00","","0","","0","","40 24:38.218","4","0","80 04:16.113","0","0","0","0","2435","0","0","0","N","0","0","0","2","68B03","0","","4.0","","1","N","N","","0","","0","0","0","","0","Y","0030","2","0","0","0","0","0","0","2","0","2","","","","N","","","","","","","","","",""
"2012081845","1707","1","0","0","0","0","0","0","0","0","4","1","","02","8","2012","5","40.550971","-79.818081","1705","11","0","0","0","0","0","0","0","0","2","0","1","0","17","","1","","0","","40 33:03.494","1","0","79 49:05.093","3","0","0","0","2208","0","0","0","N","0","0","0","4","68D02","0","","1.0","","1","N","N","","0","","1","0","2","","0","N","1704","4","1","2","0","0","0","0","2","0","4","","","","N","","","","","","","","","",""
"2012082612","1220","2","0","0","0","0","0","0","0","0","1","0","","02","8","2012","3","40.672724","-80.114087","1208","11","0","0","0","0","0","0","0","0","","0","0","0","12","","0","","2","","40 40:21.806","","0","80 06:50.713","0","0","0","0","2212","0","0","0","N","0","0","0","2","02505","0","","1.0","","1","N","N","","0","","0","0","0","","0","","1208","2","0","0","0","0","0","0","2","0","2","","","","N","","","","","","","","","",""
"2012083937","1843","2","0","0","0","0","0","0","0","0","4","0","","02","8","2012","5","40.42886","-79.988603","1842","11","0","0","0","1","0","0","0","0","","0","0","0","18","","0","","0","","40 25:43.895","","0","79 59:18.969","0","0","0","0","2301","0","0","0","N","0","0","0","3","02301","0","","1.0","","1","N","N","","0","","0","0","0","","0","","1840","2","0","1","0","0","0","0","2","0","2","","","","N","","","","","","","","","",""
"2012083864","1849","0","0","0","0","0","0","0","0","0","7","0","","02","8","2012","1","40.445576","-79.844486","1820","11","0","0","0","0","0","0","0","0","4","0","0","0","18","","1","","0","","40 26:44.072","4","0","79 50:40.149","2","0","0","0","2419","0","0","0","Y","0","0","0","2","68B03","0","","2.0","","1","N","N","","0","","0","1","2","","0","Y","1817","2","1","0","0","0","0","0","2","0","2","","","","N","","","","","","","","","",""
"2012082474","0700","1","0","0","0","0","0","0","0","0","6","0","","02","8","2012","2","40.439598","-79.99525","0655","11","0","0","0","0","0","0","0","0","1","0","0","0","06","","0","","0","","40 26:22.552","2","7","79 59:42.900","0","0","0","0","2301","0","0","0","N","0","0","0","2","02301","0","","1.0","","1","N","N","","1","","0","0","0","","0","N","0650","2","0","1","0","0","0","0","2","0","2","","","","N","","","","","","","","","",""
"2012081710","2338","1","0","0","0","0","0","0","0","0","1","1","","02","6","2012","5","40.327289","-80.141519","2319","11","0","0","0","0","0","1","0","0","3","1","1","0","23","","0","","0","","40 19:38.242","2","0","80 08:29.467","1","0","0","0","2119","0","0","0","N","0","0","0","2","68B03","0","1","1.0","","1","N","N","","0","0","0","0","0","","0","N","2317","2","0","1","1","0","0","0","2","0","2","","","","N","","","","","","","","","",""
"2012083865","1751","3","0","0","0","0","0","0","0","0","1","0","","02","8","2012","2","40.417012","-80.086558","1742","11","0","0","0","0","1","0","0","0","","0","0","0","17","","1","","0","","40 25:01.244","","0","80 05:11.610","8","0","0","0","2415","0","0","0","N","0","0","0","4","68B03","0","","1.0","","1","N","N","","0","","0","0","0","","0","","1741","3","1","0","0","0","1","0","2","0","3","","","","N","","","","","","","","","",""
"2012083754","0703","0","0","0","0","0","0","0","0","0","1","2","","02","8","2012","5","40.506733","-80.119028","0659","11","0","0","0","0","0","0","1","0","3","0","2","0","06","","2","","0","","40 30:24.238","5","0","80 07:08.500","4","0","0","0","2110","0","0","0","N","0","0","0","2","02215","2","","1.0","","1","N","N","","0","","0","0","0","","0","Y","0659","2","2","0","0","0","0","0","2","0","2","","","","N","","","","","","","","","",""
"2012083940","1720","0","0","0","0","0","0","0","0","0","1","0","","02","8","2012","5","40.439147","-79.962119","1706","11","0","0","1","0","0","1","0","0","","0","0","0","17","","0","","1","","40 26:20.929","","0","79 57:43.628","0","0","0","0","2301","0","0","0","N","0","0","0","2","02301","0","","1.0","","1","N","N","","0","","0","0","2","","2","","1700","2","0","0","0","0","0","0","2","0","2","","","","N","","","","","","","","","",""
"2012081698","2103","0","0","0","0","0","0","0","0","0","4","0","","02","8","2012","5","40.45082","-79.713563","2056","11","0","1","0","0","0","0","0","0","1","0","0","0","20","","2","","1","","40 27:02.952","2","0","79 42:48.828","8","0","0","0","2466","0","0","0","N","0","0","0","4","02466","0","","1.0","","1","N","N","","0","","0","0","1","","2","Y","2052","2","2","0","0","0","2","0","2","1","2","","","","N","","","","","","","","","",""
"2012082477","0246","0","0","0","0","0","0","0","0","0","7","0","","02","8","2012","3","40.455386","-79.870955","0236","11","0","0","0","0","0","0","0","0","","0","0","0","02","","0","","0","","40 27:19.389","","0","79 52:15.438","9","0","0","0","2301","0","0","0","N","0","0","0","1","02301","0","","5.0","","1","N","N","","0","","0","0","1","","0","","0235","1","0","0","0","0","0","1","2","0","1","","","","N","","","","","","","","","",""
"2012082489","1242","0","0","0","0","0","0","0","0","0","1","0","","02","8","2012","7","40.52542","-80.069798","1241","11","0","0","0","0","1","0","1","0","","0","0","0","12","","1","","1","","40 31:31.513","","2","80 04:11.272","4","0","0","0","2215","0","0","0","N","0","0","0","2","02215","1","","1.0","","1","N","N","","1","","0","0","1","","2","","1241","2","1","1","0","0","0","0","2","0","2","","","","N","","","","","","","","","",""
"2012081481","1022","1","0","0","0","0","0","0","0","0","7","0","","02","8","2012","6","40.404336","-79.990403","1017","11","0","0","0","0","0","0","0","0","","0","0","0","10","","0","","0","","40 24:15.609","","0","79 59:25.450","0","0","0","0","2301","0","0","0","N","0","0","0","2","02301","0","","2.0","","1","N","N","","0","","0","0","0","","0","","1017","1","0","0","0","0","0","0","2","0","1","","","","N","","","","","","","","","",""
"2012083867","1630","2","0","0","0","0","0","0","0","0","1","0","","02","8","2012","6","40.435397","-79.982045","1615","11","0","0","0","0","0","0","0","0","","0","0","0","16","","1","","0","","40 26:07.430","","0","79 58:55.362","4","0","0","0","2301","0","0","0","N","0","0","0","2","68B03","1","","1.0","","1","N","N","","0","","0","0","0","","0","","1600","2","1","0","0","0","0","0","2","0","2","","","","N","","","","","","","","","",""
"2012083757","1124","2","0","0","0","0","0","0","0","0","1","0","","02","8","2012","1","40.343538","-79.970154","1121","11","0","0","0","0","0","0","0","0","1","0","0","0","11","","3","","2","","40 20:36.738","1","0","79 58:12.554","4","0","0","0","2403","0","0","0","N","0","0","0","4","02403","3","","1.0","","1","N","N","","0","","0","0","0","","2","N","1121","2","3","0","0","0","0","0","2","0","2","","","","N","","","","","","","","","",""
"2012082336","1918","2","0","0","0","0","0","0","0","0","7","0","","02","8","2012","1","40.58164","-79.781766","1908","11","0","0","0","0","0","0","0","0","2","0","0","0","19","","1","","0","","40 34:53.903","5","0","79 46:54.359","4","0","0","0","2104","0","0","0","N","0","0","0","2","68D02","1","","3.0","","1","N","N","","0","","0","0","0","","0","N","1908","2","1","0","0","0","0","0","2","0","2","","","","N","","","","","","","","","",""
"2012081629","0921","0","0","0","0","0","0","1","0","0","1","1","","02","8","2012","6","40.433404","-79.797927","0921","11","0","0","0","0","0","2","0","0","2","0","1","0","09","","1","","0","","40 26:00.255","4","0","79 47:52.538","3","0","0","0","2446","0","0","0","N","0","0","0","4","02446","0","","1.0","","1","Y","N","","0","","1","0","2","","0","N","0921","4","1","0","0","0","0","0","2","0","4","","","","N","","","","","","","","","",""
"2012083868","2223","1","0","0","0","0","0","0","0","0","7","0","","02","8","2012","6","40.516094","-80.133582","2204","11","0","0","0","0","0","1","0","0","","0","0","0","21","","0","","0","","40 30:57.937","","3","80 08:00.894","0","0","0","0","2434","0","0","0","N","0","0","0","1","68B03","0","","4.0","","1","N","N","","0","","0","0","0","","0","","2155","1","0","0","0","0","0","0","2","0","1","","","","N","","","","","","","","","",""
"2012081054","0146","2","0","0","0","0","0","0","0","0","1","0","","02","8","2012","4","40.536461","-79.840866","0145","11","0","0","1","0","0","0","0","0","2","0","0","0","01","","0","","0","","40 32:11.259","2","0","79 50:27.116","0","0","0","0","2208","0","0","0","N","0","0","0","2","02208","0","","1.0","","1","N","N","","0","","0","0","0","","0","N","0145","2","0","0","0","0","0","0","2","0","2","","","","N","","","","","","","","","",""
"2012083072","1104","0","0","0","0","0","0","0","0","0","4","0","","02","8","2012","4","40.470295","-80.220373","1057","11","0","0","0","0","0","1","1","0","","0","0","0","10","","2","","1","","40 28:13.061","","0","80 13:13.344","3","0","0","0","2203","0","0","0","N","0","0","0","2","02203","1","","1.0","","1","N","N","","0","","1","0","2","","2","","1055","2","2","0","0","0","0","0","2","0","2","","","","N","","","","","","","","","",""
"2012083869","","1","0","0","0","0","0","0","0","0","1","0","","02","8","2012","7","40.442855","-79.990868","2228","11","0","0","0","0","0","0","0","0","2","0","0","0","","","1","","1","","40 26:34.277","3","0","79 59:27.126","3","0","0","1","2301","0","0","0","N","0","0","0","3","68B03","0","","1.0","","1","N","N","","0","","1","0","0","3","4","N","","2","1","0","0","0","0","0","2","0","2","","","","N","","","","","","","","","",""
"2012081702","","1","0","0","0","0","0","0","0","0","7","0","","02","7","2012","1","40.362126","-80.022362","0312","11","0","0","0","0","0","0","0","0","","0","0","0","","","1","","2","","40 21:43.653","","0","80 01:20.503","4","0","0","0","2416","0","0","0","N","0","0","0","1","02416","1","","5.0","","1","N","N","","0","","0","0","0","0","0","","","1","1","1","0","0","0","0","2","0","1","","","","N","","","","","","","","","",""
"2012082277","","1","0","0","0","0","0","0","0","0","1","0","","02","8","2012","2","40.443445","-80.028153","1711","11","0","0","0","0","0","0","1","0","1","0","0","0","","","0","","2","","40 26:36.402","1","0","80 01:41.351","0","0","0","0","2301","0","0","0","N","0","0","0","3","02301","0","","1.0","","1","N","N","","2","","0","0","0","3","2","N","","3","0","0","0","0","0","0","2","0","3","","","","N","","","","","","","","","",""
"2012083073","","1","0","0","0","0","0","0","0","0","1","1","","02","8","2012","4","40.410966","-80.006048","1145","11","0","0","0","0","0","1","0","0","2","0","1","0","","","2","","2","","40 24:39.476","2","0","80 00:21.772","4","0","0","0","2301","0","0","0","N","0","0","0","3","02301","1","","1.0","","1","N","N","","0","","0","0","0","3","2","N","","2","2","0","0","0","1","0","2","0","2","","","","N","","","","","","","","","",""
"2012081556","","1","0","0","0","0","0","0","0","0","7","0","","02","8","2012","4","40.577742","-80.009877","1138","11","0","0","0","0","0","1","0","0","","0","0","0","","","1","","0","","40 34:39.871","","0","80 00:35.557","4","0","0","0","2108","0","0","0","N","0","0","0","2","02108","1","","1.0","","1","N","N","","0","","0","0","0","0","0","","","1","1","0","0","0","0","0","2","0","1","","","","N","","","","","","","","","",""
"2012081704","","2","0","0","0","0","0","0","0","0","1","0","","02","8","2012","4","40.367801","-80.027719","1410","11","0","0","0","0","0","1","0","1","2","0","0","0","","","1","","0","","40 22:04.082","3","0","80 01:39.790","3","0","0","0","2416","0","0","0","N","0","0","0","5","02416","0","","1.0","","1","N","N","","0","","1","0","0","0","0","Y","","2","1","1","0","0","0","0","2","0","2","","","","N","","","","","","","","","",""
"2012082278","","1","0","0","0","0","0","0","0","0","2","0","","02","8","2012","1","40.451509","-79.908149","2243","11","0","0","0","0","0","0","0","1","1","0","0","0","","","0","","1","","40 27:05.432","4","0","79 54:29.335","9","0","0","0","2301","0","0","0","N","0","0","0","3","02301","0","","1.0","","1","N","N","","0","","0","0","1","3","2","N","","2","0","0","0","0","0","2","2","0","2","","","","N","","","","","","","","","",""
"2012083824","","1","0","0","0","0","0","0","0","0","1","0","","02","8","2012","5","40.592649","-79.752117","1607","11","0","0","0","0","0","2","0","0","1","0","0","0","","","1","","0","","40 35:33.536","2","0","79 45:07.622","8","0","0","0","2464","0","0","0","N","0","0","0","2","64305","0","","1.0","","1","N","N","","0","","0","0","1","3","2","N","","2","1","0","0","0","1","0","2","0","2","","","","N","","","","","","","","","",""
"2012083945","","2","0","0","0","0","0","0","0","0","4","0","","02","8","2012","5","40.441956","-79.962881","1833","11","0","0","0","0","0","0","0","0","","0","0","0","","","0","","1","","40 26:31.041","","0","79 57:46.371","0","0","0","0","2301","0","0","0","N","0","0","0","3","02301","0","","1.0","","1","N","N","","0","","0","0","0","3","2","","","2","0","0","0","0","0","0","2","0","2","","","","N","","","","","","","","","",""
"2012083871","","1","0","0","0","0","0","0","0","0","1","0","","02","8","2012","4","40.367417","-80.119127","1729","11","0","0","0","0","0","0","0","0","","0","0","0","","","0","","0","","40 22:02.702","","0","80 07:08.857","0","0","0","0","2102","0","0","0","N","0","0","0","2","68B03","0","","1.0","","1","N","N","","0","","0","0","1","0","0","","","2","0","0","0","0","0","0","2","0","2","","","","N","","","","","","","","","",""
"2012081705","","2","0","0","0","0","0","0","0","0","1","0","","02","8","2012","6","40.357577","-80.028572","1840","11","0","0","0","0","0","1","0","0","","0","0","0","","","1","","0","","40 21:27.276","","0","80 01:42.860","4","0","0","0","2416","0","0","0","N","0","0","0","3","02416","1","","1.0","","1","N","N","","1","","0","0","0","0","0","","","3","1","0","0","0","0","0","2","0","3","","","","N","","","","","","","","","",""
"2012081867","","0","0","0","0","0","0","0","0","0","7","0","","02","8","2012","7","40.32413","-79.943587","1943","11","0","0","0","0","0","0","0","0","1","0","0","0","","","1","","0","","40 19:26.867","2","0","79 56:36.914","3","0","0","1","2454","0","0","0","N","0","0","0","1","02454","0","","4.0","","1","N","N","","0","","1","0","0","0","0","N","","1","1","0","0","0","0","0","2","0","1","","","","N","","","","","","","","","",""
"2012081936","","1","0","0","0","0","0","0","0","0","6","0","","02","8","2012","1","40.463377","-79.871044","0839","11","0","0","0","1","0","0","0","0","1","0","0","0","","","0","","0","","40 27:48.157","1","0","79 52:15.758","0","0","0","0","2113","0","0","0","N","0","0","0","4","02113","0","","1.0","","1","N","N","","0","","0","0","1","0","0","Y","","2","0","0","0","0","0","0","2","0","2","","","","N","","","","","","","","","",""
"2012089007","","1","0","0","0","0","0","0","0","0","4","0","","02","9","2012","5","40.5868","-80.045118","1441","11","0","0","0","0","1","0","0","0","","0","0","0","","","0","","1","","40 35:12.479","","0","80 02:42.423","0","0","0","0","2108","0","0","0","N","0","0","0","2","02108","0","","1.0","","1","N","N","","0","","0","0","0","3","2","","","2","0","0","0","0","0","0","2","1","2","","","","N","","","","","","","","","",""
"2012081073","","1","0","0","0","0","0","0","0","0","7","0","","02","8","2012","4","40.317678","-79.912023","1313","11","0","0","0","0","0","0","1","0","","0","0","0","","","0","","0","","40 19:03.640","","0","79 54:43.282","0","0","0","0","2440","0","0","0","N","0","0","0","1","02440","0","","5.0","","1","N","N","","0","","0","0","0","0","0","","","1","0","0","0","0","0","0","2","0","1","","","","N","","","","","","","","","",""
"2012081938","","2","0","0","0","0","0","0","0","0","4","0","","02","8","2012","5","40.494912","-80.065393","1230","11","0","0","0","0","0","0","0","0","1","0","0","0","","","1","","0","","40 29:41.683","1","0","80 03:55.416","4","0","0","0","2402","0","0","0","N","0","0","0","2","02402","1","","1.0","","1","N","N","","0","","0","0","0","0","0","Y","","2","1","0","0","0","0","0","2","0","2","","","","N","","","","","","","","","",""
"2012081216","","2","0","0","0","0","0","0","0","0","4","0","","02","8","2012","4","40.440867","-80.019124","1943","11","0","0","0","0","0","0","0","0","","0","0","0","","","0","","0","","40 26:27.121","","0","80 01:08.846","0","0","0","0","2301","0","0","0","N","0","0","0","3","02301","0","","1.0","","1","N","N","","0","","0","0","0","3","4","","","2","0","0","0","0","0","0","2","0","2","","","","N","","","","","","","","","",""
"2012083569","","1","0","0","0","0","0","0","0","0","7","0","","02","8","2012","4","40.290558","-79.890811","0139","11","0","0","0","0","0","0","0","0","3","0","0","0","","","0","","0","","40 17:26.010","7","0","79 53:26.920","0","0","0","0","2302","0","0","0","N","0","0","0","0","02302","0","","5.0","","1","N","N","","0","","0","0","0","0","0","N","","1","0","0","0","0","0","0","2","0","1","","","","N","","","","","","","","","",""
"2012089008","","3","0","0","0","0","0","0","0","0","4","0","","02","9","2012","4","40.450095","-80.109864","0745","11","0","0","0","0","0","0","2","0","2","0","0","0","","","2","","2","","40 27:00.343","4","2","80 06:35.511","4","0","0","0","2115","0","0","0","N","0","0","0","6","02115","2","","1.0","","1","N","N","","0","","0","0","0","3","2","N","","6","2","0","0","0","0","0","2","3","6","","","","N","","","","","","","","","",""
"2012083434","","2","0","0","0","0","0","0","0","0","1","0","","02","8","2012","4","40.396218","-79.998194","1654","11","0","0","0","0","0","0","0","0","","0","0","0","","","1","","1","","40 23:46.384","","0","79 59:53.499","4","0","0","0","2301","0","0","0","N","0","0","0","3","02301","1","","1.0","","1","N","N","","0","","0","0","0","3","2","","","3","1","0","0","0","0","0","2","1","3","","","","N","","","","","","","","","",""
"2012089009","","3","0","0","0","0","0","0","0","0","4","0","","02","9","2012","4","40.424052","-80.103422","1715","11","0","0","0","0","0","1","1","0","","0","0","0","","","0","","2","","40 25:26.587","","0","80 06:12.319","0","0","0","0","2115","0","0","0","N","0","0","0","3","02115","0","","1.0","","1","N","N","","0","","0","0","0","3","3","","","3","0","0","0","0","0","0","2","0","3","","","","N","","","","","","","","","",""
"2012081956","","1","0","0","0","0","0","0","0","0","2","0","","02","8","2012","6","40.43458","-79.989819","1456","11","0","0","0","0","0","1","0","0","","0","0","0","","","0","","1","","40 26:04.489","","0","79 59:23.348","0","0","0","0","2301","0","0","0","N","0","0","0","4","02301","0","","1.0","","1","N","N","","1","","0","0","0","3","2","","","2","0","0","0","0","0","0","2","0","2","","","","N","","","","","","","","","",""
"2012081957","","1","0","0","0","0","0","0","0","0","2","0","","02","8","2012","3","40.541049","-79.784119","1927","11","0","0","0","0","0","0","0","0","2","0","0","0","","","3","","1","","40 32:27.776","6","0","79 47:02.829","4","0","0","0","2462","0","0","0","N","0","0","0","3","02462","2","","1.0","","1","N","N","","0","","0","0","0","3","2","N","","2","3","0","0","0","1","0","2","1","2","","","","N","","","","","","","","","",""
"2012081231","","2","0","0","0","0","0","0","0","0","2","0","","02","8","2012","4","40.477598","-79.842736","1948","11","0","0","0","0","0","1","0","0","1","0","0","0","","","1","","3","","40 28:39.352","6","0","79 50:33.848","4","0","0","0","2113","0","0","0","N","0","0","0","2","02113","1","","1.0","","1","N","N","","0","","0","0","0","0","0","N","","2","1","0","0","0","0","0","2","0","2","","","","N","","","","","","","","","",""
"2012082089","","2","0","0","0","0","0","0","0","0","6","0","","02","8","2012","2","40.471023","-80.008598","0043","11","0","0","0","0","0","0","0","0","","0","0","0","","","2","","1","","40 28:15.682","","0","80 00:30.952","3","0","0","0","2301","0","0","0","N","0","0","0","3","02301","1","","1.0","","1","N","N","","0","","1","0","0","3","1","","","2","2","0","0","0","0","1","2","0","2","","","","N","","","","","","","","","",""
"2012083437","","0","0","0","0","0","0","0","0","0","8","0","","02","8","2012","3","40.576876","-80.055876","1111","11","0","0","0","0","0","0","0","1","","0","0","0","","","1","","1","","40 34:36.753","","0","80 03:21.153","4","0","0","0","2108","1","0","0","N","1","0","0","2","02108","1","","2.0","","1","N","N","","0","","0","0","1","3","3","","","2","1","0","0","0","0","0","2","0","1","","","","N","","","","","","","","","",""
"2012081143","","2","0","0","0","0","0","0","0","0","1","0","","02","8","2012","5","40.405761","-79.911899","0825","11","0","0","0","0","0","1","0","0","2","0","0","0","","","3","","0","","40 24:20.738","1","0","79 54:42.836","4","0","0","0","2438","0","0","0","N","0","0","0","4","02438","2","","1.0","","1","N","N","","0","","0","0","2","3","1","N","","4","3","0","0","0","1","0","2","0","4","","","","N","","","","","","","","","",""
"2012082090","","0","0","0","0","0","0","0","0","0","7","0","","02","8","2012","2","40.396964","-79.978661","0007","11","0","0","0","0","0","0","0","0","","0","0","0","","","0","","0","","40 23:49.071","","0","79 58:43.179","0","0","0","0","2301","0","0","0","","0","0","0","1","02301","0","","4.0","","1","","","","0","","0","0","1","0","0","","","1","0","0","0","0","0","0","2","0","1","","","","N","","","","","","","","","",""