"CRN","ARRIVAL_TM","AUTOMOBILE_COUNT","BELTED_DEATH_COUNT","BELTED_SUSP_SERIOUS_INJ_COUNT","BICYCLE_COUNT","BICYCLE_DEATH_COUNT","BICYCLE_SUSP_SERIOUS_INJ_COUNT","BUS_COUNT","CHLDPAS_DEATH_COUNT","CHLDPAS_SUSP_SERIOUS_INJ_COUNT","COLLISION_TYPE","COMM_VEH_COUNT","CONS_ZONE_SPD_LIM","COUNTY","CRASH_MONTH","CRASH_YEAR","DAY_OF_WEEK","DEC_LATITUDE","DEC_LONGITUDE","DISPATCH_TM","DISTRICT","DRIVER_COUNT_16YR","DRIVER_COUNT_17YR","DRIVER_COUNT_18YR","DRIVER_COUNT_19YR","DRIVER_COUNT_20YR","DRIVER_COUNT_50_64YR","DRIVER_COUNT_65_74YR","DRIVER_COUNT_75PLUS","EST_HRS_CLOSED","FATAL_COUNT","HEAVY_TRUCK_COUNT","HORSE_BUGGY_COUNT","HOUR_OF_DAY","ILLUMINATION","INJURY_COUNT","INTERSECTION_RELATED","INTERSECT_TYPE","LANE_CLOSED","LATITUDE","LN_CLOSE_DIR","LOCATION_TYPE","LONGITUDE","MAX_SEVERITY_LEVEL","MCYCLE_DEATH_COUNT","MCYCLE_SUSP_SERIOUS_INJ_COUNT","MOTORCYCLE_COUNT","MUNICIPALITY","NONMOTR_COUNT","NONMOTR_DEATH_COUNT","NONMOTR_SUSP_SERIOUS_INJ_COUNT","NTFY_HIWY_MAINT","PED_COUNT","PED_DEATH_COUNT","PED_SUSP_SERIOUS_INJ_COUNT","PERSON_COUNT","POLICE_AGCY","POSSIBLE_INJ_COUNT","RDWY_SURF_TYPE_CD","RELATION_TO_ROAD","ROADWAY_CLEARED","ROAD_CONDITION","SCH_BUS_IND","SCH_ZONE_IND","SECONDARY_CRASH","SMALL_TRUCK_COUNT","SPEC_JURIS_CD","SUSP_MINOR_INJ_COUNT","SUSP_SERIOUS_INJ_COUNT","SUV_COUNT","TCD_FUNC_CD","TCD_TYPE","TFC_DETOUR_IND","TIME_OF_DAY","TOTAL_UNITS","TOT_INJ_COUNT","UNBELTED_OCC_COUNT","UNB_DEATH_COUNT","UNB_SUSP_SERIOUS_INJ_COUNT","UNK_INJ_DEG_COUNT","UNK_INJ_PER_COUNT","URBAN_RURAL","VAN_COUNT","VEHICLE_COUNT","WEATHER1","WEATHER2","WORKERS_PRES","WORK_ZONE_IND","WORK_ZONE_LOC","WORK_ZONE_TYPE","WZ_CLOSE_DETOUR","WZ_FLAGGER","WZ_LAW_OFFCR_IND","WZ_LN_CLOSURE","WZ_MOVING","WZ_OTHER","WZ_SHLDER_MDN","WZ_WORKERS_INJ_KILLED"
"2012087450","","0","0","0","1","0","0","0","0","0","0","0","","02","9","2012","2","","","2345","11","0","0","0","1","0","0","0","0","","0","0","0","","","1","","0","","","","0","","4","0","0","1","2301","0","0","0","N","0","0","0","1","02301","1","","1.0","","1","N","N","","0","","0","0","0","0","0","","","2","1","0","0","0","0","0","1","0","1","","","","N","","","","","","","","","",""
"2012083438","","1","0","0","0","0","0","0","0","0","7","0","","02","8","2012","3","40.610449","-80.04224","2029","11","0","1","0","0","0","0","0","0","1","0","0","0","","","0","","2","","40 36:37.616","1","0","80 02:32.064","0","0","0","0","2108","0","0","0","N","0","0","0","4","02108","0","","4.0","","9","N","N","","0","","0","0","0","3","3","N","","1","0","0","0","0","0","0","2","0","1","","","","N","","","","","","","","","",""
"2012081876","","4","0","0","0","0","0","0","0","0","1","0","","02","8","2012","7","40.575976","-79.979334","1510","11","0","1","0","1","0","1","0","0","2","0","0","0","","","0","","0","","40 34:33.514","3","0","79 58:45.602","0","0","0","0","2207","0","0","0","N","0","0","0","7","02207","0","","1.0","","1","N","N","","0","","0","0","0","0","0","N","","4","0","0","0","0","0","0","1","0","4","","","","N","","","","","","","","","",""
"2012082644","","1","0","0","0","0","0","0","0","0","1","0","","02","8","2012","3","40.423098","-79.927564","1510","11","0","0","0","0","0","0","0","0","","0","0","0","","","1","","0","","40 25:23.153","","0","79 55:39.231","8","0","0","0","2301","0","0","0","N","0","0","0","1","02301","0","","6.0","","1","N","N","","0","","0","0","1","0","0","","","2","1","0","0","0","1","0","2","0","2","","","","N","","","","","","","","","",""
"2012081947","","0","0","0","0","0","0","0","0","0","7","0","","02","8","2012","6","40.516907","-79.727714","1205","11","0","0","0","0","0","0","0","0","2","0","0","0","","","2","","0","","40 31:00.866","7","0","79 43:39.772","8","0","0","0","2466","0","0","0","N","0","0","0","2","02466","0","","5.0","","9","N","N","","1","","0","0","0","0","0","N","","1","2","2","0","0","2","0","1","0","1","","","","N","","","","","","","","","",""
"2012083575","","2","0","0","0","0","0","0","0","0","1","0","","02","8","2012","4","40.323614","-79.838883","2054","11","0","0","1","0","0","0","0","0","1","0","0","0","","","1","","2","","40 19:25.011","3","0","79 50:19.979","8","0","0","0","2304","0","0","0","N","0","0","0","3","02304","0","","1.0","","1","N","N","","0","","0","0","0","3","4","N","","2","1","0","0","0","1","0","2","0","2","","","","N","","","","","","","","","",""
"2012087452","","2","0","0","0","0","0","0","0","0","5","0","","02","9","2012","2","40.408902","-79.942088","2354","11","0","0","0","0","0","0","0","0","","0","0","0","","","2","","2","","40 24:32.047","","0","79 56:31.516","4","0","0","0","2301","0","0","0","N","0","0","0","4","02301","2","","1.0","","1","N","N","","0","","0","0","0","3","3","","","2","2","1","0","0","0","0","2","0","2","","","","N","","","","","","","","","",""
"2012089090","","0","0","0","0","0","0","0","0","0","7","0","","02","9","2012","5","40.490986","-79.876858","0938","11","0","0","0","1","0","0","0","0","","0","0","0","","","0","","0","","40 29:27.548","","0","79 52:36.687","0","0","0","0","2112","0","0","0","N","0","0","0","1","68D02","0","","5.0","","1","N","N","","1","","0","0","0","0","0","","","1","0","1","0","0","0","0","2","0","1","","","","N","","","","","","","","","",""
"2012089739","","2","0","0","0","0","0","0","0","0","1","0","","02","9","2012","4","40.514466","-80.00686","1354","11","0","0","0","0","0","0","0","0","","0","0","0","","","0","","0","","40 30:52.077","","0","80 00:24.695","0","0","0","0","2116","0","0","0","N","0","0","0","3","02116","0","","1.0","","1","N","N","","0","","0","0","0","0","0","","","2","0","0","0","0","0","0","2","0","2","","","","N","","","","","","","","","",""
"2012087517","","0","0","0","0","0","0","0","0","0","7","0","","02","8","2012","6","40.401068","-79.751154","1015","11","0","0","0","0","0","1","0","0","","0","0","0","","","0","","0","","40 24:03.844","","0","79 45:04.154","0","0","0","0","2446","0","0","0","N","0","0","0","1","02446","0","","2.0","","1","N","N","","0","","0","0","1","0","0","","","1","0","0","0","0","0","0","2","0","1","","","","N","","","","","","","","","",""
"2012089091","","1","0","0","0","0","0","0","0","0","7","0","","02","9","2012","6","40.594123","-79.771536","1021","11","0","0","0","0","0","0","0","0","1","0","0","0","","","0","","0","","40 35:38.844","2","0","79 46:17.529","0","0","0","0","2104","0","0","0","N","0","0","0","1","68D02","0","","5.0","","1","N","N","","0","","0","0","0","0","0","N","","2","0","0","0","0","0","0","1","0","1","","","","N","","","","","","","","","",""
"2012082581","","0","0","0","0","0","0","0","0","0","1","0","","02","8","2012","6","40.438871","-79.760628","1120","11","0","0","0","0","0","1","0","0","","0","0","0","","","1","","1","","40 26:19.934","","0","79 45:38.259","4","0","0","0","2446","0","0","0","N","0","0","0","4","02446","1","","1.0","","1","N","N","","1","","0","0","1","3","2","","","2","1","0","0","0","0","0","2","0","2","","","","N","","","","","","","","","",""
"2012081949","","1","0","0","0","0","0","0","0","0","7","0","","02","8","2012","1","40.385717","-79.880015","0957","11","0","0","0","0","0","0","0","0","","0","0","0","","","1","","0","","40 23:08.582","","0","79 52:48.053","4","0","0","0","2473","0","0","0","N","0","0","0","1","02473","1","","4.0","","1","N","N","","0","","0","0","0","0","0","","","1","1","0","0","0","0","0","2","0","1","","","","N","","","","","","","","","",""
"2012081162","","0","0","0","0","0","0","0","0","0","0","0","","02","8","2012","5","40.368078","-80.049253","1044","11","0","0","0","0","0","0","0","0","1","0","0","0","","","1","","2","","40 22:05.079","1","0","80 02:57.311","4","0","0","1","2109","0","0","0","N","0","0","0","1","02109","1","","1.0","","1","N","N","","0","","0","0","0","0","0","N","","1","1","0","0","0","0","0","2","0","1","","","","N","","","","","","","","","",""
"2012081965","","1","0","0","0","0","0","0","0","0","0","0","","02","8","2012","5","40.377471","-79.986853","1313","11","0","0","0","1","0","0","0","0","","0","0","0","","","0","","0","","40 22:38.895","","0","79 59:12.672","0","0","0","0","2476","0","0","0","N","0","0","0","1","02476","0","","5.0","","1","N","N","","0","","0","0","0","0","0","","","2","0","0","0","0","0","0","2","0","1","","","","N","","","","","","","","","",""
"2012081151","","0","0","0","0","0","0","0","0","0","1","0","","02","8","2012","3","40.437872","-79.73994","1227","11","0","0","0","0","0","0","0","0","","0","0","0","","","2","","1","","40 26:16.338","","0","79 44:23.785","3","0","0","0","2446","0","0","0","N","0","0","0","3","02446","0","","1.0","","1","N","N","","1","","2","0","1","3","2","","","2","2","0","0","0","0","1","2","0","2","","","","N","","","","","","","","","",""
"2012081167","","1","0","0","0","0","0","0","0","0","6","0","","02","8","2012","5","40.466841","-79.837122","1107","11","0","0","0","0","0","0","1","1","","0","0","0","","","0","","0","","40 28:00.628","","0","79 50:13.639","0","0","0","0","2113","0","0","0","N","0","0","0","2","02113","0","","1.0","","1","N","N","","0","","0","0","1","0","0","","","2","0","0","0","0","0","0","2","0","2","","","","N","","","","","","","","","",""
"2012081242","","1","0","0","0","0","0","0","0","0","4","0","","02","8","2012","5","40.418824","-79.972704","1737","11","0","0","0","0","0","0","0","0","","0","0","0","","","0","","1","","40 25:07.766","","0","79 58:21.734","0","0","0","0","2301","0","0","0","N","0","0","0","2","02301","0","","1.0","","1","N","N","","0","","0","0","1","3","3","","","2","0","1","0","0","0","0","2","0","2","","","","N","","","","","","","","","",""
"2012082101","","0","0","0","0","0","0","0","0","0","7","0","","02","7","2012","1","40.564426","-79.938426","0021","11","0","0","0","1","0","0","0","0","","0","0","0","","","1","","0","","40 33:51.932","","0","79 56:18.333","4","0","0","0","2207","0","0","0","N","0","0","0","1","02207","1","","5.0","","9","N","N","","1","","0","0","0","0","0","","","1","1","0","0","0","0","0","2","0","1","","","","N","","","","","","","","","",""
"2012088971","","1","0","0","0","0","0","0","0","0","1","0","","02","9","2012","6","40.429267","-79.999168","1431","11","0","0","0","0","0","0","0","0","","0","0","0","","","0","","1","","40 25:45.362","","0","79 59:57.003","9","0","0","0","2301","0","0","0","Y","0","0","0","3","02301","0","","1.0","","1","N","N","","1","","0","0","0","3","2","","","3","0","0","0","0","0","1","2","1","3","","","","N","","","","","","","","","",""
"2012082586","","2","0","0","0","0","0","0","0","0","4","0","","02","8","2012","7","40.533619","-80.018878","0759","11","0","0","0","0","0","1","0","0","2","0","0","0","","","2","","0","","40 32:01.030","5","0","80 01:07.960","3","0","0","0","2116","0","0","0","N","0","0","0","3","02116","0","","1.0","","1","N","N","","0","","1","0","0","0","0","Y","","2","2","1","0","0","1","0","2","0","2","","","","N","","","","","","","","","",""
"2012081967","","1","0","0","0","0","0","0","0","0","4","0","","02","8","2012","1","40.39919","-80.025075","1303","11","0","0","0","0","0","0","1","0","1","0","0","0","","","0","","2","","40 23:57.084","4","0","80 01:30.271","0","0","0","0","2301","0","0","0","N","0","0","0","3","02301","0","","1.0","","1","N","N","","0","","0","0","1","3","3","N","","2","0","0","0","0","0","0","2","0","2","","","","N","","","","","","","","","",""
"2012083581","","1","0","0","0","0","0","0","0","0","4","0","","02","8","2012","4","40.410579","-79.944335","0610","11","0","0","0","0","0","0","0","1","","0","0","0","","","0","","2","","40 24:38.085","","0","79 56:39.607","0","0","0","0","2301","0","0","0","N","0","0","0","2","02301","0","","1.0","","1","N","N","","1","","0","0","0","0","0","","","2","0","0","0","0","0","0","2","0","2","","","","N","","","","","","","","","",""
"2012087523","","2","0","0","0","0","0","0","0","0","1","0","","02","8","2012","6","40.438202","-79.830514","1214","11","0","0","0","0","0","0","0","0","","0","0","0","","","1","","1","","40 26:17.528","","0","79 49:49.850","8","0","0","0","2419","0","0","0","N","0","0","0","3","02419","0","","1.0","","1","N","N","","0","","0","0","0","3","2","","","2","1","0","0","0","1","0","2","0","2","","","","N","","","","","","","","","",""
"2012081884","","0","0","0","0","0","0","0","0","0","7","0","","02","8","2012","3","40.653138","-79.950293","0130","11","0","0","0","0","0","0","0","0","2","0","0","0","","","0","","0","","40 39:11.295","6","0","79 57:01.056","0","0","0","0","2217","0","0","0","N","0","0","0","1","02505","0","","5.0","","1","N","N","","0","","0","0","1","0","0","N","","1","0","0","0","0","0","0","2","0","1","","","","N","","","","","","","","","",""
"2012082735","","1","0","0","0","0","0","0","0","0","7","0","","02","7","2012","5","40.425588","-80.123583","1515","11","0","0","0","0","0","0","0","0","","0","0","0","","","0","","0","","40 25:32.116","","0","80 07:24.899","0","0","0","0","2102","0","0","0","N","0","0","0","1","68B03","0","","2.0","","1","N","N","","0","","0","0","0","0","0","","","1","0","0","0","0","0","0","2","0","1","","","","N","","","","","","","","","",""
"2012081885","","2","0","0","0","0","0","0","0","0","2","0","","02","7","2012","1","40.493014","-79.947535","0221","11","0","0","0","0","0","1","0","0","3","0","0","0","","","2","","0","","40 29:34.850","1","0","79 56:51.126","2","0","0","0","2430","0","0","0","N","0","0","0","2","02430","1","","1.0","","1","N","N","","0","","0","1","0","0","0","Y","","2","2","0","0","0","0","0","2","0","2","","","","N","","","","","","","","","",""
"2012081171","","1","0","0","0","0","0","1","0","0","1","1","","02","8","2012","5","40.442632","-80.024163","1145","11","0","0","0","0","0","1","0","0","","0","0","0","","","1","","0","","40 26:33.474","","0","80 01:26.988","4","0","0","0","2301","0","0","0","N","0","0","0","3","02503","1","","1.0","","1","N","N","","0","","0","0","0","3","2","","","2","1","0","0","0","0","0","2","0","2","","","","N","","","","","","","","","",""
"2012082736","","1","0","0","0","0","0","0","0","0","5","1","","02","8","2012","5","40.421706","-80.096996","2022","11","0","0","0","0","0","0","0","0","1","0","1","0","","","1","","0","","40 25:18.140","3","0","80 05:49.186","3","0","0","1","2115","0","0","0","N","0","0","0","3","68B03","0","","1.0","","1","N","N","","0","","1","0","0","0","0","N","","3","1","0","0","0","0","0","2","0","3","","","","N","","","","","","","","","",""
"2012089746","","0","0","0","0","0","0","0","0","0","4","0","","02","9","2012","2","40.464492","-79.967672","0945","11","0","0","0","0","0","1","0","1","","0","0","0","","","0","","1","","40 27:52.171","","0","79 58:03.619","0","0","0","0","2301","0","0","0","N","0","0","0","2","02301","0","","1.0","","1","N","N","","0","","0","0","2","3","3","","","2","0","0","0","0","0","0","2","0","2","","","","N","","","","","","","","","",""
"2012082737","","1","0","0","0","0","0","0","0","0","1","0","","02","8","2012","6","40.422931","-80.103515","1553","11","0","0","0","0","0","1","0","0","","0","0","0","","","1","","0","","40 25:22.553","","0","80 06:12.655","4","0","0","0","2115","0","0","0","N","0","0","0","3","68B03","1","","1.0","","1","N","N","","0","","0","0","1","0","0","","","2","1","0","0","0","0","0","2","0","2","","","","N","","","","","","","","","",""
"2012083584","","1","0","0","0","0","0","0","0","0","1","0","","02","8","2012","2","40.34889","-79.938656","1753","11","0","0","0","0","0","0","0","0","","0","0","0","","","1","","0","","40 20:56.005","","0","79 56:19.161","8","0","0","0","2473","0","0","0","N","0","0","0","3","02473","0","","1.0","","1","N","N","","0","","0","0","0","0","0","","","2","1","0","0","0","1","0","2","1","2","","","","N","","","","","","","","","",""
"2012081887","","2","0","0","0","0","0","0","0","0","2","0","","02","8","2012","1","40.400235","-79.919734","0300","11","0","0","0","0","0","0","0","0","","0","0","0","","","0","","0","","40 24:00.846","","0","79 55:11.042","0","0","0","0","2472","0","0","0","N","0","0","0","0","02472","0","","6.0","","1","N","N","","0","","0","0","0","0","0","","","2","0","0","0","0","0","0","2","0","2","","","","N","","","","","","","","","",""
"2012081177","","2","0","0","0","0","0","0","0","0","5","0","","02","8","2012","3","40.442074","-79.925626","0857","11","0","0","0","0","0","0","0","0","1","0","0","0","","","0","","1","","40 26:31.466","2","0","79 55:32.253","0","0","0","0","2301","0","0","0","N","0","0","0","1","02301","0","","1.0","","1","N","N","","0","","0","0","0","0","0","N","","2","0","0","0","0","0","0","2","0","2","","","","N","","","","","","","","","",""
"2012082738","","1","0","0","0","0","0","0","0","0","7","0","","02","8","2012","7","40.474122","-80.250414","0923","11","0","0","0","0","0","0","0","0","","0","0","0","","","0","","0","","40 28:26.838","","0","80 15:01.489","0","0","0","0","2203","0","0","0","N","0","0","0","2","68B03","0","","3.0","","1","N","N","","0","","0","0","0","0","0","","","1","0","0","0","0","0","0","2","0","1","","","","N","","","","","","","","","",""
"2012089748","","3","0","0","0","0","0","0","0","0","1","0","","02","8","2012","6","40.409567","-79.867111","1543","11","0","1","0","0","0","0","0","0","1","0","0","0","","","0","","0","","40 24:34.441","4","0","79 52:01.599","0","0","0","0","2449","0","0","0","N","0","0","0","1","02449","0","","1.0","","1","N","N","","0","","0","0","0","0","0","N","","3","0","1","0","0","0","0","2","0","3","","","","N","","","","","","","","","",""
"2012081178","","1","0","0","0","0","0","0","0","0","7","0","","02","8","2012","5","40.393538","-79.934478","1248","11","0","0","0","0","0","1","0","0","","0","0","0","","","0","","7","","40 23:36.735","","1","79 56:04.122","0","0","0","0","2301","0","0","0","N","0","0","0","1","02301","0","","4.0","","1","Y","N","","0","","0","0","0","0","0","","","1","0","0","0","0","0","0","2","0","1","","","","N","","","","","","","","","",""
"2012082739","","2","0","0","0","0","0","0","0","0","1","0","","02","8","2012","7","40.435014","-79.997843","1412","11","0","0","0","0","0","0","0","0","","0","0","0","","","0","","0","","40 26:06.050","","0","79 59:52.234","0","0","0","0","2301","0","0","0","N","0","0","0","8","68B03","0","","1.0","","1","N","N","","0","","0","0","0","0","0","","","3","0","0","0","0","0","0","2","1","3","","","","N","","","","","","","","","",""
"2012089749","","1","0","1","0","0","0","0","0","0","4","0","","02","9","2012","2","40.411853","-79.944996","0947","11","0","0","0","0","0","1","0","1","","0","0","0","","","1","","1","","40 24:42.671","","0","79 56:41.985","2","0","0","0","2301","0","0","0","N","0","0","0","2","02301","0","","1.0","","1","N","N","","0","","0","1","1","0","0","","","2","1","0","0","0","0","0","2","0","2","","","","N","","","","","","","","","",""
"2012082660","","1","0","0","0","0","0","0","0","0","1","0","","02","8","2012","5","40.457428","-80.029776","1649","11","0","0","0","0","0","0","0","0","","0","0","0","","","0","","0","","40 27:26.742","","0","80 01:47.192","0","0","0","0","2301","0","0","0","N","0","0","0","2","02301","0","","1.0","","1","N","N","","1","","0","0","0","0","0","","","2","0","0","0","0","0","0","2","0","2","","","","N","","","","","","","","","",""
"2012081975","","1","0","0","0","0","0","0","0","0","5","1","30","02","8","2012","6","40.351505","-79.857868","1622","11","0","0","0","0","0","1","0","0","1","0","1","0","","","0","","0","","40 21:05.418","3","0","79 51:28.324","0","0","0","0","2304","0","0","0","N","0","0","0","2","02304","0","","1.0","","1","N","N","","0","","0","0","0","3","2","Y","","2","0","0","0","0","0","0","2","0","2","","","N","Y","3","1","","","N","","","","",""
"2012083588","","1","0","0","0","0","0","0","0","0","7","0","","02","8","2012","4","40.457603","-79.996075","2341","11","1","0","0","0","0","0","0","0","1","0","0","0","","","1","","2","","40 27:27.370","2","0","79 59:45.870","8","0","0","0","2301","0","0","0","N","0","0","0","2","02301","0","","4.0","","1","N","N","","0","","0","0","0","0","0","N","","1","1","0","0","0","1","0","2","0","1","","","","N","","","","","","","","","",""
"2012089815","","0","0","0","0","0","0","0","0","0","4","0","","02","9","2012","2","40.462625","-79.95083","1641","11","0","0","0","0","0","0","0","0","","0","0","0","","","0","","1","","40 27:45.450","","0","79 57:02.988","0","0","0","0","2301","0","0","0","N","0","0","0","2","02301","0","","1.0","","1","N","N","","0","","0","0","2","3","2","","","2","0","0","0","0","0","0","2","0","2","","","","N","","","","","","","","","",""
"2012087466","","1","0","0","0","0","0","0","0","0","1","0","","02","8","2012","2","40.379596","-80.095888","1332","11","0","0","0","0","0","0","1","0","1","0","0","0","","","0","","0","","40 22:46.544","2","7","80 05:45.198","0","0","0","0","2102","0","0","0","N","0","0","0","3","02102","0","","1.0","","1","N","N","","1","","0","0","1","0","0","N","","3","0","1","0","0","0","0","2","0","3","","","","N","","","","","","","","","",""
"2012089817","","2","0","0","0","0","0","0","0","0","5","0","","02","9","2012","2","40.42006","-79.990487","1606","11","0","0","0","0","0","0","0","0","","0","0","0","","","2","","2","","40 25:12.216","","0","79 59:25.753","8","0","0","0","2301","0","0","0","N","0","0","0","4","02301","0","","1.0","","1","N","N","","0","","0","0","0","0","0","","","2","2","0","0","0","2","0","2","0","2","","","","N","","","","","","","","","",""
"2012082664","","0","0","0","0","0","0","0","0","0","7","0","","02","8","2012","2","40.578403","-80.218591","0550","11","0","0","0","0","0","0","0","0","3","0","0","0","","","1","","0","","40 34:42.252","6","0","80 13:06.927","3","0","0","0","2107","0","0","0","N","0","0","0","2","02107","0","","2.0","","9","N","N","","1","","1","0","0","0","0","Y","","1","1","1","0","0","0","0","2","0","1","","","","N","","","","","","","","","",""
"2012082678","","1","0","0","0","0","0","0","0","0","4","0","","02","8","2012","3","40.489467","-80.018089","1718","11","0","0","0","0","0","0","0","0","","0","0","0","","","0","","0","","40 29:22.080","","0","80 01:05.121","0","0","0","0","2301","0","0","0","N","0","0","0","2","02301","0","","1.0","","1","N","N","","0","","0","0","1","0","0","","","2","0","0","0","0","0","0","2","0","2","","","","N","","","","","","","","","",""
"2012083593","","1","0","0","0","0","0","0","0","0","7","0","","02","8","2012","1","40.390796","-79.966787","0156","11","0","0","0","0","0","0","0","0","","0","0","0","","","3","","0","","40 23:26.866","","0","79 58:00.434","2","0","0","0","2403","0","0","0","N","0","0","0","3","02403","0","","4.0","","1","N","N","","0","","2","1","0","0","0","","","1","3","1","0","1","0","0","2","0","1","","","","N","","","","","","","","","",""
"2012089041","","2","0","0","0","0","0","0","0","0","1","0","","02","9","2012","6","40.340682","-80.063627","1554","11","0","0","0","0","0","1","0","0","2","0","0","0","","","1","","0","","40 20:26.454","1","0","80 03:49.058","3","0","0","0","2123","0","0","0","N","0","0","0","3","02123","0","","1.0","","1","N","N","","0","","1","0","1","0","0","N","","3","1","0","0","0","0","0","2","0","3","","","","N","","","","","","","","","",""
"2012082679","","1","0","0","0","0","0","0","0","0","1","0","","02","8","2012","3","40.46413","-79.932505","1616","11","0","0","0","0","0","1","0","0","2","0","0","0","","","3","","1","","40 27:50.868","4","0","79 55:57.018","3","0","0","0","2301","0","0","0","N","0","0","0","5","02301","1","","1.0","","1","N","N","","0","","2","0","0","0","0","N","","3","3","0","0","0","0","1","2","0","3","","","","N","","","","","","","","","",""
"2012089755","","1","0","0","0","0","0","0","0","0","4","0","","02","9","2012","1","40.355043","-80.116085","1248","11","0","0","0","0","0","0","0","0","2","0","0","0","","","3","","2","","40 21:18.155","3","0","80 06:57.905","8","0","0","0","2119","0","0","0","N","0","0","0","3","02119","0","","1.0","","1","N","N","","1","","0","0","0","3","2","N","","2","3","0","0","0","3","0","2","0","2","","","","N","","","","","","","","","",""
"2012089044","","1","0","0","0","0","0","0","0","0","7","0","","02","9","2012","6","40.46061","-79.917241","1650","11","0","0","0","0","0","0","0","0","","0","0","0","","","1","","0","","40 27:38.196","","0","79 55:02.067","3","0","0","0","2301","0","0","0","N","0","0","0","1","02301","0","","5.0","","1","N","N","","0","","1","0","0","0","0","","","1","1","0","0","0","0","0","2","0","1","","","","N","","","","","","","","","",""
"2012089819","","1","0","0","0","0","0","0","0","0","1","0","","02","9","2012","2","40.431007","-80.028173","1610","11","0","0","0","0","0","0","0","0","1","0","0","0","","","1","","3","","40 25:51.624","2","0","80 01:41.422","4","0","0","0","2301","0","0","0","N","0","0","0","2","02301","1","","1.0","","1","N","N","","1","","0","0","0","1","4","N","","2","1","0","0","0","0","0","2","0","2","","","","N","","","","","","","","","",""
"2012081894","","0","0","0","0","0","0","0","0","0","7","0","","02","8","2012","7","40.653893","-79.900069","2252","11","0","0","0","0","0","1","0","0","1","0","0","0","","","1","","0","","40 39:14.016","6","0","79 54:00.249","4","0","0","1","2220","0","0","0","N","0","0","0","1","02220","1","","5.0","","1","N","N","","0","","0","0","0","0","0","Y","","1","1","0","0","0","0","0","1","0","1","","","","N","","","","","","","","","",""
"2012081908","","1","0","0","0","0","0","0","0","0","7","0","","02","8","2012","1","40.333575","-79.961693","0131","11","0","0","0","0","0","0","0","0","","0","0","0","","","0","","2","","40 20:00.870","","0","79 57:42.094","0","0","0","0","2454","0","0","0","N","0","0","0","1","02454","0","","5.0","","1","N","N","","0","","0","0","0","3","3","","","1","0","0","0","0","0","0","2","0","1","","","","N","","","","","","","","","",""
"2012082745","","1","0","0","0","0","0","0","0","0","7","0","","02","8","2012","2","40.492064","-79.910626","0407","11","0","0","0","0","0","0","0","0","2","0","0","0","","","1","","0","","40 29:31.431","2","3","79 54:38.253","4","0","0","0","2112","0","0","0","N","0","0","0","1","68D02","1","","4.0","","9","N","N","","0","","0","0","0","0","0","Y","","1","1","0","0","0","0","0","2","0","1","","","","N","","","","","","","","","",""
"2012087534","","0","0","0","0","0","0","0","0","0","7","0","","02","9","2012","2","40.544658","-79.730511","1919","11","0","0","0","0","0","0","0","0","1","0","0","0","","","0","","0","","40 32:40.767","6","0","79 43:49.838","0","0","0","0","2466","0","0","0","N","0","0","0","1","02466","0","","5.0","","1","N","N","","1","","0","0","0","0","0","N","","1","0","0","0","0","0","0","1","0","1","","","","N","","","","","","","","","",""
"2012081909","","2","0","0","0","0","0","0","0","0","4","0","","02","8","2012","6","","","1250","11","0","0","0","0","0","1","0","0","","0","0","0","","","0","","1","","","","0","","0","0","0","0","2214","0","0","0","N","0","0","0","2","02214","0","","1.0","","1","N","N","","0","","0","0","0","3","2","","","2","0","0","0","0","0","0","1","0","2","","","","N","","","","","","","","","",""
"2012082681","","1","0","0","0","0","0","0","0","0","7","0","","02","8","2012","1","40.590878","-80.030661","2229","11","0","0","0","0","0","1","0","0","","0","0","0","","","0","","2","","40 35:27.160","","0","80 01:50.379","0","0","0","0","2108","0","0","0","N","0","0","0","1","02108","0","","4.0","","1","N","N","","0","","0","0","0","0","0","","","1","0","0","0","0","0","0","2","0","1","","","","N","","","","","","","","","",""
"2012089834","","2","0","0","0","0","0","0","0","0","4","0","","02","8","2012","6","40.528714","-80.269156","1820","11","0","0","1","0","0","0","1","0","1","0","0","0","","","1","","2","","40 31:43.370","4","0","80 16:08.960","4","0","0","0","2203","0","0","0","N","0","0","0","2","02203","1","","1.0","","1","N","N","","0","","0","0","0","3","3","N","","2","1","0","0","0","0","0","2","0","2","","","","N","","","","","","","","","",""
"2012082682","","2","0","0","0","0","0","0","0","0","4","0","","02","8","2012","2","40.572128","-80.023504","1607","11","0","0","0","0","0","1","0","0","1","0","0","0","","","1","","1","","40 34:19.660","1","0","80 01:24.616","4","0","0","0","2108","0","0","0","N","0","0","0","2","02108","1","","1.0","","1","N","N","","0","","0","0","0","3","2","N","","2","1","0","0","0","0","0","2","0","2","","","","N","","","","","","","","","",""
"2012081258","","2","0","0","0","0","0","0","0","0","2","0","25","02","8","2012","5","40.396714","-79.978688","1556","11","0","0","0","0","0","0","0","0","","0","0","0","","","2","","1","","40 23:48.170","","0","79 58:43.276","8","0","0","0","2301","1","0","0","N","1","0","0","3","02301","0","","1.0","","1","N","N","","0","","0","0","0","3","2","","","3","2","0","0","0","2","0","2","0","2","","","Y","Y","4","1","","","N","","","Y","",""