"CRN","ARRIVAL_TM","AUTOMOBILE_COUNT","BELTED_DEATH_COUNT","BELTED_SUSP_SERIOUS_INJ_COUNT","BICYCLE_COUNT","BICYCLE_DEATH_COUNT","BICYCLE_SUSP_SERIOUS_INJ_COUNT","BUS_COUNT","CHLDPAS_DEATH_COUNT","CHLDPAS_SUSP_SERIOUS_INJ_COUNT","COLLISION_TYPE","COMM_VEH_COUNT","CONS_ZONE_SPD_LIM","COUNTY","CRASH_MONTH","CRASH_YEAR","DAY_OF_WEEK","DEC_LATITUDE","DEC_LONGITUDE","DISPATCH_TM","DISTRICT","DRIVER_COUNT_16YR","DRIVER_COUNT_17YR","DRIVER_COUNT_18YR","DRIVER_COUNT_19YR","DRIVER_COUNT_20YR","DRIVER_COUNT_50_64YR","DRIVER_COUNT_65_74YR","DRIVER_COUNT_75PLUS","EST_HRS_CLOSED","FATAL_COUNT","HEAVY_TRUCK_COUNT","HORSE_BUGGY_COUNT","HOUR_OF_DAY","ILLUMINATION","INJURY_COUNT","INTERSECTION_RELATED","INTERSECT_TYPE","LANE_CLOSED","LATITUDE","LN_CLOSE_DIR","LOCATION_TYPE","LONGITUDE","MAX_SEVERITY_LEVEL","MCYCLE_DEATH_COUNT","MCYCLE_SUSP_SERIOUS_INJ_COUNT","MOTORCYCLE_COUNT","MUNICIPALITY","NONMOTR_COUNT","NONMOTR_DEATH_COUNT","NONMOTR_SUSP_SERIOUS_INJ_COUNT","NTFY_HIWY_MAINT","PED_COUNT","PED_DEATH_COUNT","PED_SUSP_SERIOUS_INJ_COUNT","PERSON_COUNT","POLICE_AGCY","POSSIBLE_INJ_COUNT","RDWY_SURF_TYPE_CD","RELATION_TO_ROAD","ROADWAY_CLEARED","ROAD_CONDITION","SCH_BUS_IND","SCH_ZONE_IND","SECONDARY_CRASH","SMALL_TRUCK_COUNT","SPEC_JURIS_CD","SUSP_MINOR_INJ_COUNT","SUSP_SERIOUS_INJ_COUNT","SUV_COUNT","TCD_FUNC_CD","TCD_TYPE","TFC_DETOUR_IND","TIME_OF_DAY","TOTAL_UNITS","TOT_INJ_COUNT","UNBELTED_OCC_COUNT","UNB_DEATH_COUNT","UNB_SUSP_SERIOUS_INJ_COUNT","UNK_INJ_DEG_COUNT","UNK_INJ_PER_COUNT","URBAN_RURAL","VAN_COUNT","VEHICLE_COUNT","WEATHER1","WEATHER2","WORKERS_PRES","WORK_ZONE_IND","WORK_ZONE_LOC","WORK_ZONE_TYPE","WZ_CLOSE_DETOUR","WZ_FLAGGER","WZ_LAW_OFFCR_IND","WZ_LN_CLOSURE","WZ_MOVING","WZ_OTHER","WZ_SHLDER_MDN","WZ_WORKERS_INJ_KILLED"
"2012089003","","1","0","0","0","0","0","0","0","0","2","0","","02","9","2012","5","40.468967","-79.921357","1728","11","0","0","0","0","0","1","0","0","","0","0","0","","","1","","1","","40 28:08.281","","0","79 55:16.885","3","0","0","1","2301","0","0","0","N","0","0","0","3","02301","0","","1.0","","1","N","N","","0","","1","0","0","0","0","","","2","1","0","0","0","0","0","2","0","2","","","","N","","","","","","","","","",""
"2012082634","","2","0","0","0","0","0","0","0","0","4","0","","02","8","2012","6","40.490009","-79.905433","1153","11","0","0","0","0","0","0","0","1","2","0","0","0","","","3","","2","","40 29:24.031","6","0","79 54:19.557","4","0","0","0","2401","0","0","0","N","0","0","0","3","02401","3","","1.0","","9","N","N","","0","","0","0","0","3","2","Y","","2","3","0","0","0","0","0","2","0","2","","","","N","","","","","","","","","",""
"2012081134","","2","0","0","0","0","0","0","0","0","4","0","","02","8","2012","5","40.517089","-79.726591","0813","11","0","0","0","0","1","1","0","0","","0","0","0","","","0","","1","","40 31:01.521","","0","79 43:35.729","0","0","0","0","2466","0","0","0","N","0","0","0","2","02466","0","","1.0","","1","N","N","","0","","0","0","0","3","3","","","2","0","0","0","0","0","0","1","0","2","","","","N","","","","","","","","","",""
"2012089779","","1","0","0","0","0","0","0","0","0","7","0","","02","9","2012","2","40.456952","-79.88968","1333","11","0","0","0","0","0","0","0","0","","0","0","0","","","1","","10","","40 27:25.027","","0","79 53:22.848","4","0","0","0","2301","0","0","0","N","0","0","0","2","02301","1","","5.0","","1","N","N","","0","","0","0","0","0","0","","","1","1","1","0","0","0","0","2","0","1","","","","N","","","","","","","","","",""
"2012088325","","1","0","0","0","0","0","0","0","0","8","0","","02","9","2012","4","40.45288","-79.964954","1946","11","0","0","0","0","0","0","0","0","","0","0","0","","","1","","1","","40 27:10.368","","0","79 57:53.834","8","0","0","0","2301","1","0","0","N","1","0","0","2","02301","0","","1.0","","1","N","N","","0","","0","0","0","3","2","","","2","1","0","0","0","1","1","2","0","1","","","","N","","","","","","","","","",""
"2012089159","","1","0","0","0","0","0","0","0","0","5","0","","02","9","2012","6","40.439925","-79.994182","2245","11","0","0","0","0","0","0","2","0","","0","0","0","","","2","","2","","40 26:23.730","","0","79 59:39.055","4","0","0","0","2301","0","0","0","N","0","0","0","4","02301","2","","1.0","","1","N","N","","1","","0","0","0","3","2","","","2","2","0","0","0","0","0","2","0","2","","","","N","","","","","","","","","",""
"2012088470","","1","0","0","0","0","0","0","0","0","4","1","","02","9","2012","4","40.455253","-79.993125","1424","11","0","0","0","0","0","1","0","0","","0","1","0","","","0","","3","","40 27:18.909","","2","79 59:35.249","0","0","0","0","2301","0","0","0","N","0","0","0","2","02301","0","","1.0","","1","N","N","","0","","0","0","0","3","4","","","2","0","0","0","0","0","0","2","0","2","","","","N","","","","","","","","","",""
"2012089981","","1","0","0","0","0","0","0","0","0","1","0","","02","9","2012","2","40.444314","-79.917828","0515","11","0","0","0","0","0","1","0","0","","0","0","0","","","0","","5","","40 26:39.529","","0","79 55:04.181","0","0","0","0","2301","0","0","0","N","0","0","0","2","02301","0","","1.0","","1","N","N","","1","","0","0","0","3","2","","","2","0","0","0","0","0","0","2","0","2","","","","N","","","","","","","","","",""
"2012087169","","1","0","0","0","0","0","0","0","0","1","0","","02","9","2012","1","40.454558","-79.946598","2342","11","0","0","0","0","0","0","0","0","","0","0","0","","","0","","2","","40 27:16.408","","0","79 56:47.754","0","0","0","0","2301","0","0","0","N","0","0","0","2","02301","0","","1.0","","1","N","N","","0","","0","0","1","0","0","","","2","0","1","0","0","0","0","2","0","2","","","","N","","","","","","","","","",""
"2012090114","","0","0","0","0","0","0","0","0","0","1","0","","02","9","2012","2","40.350963","-79.864951","1243","11","0","0","0","0","0","0","0","0","","0","0","0","","","0","","0","","40 21:03.468","","0","79 51:53.823","0","0","0","0","2304","0","0","0","N","0","0","0","2","02304","0","","1.0","","1","N","N","","1","","0","0","1","0","0","","","2","0","0","0","0","0","0","2","0","2","","","","N","","","","","","","","","",""
"2012089310","","1","0","0","0","0","0","0","0","0","7","0","","02","9","2012","3","40.471006","-79.766515","2038","11","0","0","1","0","0","0","0","0","","0","0","0","","","0","","0","","40 28:15.621","","0","79 45:59.454","0","0","0","0","2466","0","0","0","N","0","0","0","1","02466","0","","4.0","","9","N","N","","0","","0","0","0","0","0","","","1","0","0","0","0","0","0","2","0","1","","","","N","","","","","","","","","",""
"2012090047","","1","0","0","0","0","0","0","0","0","1","0","","02","9","2012","2","40.434991","-79.754908","1155","11","0","0","0","0","0","0","0","0","","0","0","0","","","0","","0","","40 26:05.969","","0","79 45:17.669","9","0","0","0","2446","0","0","0","N","0","0","0","2","02446","0","","1.0","","1","N","N","","0","","0","0","0","0","0","","","2","0","0","0","0","0","1","2","0","2","","","","N","","","","","","","","","",""
"2012088472","","1","0","0","0","0","0","0","0","0","7","0","","02","9","2012","5","40.48326","-80.112134","1038","11","0","0","0","0","0","0","0","1","1","0","0","0","","","1","","0","","40 28:59.737","5","0","80 06:43.681","3","0","0","0","2126","0","0","0","N","0","0","0","1","02126","0","","2.0","","1","N","N","","0","","1","0","0","0","0","N","","1","1","0","0","0","0","0","2","0","1","","","","N","","","","","","","","","",""
"2012088488","","4","0","0","0","0","0","0","0","0","1","0","","02","9","2012","5","40.450206","-79.928424","1135","11","0","0","0","0","0","1","0","1","2","0","0","0","","","0","","2","","40 27:00.741","6","0","79 55:42.326","0","0","0","0","2301","0","0","0","N","0","0","0","4","02301","0","","1.0","","1","N","N","","0","","0","0","0","0","0","N","","4","0","3","0","0","0","0","2","0","4","","","","N","","","","","","","","","",""
"2012087863","","0","0","0","0","0","0","0","0","0","5","0","","02","9","2012","3","40.452974","-80.028018","2131","11","0","0","0","0","0","0","0","0","2","0","0","0","","","1","","2","","40 27:10.705","1","0","80 01:40.866","8","0","0","0","2301","0","0","0","N","0","0","0","1","02301","0","","5.0","","9","N","N","","0","","0","0","1","0","0","N","","2","1","0","0","0","1","0","2","0","2","","","","N","","","","","","","","","",""
"2012087877","","0","0","0","0","0","0","0","0","0","4","0","","02","9","2012","3","40.564604","-79.96511","2309","11","0","0","0","0","0","0","0","0","3","0","0","0","","","1","","2","","40 33:52.573","5","0","79 57:54.397","2","0","1","1","2207","0","0","0","N","0","0","0","2","02207","0","","1.0","","9","N","N","","0","","0","1","1","3","3","Y","","2","1","0","0","0","0","0","2","0","2","","","","N","","","","","","","","","",""
"2012089151","","1","0","0","0","0","0","0","0","0","4","0","","02","9","2012","6","40.593291","-79.947926","1655","11","0","0","0","0","0","0","0","0","2","0","0","0","","","1","","0","","40 35:35.846","1","0","79 56:52.535","2","0","1","1","2207","0","0","0","N","0","0","0","3","02207","0","","1.0","","1","N","N","","0","","0","1","0","0","0","N","","2","1","0","0","0","0","0","2","0","2","","","","N","","","","","","","","","",""
"2012088342","","0","0","0","0","0","0","0","0","0","7","0","","02","9","2012","5","40.405535","-79.82402","0113","11","0","0","0","0","0","0","0","0","","0","0","0","","","0","","0","","40 24:19.925","","0","79 49:26.473","0","0","0","0","2467","0","0","0","N","0","0","0","1","02467","0","","5.0","","1","N","Y","","0","","0","0","1","0","0","","","1","0","0","0","0","0","0","2","0","1","","","","N","","","","","","","","","",""
"2012089986","","3","0","0","0","0","0","0","0","0","6","0","","02","9","2012","2","40.413018","-79.84631","0021","11","0","0","0","0","0","0","0","0","2","0","0","0","","","0","","0","","40 24:46.864","6","0","79 50:46.716","0","0","0","0","2431","0","0","0","N","0","0","0","2","02431","0","","6.0","","1","N","N","","0","","0","0","0","0","0","N","","3","0","0","0","0","0","0","2","0","3","","","","N","","","","","","","","","",""
"2012089380","","2","0","0","0","0","0","0","0","0","1","0","","02","9","2012","6","40.433775","-80.006787","2231","11","0","0","0","0","0","0","1","0","2","0","0","0","","","1","","1","","40 26:01.589","3","0","80 00:24.434","4","0","0","0","2301","0","0","0","N","0","0","0","4","02301","1","","1.0","","1","N","N","","0","","0","0","0","3","2","N","","2","1","0","0","0","0","0","2","0","2","","","","N","","","","","","","","","",""
"2012087879","","0","0","0","0","0","0","0","0","0","7","0","","02","9","2012","2","40.558166","-79.771724","0243","11","0","0","0","0","0","0","0","0","1","0","0","0","","","0","","0","","40 33:29.396","1","0","79 46:18.207","0","0","0","0","2121","0","0","0","N","0","0","0","2","02121","0","","5.0","","1","N","N","","0","","0","0","1","0","0","N","","1","0","2","0","0","0","0","1","0","1","","","","N","","","","","","","","","",""
"2012087580","","0","0","0","0","0","0","0","0","0","8","0","","02","9","2012","3","40.438075","-79.922632","1103","11","0","0","0","0","0","1","0","0","","0","0","0","","","1","","0","","40 26:17.070","","0","79 55:21.475","4","0","0","0","2301","1","0","0","N","1","0","0","2","02301","1","","1.0","","1","N","N","","0","","0","0","1","0","0","","","2","1","0","0","0","0","0","2","0","1","","","","N","","","","","","","","","",""
"2012088491","","1","0","0","0","0","0","0","0","0","4","0","","02","9","2012","5","40.441733","-80.035258","1242","11","0","0","0","0","0","0","0","0","","0","0","0","","","0","","2","","40 26:30.238","","0","80 02:06.928","0","0","0","0","2301","0","0","0","N","0","0","0","3","02301","0","","1.0","","1","N","N","","0","","0","0","0","3","2","","","2","0","0","0","0","0","0","2","1","2","","","","N","","","","","","","","","",""
"2012089448","","1","0","0","0","0","0","0","0","0","7","0","","02","9","2012","4","40.323888","-79.993001","0850","11","0","0","0","1","0","0","0","0","1","0","0","0","","","0","","0","","40 19:25.998","2","0","79 59:34.805","0","0","0","0","2219","0","0","0","N","0","0","0","1","02219","0","","5.0","","1","N","N","","0","","0","0","0","0","0","N","","1","0","0","0","0","0","0","2","0","1","","","","N","","","","","","","","","",""
"2012089315","","1","0","0","0","0","0","0","0","0","1","0","","02","9","2012","4","40.292974","-79.885467","1454","11","0","0","0","0","0","1","0","0","1","0","0","0","","","0","","1","","40 17:34.707","4","0","79 53:07.682","0","0","0","0","2433","0","0","0","N","0","0","0","2","02433","0","","1.0","","1","N","N","","1","","0","0","0","3","2","N","","2","0","0","0","0","0","0","2","0","2","","","","N","","","","","","","","","",""
"2012087881","","1","0","0","0","0","0","0","0","0","7","0","","02","9","2012","3","40.388284","-79.867325","2240","11","0","0","0","0","0","1","0","0","1","0","0","0","","","1","","0","","40 23:17.821","2","0","79 52:02.369","4","0","0","0","2473","0","0","0","Y","0","0","0","1","02473","1","","3.0","","1","N","N","","0","","0","0","0","0","0","N","","1","1","0","0","0","0","0","2","0","1","","","","N","","","","","","","","","",""
"2012088637","","1","0","0","0","0","0","0","0","0","7","0","","02","8","2012","1","40.440929","-80.117032","1813","11","0","0","0","0","0","0","0","0","2","0","0","0","","","0","","0","","40 26:27.346","5","0","80 07:01.314","0","0","0","0","2115","0","0","0","N","0","0","0","1","02115","0","","2.0","","1","N","N","","0","","0","0","0","0","0","N","","1","0","0","0","0","0","0","2","0","1","","","","N","","","","","","","","","",""
"2012089316","","1","0","0","0","0","0","0","0","0","1","0","","02","9","2012","6","40.395517","-80.024115","2240","11","0","0","0","0","0","1","0","0","2","0","0","0","","","0","","2","","40 23:43.861","2","0","80 01:26.814","9","0","0","0","2301","0","0","0","N","0","0","0","2","02301","0","","1.0","","1","N","N","","0","","0","0","0","0","0","N","","2","0","0","0","0","0","1","2","1","2","","","","N","","","","","","","","","",""
"2012088638","","1","0","0","0","0","0","0","0","0","4","1","","02","8","2012","4","40.343893","-80.021969","1440","11","0","0","0","0","0","0","0","1","","0","1","0","","","0","","2","","40 20:38.014","","0","80 01:19.088","0","0","0","0","2407","0","0","0","N","0","0","0","3","02407","0","","1.0","","1","N","N","","0","","0","0","0","3","3","","","2","0","0","0","0","0","0","2","0","2","","","","N","","","","","","","","","",""
"2012087597","","3","0","0","0","0","0","0","0","0","4","0","","02","8","2012","1","40.434144","-79.732452","2130","11","0","0","0","0","0","0","0","0","1","0","0","0","","","0","","2","","40 26:02.918","4","0","79 43:56.828","0","0","0","0","2446","0","0","0","N","0","0","0","5","02446","0","","1.0","","1","N","N","","0","","0","0","0","1","2","Y","","3","0","1","0","0","0","0","2","0","3","","","","N","","","","","","","","","",""
"2012087668","","2","0","0","0","0","0","0","0","0","6","0","","02","9","2012","3","40.402549","-79.917486","1725","11","0","0","0","0","0","1","0","0","","0","0","0","","","0","","0","","40 24:09.177","","0","79 55:02.949","0","0","0","0","2472","0","0","0","N","0","0","0","1","02472","0","","1.0","","1","N","N","","0","","0","0","0","0","0","","","2","0","0","0","0","0","0","2","0","2","","","","N","","","","","","","","","",""
"2012088495","","2","0","0","0","0","0","0","0","0","4","0","","02","9","2012","5","40.472689","-79.935741","1241","11","0","0","0","0","0","1","0","0","","0","0","0","","","1","","3","","40 28:21.680","","0","79 56:08.667","3","0","0","0","2301","0","0","0","N","0","0","0","2","02301","0","","1.0","","1","N","N","","0","","1","0","0","3","3","","","2","1","1","0","0","0","1","2","0","2","","","","N","","","","","","","","","",""
"2012089317","","1","0","0","0","0","0","0","0","0","2","0","","02","9","2012","7","40.43458","-79.989819","1329","11","0","0","0","0","0","0","0","0","4","0","0","0","","","1","","1","","40 26:04.489","7","3","79 59:23.348","2","0","1","1","2301","0","0","0","N","0","0","0","3","02301","0","","1.0","","1","N","N","","0","","0","1","0","3","2","Y","","2","1","1","0","0","0","0","2","0","2","","","","N","","","","","","","","","",""
"2012090054","","0","0","0","0","0","0","0","0","0","7","0","","02","9","2012","2","40.601153","-79.759135","1322","11","0","0","0","0","0","0","0","0","","0","0","0","","","0","","0","","40 36:04.150","","0","79 45:32.886","0","0","0","0","2464","0","0","0","N","0","0","0","1","02464","0","","4.0","","1","N","N","","0","","0","0","1","0","0","","","1","0","1","0","0","0","0","2","0","1","","","","N","","","","","","","","","",""
"2012088481","","2","0","0","0","0","0","0","0","0","4","0","","02","9","2012","5","40.426972","-79.880913","1125","11","0","0","0","0","0","0","0","1","","0","0","0","","","0","","1","","40 25:37.099","","0","79 52:51.286","0","0","0","0","2463","0","0","0","N","0","0","0","2","02463","0","","1.0","","1","N","N","","0","","0","0","0","9","3","","","2","0","2","0","0","0","0","2","0","2","","","","N","","","","","","","","","",""
"2012087110","","0","0","0","0","0","0","0","0","0","7","0","","02","8","2012","5","40.243336","-79.923389","2035","11","0","0","0","0","0","0","0","0","3","0","0","0","","","2","","0","","40 14:36.009","5","0","79 55:24.202","3","0","0","0","2204","0","0","0","N","0","0","0","2","02204","1","","4.0","","1","N","N","","1","","1","0","0","0","0","Y","","1","2","2","0","0","0","0","1","0","1","","","","N","","","","","","","","","",""
"2012087600","","1","0","0","0","0","0","0","0","0","1","0","","02","8","2012","6","40.397107","-80.114751","0851","11","0","0","0","0","0","1","0","0","1","0","0","0","","","1","","0","","40 23:49.585","3","0","80 06:53.102","3","0","0","0","2102","0","0","0","N","0","0","0","2","02102","0","","1.0","","1","N","N","","1","","1","0","0","0","0","N","","2","1","0","0","0","0","0","1","0","2","","","","N","","","","","","","","","",""
"2012088348","","1","0","0","0","0","0","0","0","0","5","0","","02","9","2012","1","40.450884","-79.91722","0329","11","0","0","0","0","0","0","0","0","","0","0","0","","","1","","0","","40 27:03.182","","0","79 55:01.992","4","0","0","0","2301","0","0","0","N","0","0","0","2","02301","1","","6.0","","1","N","N","","0","","0","0","0","0","0","","","2","1","0","0","0","0","0","2","1","2","","","","N","","","","","","","","","",""
"2012089945","","0","0","0","0","0","0","0","0","0","1","0","","02","9","2012","2","40.605877","-79.947122","1702","11","0","0","0","0","0","2","0","0","2","0","0","0","","","0","","0","","40 36:21.157","3","0","79 56:49.640","0","0","0","0","2207","0","0","0","N","0","0","0","2","02207","0","","1.0","","1","N","N","","1","","0","0","0","0","0","N","","2","0","0","0","0","0","0","2","1","2","","","","N","","","","","","","","","",""
"2012087670","","0","0","0","0","0","0","0","0","0","7","0","","02","9","2012","7","40.522623","-80.178653","1738","11","0","0","0","0","0","0","0","0","1","0","0","0","","","0","","0","","40 31:21.444","2","0","80 10:43.149","0","0","0","0","2213","0","0","0","N","0","0","0","1","02213","0","","5.0","","9","N","N","","0","","0","0","1","0","0","N","","1","0","0","0","0","0","0","2","0","1","","","","N","","","","","","","","","",""
"2012089233","","0","0","0","0","0","0","0","0","0","1","0","","02","8","2012","5","40.358929","-79.908297","1719","11","0","0","0","0","0","0","0","0","1","0","0","0","","","2","","3","","40 21:32.146","4","0","79 54:29.870","3","0","0","0","2473","0","0","0","N","0","0","0","3","02473","1","","1.0","","1","N","N","","2","","1","0","0","3","2","Y","","2","2","0","0","0","0","0","2","0","2","","","","N","","","","","","","","","",""
"2012088349","","2","0","0","0","0","0","0","0","0","1","0","","02","9","2012","5","40.446961","-79.948995","0003","11","0","0","0","0","0","0","0","0","1","0","0","0","","","2","","1","","40 26:49.059","3","0","79 56:56.382","8","0","0","0","2301","0","0","0","N","0","0","0","3","02301","0","","1.0","","1","N","N","","0","","0","0","0","3","2","N","","2","2","0","0","0","2","0","2","0","2","","","","N","","","","","","","","","",""
"2012089170","","2","0","0","0","0","0","0","0","0","2","0","","02","8","2012","7","40.405625","-80.099986","1856","11","0","0","0","0","0","0","0","0","","0","0","0","","","0","","0","","40 24:20.250","","0","80 05:59.949","0","0","0","0","2102","0","0","0","N","0","0","0","1","02102","0","","1.0","","1","N","N","","0","","0","0","0","0","0","","","2","0","0","0","0","0","0","2","0","2","","","","N","","","","","","","","","",""
"2012089947","","1","0","0","0","0","0","0","0","0","4","0","","02","9","2012","7","40.382323","-79.856713","1714","11","0","0","0","0","0","0","0","0","","0","0","0","","","1","","0","","40 22:56.364","","0","79 51:24.167","4","0","0","0","2303","0","0","0","","0","0","0","5","02303","1","","1.0","","1","","","","0","","0","0","0","0","0","","","2","1","2","0","0","0","0","2","1","2","","","","N","","","","","","","","","",""
"2012087887","","1","0","0","0","0","0","0","0","0","7","0","","02","9","2012","4","40.419687","-79.987563","0010","11","0","0","0","0","0","0","0","0","","0","0","0","","","0","","0","","40 25:10.873","","0","79 59:15.226","0","0","0","0","2301","0","0","0","N","0","0","0","1","02301","0","","2.0","","1","N","N","","0","","0","0","0","0","0","","","1","0","1","0","0","0","0","2","0","1","","","","N","","","","","","","","","",""
"2012087588","","1","0","0","0","0","0","0","0","0","1","0","","02","9","2012","3","40.51539","-79.959124","1242","11","0","0","0","0","0","1","1","0","","0","0","0","","","0","","0","","40 30:55.405","","0","79 57:32.848","0","0","0","0","2118","0","0","0","N","0","0","0","3","02118","0","","1.0","","1","N","N","","0","","0","0","2","0","0","","","3","0","0","0","0","0","0","2","0","3","","","","N","","","","","","","","","",""
"2012089173","","1","0","0","0","0","0","0","0","0","4","0","","02","9","2012","7","40.439925","-79.994182","0212","11","0","0","0","0","0","0","0","0","","0","0","0","","","1","","2","","40 26:23.730","","0","79 59:39.055","4","0","0","0","2301","0","0","0","N","0","0","0","2","02301","1","","1.0","","1","N","N","","1","","0","0","0","3","8","","","2","1","0","0","0","0","0","2","0","2","","","","N","","","","","","","","","",""
"2012089950","","0","0","0","0","0","0","0","0","0","7","0","","02","9","2012","2","40.394699","-79.980377","0230","11","0","0","0","0","0","0","0","0","","0","0","0","","","0","","0","","40 23:40.916","","0","79 58:49.357","0","0","0","0","2301","0","0","0","","0","0","0","1","02301","0","","4.0","","1","","","","1","","0","0","0","0","0","","","1","0","0","0","0","0","0","2","0","1","","","","N","","","","","","","","","",""
"2012090059","","0","0","0","0","0","0","0","0","0","1","0","","02","9","2012","5","40.514384","-79.952189","1433","11","0","0","0","0","0","0","1","1","2","0","0","0","","","2","","1","","40 30:51.783","5","0","79 57:07.881","3","0","0","0","2118","0","0","0","N","0","0","0","2","02118","0","","1.0","","1","N","N","","0","","2","0","2","3","2","N","","2","2","0","0","0","0","0","2","0","2","","","","N","","","","","","","","","",""
"2012089406","","1","0","0","0","0","0","0","0","0","7","0","","02","9","2012","1","40.411753","-80.009271","0039","11","0","0","0","0","0","0","0","0","1","0","0","0","","","0","","0","","40 24:42.310","1","0","80 00:33.374","0","0","0","0","2301","0","0","0","N","0","0","0","1","02301","0","","5.0","","1","N","N","","0","","0","0","0","0","0","N","","1","0","0","0","0","0","0","2","0","1","","","","N","","","","","","","","","",""
"2012089174","","2","0","0","0","0","0","0","0","0","4","0","","02","8","2012","1","40.386496","-80.09233","1325","11","0","0","0","0","0","2","0","0","","0","0","0","","","1","","2","","40 23:11.384","","7","80 05:32.387","3","0","0","0","2117","0","0","0","N","0","0","0","4","02117","0","","1.0","","1","N","N","","0","","1","0","1","3","2","","","3","1","0","0","0","0","0","2","0","3","","","","N","","","","","","","","","",""
"2012089241","","1","0","0","0","0","0","0","0","0","7","0","","02","9","2012","6","40.659038","-79.868276","1220","11","0","0","0","0","0","0","0","0","1","0","0","0","","","0","","0","","40 39:32.536","4","0","79 52:05.792","0","0","0","0","2220","0","0","0","N","0","0","0","1","02220","0","","2.0","","1","N","N","","0","","0","0","0","0","0","N","","1","0","0","0","0","0","0","1","0","1","","","","N","","","","","","","","","",""
"2012088293","","1","0","0","0","0","0","0","0","0","99","0","","02","9","2012","4","40.414459","-79.988047","1716","11","0","0","0","0","0","0","1","0","","0","0","0","","","0","","5","","40 24:52.052","","0","79 59:16.969","0","0","0","0","2301","0","0","0","N","0","0","0","2","02301","0","","1.0","","1","N","N","","1","","0","0","0","3","2","","","2","0","0","0","0","0","0","2","0","2","","","","N","","","","","","","","","",""
"2012090065","","1","0","0","0","0","0","0","0","0","1","0","","02","9","2012","3","40.430269","-80.02846","0730","11","0","0","0","0","0","1","0","0","","0","0","0","","","1","","3","","40 25:48.968","","2","80 01:42.455","4","0","0","0","2301","0","0","0","","0","0","0","4","02301","1","","1.0","","1","","","","1","","0","0","0","0","0","","","2","1","0","0","0","0","0","2","0","2","","","","N","","","","","","","","","",""
"2012088508","","1","0","0","0","0","0","0","0","0","2","0","","02","9","2012","3","40.488602","-79.923383","1925","11","0","0","0","0","0","0","0","0","1","0","0","0","","","1","","2","","40 29:18.966","3","0","79 55:24.177","4","0","0","0","2301","0","0","0","N","0","0","0","2","02301","1","","1.0","","9","N","N","","1","","0","0","0","0","0","N","","3","1","2","0","0","0","0","2","1","3","","","","N","","","","","","","","","",""
"2012090004","","0","0","0","0","0","0","0","0","0","7","0","","02","8","2012","6","40.431664","-79.872176","1119","11","0","0","0","0","0","0","0","0","","0","0","0","","","1","","0","","40 25:53.989","","0","79 52:19.832","4","0","0","0","2411","0","0","0","N","0","0","0","1","68B03","1","","3.0","","1","N","N","","0","","0","0","1","0","0","","","1","1","0","0","0","0","0","2","0","1","","","","N","","","","","","","","","",""
"2012089412","","2","0","0","0","0","0","0","0","0","5","0","","02","9","2012","1","40.450059","-79.950947","0148","11","0","0","0","0","0","0","0","0","","0","0","0","","","0","","0","","40 27:00.212","","0","79 57:03.409","0","0","0","0","2301","0","0","0","N","0","0","0","1","02301","0","","6.0","","1","N","N","","0","","0","0","0","0","0","","","2","0","0","0","0","0","0","2","0","2","","","","N","","","","","","","","","",""
"2012089957","","0","0","0","0","0","0","0","0","0","7","0","","02","9","2012","2","40.501141","-79.792434","0647","11","0","0","0","0","0","0","0","0","3","0","0","0","","","0","","0","","40 30:04.108","6","0","79 47:32.764","0","0","0","0","2113","0","0","0","Y","0","0","0","1","02113","0","","5.0","","1","N","N","","1","","0","0","0","0","0","Y","","1","0","0","0","0","0","0","2","0","1","","","","N","","","","","","","","","",""
"2012089246","","2","0","0","0","0","0","0","0","0","1","0","","02","9","2012","6","40.429286","-79.999241","1450","11","0","0","1","0","0","1","0","0","","0","0","0","","","1","","2","","40 25:45.428","","3","79 59:57.266","4","0","0","0","2301","0","0","0","N","0","0","0","3","02301","1","","1.0","","1","N","N","","0","","0","0","0","0","0","","","2","1","0","0","0","0","0","2","0","2","","","","N","","","","","","","","","",""
"2012089258","","1","0","0","0","0","0","0","0","0","8","0","","02","9","2012","6","40.435084","-79.92065","1545","11","0","0","0","0","0","0","0","0","","0","0","0","","","1","","0","","40 26:06.302","","0","79 55:14.340","3","0","0","0","2301","1","0","0","N","1","0","0","3","02301","0","","1.0","","1","N","N","","0","","1","0","0","0","0","","","2","1","0","0","0","0","0","2","0","1","","","","N","","","","","","","","","",""
"2012088510","","1","0","0","0","0","0","0","0","0","5","1","35","02","9","2012","4","40.49981","-80.072583","1357","11","0","0","0","0","0","0","0","1","9","0","1","0","","","0","","0","","40 29:59.316","2","0","80 04:21.300","0","0","0","0","2402","0","0","0","N","0","0","0","2","02402","0","","1.0","","1","N","N","","0","","0","0","0","0","0","N","","2","0","2","0","0","0","0","2","0","2","","","Y","Y","4","1","","","N","Y","","","",""
"2012090005","","1","0","0","0","0","0","0","0","0","7","0","","02","9","2012","7","40.422753","-80.102518","1103","11","0","0","0","0","0","0","0","0","","0","0","0","","","0","","0","","40 25:21.912","","0","80 06:09.064","0","0","0","0","2115","0","0","0","N","0","0","0","1","68B03","0","","2.0","","9","N","N","","0","","0","0","0","0","0","","","1","0","0","0","0","0","0","2","0","1","","","","N","","","","","","","","","",""