"CRN","ARRIVAL_TM","AUTOMOBILE_COUNT","BELTED_DEATH_COUNT","BELTED_SUSP_SERIOUS_INJ_COUNT","BICYCLE_COUNT","BICYCLE_DEATH_COUNT","BICYCLE_SUSP_SERIOUS_INJ_COUNT","BUS_COUNT","CHLDPAS_DEATH_COUNT","CHLDPAS_SUSP_SERIOUS_INJ_COUNT","COLLISION_TYPE","COMM_VEH_COUNT","CONS_ZONE_SPD_LIM","COUNTY","CRASH_MONTH","CRASH_YEAR","DAY_OF_WEEK","DEC_LATITUDE","DEC_LONGITUDE","DISPATCH_TM","DISTRICT","DRIVER_COUNT_16YR","DRIVER_COUNT_17YR","DRIVER_COUNT_18YR","DRIVER_COUNT_19YR","DRIVER_COUNT_20YR","DRIVER_COUNT_50_64YR","DRIVER_COUNT_65_74YR","DRIVER_COUNT_75PLUS","EST_HRS_CLOSED","FATAL_COUNT","HEAVY_TRUCK_COUNT","HORSE_BUGGY_COUNT","HOUR_OF_DAY","ILLUMINATION","INJURY_COUNT","INTERSECTION_RELATED","INTERSECT_TYPE","LANE_CLOSED","LATITUDE","LN_CLOSE_DIR","LOCATION_TYPE","LONGITUDE","MAX_SEVERITY_LEVEL","MCYCLE_DEATH_COUNT","MCYCLE_SUSP_SERIOUS_INJ_COUNT","MOTORCYCLE_COUNT","MUNICIPALITY","NONMOTR_COUNT","NONMOTR_DEATH_COUNT","NONMOTR_SUSP_SERIOUS_INJ_COUNT","NTFY_HIWY_MAINT","PED_COUNT","PED_DEATH_COUNT","PED_SUSP_SERIOUS_INJ_COUNT","PERSON_COUNT","POLICE_AGCY","POSSIBLE_INJ_COUNT","RDWY_SURF_TYPE_CD","RELATION_TO_ROAD","ROADWAY_CLEARED","ROAD_CONDITION","SCH_BUS_IND","SCH_ZONE_IND","SECONDARY_CRASH","SMALL_TRUCK_COUNT","SPEC_JURIS_CD","SUSP_MINOR_INJ_COUNT","SUSP_SERIOUS_INJ_COUNT","SUV_COUNT","TCD_FUNC_CD","TCD_TYPE","TFC_DETOUR_IND","TIME_OF_DAY","TOTAL_UNITS","TOT_INJ_COUNT","UNBELTED_OCC_COUNT","UNB_DEATH_COUNT","UNB_SUSP_SERIOUS_INJ_COUNT","UNK_INJ_DEG_COUNT","UNK_INJ_PER_COUNT","URBAN_RURAL","VAN_COUNT","VEHICLE_COUNT","WEATHER1","WEATHER2","WORKERS_PRES","WORK_ZONE_IND","WORK_ZONE_LOC","WORK_ZONE_TYPE","WZ_CLOSE_DETOUR","WZ_FLAGGER","WZ_LAW_OFFCR_IND","WZ_LN_CLOSURE","WZ_MOVING","WZ_OTHER","WZ_SHLDER_MDN","WZ_WORKERS_INJ_KILLED"
"2012089285","","1","0","0","0","0","0","0","0","0","1","0","","02","9","2012","7","40.406765","-79.888544","1118","11","0","0","0","0","0","0","1","0","","0","0","0","","","1","","0","","40 24:24.353","","0","79 53:18.759","8","0","0","0","2448","0","0","0","N","0","0","0","10","02448","0","","1.0","","9","N","N","","0","","0","0","0","0","0","","","2","1","0","0","0","1","0","2","1","2","","","","N","","","","","","","","","",""
"2012089365","","0","0","0","0","0","0","0","0","0","1","1","","02","9","2012","5","40.60935","-79.94796","1142","11","0","0","0","0","0","2","0","0","1","0","1","0","","","0","","0","","40 36:33.661","3","0","79 56:52.656","0","0","0","0","2207","0","0","0","N","0","0","0","2","68T02","0","","1.0","","1","N","N","","0","","0","0","1","0","0","N","","2","0","0","0","0","0","0","2","0","2","","","","N","","","","","","","","","",""
"2012087853","","2","0","0","0","0","0","0","0","0","4","0","","02","8","2012","3","40.522068","-80.217554","0915","11","0","0","0","0","0","0","0","0","","0","0","0","","","0","","0","","40 31:19.444","","7","80 13:03.194","0","0","0","0","2213","0","0","0","N","0","0","0","2","02213","0","","1.0","","1","N","N","","0","","0","0","0","3","3","","","2","0","0","0","0","0","0","2","0","2","","","","N","","","","","","","","","",""
"2012087717","","0","0","0","0","0","0","0","0","0","0","0","","02","7","2012","7","40.429327","-79.941644","0719","11","0","0","0","0","0","0","0","0","","0","0","0","","","1","","0","","40 25:45.577","","0","79 56:29.917","3","0","0","1","2301","0","0","0","N","0","0","0","1","68B03","0","","1.0","","1","N","N","","0","","1","0","0","0","0","","","1","1","0","0","0","0","0","2","0","1","","","","N","","","","","","","","","",""
"2012089286","","1","0","0","0","0","0","0","0","0","1","0","","02","9","2012","7","40.400776","-80.082879","1207","11","0","0","0","0","0","1","0","0","","0","0","0","","","2","","2","","40 24:02.794","","0","80 04:58.363","8","0","0","0","2415","0","0","0","N","0","0","0","3","02415","0","","1.0","","9","N","N","","1","","0","0","0","0","0","","","2","2","0","0","0","2","1","2","0","2","","","","N","","","","","","","","","",""
"2012089436","","0","0","0","0","0","0","0","0","0","0","0","","02","9","2012","7","40.487098","-80.033372","1208","11","0","0","0","0","0","1","0","0","","0","0","0","","","1","","2","","40 29:13.552","","0","80 02:00.139","8","0","0","1","2301","0","0","0","N","0","0","0","2","02301","0","","1.0","","9","N","N","","0","","0","0","0","3","3","","","1","1","0","0","0","1","0","2","0","1","","","","N","","","","","","","","","",""
"2012089913","","1","0","0","0","0","0","0","0","0","4","0","","02","9","2012","2","40.44161","-80.240672","1401","11","0","0","0","0","0","0","0","0","2","0","0","0","","","1","","1","","40 26:29.796","7","0","80 14:26.419","2","0","1","1","2214","0","0","0","N","0","0","0","2","02214","0","","1.0","","1","N","N","","0","","0","1","0","3","3","Y","","2","1","0","0","0","0","0","2","0","2","","","","N","","","","","","","","","",""
"2012087718","","2","0","0","0","0","0","0","0","0","1","0","","02","8","2012","2","40.425872","-79.899148","1645","11","0","0","1","0","0","0","0","0","","0","0","0","","","0","","0","","40 25:33.140","","0","79 53:56.931","0","0","0","0","2301","0","0","0","N","0","0","0","2","68B03","0","","1.0","","1","N","N","","0","","0","0","0","0","0","","","2","0","0","0","0","0","0","2","0","2","","","","N","","","","","","","","","",""
"2012090107","","1","0","0","0","0","0","0","0","0","8","0","","02","9","2012","3","40.44159","-79.998131","1440","11","0","0","0","0","0","0","0","0","1","0","0","0","","","1","","0","","40 26:29.724","1","0","79 59:53.271","3","0","0","0","2301","1","0","0","N","1","0","0","2","02301","0","","1.0","","1","N","N","","0","","1","0","0","3","2","N","","2","1","1","0","0","0","0","2","0","1","","","","N","","","","","","","","","",""
"2012090108","","3","0","0","0","0","0","0","0","0","5","0","","02","9","2012","3","40.476509","-80.031692","1125","11","0","0","0","0","0","0","0","0","","0","0","0","","","0","","1","","40 28:35.432","","0","80 01:54.091","9","0","0","0","2301","0","0","0","N","0","0","0","2","02301","0","","1.0","","1","N","N","","0","","0","0","0","0","0","","","3","0","0","0","0","0","1","2","0","3","","","","N","","","","","","","","","",""
"2012089915","","1","0","0","0","0","0","0","0","0","4","0","","02","9","2012","2","40.542632","-79.77309","1831","11","0","0","0","0","0","0","0","0","1","0","0","0","","","1","","2","","40 32:33.475","6","0","79 46:23.124","3","0","0","1","2462","0","0","0","N","0","0","0","4","02462","0","","1.0","","1","N","N","","0","","1","0","0","3","2","N","","2","1","0","0","0","0","0","2","0","2","","","","N","","","","","","","","","",""
"2012089290","","1","0","0","0","0","0","0","0","0","7","0","","02","9","2012","2","40.362258","-79.830508","0818","11","0","0","0","0","0","0","0","0","2","0","0","0","","","1","","0","","40 21:44.130","6","0","79 49:49.830","8","0","0","0","2111","0","0","0","N","0","0","0","1","02111","0","","4.0","","1","N","N","","0","","0","0","0","0","0","Y","","1","1","0","0","0","1","0","2","0","1","","","","N","","","","","","","","","",""
"2012088323","","1","0","0","0","0","0","0","0","0","5","0","","02","9","2012","4","40.456279","-79.97498","2104","11","0","0","0","0","0","1","0","0","","0","0","0","","","1","","1","","40 27:22.604","","0","79 58:29.928","4","0","0","1","2301","0","0","0","","0","0","0","3","02301","1","","1.0","","1","N","N","","0","","0","0","0","3","2","","","2","1","0","0","0","0","0","2","0","2","","","","N","","","","","","","","","",""
"2012087657","","0","0","0","0","0","0","0","0","0","1","0","","02","9","2012","3","40.395993","-80.023808","1709","11","0","0","0","0","0","1","0","0","1","0","0","0","","","0","","0","","40 23:45.576","2","0","80 01:25.707","0","0","0","0","2301","0","0","0","N","0","0","0","3","02301","0","","1.0","","1","N","N","","1","","0","0","1","0","0","N","","3","0","0","0","0","0","0","2","1","3","","","","N","","","","","","","","","",""
"2012089291","","0","0","0","0","0","0","0","0","0","1","0","","02","9","2012","7","40.44965","-80.10732","1337","11","0","0","0","0","0","0","0","1","2","0","0","0","","","0","","0","","40 26:58.740","5","0","80 06:26.352","9","0","0","0","2126","0","0","0","N","0","0","0","2","02126","0","","1.0","","9","N","N","","1","","0","0","1","0","0","N","","2","0","0","0","0","0","1","2","0","2","","","","N","","","","","","","","","",""
"2012089373","","3","0","0","0","0","0","0","0","0","1","0","","02","9","2012","7","40.388858","-80.049374","1650","11","0","1","0","0","0","0","0","0","3","0","0","0","","","0","","0","","40 23:19.887","2","0","80 02:57.748","0","0","0","0","2109","0","0","0","N","0","0","0","6","02109","0","","1.0","","1","N","N","","0","","0","0","0","0","0","N","","3","0","1","0","0","0","0","2","0","3","","","","N","","","","","","","","","",""
"2012087152","","1","0","0","0","0","0","0","0","0","7","0","","02","9","2012","1","40.369508","-79.919155","0322","11","0","0","0","0","0","0","0","0","","0","0","0","","","2","","2","","40 22:10.228","","0","79 55:08.958","8","0","0","0","2301","0","0","0","N","0","0","0","4","02301","0","","5.0","","1","N","N","","0","","0","0","0","0","0","","","1","2","0","0","0","2","2","2","0","1","","","","N","","","","","","","","","",""
"2012089158","","1","0","0","0","0","0","0","0","0","4","0","","02","9","2012","6","40.451468","-79.908178","2135","11","0","0","0","0","0","0","0","0","","0","0","0","","","2","","1","","40 27:05.286","","0","79 54:29.439","3","0","0","0","2301","0","0","0","N","0","0","0","3","02301","1","","1.0","","1","N","N","","1","","1","0","0","3","2","","","2","2","2","0","0","0","0","2","0","2","","","","N","","","","","","","","","",""
"2012089292","","3","0","0","0","0","0","0","0","0","4","0","","02","9","2012","7","40.447353","-79.98985","1321","11","0","0","0","0","0","0","0","1","2","0","0","0","","","5","","1","","40 26:50.470","7","0","79 59:23.460","4","0","0","0","2301","0","0","0","N","0","0","0","7","02301","1","","1.0","","9","N","N","","0","","0","0","0","3","3","N","","3","5","0","0","0","4","0","2","0","3","","","","N","","","","","","","","","",""
"2012089980","","1","0","0","0","0","0","0","0","0","99","0","","02","9","2012","6","40.491347","-80.041364","0255","11","0","0","0","0","0","0","0","0","","0","0","0","","","1","","0","","40 29:28.850","","0","80 02:28.910","4","0","0","1","2116","0","0","0","N","0","0","0","1","02116","1","","1.0","","1","N","N","","0","","0","0","0","0","0","","","2","1","0","0","0","0","0","2","0","2","","","","N","","","","","","","","","",""
"2012088897","","0","0","0","0","0","0","0","0","0","4","0","","02","9","2012","4","40.554376","-80.220421","1445","11","0","0","0","0","0","0","0","0","","0","0","0","","","0","","0","","40 33:15.754","","0","80 13:13.516","9","0","0","0","2103","0","0","0","","0","0","0","3","02103","0","","1.0","","1","","","","0","","0","0","2","0","0","","","2","0","0","0","0","0","3","2","0","2","","","","N","","","","","","","","","",""
"2012092107","","2","0","0","0","0","0","0","0","0","2","0","","02","9","2012","2","40.366614","-80.014504","0302","11","0","0","0","1","0","0","0","0","","0","0","0","","","2","","1","","40 21:59.810","","0","80 00:52.214","8","0","0","0","2416","0","0","0","N","0","0","0","4","02416","0","","1.0","","1","N","N","","0","","0","0","0","3","2","","","2","2","0","0","0","2","0","2","0","2","","","","N","","","","","","","","","",""
"2012089529","","2","0","0","0","0","0","0","0","0","2","0","","02","9","2012","5","40.408243","-79.77862","1826","11","0","0","0","0","0","0","1","1","2","0","0","0","","","2","","0","","40 24:29.674","5","0","79 46:43.032","4","0","0","0","2453","0","0","0","N","0","0","0","3","02453","2","","1.0","","1","N","N","","0","","0","0","0","0","0","N","","2","2","0","0","0","0","0","2","0","2","","","","N","","","","","","","","","",""
"2012088000","","0","0","0","0","0","0","0","0","0","7","0","","02","9","2012","4","40.488869","-80.338679","0813","11","0","0","0","0","0","0","0","0","2","0","0","0","","","1","","0","","40 29:19.928","4","0","80 20:19.245","8","0","0","0","2203","0","0","0","Y","0","0","0","1","02203","0","","2.0","","1","N","N","","0","","0","0","0","0","0","N","","1","1","0","0","0","1","0","1","1","1","","","","N","","","","","","","","","",""
"2012089606","","1","0","0","0","0","0","0","0","0","8","0","","02","9","2012","1","40.428846","-79.982048","1752","11","0","0","0","0","0","0","0","0","","0","0","0","","","1","","1","","40 25:43.844","","0","79 58:55.371","4","0","0","0","2301","1","0","0","N","1","0","0","2","02301","1","","1.0","","1","N","N","","0","","0","0","0","3","2","","","2","1","0","0","0","0","0","2","0","1","","","","N","","","","","","","","","",""
"2012090511","","2","0","0","0","0","0","0","0","0","6","0","","02","9","2012","3","40.495234","-80.065962","1538","11","0","0","0","0","0","0","0","0","2","0","0","0","","","0","","0","","40 29:42.843","1","0","80 03:57.464","0","0","0","0","2402","0","0","0","N","0","0","0","3","02402","0","","1.0","","1","N","N","","0","","0","0","0","0","0","N","","2","0","0","0","0","0","0","2","0","2","","","","N","","","","","","","","","",""
"2012089458","","2","0","0","0","0","0","0","0","0","6","0","","02","9","2012","7","40.47152","-79.926282","1043","11","0","0","0","0","0","0","0","0","3","0","0","0","","","0","","1","","40 28:17.472","1","0","79 55:34.615","9","0","0","0","2301","0","0","0","N","0","0","0","1","02301","0","","1.0","","9","N","N","","0","","0","0","1","0","0","N","","3","0","0","0","0","0","1","2","0","3","","","","N","","","","","","","","","",""
"2012088838","","1","0","0","0","0","0","0","0","0","7","0","","02","9","2012","6","40.438041","-79.994066","0315","11","0","0","0","0","0","0","0","0","","0","0","0","","","1","","2","","40 26:16.948","","8","79 59:38.639","4","0","0","0","2301","0","0","0","N","0","0","0","2","02301","1","","1.0","","1","N","N","","0","","0","0","0","3","2","","","1","1","0","0","0","0","0","2","0","1","","","","N","","","","","","","","","",""
"2012088900","","2","0","0","0","0","0","0","0","0","1","0","","02","9","2012","6","40.398725","-79.820885","0755","11","0","0","0","0","0","0","1","0","1","0","0","0","","","1","","1","","40 23:55.410","1","0","79 49:15.186","4","0","0","0","2111","0","0","0","N","0","0","0","2","02111","1","","1.0","","1","N","N","","0","","0","0","0","0","0","N","","2","1","0","0","0","0","0","2","0","2","","","","N","","","","","","","","","",""
"2012087447","","1","0","0","0","0","0","0","0","0","99","0","","02","9","2012","2","40.455438","-79.966698","0637","11","0","0","0","0","0","0","0","0","","0","0","0","","","0","","0","","40 27:19.575","","99","79 58:00.114","0","0","0","0","2301","0","0","0","N","0","0","0","1","02301","0","","1.0","","1","N","N","","0","","0","0","0","0","0","","","1","0","0","0","0","0","0","2","0","1","","","","N","","","","","","","","","",""
"2012088003","","1","0","0","0","0","0","0","0","0","4","0","","02","9","2012","4","40.465466","-79.946427","0936","11","0","0","0","0","0","0","0","1","1","0","0","0","","","1","","1","","40 27:55.677","7","0","79 56:47.137","8","0","0","0","2301","0","0","0","N","0","0","0","2","02301","0","","1.0","","1","N","N","","0","","0","0","1","3","2","N","","2","1","0","0","0","1","0","2","0","2","","","","N","","","","","","","","","",""
"2012088901","","2","0","0","0","0","0","0","0","0","2","0","","02","9","2012","6","40.396105","-79.997097","0813","11","0","0","0","1","0","0","0","0","","0","0","0","","","0","","1","","40 23:45.978","","0","79 59:49.549","0","0","0","0","2301","0","0","0","N","0","0","0","2","02301","0","","1.0","","1","N","N","","0","","0","0","0","3","3","","","2","0","0","0","0","0","0","2","0","2","","","","N","","","","","","","","","",""
"2012088915","","0","0","0","0","0","0","0","0","0","1","0","","02","9","2012","6","40.433978","-79.732283","0858","11","0","0","0","0","0","0","0","0","","0","0","0","","","0","","0","","40 26:02.320","","0","79 43:56.220","0","0","0","0","2446","0","0","0","N","0","0","0","2","02446","0","","1.0","","1","N","N","","0","","0","0","2","3","2","","","2","0","0","0","0","0","0","2","0","2","","","","N","","","","","","","","","",""
"2012089461","","2","0","0","0","0","0","0","0","0","4","0","","02","9","2012","1","40.386774","-80.045237","1010","11","0","0","0","0","0","0","0","0","1","0","0","0","","","0","","1","","40 23:12.386","4","0","80 02:42.853","0","0","0","0","2109","0","0","0","N","0","0","0","2","02109","0","","1.0","","1","N","N","","0","","0","0","0","3","3","N","","2","0","0","0","0","0","0","2","0","2","","","","N","","","","","","","","","",""
"2012087173","","1","0","0","0","0","0","0","0","0","4","0","","02","9","2012","2","40.432174","-80.003941","0035","11","0","0","0","0","0","0","0","0","2","0","0","0","","","1","","1","","40 25:55.827","5","0","80 00:14.188","8","0","0","0","2301","0","0","0","N","0","0","0","2","02301","0","","1.0","","1","N","N","","0","","0","0","1","3","2","Y","","2","1","1","0","0","1","0","2","0","2","","","","N","","","","","","","","","",""
"2012089596","","0","0","0","0","0","0","0","0","0","7","0","","02","9","2012","1","40.459828","-79.99309","1932","11","0","0","0","0","0","0","0","0","2","0","0","0","","","0","","0","","40 27:35.380","1","0","79 59:35.124","0","0","0","0","2301","0","0","0","Y","0","0","0","1","02301","0","","5.0","","1","N","N","","1","","0","0","0","0","0","N","","1","0","0","0","0","0","0","2","0","1","","","","N","","","","","","","","","",""
"2012088841","","1","0","0","0","0","0","0","0","0","7","0","","02","9","2012","6","40.458743","-79.957562","0244","11","0","0","0","0","0","0","0","0","","0","0","0","","","0","","3","","40 27:31.475","","2","79 57:27.224","0","0","0","0","2301","0","0","0","N","0","0","0","1","02301","0","","1.0","","1","N","N","","0","","0","0","0","0","0","","","1","0","0","0","0","0","0","2","0","1","","","","N","","","","","","","","","",""
"2012088917","","1","0","0","0","0","0","0","0","0","4","1","","02","9","2012","6","40.453146","-80.020691","0847","11","0","0","0","0","1","1","0","0","2","0","0","0","","","2","","1","","40 27:11.325","4","0","80 01:14.487","8","0","0","0","2301","0","0","0","N","0","0","0","5","02301","0","","1.0","","1","Y","N","","0","","0","0","0","3","3","N","","2","2","4","0","0","2","0","2","1","2","","","","N","","","","","","","","","",""
"2012087175","","3","0","0","0","0","0","0","0","0","4","0","","02","8","2012","6","40.427512","-79.974716","0539","11","0","0","0","0","0","0","0","1","","0","0","0","","","1","","1","","40 25:39.043","","0","79 58:28.977","8","0","0","0","2301","0","0","0","N","0","0","0","2","02301","0","","1.0","","1","N","N","","0","","0","0","0","3","1","","","3","1","0","0","0","1","1","2","0","3","","","","N","","","","","","","","","",""
"2012087238","","2","0","0","0","0","0","0","0","0","6","0","","02","9","2012","2","40.462681","-80.030371","0526","11","0","0","0","0","0","0","0","0","","0","0","0","","","0","","0","","40 27:45.651","","0","80 01:49.336","9","0","0","0","2301","0","0","0","N","0","0","0","1","02301","0","","1.0","","1","N","N","","1","","0","0","0","0","0","","","3","0","0","0","0","0","1","2","0","3","","","","N","","","","","","","","","",""
"2012092812","","2","0","0","0","0","0","0","0","0","2","0","","02","9","2012","3","40.459997","-79.945927","0654","11","0","0","0","0","0","0","1","0","1","0","0","0","","","1","","1","","40 27:35.989","3","0","79 56:45.337","4","0","0","0","2301","0","0","0","N","0","0","0","2","02301","1","","1.0","","9","N","N","","0","","0","0","0","3","2","Y","","2","1","0","0","0","0","0","2","0","2","","","","N","","","","","","","","","",""
"2012089464","","1","0","0","0","0","0","0","0","0","4","0","","02","9","2012","4","40.416936","-80.014558","1300","11","0","0","0","0","0","0","0","0","","0","0","0","","","0","","2","","40 25:00.970","","0","80 00:52.409","0","0","0","0","2301","0","0","0","N","0","0","0","4","02301","0","","1.0","","1","N","N","","0","","0","0","0","0","0","","","2","0","0","0","0","0","0","2","1","2","","","","N","","","","","","","","","",""
"2012087176","","0","0","0","0","0","0","0","0","0","7","0","","02","9","2012","2","40.355792","-79.899896","0411","11","0","0","0","0","0","0","0","0","2","0","0","0","","","0","","0","","40 21:20.851","2","0","79 53:59.625","0","0","0","0","2473","0","0","0","N","0","0","0","1","02473","0","","5.0","","1","N","N","","0","","0","0","2","0","0","Y","","2","0","0","0","0","0","0","2","0","2","","","","N","","","","","","","","","",""
"2012088007","","1","0","0","0","0","0","0","0","0","1","0","","02","9","2012","4","40.486952","-79.916318","0853","11","0","0","0","0","0","0","0","0","","0","0","0","","","1","","3","","40 29:13.026","","3","79 54:58.743","8","0","0","0","2301","0","0","0","N","0","0","0","3","02301","0","","1.0","","1","N","N","","1","","0","0","0","0","0","","","2","1","0","0","0","1","0","2","0","2","","","","N","","","","","","","","","",""
"2012088905","","2","0","0","0","0","0","0","0","0","1","0","","02","9","2012","7","40.458786","-80.138137","1940","11","0","0","1","0","0","0","0","0","","0","0","0","","","0","","0","","40 27:31.629","","0","80 08:17.293","0","0","0","0","2115","0","0","0","N","0","0","0","2","02115","0","","1.0","","9","N","N","","0","","0","0","0","0","0","","","2","0","0","0","0","0","0","2","0","2","","","","N","","","","","","","","","",""
"2012088702","","2","0","0","0","0","0","0","0","0","1","0","","02","9","2012","5","40.400159","-79.989156","1738","11","0","0","0","0","0","0","0","0","1","0","0","0","","","1","","1","","40 24:00.572","1","0","79 59:20.961","4","0","0","0","2301","0","0","0","N","0","0","0","6","02301","1","","1.0","","1","N","N","","0","","0","0","1","0","0","N","","3","1","0","0","0","0","0","2","0","3","","","","N","","","","","","","","","",""
"2012088022","","1","0","0","0","0","0","0","0","0","1","0","","02","9","2012","4","40.449329","-79.985064","1200","11","0","0","0","0","0","1","0","0","","0","0","0","","","0","","0","","40 26:57.584","","0","79 59:06.230","9","0","0","0","2301","0","0","0","N","0","0","0","3","02301","0","","1.0","","1","N","N","","1","","0","0","0","0","0","","","3","0","0","0","0","0","1","2","1","3","","","","N","","","","","","","","","",""
"2012088776","","1","0","0","0","0","0","0","0","0","7","0","","02","9","2012","3","40.583808","-79.873246","2018","11","0","0","0","0","0","0","0","0","","0","0","0","","","0","","0","","40 35:01.707","","0","79 52:23.685","0","0","0","0","2209","0","0","0","N","0","0","0","1","68T02","0","","3.0","","9","N","N","","0","","0","0","0","0","0","","","1","0","0","0","0","0","0","2","0","1","","","","N","","","","","","","","","",""
"2012088906","","1","0","0","0","0","0","0","0","0","1","0","","02","9","2012","3","40.444174","-80.147117","1427","11","0","0","0","0","0","1","0","0","","0","0","0","","","1","","2","","40 26:39.028","","0","80 08:49.622","4","0","0","0","2115","0","0","0","N","0","0","0","4","02115","1","","1.0","","1","N","N","","0","","0","0","1","3","2","","","2","1","1","0","0","0","0","2","0","2","","","","N","","","","","","","","","",""
"2012089537","","1","0","0","0","0","0","0","0","0","7","0","","02","9","2012","1","40.401763","-79.780237","0138","11","0","0","0","0","0","0","0","0","2","0","0","0","","","0","","10","","40 24:06.346","6","0","79 46:48.853","0","0","0","0","2453","0","0","0","N","0","0","0","1","02453","0","","5.0","","1","N","N","","1","","0","0","0","0","0","N","","2","0","0","0","0","0","0","2","0","2","","","","N","","","","","","","","","",""
"2012089614","","1","0","0","0","0","0","0","0","0","7","0","","02","9","2012","1","40.431766","-79.981763","0352","11","0","0","0","0","0","0","0","0","","0","0","0","","","0","","0","","40 25:54.359","","0","79 58:54.348","0","0","0","0","2301","0","0","0","N","0","0","0","1","02301","0","","5.0","","1","N","N","","0","","0","0","0","0","0","","","1","0","0","0","0","0","0","2","0","1","","","","N","","","","","","","","","",""
"2012088779","","2","0","0","0","0","0","0","0","0","2","0","","02","9","2012","5","40.386519","-79.970706","0342","11","0","0","0","0","0","0","0","0","","0","0","0","","","0","","1","","40 23:11.468","","0","79 58:14.541","0","0","0","0","2403","0","0","0","N","0","0","0","1","02403","0","","1.0","","1","N","N","","0","","0","0","0","3","3","","","2","0","0","0","0","0","0","2","0","2","","","","N","","","","","","","","","",""
"2012089470","","1","0","0","0","0","0","0","0","0","1","0","","02","9","2012","1","40.459776","-79.920645","1030","11","0","0","0","0","0","0","0","0","1","0","0","0","","","1","","0","","40 27:35.195","3","0","79 55:14.323","4","0","0","0","2301","0","0","0","N","0","0","0","4","02301","1","","1.0","","1","N","N","","0","","0","0","2","0","0","N","","3","1","0","0","0","0","0","2","0","3","","","","N","","","","","","","","","",""
"2012088781","","1","0","0","0","0","0","0","0","0","4","0","","02","9","2012","5","40.44921","-79.901313","1729","11","0","0","0","0","0","0","0","0","","0","0","0","","","0","","1","","40 26:57.157","","0","79 54:04.728","0","0","0","0","2301","0","0","0","N","0","0","0","4","02301","0","","1.0","","1","N","N","","1","","0","0","0","3","2","","","2","0","0","0","0","0","0","2","0","2","","","","N","","","","","","","","","",""
"2012088927","","2","0","0","0","0","0","0","0","0","4","0","","02","9","2012","6","40.383422","-80.051065","0841","11","0","0","0","0","0","0","0","0","1","0","0","0","","","0","","1","","40 23:00.319","3","0","80 03:03.834","0","0","0","0","2109","0","0","0","N","0","0","0","3","02109","0","","1.0","","1","N","N","","0","","0","0","0","3","3","N","","2","0","0","0","0","0","0","2","0","2","","","","N","","","","","","","","","",""
"2012088928","","1","0","0","0","0","0","0","0","0","7","0","","02","9","2012","2","40.337997","-79.984299","0350","11","0","0","0","0","0","1","0","0","3","0","0","0","","","0","","0","","40 20:16.788","1","0","79 59:03.478","0","0","0","0","2403","0","0","0","N","0","0","0","1","02403","0","","2.0","","1","N","N","","0","","0","0","0","0","0","N","","1","0","0","0","0","0","0","2","0","1","","","","N","","","","","","","","","",""
"2012092052","","1","0","0","0","0","0","0","0","0","7","0","","02","9","2012","2","40.421924","-79.890408","1252","11","0","0","0","0","0","0","0","0","","0","0","0","","","0","","1","","40 25:18.926","","0","79 53:25.468","0","0","0","0","2463","0","0","0","N","0","0","0","1","02463","0","","5.0","","1","N","N","","0","","0","0","0","3","2","","","1","0","0","0","0","0","0","2","0","1","","","","N","","","","","","","","","",""
"2012089542","","1","0","0","0","0","0","0","0","0","5","0","","02","7","2012","1","40.427758","-79.92511","1600","11","0","0","1","0","0","0","0","0","","0","0","0","","","1","","0","","40 25:39.930","","0","79 55:30.397","8","0","0","0","2301","0","0","0","N","0","0","0","3","68B03","0","","1.0","","1","N","N","","0","","0","0","1","0","0","","","2","1","0","0","0","1","0","2","0","2","","","","N","","","","","","","","","",""
"2012088015","","3","0","0","0","0","0","0","0","0","1","0","","02","8","2012","4","","","1636","11","0","0","0","0","0","1","0","0","2","0","0","0","","","0","","0","","","4","3","","0","0","0","0","2444","0","0","0","N","0","0","0","3","02444","0","","1.0","","1","N","N","","0","","0","0","0","3","2","N","","3","0","1","0","0","0","0","2","0","3","","","","N","","","","","","","","","",""
"2012087329","","1","0","0","0","0","0","0","0","0","7","0","","02","9","2012","7","40.410726","-80.014492","1932","11","0","0","0","0","0","0","0","0","1","0","0","0","","","1","","0","","40 24:38.612","2","0","80 00:52.172","3","0","0","0","2301","0","0","0","N","0","0","0","1","02301","0","","2.0","","9","N","N","","0","","1","0","0","0","0","N","","1","1","1","0","0","0","0","2","0","1","","","","N","","","","","","","","","",""
"2012090525","","2","0","0","0","0","0","0","0","0","4","0","","02","9","2012","4","40.321117","-79.942255","1458","11","0","0","0","0","0","0","0","0","2","0","0","0","","","4","","1","","40 19:16.022","1","0","79 56:32.119","4","0","0","0","2454","0","0","0","N","0","0","0","4","02454","1","","1.0","","1","N","N","","0","","0","0","0","3","2","Y","","2","4","0","0","0","3","0","2","0","2","","","","N","","","","","","","","","",""
"2012089475","","1","0","0","0","0","0","0","0","0","1","0","","02","9","2012","7","40.398892","-80.065351","1251","11","0","0","0","0","0","0","0","0","","0","0","0","","","0","","2","","40 23:56.011","","0","80 03:55.263","0","0","0","0","2117","0","0","0","N","0","0","0","2","02117","0","","1.0","","9","N","N","","1","","0","0","0","3","2","","","2","0","0","0","0","0","0","2","0","2","","","","N","","","","","","","","","",""
"2012089543","","1","0","0","0","0","0","0","0","0","4","0","","02","8","2012","6","40.526216","-80.158285","1656","11","0","0","0","0","0","0","0","0","1","0","0","0","","","2","","0","","40 31:34.376","1","0","80 09:29.827","8","0","0","0","2436","0","0","0","N","0","0","0","2","68B03","0","","1.0","","1","N","N","","0","","0","0","0","0","0","N","","2","2","0","0","0","2","0","2","1","2","","","","N","","","","","","","","","",""