"CRN","ARRIVAL_TM","AUTOMOBILE_COUNT","BELTED_DEATH_COUNT","BELTED_SUSP_SERIOUS_INJ_COUNT","BICYCLE_COUNT","BICYCLE_DEATH_COUNT","BICYCLE_SUSP_SERIOUS_INJ_COUNT","BUS_COUNT","CHLDPAS_DEATH_COUNT","CHLDPAS_SUSP_SERIOUS_INJ_COUNT","COLLISION_TYPE","COMM_VEH_COUNT","CONS_ZONE_SPD_LIM","COUNTY","CRASH_MONTH","CRASH_YEAR","DAY_OF_WEEK","DEC_LATITUDE","DEC_LONGITUDE","DISPATCH_TM","DISTRICT","DRIVER_COUNT_16YR","DRIVER_COUNT_17YR","DRIVER_COUNT_18YR","DRIVER_COUNT_19YR","DRIVER_COUNT_20YR","DRIVER_COUNT_50_64YR","DRIVER_COUNT_65_74YR","DRIVER_COUNT_75PLUS","EST_HRS_CLOSED","FATAL_COUNT","HEAVY_TRUCK_COUNT","HORSE_BUGGY_COUNT","HOUR_OF_DAY","ILLUMINATION","INJURY_COUNT","INTERSECTION_RELATED","INTERSECT_TYPE","LANE_CLOSED","LATITUDE","LN_CLOSE_DIR","LOCATION_TYPE","LONGITUDE","MAX_SEVERITY_LEVEL","MCYCLE_DEATH_COUNT","MCYCLE_SUSP_SERIOUS_INJ_COUNT","MOTORCYCLE_COUNT","MUNICIPALITY","NONMOTR_COUNT","NONMOTR_DEATH_COUNT","NONMOTR_SUSP_SERIOUS_INJ_COUNT","NTFY_HIWY_MAINT","PED_COUNT","PED_DEATH_COUNT","PED_SUSP_SERIOUS_INJ_COUNT","PERSON_COUNT","POLICE_AGCY","POSSIBLE_INJ_COUNT","RDWY_SURF_TYPE_CD","RELATION_TO_ROAD","ROADWAY_CLEARED","ROAD_CONDITION","SCH_BUS_IND","SCH_ZONE_IND","SECONDARY_CRASH","SMALL_TRUCK_COUNT","SPEC_JURIS_CD","SUSP_MINOR_INJ_COUNT","SUSP_SERIOUS_INJ_COUNT","SUV_COUNT","TCD_FUNC_CD","TCD_TYPE","TFC_DETOUR_IND","TIME_OF_DAY","TOTAL_UNITS","TOT_INJ_COUNT","UNBELTED_OCC_COUNT","UNB_DEATH_COUNT","UNB_SUSP_SERIOUS_INJ_COUNT","UNK_INJ_DEG_COUNT","UNK_INJ_PER_COUNT","URBAN_RURAL","VAN_COUNT","VEHICLE_COUNT","WEATHER1","WEATHER2","WORKERS_PRES","WORK_ZONE_IND","WORK_ZONE_LOC","WORK_ZONE_TYPE","WZ_CLOSE_DETOUR","WZ_FLAGGER","WZ_LAW_OFFCR_IND","WZ_LN_CLOSURE","WZ_MOVING","WZ_OTHER","WZ_SHLDER_MDN","WZ_WORKERS_INJ_KILLED"
"2012088851","","2","0","0","0","0","0","0","0","0","4","0","","02","8","2012","5","40.377684","-80.018427","0813","11","0","0","0","0","0","0","0","0","1","0","0","0","","","0","","0","","40 22:39.662","2","0","80 01:06.337","0","0","0","0","2101","0","0","0","N","0","0","0","2","02101","0","","2.0","","1","N","N","","0","","0","0","0","0","0","N","","2","0","0","0","0","0","0","2","0","2","","","","N","","","","","","","","","",""
"2012088863","","1","0","0","0","0","0","0","0","0","1","0","","02","9","2012","4","40.426974","-79.891496","1814","11","0","0","0","0","0","1","1","0","","0","0","0","","","0","","0","","40 25:37.107","","2","79 53:29.384","0","0","0","0","2301","0","0","0","N","0","0","0","2","68B03","0","","1.0","","1","N","N","","1","","0","0","0","3","4","","","2","0","0","0","0","0","0","2","0","2","","","","N","","","","","","","","","",""
"2012088930","","1","0","0","0","0","0","0","0","0","4","0","","02","9","2012","6","40.443847","-79.920516","0925","11","0","0","1","0","0","0","0","0","","0","0","0","","","0","","1","","40 26:37.849","","0","79 55:13.858","0","0","0","0","2301","0","0","0","N","0","0","0","3","02301","0","","1.0","","1","N","N","","1","","0","0","0","3","2","","","2","0","0","0","0","0","0","2","0","2","","","","N","","","","","","","","","",""
"2012088710","","2","0","0","0","0","0","0","0","0","1","0","","02","9","2012","3","40.435252","-79.967374","1443","11","0","0","0","0","0","0","0","0","1","0","0","0","","","1","","6","","40 26:06.906","3","2","79 58:02.546","4","0","0","0","2301","0","0","0","N","0","0","0","2","68B03","1","","1.0","","1","N","N","","0","","0","0","0","3","4","N","","2","1","0","0","0","0","0","2","0","2","","","","N","","","","","","","","","",""
"2012089544","","0","0","0","0","0","0","0","0","0","7","0","","02","9","2012","6","40.421909","-80.03083","0950","11","0","0","0","0","0","1","0","0","1","0","0","0","","","1","","0","","40 25:18.874","4","0","80 01:50.989","2","0","1","1","2301","0","0","0","N","0","0","0","1","68B03","0","","3.0","","1","N","N","","0","","0","1","0","0","0","N","","1","1","0","0","0","0","0","2","0","1","","","","N","","","","","","","","","",""
"2012091310","","0","0","0","0","0","0","0","0","0","0","0","","02","9","2012","2","40.511893","-79.85443","0024","11","0","0","0","0","0","0","0","0","3","1","0","0","","","0","","0","","40 30:42.816","1","0","79 51:15.947","1","0","0","0","2112","0","0","0","N","0","0","0","1","68D02","0","2","4.0","","1","N","N","","0","0","0","0","1","0","0","Y","","1","0","1","1","0","0","0","2","0","1","","","","N","","","","","","","","","",""
"2012089545","","1","0","0","0","0","0","0","0","0","1","0","","02","9","2012","6","40.414828","-80.061851","1534","11","0","0","0","0","1","0","0","1","1","0","0","0","","","0","","0","","40 24:53.379","4","0","80 03:42.665","9","0","0","0","2435","0","0","0","N","0","0","0","5","68B03","0","","1.0","","1","N","N","","0","","0","0","1","0","0","N","","2","0","0","0","0","0","1","2","0","2","","","","N","","","","","","","","","",""
"2012087250","","2","0","0","0","0","0","0","0","0","1","0","","02","8","2012","1","40.511511","-79.947509","1314","11","0","0","0","0","0","0","1","0","","0","0","0","","","1","","1","","40 30:41.439","","0","79 56:51.032","8","0","0","0","2118","0","0","0","N","0","0","0","3","02118","0","","1.0","","1","N","N","","0","","0","0","0","3","2","","","2","1","0","0","0","1","0","2","0","2","","","","N","","","","","","","","","",""
"2012091297","","0","0","0","0","0","0","0","0","0","8","0","","02","9","2012","6","40.409214","-79.897707","1538","11","0","0","0","0","0","0","0","0","","0","0","0","","","1","","0","","40 24:33.169","","0","79 53:51.746","4","0","0","0","2448","1","0","0","","1","0","0","2","02448","1","","2.0","","1","","N","","0","","0","0","1","0","0","","","2","1","1","0","0","0","0","2","0","1","","","","N","","","","","","","","","",""
"2012089546","","1","0","0","0","0","0","0","0","0","7","0","","02","9","2012","7","40.431118","-79.958358","0619","11","0","0","0","0","0","0","0","0","1","0","0","0","","","0","","0","","40 25:52.025","3","0","79 57:30.088","0","0","0","0","2301","0","0","0","N","0","0","0","1","68B03","0","","4.0","","9","N","N","","0","","0","0","0","0","0","N","","1","0","0","0","0","0","0","2","0","1","","","","N","","","","","","","","","",""
"2012087264","","2","0","0","0","0","0","0","0","0","4","0","","02","9","2012","1","40.494281","-80.064424","1015","11","0","0","0","0","0","0","0","0","","0","0","0","","","0","","0","","40 29:39.413","","0","80 03:51.925","0","0","0","0","2402","0","0","0","","0","0","0","2","02402","0","","1.0","","1","N","N","","0","","0","0","0","0","0","","","2","0","0","0","0","0","0","2","0","2","","","","N","","","","","","","","","",""
"2012088788","","2","0","0","0","0","0","0","0","0","4","0","25","02","9","2012","3","40.612468","-80.054371","1845","11","0","0","0","1","0","0","0","0","","0","0","0","","","1","","0","","40 36:44.884","","0","80 03:15.734","4","0","0","0","2216","0","0","0","N","0","0","0","2","02505","1","","1.0","","1","N","N","","0","","0","0","0","0","0","","","2","1","0","0","0","0","0","2","0","2","","","N","Y","4","1","","","N","","","","Y",""
"2012087333","","1","0","0","0","0","0","0","0","0","4","0","","02","9","2012","1","40.426382","-79.889794","2058","11","0","0","1","0","0","0","0","0","","0","0","0","","","2","","2","","40 25:34.975","","0","79 53:23.257","4","0","0","0","2426","0","0","0","N","0","0","0","2","02426","2","","1.0","","1","N","N","","0","","0","0","1","3","2","","","2","2","0","0","0","0","0","2","0","2","","","","N","","","","","","","","","",""
"2012089547","","1","0","0","0","0","0","0","0","0","5","0","","02","9","2012","7","40.429244","-79.940992","1520","11","0","0","0","0","0","1","1","0","","0","0","0","","","0","","0","","40 25:45.280","","0","79 56:27.572","0","0","0","0","2301","0","0","0","N","0","0","0","4","68B03","0","","1.0","","1","N","N","","0","","0","0","0","0","0","","","2","0","0","0","0","0","0","2","1","2","","","","N","","","","","","","","","",""
"2012090530","","4","0","0","0","0","0","0","0","0","1","0","","02","9","2012","4","40.485408","-79.910176","1523","11","0","0","0","0","0","1","1","0","2","0","0","0","","","1","","0","","40 29:07.467","3","0","79 54:36.635","4","0","0","0","2301","0","0","0","N","0","0","0","5","02301","1","","1.0","","1","N","N","","0","","0","0","0","0","0","N","","4","1","3","0","0","0","0","2","0","4","","","","N","","","","","","","","","",""
"2012088037","","0","0","0","0","0","0","0","0","0","0","1","","02","9","2012","4","40.336527","-79.979058","0819","11","0","0","0","0","0","1","0","0","4","0","1","0","","","0","","2","","40 20:11.496","1","0","79 58:44.608","0","0","0","0","2403","0","0","0","N","0","0","0","2","02403","0","","2.0","","1","N","N","","0","","0","0","0","3","2","Y","","1","0","0","0","0","0","0","2","0","1","","","","N","","","","","","","","","",""
"2012087335","","1","0","0","0","0","0","0","0","0","4","0","","02","8","2012","1","40.491218","-79.819267","1540","11","0","0","0","0","0","0","0","0","","0","0","0","","","1","","2","","40 29:28.386","","0","79 49:09.361","3","0","0","1","2113","0","0","0","N","0","0","0","2","02113","0","","2.0","","1","N","N","","0","","1","0","0","0","0","","","2","1","0","0","0","0","0","2","0","2","","","","N","","","","","","","","","",""
"2012088936","","0","0","0","0","0","0","0","0","0","4","0","","02","9","2012","6","40.354048","-80.01321","0717","11","0","0","0","0","0","2","0","0","3","0","0","0","","","2","","0","","40 21:14.574","5","0","80 00:47.557","3","0","0","0","2476","0","0","0","N","0","0","0","2","02476","0","","1.0","","1","N","N","","0","","1","0","2","0","0","Y","","2","2","0","0","0","1","0","2","0","2","","","","N","","","","","","","","","",""
"2012088112","","0","0","0","0","0","0","0","0","0","7","0","","02","9","2012","3","40.575514","-80.054406","2037","11","0","0","0","0","0","0","0","0","1","0","0","0","","","0","","0","","40 34:31.851","2","0","80 03:15.860","0","0","0","0","2108","0","0","0","N","0","0","0","1","02108","0","","4.0","","9","N","N","","0","","0","0","1","0","0","N","","1","0","0","0","0","0","0","2","0","1","","","","N","","","","","","","","","",""
"2012088937","","1","0","0","0","0","0","0","0","0","6","0","","02","9","2012","6","40.477912","-79.931255","0756","11","0","1","0","0","0","0","0","0","","0","0","0","","","1","","0","","40 28:40.483","","0","79 55:52.518","3","0","0","0","2301","0","0","0","N","0","0","0","1","02301","0","","1.0","","1","N","N","","1","","1","0","3","0","0","","","5","1","0","0","0","0","0","2","0","5","","","","N","","","","","","","","","",""
"2012092061","","1","0","0","0","0","0","0","0","0","7","0","","02","9","2012","2","40.459175","-80.012202","1309","11","0","0","0","0","0","0","0","0","2","0","0","0","","","0","","2","","40 27:33.030","5","0","80 00:43.927","9","0","0","0","2301","0","0","0","N","0","0","0","2","02301","0","","5.0","","1","N","N","","0","","0","0","0","0","0","N","","1","0","0","0","0","0","2","2","0","1","","","","N","","","","","","","","","",""
"2012088113","","1","0","0","0","0","0","0","0","0","4","0","","02","8","2012","6","40.507226","-80.223218","1700","11","0","0","0","0","0","1","0","0","","0","0","0","","","0","","0","","40 30:26.012","","0","80 13:23.586","0","0","0","0","2213","0","0","0","N","0","0","0","4","02213","0","","1.0","","1","N","N","","0","","0","0","1","0","0","","","2","0","0","0","0","0","0","2","0","2","","","","N","","","","","","","","","",""
"2012087412","","1","0","0","0","0","0","0","0","0","99","0","","02","8","2012","2","40.308992","-79.811609","0745","11","0","0","0","0","0","0","0","0","3","0","0","0","","","0","","0","","40 18:32.371","5","0","79 48:41.792","0","0","0","0","2105","0","0","0","N","0","0","0","1","02105","0","","1.0","","1","N","N","","0","","0","0","0","0","0","Y","","1","0","0","0","0","0","0","2","0","1","","","","N","","","","","","","","","",""
"2012090548","","1","0","0","1","0","0","0","0","0","8","0","","02","9","2012","4","40.441772","-79.952662","1647","11","0","0","0","0","0","0","0","0","","0","0","0","","","1","","2","","40 26:30.379","","0","79 57:09.583","8","0","0","0","2301","1","0","0","N","0","0","0","2","02301","0","","1.0","","1","N","N","","0","","0","0","0","3","2","","","2","1","0","0","0","1","0","2","0","1","","","","N","","","","","","","","","",""
"2012089485","","1","0","0","0","0","0","0","0","0","1","0","","02","9","2012","7","40.544218","-80.014848","1252","11","0","0","0","0","0","0","0","0","1","0","0","0","","","0","","0","","40 32:39.185","2","0","80 00:53.451","0","0","0","0","2116","0","0","0","N","0","0","0","3","02116","0","","1.0","","9","N","N","","1","","0","0","1","0","0","N","","3","0","0","0","0","0","0","2","0","3","","","","N","","","","","","","","","",""
"2012087972","","1","0","0","0","0","0","0","0","0","4","0","","02","8","2012","6","40.381872","-79.81113","1245","11","0","0","0","0","0","1","0","0","","0","0","0","","","0","","1","","40 22:54.739","","0","79 48:40.068","0","0","0","0","2424","0","0","0","N","0","0","0","2","02424","0","","1.0","","1","N","N","","0","","0","0","1","0","0","","","2","0","0","0","0","0","0","2","0","2","","","","N","","","","","","","","","",""
"2012089628","","1","0","0","0","0","0","0","0","0","1","0","","02","9","2012","7","40.612898","-79.961253","2342","11","0","0","0","0","1","0","0","0","","0","0","0","","","0","","0","","40 36:46.431","","0","79 57:40.512","0","0","0","0","2207","0","0","0","N","0","0","0","2","02207","0","","1.0","","1","N","N","","1","","0","0","0","0","0","","","2","0","0","0","0","0","0","2","0","2","","","","N","","","","","","","","","",""
"2012088114","","1","0","0","0","0","0","0","0","0","4","0","","02","8","2012","6","40.330854","-80.022271","1925","11","0","0","1","0","0","0","0","0","1","0","0","0","","","1","","0","","40 19:51.075","1","0","80 01:20.177","4","0","0","0","2407","0","0","0","N","0","0","0","2","02407","1","","1.0","","1","N","N","","0","","0","0","1","3","2","N","","2","1","0","0","0","0","0","2","0","2","","","","N","","","","","","","","","",""
"2012092063","","1","0","0","0","0","0","0","0","0","7","0","","02","9","2012","4","40.394449","-80.076496","1721","11","0","0","0","0","0","0","0","0","2","0","0","0","","","1","","0","","40 23:40.016","7","0","80 04:35.385","8","0","0","0","2117","0","0","0","N","0","0","0","1","02117","0","","5.0","","1","N","N","","0","","0","0","0","0","0","Y","","1","1","0","0","0","1","0","2","0","1","","","","N","","","","","","","","","",""
"2012091318","","2","0","0","0","0","0","0","0","0","1","0","","02","9","2012","6","40.618215","-79.945375","1801","11","0","0","0","0","0","1","0","0","","0","0","0","","","1","","2","","40 37:05.575","","0","79 56:43.350","8","0","0","0","2217","0","0","0","N","0","0","0","2","02505","0","","1.0","","9","N","N","","0","","0","0","0","0","0","","","2","1","0","0","0","1","0","2","0","2","","","","N","","","","","","","","","",""
"2012092064","","2","0","0","0","0","0","0","0","0","2","0","","02","9","2012","1","40.430377","-79.710764","2028","11","0","0","0","0","0","0","0","0","","0","0","0","","","3","","1","","40 25:49.356","","0","79 42:38.750","3","0","0","0","2446","0","0","0","N","0","0","0","3","02446","1","","1.0","","1","N","N","","0","","2","0","0","3","2","","","2","3","1","0","0","0","0","2","0","2","","","","N","","","","","","","","","",""
"2012090536","","0","0","0","0","0","0","0","0","0","5","0","","02","9","2012","4","40.448796","-79.900082","1626","11","0","0","0","0","0","2","0","0","","0","0","0","","","0","","0","","40 26:55.664","","0","79 54:00.294","0","0","0","0","2301","0","0","0","N","0","0","0","2","02301","0","","1.0","","1","N","N","","0","","0","0","1","0","0","","","2","0","0","0","0","0","0","2","1","2","","","","N","","","","","","","","","",""
"2012092844","","0","0","0","0","0","0","0","0","0","1","1","","02","8","2012","2","40.652689","-80.093922","1500","11","0","0","0","0","0","1","0","0","","0","1","0","","","0","","0","","40 39:09.682","","0","80 05:38.119","0","0","0","0","2212","0","0","0","N","0","0","0","5","68B03","0","","1.0","","1","N","N","","2","","0","0","0","0","0","","","3","0","0","0","0","0","0","2","0","3","","","","N","","","","","","","","","",""
"2012088043","","1","0","0","0","0","0","0","0","0","4","0","","02","9","2012","4","40.459808","-79.971395","1338","11","0","0","0","0","0","1","0","0","","0","0","0","","","0","","1","","40 27:35.309","","0","79 58:17.023","0","0","0","0","2301","0","0","0","N","0","0","0","2","02301","0","","1.0","","1","N","N","","0","","0","0","1","3","2","","","2","0","0","0","0","0","0","2","0","2","","","","N","","","","","","","","","",""
"2012088861","","0","0","0","0","0","0","0","0","0","7","0","","02","8","2012","1","40.65937","-80.091151","1526","11","0","0","0","0","0","0","0","0","","0","0","0","","","0","","3","","40 39:33.731","","0","80 05:28.145","0","0","0","0","2481","0","0","0","Y","0","0","0","1","68B03","0","","2.0","","1","N","N","","1","","0","0","0","0","0","","","1","0","1","0","0","0","0","2","0","1","","","","N","","","","","","","","","",""
"2012088944","","1","0","0","0","0","0","0","0","0","1","0","","02","9","2012","6","40.385938","-80.040944","1112","11","0","0","0","0","0","0","1","0","","0","0","0","","","1","","2","","40 23:09.377","","0","80 02:27.399","8","0","0","0","2109","0","0","0","N","0","0","0","2","02109","0","","1.0","","1","N","N","","0","","0","0","1","3","3","","","2","1","0","0","0","1","0","2","0","2","","","","N","","","","","","","","","",""
"2012092845","","0","0","0","0","0","0","0","0","0","1","0","","02","9","2012","2","40.429528","-79.956855","0910","11","0","0","0","0","0","2","0","0","","0","0","0","","","0","","0","","40 25:46.300","","0","79 57:24.679","0","0","0","0","2301","0","0","0","N","0","0","0","2","68B03","0","","1.0","","1","N","N","","1","","0","0","1","0","0","","","2","0","0","0","0","0","0","2","0","2","","","","N","","","","","","","","","",""
"2012087341","","1","0","0","0","0","0","0","0","0","2","0","","02","8","2012","5","40.425777","-80.019884","1710","11","0","0","0","0","0","0","0","0","1","0","0","0","","","2","","1","","40 25:32.796","2","0","80 01:11.584","8","0","0","0","2301","0","0","0","N","0","0","0","3","02301","0","","1.0","","1","N","N","","0","","0","0","0","3","2","N","","2","2","0","0","0","2","0","2","1","2","","","","N","","","","","","","","","",""
"2012088862","","2","0","0","0","0","0","0","0","0","1","0","","02","8","2012","5","40.453161","-79.99708","0855","11","0","0","0","0","0","0","0","0","1","0","0","0","","","1","","0","","40 27:11.381","1","0","79 59:49.488","8","0","0","0","2301","0","0","0","N","0","0","0","2","68B03","0","","1.0","","1","N","N","","0","","0","0","0","0","0","N","","2","1","0","0","0","1","0","2","0","2","","","","N","","","","","","","","","",""
"2012089634","","0","0","0","0","0","0","0","0","0","4","0","","02","9","2012","6","40.441918","-80.001868","0645","11","0","0","0","0","0","1","0","0","2","0","0","0","","","0","","1","","40 26:30.904","7","0","80 00:06.724","0","0","0","0","2301","0","0","0","N","0","0","0","2","02301","0","","1.0","","1","N","N","","1","","0","0","0","3","2","Y","","2","0","0","0","0","0","0","2","1","2","","","","N","","","","","","","","","",""
"2012087417","","3","0","0","0","0","0","0","0","0","1","0","","02","9","2012","2","40.527468","-79.798023","1430","11","0","0","0","0","0","1","0","0","1","0","0","0","","","2","","0","","40 31:38.886","3","0","79 47:52.884","3","0","0","0","2466","0","0","0","N","0","0","0","3","02466","1","","1.0","","1","N","N","","0","","1","0","0","0","0","N","","3","2","0","0","0","0","0","2","0","3","","","","N","","","","","","","","","",""
"2012092068","","3","0","0","0","0","0","0","0","0","1","0","","02","8","2012","5","40.500594","-80.073653","0000","11","0","0","0","0","0","1","0","0","","0","0","0","","","0","","0","","40 30:02.137","","0","80 04:25.150","0","0","0","0","2402","0","0","0","N","0","0","0","3","02402","0","","1.0","","1","N","N","","0","","0","0","0","0","0","","","3","0","3","0","0","0","0","2","0","3","","","","N","","","","","","","","","",""
"2012090539","","2","0","0","0","0","0","0","0","0","1","0","","02","9","2012","4","40.426416","-80.05809","1619","11","0","0","0","0","0","1","0","0","","0","0","0","","","1","","0","","40 25:35.098","","0","80 03:29.123","8","0","0","0","2435","0","0","0","N","0","0","0","2","02435","0","","1.0","","1","N","N","","0","","0","0","0","0","0","","","2","1","0","0","0","1","0","2","0","2","","","","N","","","","","","","","","",""
"2012088799","","2","0","0","0","0","0","0","0","0","4","0","","02","9","2012","5","40.454368","-79.947669","2030","11","0","0","0","0","0","1","0","0","","0","0","0","","","0","","1","","40 27:15.726","","0","79 56:51.608","0","0","0","0","2301","0","0","0","N","0","0","0","2","02301","0","","1.0","","1","N","N","","0","","0","0","0","3","2","","","2","0","0","0","0","0","0","2","0","2","","","","N","","","","","","","","","",""
"2012089647","","2","0","0","0","0","0","0","0","0","6","0","","02","9","2012","7","40.378506","-79.981771","0608","11","0","0","0","0","0","0","0","0","2","0","0","0","","","1","","0","","40 22:42.621","6","0","79 58:54.375","4","0","0","0","2413","0","0","0","N","0","0","0","1","02413","1","","6.0","","1","N","N","","0","","0","0","0","0","0","Y","","2","1","1","0","0","0","0","2","0","2","","","","N","","","","","","","","","",""
"2012088180","","1","0","0","0","0","0","0","0","0","0","0","","02","8","2012","2","40.519224","-80.132389","2146","11","0","0","0","0","0","0","0","0","","0","0","0","","","0","","0","","40 31:09.206","","0","80 07:56.602","0","0","0","0","2434","0","0","0","N","0","0","0","1","68B03","0","","1.0","","1","N","N","","0","","0","0","0","0","0","","","1","0","0","0","0","0","0","2","0","1","","","","N","","","","","","","","","",""
"2012089648","","1","0","0","0","0","0","0","0","0","4","0","","02","9","2012","6","40.310829","-79.826083","1518","11","0","0","0","0","0","1","0","0","3","0","0","0","","","0","","0","","40 18:38.984","6","0","79 49:33.898","0","0","0","0","2105","0","0","0","N","0","0","0","5","02105","0","","1.0","","1","Y","N","","0","","0","0","0","0","0","Y","","2","0","0","0","0","0","0","2","1","2","","","","N","","","","","","","","","",""
"2012088181","","1","0","0","0","0","0","0","0","0","7","0","","02","8","2012","1","40.426189","-80.10601","2300","11","0","0","0","0","0","0","1","0","","0","0","0","","","0","","3","","40 25:34.281","","2","80 06:21.636","0","0","0","0","2115","0","0","0","Y","0","0","0","1","68B03","0","","3.0","","1","N","N","","0","","0","0","0","0","0","","","1","0","0","0","0","0","0","2","0","1","","","","N","","","","","","","","","",""
"2012092070","","2","0","0","0","0","0","0","0","0","1","0","","02","9","2012","5","40.521866","-80.005354","2139","11","0","0","0","0","0","1","0","0","1","0","0","0","","","0","","0","","40 31:18.716","2","0","80 00:19.275","0","0","0","0","2116","0","0","0","N","0","0","0","3","02116","0","","1.0","","1","N","N","","0","","0","0","0","0","0","N","","2","0","0","0","0","0","0","2","0","2","","","","N","","","","","","","","","",""
"2012090542","","2","0","0","0","0","0","0","0","0","1","0","","02","9","2012","4","40.37925","-80.053752","1629","11","0","0","0","1","0","0","0","0","2","0","0","0","","","0","","2","","40 22:45.300","4","0","80 03:13.507","0","0","0","0","2109","0","0","0","N","0","0","0","2","02109","0","","1.0","","1","N","N","","0","","0","0","0","0","0","N","","2","0","0","0","0","0","0","2","0","2","","","","N","","","","","","","","","",""
"2012088801","","0","0","0","0","0","0","0","0","0","7","0","","02","9","2012","5","40.4773","-80.029809","2010","11","0","0","0","0","1","0","0","0","1","0","0","0","","","1","","0","","40 28:38.280","4","0","80 01:47.312","4","0","0","0","2301","0","0","0","N","0","0","0","2","02301","1","","4.0","","1","N","N","","0","","0","0","1","0","0","N","","1","1","2","0","0","0","0","2","0","1","","","","N","","","","","","","","","",""
"2012088182","","1","0","0","0","0","0","0","0","0","1","0","","02","9","2012","3","40.416924","-80.086433","1549","11","0","0","0","0","0","1","0","0","1","0","0","0","","","0","","0","","40 25:00.927","3","0","80 05:11.157","0","0","0","0","2415","0","0","0","N","0","0","0","2","68B03","0","","1.0","","1","N","N","","0","","0","0","1","0","0","N","","2","0","0","0","0","0","0","2","0","2","","","","N","","","","","","","","","",""
"2012088950","","2","0","0","0","0","0","0","0","0","1","0","","02","9","2012","3","40.61273","-79.947556","1744","11","0","0","0","0","0","2","0","0","2","0","0","0","","","1","","0","","40 36:45.827","2","0","79 56:51.202","4","0","0","0","2207","0","0","0","N","0","0","0","2","02207","1","","1.0","","1","N","N","","0","","0","0","0","0","0","N","","2","1","0","0","0","0","0","2","0","2","","","","N","","","","","","","","","",""
"2012087980","","0","0","0","0","0","0","0","0","0","7","0","","02","9","2012","1","40.38138","-79.81316","1457","11","0","0","0","0","0","0","0","0","3","0","0","0","","","1","","10","","40 22:52.967","6","0","79 48:47.377","3","0","0","0","2424","0","0","0","N","0","0","0","1","02424","0","","5.0","","1","N","N","","0","","1","0","0","0","0","N","","1","1","0","0","0","0","0","2","1","1","","","","N","","","","","","","","","",""
"2012087277","","2","0","0","0","0","0","0","0","0","4","0","","02","8","2012","6","40.383768","-79.822825","1431","11","0","0","0","0","0","0","0","0","2","0","0","0","","","1","","1","","40 23:01.566","3","0","79 49:22.170","8","0","0","0","2111","0","0","0","N","0","0","0","2","02111","0","","1.0","","1","N","N","","0","","0","0","0","3","2","N","","2","1","1","0","0","1","0","2","0","2","","","","N","","","","","","","","","",""
"2012088802","","1","0","0","0","0","0","0","0","0","1","0","","02","9","2012","5","40.362419","-79.855475","1903","11","0","0","0","0","0","1","0","0","1","0","0","0","","","0","","0","","40 21:44.710","4","0","79 51:19.710","0","0","0","0","2473","0","0","0","N","0","0","0","1","02473","0","","1.0","","1","N","N","","0","","0","0","1","0","0","Y","","2","0","0","0","0","0","0","2","0","2","","","","N","","","","","","","","","",""
"2012087347","","1","0","0","0","0","0","0","0","0","7","0","","02","9","2012","2","40.481191","-79.822002","0305","11","0","0","0","0","0","0","0","0","1","0","0","0","","","0","","0","","40 28:52.286","4","0","79 49:19.206","0","0","0","0","2113","0","0","0","N","0","0","0","1","02113","0","","5.0","","1","N","N","","0","","0","0","0","0","0","Y","","1","0","0","0","0","0","0","2","0","1","","","","N","","","","","","","","","",""
"2012087422","","2","0","0","0","0","0","0","0","0","1","0","","02","9","2012","2","40.490009","-79.905433","1732","11","0","0","0","0","0","0","0","0","","0","0","0","","","1","","10","","40 29:24.031","","0","79 54:19.557","4","0","0","0","2401","0","0","0","N","0","0","0","5","02401","1","","1.0","","1","N","N","","0","","0","0","0","3","2","","","2","1","0","0","0","0","1","2","0","2","","","","N","","","","","","","","","",""
"2012088183","","1","0","0","0","0","0","0","0","0","1","0","","02","9","2012","3","40.413073","-80.079921","1602","11","0","0","1","0","0","1","0","0","","0","0","0","","","0","","0","","40 24:47.061","","0","80 04:47.716","0","0","0","0","2117","0","0","0","N","0","0","0","3","68B03","0","","1.0","","1","N","N","","0","","0","0","2","0","0","","","3","0","0","0","0","0","0","2","0","3","","","","N","","","","","","","","","",""
"2012090558","","2","0","0","0","0","0","0","0","0","1","0","","02","8","2012","6","40.519771","-80.217904","1401","11","0","0","0","1","0","0","1","0","","0","0","0","","","1","","1","","40 31:11.175","","0","80 13:04.453","8","0","0","0","2213","0","0","0","N","0","0","0","3","02213","0","","1.0","","1","N","N","","0","","0","0","0","3","2","","","2","1","2","0","0","1","0","2","0","2","","","","N","","","","","","","","","",""
"2012088803","","1","0","0","0","0","0","0","0","0","7","0","","02","9","2012","5","40.525423","-79.941827","1730","11","0","0","0","0","0","0","0","1","","0","0","0","","","1","","2","","40 31:31.522","","0","79 56:30.577","8","0","0","0","2118","0","0","0","N","0","0","0","1","02118","0","","2.0","","1","N","N","","0","","0","0","0","0","0","","","1","1","0","0","0","1","0","2","0","1","","","","N","","","","","","","","","",""
"2012092087","","2","0","0","0","0","0","0","0","0","4","0","","02","9","2012","1","40.385332","-79.882289","2222","11","0","0","0","0","0","0","0","0","","0","0","0","","","1","","0","","40 23:07.196","","0","79 52:56.240","4","0","0","0","2473","0","0","0","N","0","0","0","1","02473","1","","6.0","","1","N","N","","0","","0","0","0","0","0","","","2","1","0","0","0","0","0","2","0","2","","","","N","","","","","","","","","",""