"CRN","ARRIVAL_TM","AUTOMOBILE_COUNT","BELTED_DEATH_COUNT","BELTED_SUSP_SERIOUS_INJ_COUNT","BICYCLE_COUNT","BICYCLE_DEATH_COUNT","BICYCLE_SUSP_SERIOUS_INJ_COUNT","BUS_COUNT","CHLDPAS_DEATH_COUNT","CHLDPAS_SUSP_SERIOUS_INJ_COUNT","COLLISION_TYPE","COMM_VEH_COUNT","CONS_ZONE_SPD_LIM","COUNTY","CRASH_MONTH","CRASH_YEAR","DAY_OF_WEEK","DEC_LATITUDE","DEC_LONGITUDE","DISPATCH_TM","DISTRICT","DRIVER_COUNT_16YR","DRIVER_COUNT_17YR","DRIVER_COUNT_18YR","DRIVER_COUNT_19YR","DRIVER_COUNT_20YR","DRIVER_COUNT_50_64YR","DRIVER_COUNT_65_74YR","DRIVER_COUNT_75PLUS","EST_HRS_CLOSED","FATAL_COUNT","HEAVY_TRUCK_COUNT","HORSE_BUGGY_COUNT","HOUR_OF_DAY","ILLUMINATION","INJURY_COUNT","INTERSECTION_RELATED","INTERSECT_TYPE","LANE_CLOSED","LATITUDE","LN_CLOSE_DIR","LOCATION_TYPE","LONGITUDE","MAX_SEVERITY_LEVEL","MCYCLE_DEATH_COUNT","MCYCLE_SUSP_SERIOUS_INJ_COUNT","MOTORCYCLE_COUNT","MUNICIPALITY","NONMOTR_COUNT","NONMOTR_DEATH_COUNT","NONMOTR_SUSP_SERIOUS_INJ_COUNT","NTFY_HIWY_MAINT","PED_COUNT","PED_DEATH_COUNT","PED_SUSP_SERIOUS_INJ_COUNT","PERSON_COUNT","POLICE_AGCY","POSSIBLE_INJ_COUNT","RDWY_SURF_TYPE_CD","RELATION_TO_ROAD","ROADWAY_CLEARED","ROAD_CONDITION","SCH_BUS_IND","SCH_ZONE_IND","SECONDARY_CRASH","SMALL_TRUCK_COUNT","SPEC_JURIS_CD","SUSP_MINOR_INJ_COUNT","SUSP_SERIOUS_INJ_COUNT","SUV_COUNT","TCD_FUNC_CD","TCD_TYPE","TFC_DETOUR_IND","TIME_OF_DAY","TOTAL_UNITS","TOT_INJ_COUNT","UNBELTED_OCC_COUNT","UNB_DEATH_COUNT","UNB_SUSP_SERIOUS_INJ_COUNT","UNK_INJ_DEG_COUNT","UNK_INJ_PER_COUNT","URBAN_RURAL","VAN_COUNT","VEHICLE_COUNT","WEATHER1","WEATHER2","WORKERS_PRES","WORK_ZONE_IND","WORK_ZONE_LOC","WORK_ZONE_TYPE","WZ_CLOSE_DETOUR","WZ_FLAGGER","WZ_LAW_OFFCR_IND","WZ_LN_CLOSURE","WZ_MOVING","WZ_OTHER","WZ_SHLDER_MDN","WZ_WORKERS_INJ_KILLED"
"2012091428","","1","0","0","0","0","0","0","0","0","4","0","","02","9","2012","7","40.391068","-79.870425","0319","11","0","0","0","0","0","0","0","0","1","0","0","0","","","0","","0","","40 23:27.844","2","0","79 52:13.530","0","0","0","0","2473","0","0","0","N","0","0","0","1","02473","0","","1.0","","1","N","N","","0","","0","0","1","","0","Y","","2","0","0","0","0","0","0","2","0","2","","","","N","","","","","","","","","",""
"2012092309","","1","0","0","0","0","0","0","0","0","7","0","","02","9","2012","2","40.400403","-80.031436","0624","11","0","0","0","0","0","1","0","0","1","0","0","0","","","0","","2","","40 24:01.450","4","0","80 01:53.169","0","0","0","0","2301","0","0","0","N","0","0","0","1","02301","0","","5.0","","1","N","N","","0","","0","0","0","","0","N","","1","0","0","0","0","0","0","2","0","1","","","","N","","","","","","","","","",""
"2012091502","","1","0","0","0","0","0","0","0","0","7","0","","02","9","2012","6","40.435956","-79.950809","1429","11","0","0","0","0","0","0","0","1","","0","0","0","","","1","","10","","40 26:09.441","","0","79 57:02.912","8","0","0","0","2301","0","0","0","N","0","0","0","1","02301","0","","4.0","","98","N","N","","0","","0","0","0","","0","","","1","1","0","0","0","1","0","2","0","1","","","","N","","","","","","","","","",""
"2012091568","","3","0","0","0","0","0","0","0","0","4","0","","02","9","2012","6","40.454014","-79.952635","2209","11","0","0","0","0","0","1","0","0","2","0","0","0","","","2","","1","","40 27:14.452","6","0","79 57:09.486","4","0","0","0","2301","1","0","0","N","1","0","0","5","02301","1","","1.0","","1","N","N","","0","","0","0","0","","0","Y","","4","2","0","0","0","1","0","2","0","3","","","","N","","","","","","","","","",""
"2012090867","","1","0","0","0","0","0","0","0","0","7","0","","02","9","2012","5","40.344686","-79.863581","0750","11","0","0","0","0","0","0","0","0","","0","0","0","","","0","","1","","40 20:40.870","","0","79 51:48.891","0","0","0","0","2304","0","0","0","N","0","0","0","1","02304","0","","5.0","","1","N","N","","0","","0","0","0","","0","","","1","0","0","0","0","0","0","2","0","1","","","","N","","","","","","","","","",""
"2012092459","","3","0","0","0","0","0","0","0","0","0","0","","02","9","2012","3","40.455854","-79.966288","0825","11","0","0","0","0","0","0","0","0","","0","0","0","","","0","","0","","40 27:21.075","","0","79 57:58.638","0","0","0","0","2301","0","0","0","N","0","0","0","0","02301","0","","1.0","","9","N","N","","0","","0","0","0","","0","","","3","0","0","0","0","0","0","2","0","3","","","","N","","","","","","","","","",""
"2012090719","","2","0","0","0","0","0","0","0","0","4","0","","02","9","2012","4","40.440466","-79.991536","1938","11","0","0","0","0","0","0","0","0","","0","0","0","","","0","","5","","40 26:25.678","","0","79 59:29.530","0","0","0","0","2301","0","0","0","N","0","0","0","4","02301","0","","1.0","","1","N","N","","0","","0","0","1","","2","","","3","0","0","0","0","0","0","2","0","3","","","","N","","","","","","","","","",""
"2012091652","","2","0","0","0","0","0","0","0","0","4","0","","02","9","2012","7","40.460383","-79.807187","0345","11","0","0","0","0","0","0","0","0","","0","0","0","","","0","","0","","40 27:37.378","","0","79 48:25.873","0","0","0","0","2113","0","0","0","N","0","0","0","1","02113","0","","2.0","","1","N","N","","0","","0","0","0","","0","","","2","0","0","0","0","0","0","2","0","2","","","","N","","","","","","","","","",""
"2012092328","","0","0","0","0","0","0","0","0","0","7","0","","02","9","2012","1","40.4499","-79.903578","0402","11","0","0","0","0","0","0","0","0","2","0","0","0","","","0","","0","","40 26:59.639","4","0","79 54:12.880","0","0","0","0","2301","0","0","0","N","0","0","0","1","02301","0","","5.0","","1","N","N","","0","","0","0","1","","0","N","","1","0","0","0","0","0","0","2","0","1","","","","N","","","","","","","","","",""
"2012090883","","3","0","0","0","0","0","0","0","0","1","0","","02","9","2012","1","40.506637","-79.950868","1450","11","0","0","0","0","0","0","0","0","1","0","0","0","","","0","","0","","40 30:23.894","5","0","79 57:03.123","0","0","0","0","2430","0","0","0","N","0","0","0","1","02430","0","","4.0","","1","N","N","","0","","0","0","0","","0","Y","","3","0","0","0","0","0","0","2","0","3","","","","N","","","","","","","","","",""
"2012092955","","1","0","0","0","0","0","0","0","0","1","0","","02","9","2012","4","40.356006","-80.050297","0923","11","0","0","0","0","0","1","0","0","","0","0","0","","","0","","0","","40 21:21.622","","0","80 03:01.070","0","0","0","0","2109","0","0","0","N","0","0","0","4","02109","0","","1.0","","1","N","N","","0","","0","0","1","","0","","","3","0","0","0","0","0","0","2","1","3","","","","N","","","","","","","","","",""
"2012091493","","0","0","0","0","0","0","0","0","0","0","0","","02","9","2012","6","40.576869","-80.120546","0602","11","0","0","0","0","0","0","0","0","2","0","0","0","","","0","","0","","40 34:36.728","7","0","80 07:13.967","0","0","0","0","2460","0","0","0","N","0","0","0","1","02215","0","","1.0","","1","N","N","","0","","0","0","1","","0","Y","","1","0","0","0","0","0","0","1","0","1","","","","N","","","","","","","","","",""
"2012091505","","1","0","0","0","0","0","0","0","0","2","0","","02","9","2012","4","40.473854","-80.057138","1344","11","0","0","0","0","0","0","0","0","2","0","0","0","","","2","","0","","40 28:25.876","7","0","80 03:25.696","3","0","0","0","2444","0","0","0","N","0","0","0","2","02444","0","","2.0","","1","N","N","","0","","1","0","0","","0","Y","","2","2","0","0","0","1","0","2","1","2","","","","N","","","","","","","","","",""
"2012093021","","0","0","0","0","0","0","0","0","0","7","0","","02","9","2012","3","40.548848","-79.888093","2158","11","0","0","0","0","0","1","0","0","","0","0","0","","","0","","0","","40 32:55.854","","0","79 53:17.133","0","0","0","0","2209","0","0","0","N","0","0","0","1","02209","0","","2.0","","1","N","N","","1","","0","0","0","","0","","","1","0","0","0","0","0","0","2","0","1","","","","N","","","","","","","","","",""
"2012091494","","0","0","0","0","0","0","1","0","0","4","1","","02","9","2012","4","40.462719","-79.951025","0940","11","0","0","0","0","0","2","0","0","2","0","0","0","","","1","","0","","40 27:45.790","3","0","79 57:03.690","8","0","0","0","2301","0","0","0","","0","0","0","2","02503","0","","1.0","","1","","","","0","","0","0","1","","0","N","","2","1","0","0","0","1","0","2","0","2","","","","N","","","","","","","","","",""
"2012090736","","1","0","0","0","0","0","0","0","0","4","0","","02","9","2012","4","40.45362","-79.915337","0640","11","0","0","0","0","0","1","0","0","","0","0","0","","","1","","2","","40 27:13.032","","0","79 54:55.213","4","0","0","0","2301","0","0","0","N","0","0","0","2","02301","1","","1.0","","1","N","N","","0","","0","0","0","","2","","","2","1","0","0","0","0","0","2","1","2","","","","N","","","","","","","","","",""
"2012090889","","0","0","0","1","0","0","0","0","0","8","1","","02","9","2012","5","40.430055","-79.99761","1515","11","0","0","0","0","0","1","0","0","","0","1","0","","","1","","2","","40 25:48.198","","0","79 59:51.396","8","0","0","0","2301","1","0","0","N","0","0","0","2","02301","0","","1.0","","1","N","N","","0","","0","0","0","","0","","","2","1","0","0","0","1","0","2","0","1","","","","N","","","","","","","","","",""
"2012092478","","2","0","0","0","0","0","0","0","0","4","0","","02","9","2012","3","40.396981","-80.065889","0723","11","0","0","0","0","0","1","0","0","","0","0","0","","","0","","2","","40 23:49.130","","0","80 03:57.201","0","0","0","0","2117","0","0","0","N","0","0","0","3","02117","0","","1.0","","1","N","N","","0","","0","0","0","","3","","","2","0","0","0","0","0","0","2","0","2","","","","N","","","","","","","","","",""
"2012092958","","1","0","0","0","0","0","0","0","0","5","0","","02","9","2012","4","40.46661","-79.928773","1114","11","0","0","0","0","0","1","0","0","","0","0","0","","","0","","2","","40 27:59.796","","0","79 55:43.582","0","0","0","0","2301","0","0","0","N","0","0","0","2","02301","0","","1.0","","1","N","N","","1","","0","0","0","","2","","","2","0","0","0","0","0","0","2","0","2","","","","N","","","","","","","","","",""
"2012093023","","0","0","0","0","0","0","0","0","0","99","0","","02","8","2012","1","40.510124","-80.236114","0011","11","0","0","0","0","0","0","0","0","1","0","0","0","","","1","","0","","40 30:36.445","6","0","80 14:10.011","2","0","1","1","2213","0","0","0","N","0","0","0","1","02213","0","","1.0","","1","N","N","","0","","0","1","0","","0","Y","","1","1","0","0","0","0","0","2","0","1","","","","N","","","","","","","","","",""
"2012090738","","1","0","0","0","0","0","0","0","0","7","0","","02","9","2012","7","40.366604","-79.87826","0454","11","0","0","0","0","0","1","0","0","1","0","0","0","","","0","","0","","40 21:59.774","4","0","79 52:41.736","0","0","0","0","2473","0","0","0","N","0","0","0","1","02473","0","","2.0","","1","N","N","","0","","0","0","0","","0","Y","","1","0","0","0","0","0","0","2","0","1","","","","N","","","","","","","","","",""
"2012091658","","1","0","0","0","0","0","0","0","0","4","0","","02","9","2012","2","40.346136","-79.957168","0710","11","0","0","0","0","0","0","0","0","","0","0","0","","","0","","1","","40 20:46.088","","0","79 57:25.805","0","0","0","0","2473","0","0","0","N","0","0","0","2","02473","0","","1.0","","1","N","N","","0","","0","0","1","","2","","","2","0","0","0","0","0","0","2","0","2","","","","N","","","","","","","","","",""
"2012092959","","2","0","0","0","0","0","0","0","0","6","0","","02","9","2012","4","40.390545","-80.048389","1140","11","0","0","0","0","0","0","1","0","","0","0","0","","","0","","0","","40 23:25.962","","0","80 02:54.200","0","0","0","0","2109","0","0","0","N","0","0","0","2","02109","0","","1.0","","1","N","N","","0","","0","0","0","","0","","","2","0","0","0","0","0","0","2","0","2","","","","N","","","","","","","","","",""
"2012092267","","3","0","0","0","0","0","0","0","0","1","0","","02","9","2012","2","40.383509","-79.878191","1541","11","0","0","0","0","0","1","0","1","2","0","0","0","","","1","","2","","40 23:00.631","7","0","79 52:41.487","4","0","0","0","2473","0","0","0","N","0","0","0","4","02473","1","","1.0","","1","N","N","","0","","0","0","2","","3","N","","6","1","0","0","0","0","0","2","1","6","","","","N","","","","","","","","","",""
"2012092335","","1","0","0","0","0","0","0","0","0","4","0","","02","9","2012","2","40.492488","-80.111627","0630","11","0","0","0","0","0","0","0","0","","0","0","0","","","1","","0","","40 29:32.957","","0","80 06:41.858","8","0","0","0","2126","0","0","0","N","0","0","0","2","02126","0","","1.0","","1","N","N","","1","","0","0","0","","0","","","2","1","0","0","0","1","0","2","0","2","","","","N","","","","","","","","","",""
"2012092255","","0","0","0","0","0","0","0","0","0","99","0","","02","9","2012","1","40.417787","-79.731749","0857","11","0","0","0","0","0","0","0","0","","0","0","0","","","0","","0","","40 25:04.033","","0","79 43:54.295","0","0","0","0","2446","0","0","0","N","0","0","0","1","68T09","0","","1.0","","1","N","N","","0","","0","0","0","","0","","","1","0","0","0","0","0","0","2","1","1","","","","N","","","","","","","","","",""
"2012091437","","1","0","0","0","0","0","0","0","0","0","0","","02","7","2012","2","40.410471","-80.071761","2317","11","0","0","0","0","0","0","0","0","","0","0","0","","","0","","0","","40 24:37.696","","0","80 04:18.341","0","0","0","0","2117","0","0","0","N","0","0","0","1","68B03","0","","1.0","","1","N","N","","0","","0","0","0","","0","","","1","0","0","0","0","0","0","2","0","1","","","","N","","","","","","","","","",""
"2012090877","","1","0","0","0","0","0","0","0","0","0","0","","02","9","2012","5","40.49035","-80.018611","1530","11","0","0","0","0","0","0","0","0","","0","0","0","","","0","","5","","40 29:25.261","","0","80 01:07.001","0","0","0","0","2301","0","0","0","N","0","0","0","1","02301","0","","1.0","","1","N","N","","0","","0","0","0","","0","","","1","0","0","0","0","0","0","2","0","1","","","","N","","","","","","","","","",""
"2012091438","","1","0","0","0","0","0","0","0","0","5","0","","02","8","2012","3","40.428475","-79.936404","1709","11","0","0","0","0","0","1","0","0","","0","0","0","","","0","","0","","40 25:42.509","","0","79 56:11.054","0","0","0","0","2301","0","0","0","N","0","0","0","2","68B03","0","","1.0","","1","N","N","","0","","0","0","1","","0","","","2","0","0","0","0","0","0","2","0","2","","","","N","","","","","","","","","",""
"2012090742","","0","0","0","0","0","0","0","0","0","0","0","","02","9","2012","4","40.385925","-80.207514","2217","11","0","0","0","0","0","0","0","0","","0","0","0","","","1","","0","","40 23:09.330","","0","80 12:27.050","4","0","0","1","2214","0","0","0","N","0","0","0","1","02214","1","","1.0","","1","N","N","","0","","0","0","0","","0","","","1","1","0","0","0","0","0","2","0","1","","","","N","","","","","","","","","",""
"2012090894","","1","0","0","0","0","0","0","0","0","4","0","","02","9","2012","5","40.489661","-80.018379","1640","11","0","0","0","0","0","1","0","0","1","0","0","0","","","0","","1","","40 29:22.778","2","0","80 01:06.165","0","0","0","0","2301","0","0","0","N","0","0","0","3","02301","0","","1.0","","1","N","N","","0","","0","0","1","","2","N","","2","0","0","0","0","0","0","2","0","2","","","","N","","","","","","","","","",""
"2012091439","","2","0","1","0","0","0","0","0","1","1","0","","02","9","2012","5","40.437139","-80.003133","0809","11","0","0","0","0","0","1","0","0","2","0","0","0","","","6","","0","","40 26:13.702","3","0","80 00:11.279","2","0","0","0","2301","0","0","0","Y","0","0","0","7","68B03","3","","1.0","","1","N","N","","1","","2","1","1","","0","N","","4","6","0","0","0","0","0","2","0","4","","","","N","","","","","","","","","",""
"2012092259","","2","0","0","0","0","0","0","0","0","99","0","","02","9","2012","2","40.650023","-79.799035","1431","11","0","0","0","0","0","1","0","1","1","0","0","0","","","1","","1","","40 39:00.082","6","99","79 47:56.527","8","0","0","0","2202","0","0","0","N","0","0","0","3","02202","0","","1.0","","1","N","N","","0","","0","0","0","","3","Y","","2","1","0","0","0","1","0","1","0","2","","","","N","","","","","","","","","",""
"2012091581","","1","0","0","0","0","0","0","0","0","7","0","","02","9","2012","7","40.632417","-79.959233","1534","11","0","0","0","0","0","1","0","0","","0","0","0","","","1","","2","","40 37:56.702","","0","79 57:33.237","8","0","0","0","2217","0","0","0","N","0","0","0","1","02505","0","","5.0","","1","N","N","","0","","0","0","0","","0","","","1","1","0","0","0","1","0","2","0","1","","","","N","","","","","","","","","",""
"2012091596","","0","0","0","0","0","0","0","0","0","7","0","","02","9","2012","6","40.46873","-80.017068","2158","11","0","0","0","0","0","0","0","0","","0","0","0","","","0","","0","","40 28:07.428","","0","80 01:01.444","9","0","0","0","2301","0","0","0","N","0","0","0","2","02301","0","","5.0","","1","N","N","","0","","0","0","1","","0","","","1","0","0","0","0","0","2","2","0","1","","","","N","","","","","","","","","",""
"2012090127","","1","0","1","0","0","0","0","0","0","2","0","","02","9","2012","6","40.325208","-79.885545","1351","11","0","0","0","0","0","1","1","1","2","0","0","0","","","2","","3","","40 19:30.748","6","0","79 53:07.962","2","0","0","0","2433","0","0","0","N","0","0","0","4","02433","1","","1.0","","1","N","N","","1","","0","1","0","","0","N","","3","2","0","0","0","0","0","2","1","3","","","","N","","","","","","","","","",""
"2012091440","","1","0","0","0","0","0","0","0","0","1","0","","02","9","2012","6","40.457924","-80.188483","1650","11","0","0","0","0","0","0","0","0","","0","0","0","","","0","","0","","40 27:28.526","","0","80 11:18.539","0","0","0","0","2203","0","0","0","N","0","0","0","2","68B03","0","","1.0","","1","N","N","","1","","0","0","0","","0","","","2","0","0","0","0","0","0","2","0","2","","","","N","","","","","","","","","",""
"2012092260","","2","0","0","0","0","0","0","0","0","4","0","","02","9","2012","2","40.35576","-80.051608","1858","11","0","0","0","0","0","0","1","0","","0","0","0","","","1","","2","","40 21:20.735","","0","80 03:05.790","4","0","0","0","2109","0","0","0","N","0","0","0","3","02109","1","","1.0","","1","N","N","","0","","0","0","0","","2","","","2","1","0","0","0","0","0","2","0","2","","","","N","","","","","","","","","",""
"2012093154","","1","0","0","0","0","0","0","0","0","1","0","","02","9","2012","4","40.486415","-79.942786","1842","11","0","0","0","0","0","0","0","0","2","0","0","0","","","1","","0","","40 29:11.093","6","0","79 56:34.029","3","0","0","0","2301","0","0","0","N","0","0","0","1","02301","0","","6.0","","1","N","N","","0","","1","0","1","","0","N","","2","1","0","0","0","0","0","2","0","2","","","","N","","","","","","","","","",""
"2012090128","","1","0","0","0","0","0","0","0","0","7","0","","02","9","2012","3","40.41837","-80.010727","1408","11","0","0","0","0","0","0","0","0","","0","0","0","","","0","","0","","40 25:06.133","","0","80 00:38.618","0","0","0","0","2301","0","0","0","N","0","0","0","1","02301","0","","2.0","","1","N","N","","0","","0","0","0","","0","","","1","0","0","0","0","0","0","2","0","1","","","","N","","","","","","","","","",""
"2012092261","","1","0","0","0","0","0","0","0","0","7","0","","02","9","2012","2","40.448501","-79.960379","1902","11","0","0","0","0","0","0","0","0","2","0","0","0","","","0","","0","","40 26:54.605","1","0","79 57:37.363","0","0","0","0","2301","0","0","0","N","0","0","0","1","02301","0","","5.0","","1","N","N","","0","","0","0","0","","0","Y","","2","0","0","0","0","0","0","2","0","1","","","","N","","","","","","","","","",""
"2012092486","","2","0","0","0","0","0","0","0","0","4","0","","02","9","2012","3","40.470831","-79.821309","1108","11","0","0","1","0","0","1","0","0","","0","0","0","","","2","","2","","40 28:14.991","","0","79 49:16.713","4","0","0","0","2113","0","0","0","N","0","0","0","2","02113","1","","1.0","","9","N","N","","0","","0","0","0","","3","","","2","2","0","0","0","1","0","2","0","2","","","","N","","","","","","","","","",""
"2012091517","","2","0","0","0","0","0","0","0","0","5","0","","02","9","2012","7","40.450596","-80.174227","0905","11","0","0","0","0","1","0","0","0","1","0","0","0","","","0","","1","","40 27:02.145","4","0","80 10:27.217","0","0","0","0","2214","0","0","0","N","0","0","0","2","02214","0","","1.0","","1","N","N","","0","","0","0","0","","2","N","","2","0","0","0","0","0","0","2","0","2","","","","N","","","","","","","","","",""
"2012091667","","1","0","0","0","0","0","0","0","0","7","0","","02","9","2012","1","40.35483","-79.840743","0123","11","0","0","0","0","0","0","0","0","2","0","0","0","","","0","","0","","40 21:17.388","3","0","79 50:26.674","0","0","0","0","2304","0","0","0","N","0","0","0","0","02304","0","","4.0","","1","N","N","","0","","0","0","0","","0","Y","","1","0","0","0","0","0","0","2","0","1","","","","N","","","","","","","","","",""
"2012092263","","2","0","0","0","0","0","0","0","0","1","0","","02","9","2012","2","40.374338","-80.049406","1759","11","0","0","0","0","0","0","0","0","","0","0","0","","","0","","0","","40 22:27.618","","0","80 02:57.862","0","0","0","0","2109","0","0","0","N","0","0","0","3","02109","0","","1.0","","1","N","N","","0","","0","0","1","","2","","","3","0","0","0","0","0","0","2","0","3","","","","N","","","","","","","","","",""
"2012092275","","2","0","0","0","0","0","0","0","0","4","0","","02","9","2012","2","40.600874","-79.870798","1727","11","0","0","0","0","0","0","0","0","2","0","0","0","","","0","","1","","40 36:03.147","1","0","79 52:14.873","0","0","0","0","2220","0","0","0","N","0","0","0","2","02220","0","","1.0","","1","N","N","","0","","0","0","0","","3","Y","","2","0","0","0","0","0","0","2","0","2","","","","N","","","","","","","","","",""
"2012091588","","0","0","0","0","0","0","0","0","0","0","0","","02","9","2012","7","40.422514","-79.960226","1512","11","0","0","0","0","0","1","0","0","","0","0","0","","","1","","2","","40 25:21.051","","0","79 57:36.814","3","0","0","1","2301","0","0","0","N","0","0","0","1","02301","0","","1.0","","1","N","N","","0","","1","0","0","","2","","","1","1","0","0","0","0","0","2","0","1","","","","N","","","","","","","","","",""
"2012091380","","2","0","0","0","0","0","0","0","0","5","0","","02","9","2012","6","40.408122","-80.077163","1723","11","0","0","0","0","0","1","0","1","1","0","0","0","","","1","","0","","40 24:29.239","1","0","80 04:37.786","3","0","0","0","2415","0","0","0","N","0","0","0","2","02415","0","","1.0","","1","N","N","","0","","1","0","0","","0","Y","","2","1","0","0","0","0","0","2","0","2","","","","N","","","","","","","","","",""
"2012092968","","1","0","0","0","0","0","0","0","0","1","0","","02","9","2012","4","40.355193","-80.116419","1320","11","0","0","0","0","0","0","1","0","","0","0","0","","","0","","0","","40 21:18.695","","0","80 06:59.108","0","0","0","0","2119","0","0","0","N","0","0","0","2","02119","0","","1.0","","1","N","N","","0","","0","0","0","","0","","","2","0","0","0","0","0","0","2","1","2","","","","N","","","","","","","","","",""
"2012092276","","1","0","0","0","0","0","0","0","0","8","0","","02","9","2012","2","40.394927","-80.024914","2005","11","0","0","0","0","0","0","0","1","","0","0","0","","","1","","2","","40 23:41.737","","0","80 01:29.690","4","0","0","0","2301","1","0","0","N","1","0","0","2","02301","1","","1.0","","1","N","N","","0","","0","0","0","","0","","","2","1","0","0","0","0","0","2","0","1","","","","N","","","","","","","","","",""
"2012091602","","0","0","0","0","0","0","0","0","0","7","0","","02","6","2012","4","40.517388","-80.093566","2010","11","0","0","0","0","0","0","0","0","","0","0","0","","","1","","3","","40 31:02.596","","0","80 05:36.837","4","0","0","1","2211","0","0","0","N","0","0","0","1","02215","1","","2.0","","1","N","N","","0","","0","0","0","","0","","","1","1","0","0","0","0","0","2","0","1","","","","N","","","","","","","","","",""
"2012091669","","1","0","1","0","0","0","0","0","0","7","0","","02","9","2012","7","40.464169","-80.02056","2321","11","0","0","1","0","0","0","0","0","1","0","0","0","","","2","","2","","40 27:51.008","7","0","80 01:14.016","2","0","0","0","2301","0","0","0","N","0","0","0","4","02301","0","","2.0","","1","N","N","","0","","0","1","0","","3","N","","1","2","0","0","0","1","0","2","0","1","","","","N","","","","","","","","","",""
"2012092277","","1","0","0","0","0","0","0","0","0","8","0","","02","9","2012","2","40.229481","-79.798467","1530","11","0","0","0","0","0","0","1","0","","0","0","0","","","1","","0","","40 13:46.130","","7","79 47:54.480","4","0","0","0","2105","1","0","0","N","1","0","0","2","02105","1","","1.0","","1","N","N","","0","","0","0","0","","0","","","2","1","0","0","0","0","0","1","0","1","","","","N","","","","","","","","","",""
"2012090751","","0","0","0","0","0","0","0","0","0","1","0","","02","9","2012","3","40.309301","-79.825127","1655","11","0","0","0","0","0","2","0","0","2","0","0","0","","","0","","0","","40 18:33.485","2","0","79 49:30.456","0","0","0","0","2105","0","0","0","N","0","0","0","2","02105","0","","1.0","","1","N","N","","0","","0","0","1","","0","N","","2","0","0","0","0","0","0","2","1","2","","","","N","","","","","","","","","",""
"2012090816","","2","0","0","0","0","0","0","0","0","4","0","","02","9","2012","7","40.434933","-79.944828","1237","11","0","0","0","0","0","0","1","0","","0","0","0","","","1","","0","","40 26:05.760","","0","79 56:41.380","8","0","0","0","2301","0","0","0","N","0","0","0","4","02301","0","","1.0","","9","N","N","","0","","0","0","0","","4","","","2","1","0","0","0","1","0","2","0","2","","","","N","","","","","","","","","",""
"2012090901","","1","0","0","0","0","0","0","0","0","4","0","","02","8","2012","6","40.372939","-79.792797","1651","11","0","0","0","0","0","0","0","0","","0","0","0","","","0","","2","","40 22:22.582","","0","79 47:34.069","0","0","0","0","2111","0","0","0","N","0","0","0","2","02111","0","","1.0","","1","N","N","","0","","0","0","0","","3","","","2","0","0","0","0","0","0","2","1","2","","","","N","","","","","","","","","",""
"2012091382","","2","0","0","0","0","0","0","0","0","1","0","","02","9","2012","6","40.584434","-79.950806","1811","11","1","0","0","0","0","0","0","0","1","0","0","0","","","1","","2","","40 35:03.962","2","0","79 57:02.900","4","0","0","0","2207","0","0","0","N","0","0","0","6","02207","1","","1.0","","9","N","N","","0","","0","0","0","","0","N","","2","1","0","0","0","0","0","2","0","2","","","","N","","","","","","","","","",""
"2012090831","","2","0","0","0","0","0","0","0","0","4","0","","02","9","2012","5","40.272391","-79.874715","0829","11","0","0","0","0","0","1","0","0","","0","0","0","","","0","","0","","40 16:20.607","","0","79 52:28.974","9","0","0","0","2105","0","0","0","N","0","0","0","1","02105","0","","1.0","","1","N","N","","0","","0","0","0","","0","","","2","0","0","0","0","0","1","2","0","2","","","","N","","","","","","","","","",""
"2012091604","","3","0","0","0","0","0","0","0","0","1","0","","02","9","2012","7","40.472965","-79.82024","1825","11","0","0","0","0","0","2","0","0","1","0","0","0","","","0","","2","","40 28:22.673","6","0","79 49:12.864","0","0","0","0","2113","0","0","0","N","0","0","0","6","02113","0","","1.0","","1","N","N","","0","","0","0","0","","0","N","","3","0","2","0","0","0","0","2","0","3","","","","N","","","","","","","","","",""
"2012091383","","1","0","0","0","0","0","0","0","0","7","0","","02","9","2012","6","40.642318","-79.897388","1756","11","0","0","0","0","1","0","0","0","","0","0","0","","","1","","0","","40 38:32.344","","0","79 53:50.596","4","0","0","0","2220","0","0","0","N","0","0","0","1","02220","1","","4.0","","9","N","N","","0","","0","0","0","","0","","","1","1","0","0","0","0","0","1","0","1","","","","N","","","","","","","","","",""
"2012092986","","1","0","0","0","0","0","1","0","0","4","1","","02","9","2012","4","40.469155","-79.712887","1447","11","0","0","0","0","0","1","1","0","2","0","0","0","","","1","","1","","40 28:08.958","7","0","79 42:46.393","8","0","0","0","2466","0","0","0","N","0","0","0","14","02466","0","","1.0","","1","Y","N","","0","","0","0","0","","3","N","","2","1","0","0","0","1","0","2","0","2","","","","N","","","","","","","","","",""
"2012092279","","1","0","0","0","0","0","0","0","0","2","0","","02","9","2012","2","40.365501","-80.108199","1637","11","0","0","0","0","0","0","0","1","","0","0","0","","","0","","2","","40 21:55.803","","0","80 06:29.517","0","0","0","0","2102","0","0","0","N","0","0","0","3","02102","0","","1.0","","1","N","N","","1","","0","0","0","","2","","","2","0","0","0","0","0","0","2","0","2","","","","N","","","","","","","","","",""