"CRN","ARRIVAL_TM","AUTOMOBILE_COUNT","BELTED_DEATH_COUNT","BELTED_SUSP_SERIOUS_INJ_COUNT","BICYCLE_COUNT","BICYCLE_DEATH_COUNT","BICYCLE_SUSP_SERIOUS_INJ_COUNT","BUS_COUNT","CHLDPAS_DEATH_COUNT","CHLDPAS_SUSP_SERIOUS_INJ_COUNT","COLLISION_TYPE","COMM_VEH_COUNT","CONS_ZONE_SPD_LIM","COUNTY","CRASH_MONTH","CRASH_YEAR","DAY_OF_WEEK","DEC_LATITUDE","DEC_LONGITUDE","DISPATCH_TM","DISTRICT","DRIVER_COUNT_16YR","DRIVER_COUNT_17YR","DRIVER_COUNT_18YR","DRIVER_COUNT_19YR","DRIVER_COUNT_20YR","DRIVER_COUNT_50_64YR","DRIVER_COUNT_65_74YR","DRIVER_COUNT_75PLUS","EST_HRS_CLOSED","FATAL_COUNT","HEAVY_TRUCK_COUNT","HORSE_BUGGY_COUNT","HOUR_OF_DAY","ILLUMINATION","INJURY_COUNT","INTERSECTION_RELATED","INTERSECT_TYPE","LANE_CLOSED","LATITUDE","LN_CLOSE_DIR","LOCATION_TYPE","LONGITUDE","MAX_SEVERITY_LEVEL","MCYCLE_DEATH_COUNT","MCYCLE_SUSP_SERIOUS_INJ_COUNT","MOTORCYCLE_COUNT","MUNICIPALITY","NONMOTR_COUNT","NONMOTR_DEATH_COUNT","NONMOTR_SUSP_SERIOUS_INJ_COUNT","NTFY_HIWY_MAINT","PED_COUNT","PED_DEATH_COUNT","PED_SUSP_SERIOUS_INJ_COUNT","PERSON_COUNT","POLICE_AGCY","POSSIBLE_INJ_COUNT","RDWY_SURF_TYPE_CD","RELATION_TO_ROAD","ROADWAY_CLEARED","ROAD_CONDITION","SCH_BUS_IND","SCH_ZONE_IND","SECONDARY_CRASH","SMALL_TRUCK_COUNT","SPEC_JURIS_CD","SUSP_MINOR_INJ_COUNT","SUSP_SERIOUS_INJ_COUNT","SUV_COUNT","TCD_FUNC_CD","TCD_TYPE","TFC_DETOUR_IND","TIME_OF_DAY","TOTAL_UNITS","TOT_INJ_COUNT","UNBELTED_OCC_COUNT","UNB_DEATH_COUNT","UNB_SUSP_SERIOUS_INJ_COUNT","UNK_INJ_DEG_COUNT","UNK_INJ_PER_COUNT","URBAN_RURAL","VAN_COUNT","VEHICLE_COUNT","WEATHER1","WEATHER2","WORKERS_PRES","WORK_ZONE_IND","WORK_ZONE_LOC","WORK_ZONE_TYPE","WZ_CLOSE_DETOUR","WZ_FLAGGER","WZ_LAW_OFFCR_IND","WZ_LN_CLOSURE","WZ_MOVING","WZ_OTHER","WZ_SHLDER_MDN","WZ_WORKERS_INJ_KILLED"
"2012091716","","0","0","0","0","0","0","0","0","0","7","0","","02","9","2012","6","40.342887","-79.847576","1204","11","0","0","0","0","0","0","0","0","1","0","0","0","","","1","","2","","40 20:34.393","6","0","79 50:51.273","4","0","0","0","2304","0","0","0","N","0","0","0","1","02304","1","","5.0","","1","N","N","","0","","0","0","1","","3","Y","","1","1","0","0","0","0","0","2","0","1","","","","N","","","","","","","","","",""
"2012091784","","0","0","0","0","0","0","0","0","0","7","0","","02","9","2012","1","40.362349","-80.027789","2200","11","0","0","0","0","0","0","0","0","","0","0","0","","","0","","0","","40 21:44.455","","0","80 01:40.042","0","0","0","0","2416","0","0","0","N","0","0","0","2","02416","0","","2.0","","1","N","N","","0","","0","0","1","","0","","","1","0","0","0","0","0","0","2","0","1","","","","N","","","","","","","","","",""
"2012091860","","1","0","0","0","0","0","0","0","0","7","0","","02","9","2012","1","40.443735","-79.99503","2220","11","0","0","0","0","0","0","0","0","","0","0","0","","","0","","0","","40 26:37.446","","0","79 59:42.108","0","0","0","0","2301","0","0","0","N","0","0","0","1","02301","0","","2.0","","1","N","N","","0","","0","0","0","","0","","","1","0","0","0","0","0","0","2","0","1","","","","N","","","","","","","","","",""
"2012091092","","0","0","0","0","0","0","0","0","0","4","0","","02","9","2012","5","40.442885","-80.02484","0649","11","0","0","0","0","0","1","0","0","3","0","0","0","","","3","","0","","40 26:34.387","4","0","80 01:29.423","2","0","1","1","2301","0","0","0","N","0","0","0","3","02301","0","","1.0","","1","N","N","","1","","0","1","0","","0","Y","","2","3","1","0","0","2","0","2","0","2","","","","N","","","","","","","","","",""
"2012092534","","3","0","0","0","0","0","0","0","0","1","0","","02","9","2012","3","40.436103","-79.994551","0940","11","0","0","0","0","0","0","0","0","1","0","0","0","","","1","","0","","40 26:09.972","1","2","79 59:40.384","8","0","0","0","2301","0","0","0","N","0","0","0","4","02301","0","","1.0","","9","N","N","","0","","0","0","0","","0","N","","3","1","0","0","0","1","0","2","0","3","","","","N","","","","","","","","","",""
"2012091928","","1","0","0","0","0","0","0","0","0","7","0","","02","9","2012","3","40.434007","-79.964311","1950","11","0","0","0","0","0","0","0","0","2","0","0","0","","","1","","0","","40 26:02.425","3","0","79 57:51.518","4","0","0","0","2301","0","0","0","N","0","0","0","1","68B03","1","","3.0","","1","N","N","","0","","0","0","0","","0","N","","1","1","0","0","0","0","0","2","0","1","","","","N","","","","","","","","","",""
"2012076731","","3","0","0","0","0","0","0","0","0","1","0","","02","8","2012","6","40.45194","-79.923965","1512","11","0","0","0","0","0","0","0","0","1","0","0","0","","","1","","2","","40 27:06.984","3","0","79 55:26.274","8","0","0","0","2301","0","0","0","N","0","0","0","3","02301","0","","1.0","","1","N","N","","0","","0","0","0","","2","N","","3","1","0","0","0","1","0","2","0","3","","","","N","","","","","","","","","",""
"2012091864","","2","0","0","0","0","0","0","0","0","5","0","","02","9","2012","1","40.429442","-80.013541","2053","11","0","0","0","0","0","0","0","0","3","0","0","0","","","0","","0","","40 25:45.991","2","0","80 00:48.747","0","0","0","0","2301","0","0","0","N","0","0","0","2","02301","0","","1.0","","1","N","N","","1","","0","0","5","","0","N","","9","0","0","0","0","0","0","2","1","9","","","","N","","","","","","","","","",""
"2012091929","","1","0","0","0","0","0","0","0","0","7","0","","02","9","2012","7","40.413234","-80.080638","1505","11","0","0","0","0","0","0","0","0","","0","0","0","","","0","","0","","40 24:47.643","","0","80 04:50.296","0","0","0","0","2415","0","0","0","N","0","0","0","1","68B03","0","","3.0","","1","N","N","","0","","0","0","0","","0","","","1","0","0","0","0","0","0","2","0","1","","","","N","","","","","","","","","",""
"2012091168","","1","0","0","0","0","0","0","0","0","4","0","","02","9","2012","6","40.454545","-79.921727","0725","11","0","0","0","0","0","1","0","0","2","0","0","0","","","0","","1","","40 27:16.362","5","0","79 55:18.217","0","0","0","0","2301","0","0","0","N","0","0","0","2","02301","0","","1.0","","1","N","N","","1","","0","0","0","","3","N","","2","0","0","0","0","0","0","2","0","2","","","","N","","","","","","","","","",""
"2012090457","","2","0","0","0","0","0","0","0","0","1","1","","02","9","2012","4","40.358441","-79.831702","0722","11","0","0","1","0","0","0","1","0","2","0","1","0","","","1","","0","","40 21:30.387","4","0","79 49:54.127","8","0","0","0","2304","0","0","0","N","0","0","0","3","02304","0","","1.0","","1","N","N","","0","","0","0","0","","0","N","","3","1","0","0","0","1","0","2","0","3","","","","N","","","","","","","","","",""
"2012092001","","0","0","0","0","0","0","0","0","0","7","0","","02","9","2012","7","40.474895","-79.757737","1330","11","0","0","0","0","0","0","0","0","3","0","0","0","","","0","","2","","40 28:29.622","5","0","79 45:27.853","0","0","0","0","2466","0","0","0","N","0","0","0","1","02466","0","","5.0","","1","N","N","","1","","0","0","0","","0","N","","1","0","0","0","0","0","0","2","0","1","","","","N","","","","","","","","","",""
"2012091095","","0","0","0","0","0","0","0","0","0","6","0","","02","9","2012","7","40.386978","-79.799781","2310","11","0","0","0","0","0","1","0","0","3","0","0","0","","","2","","0","","40 23:13.120","5","0","79 47:59.210","2","0","1","1","2424","0","0","0","N","0","0","0","3","02424","0","","1.0","","1","N","N","","0","","1","1","0","","0","Y","","2","2","0","0","0","0","0","2","1","2","","","","N","","","","","","","","","",""
"2012091930","","1","0","0","0","0","0","0","0","0","7","0","","02","9","2012","2","40.599644","-80.093293","0817","11","0","0","0","0","0","1","0","0","","0","0","0","","","0","","0","","40 35:58.719","","0","80 05:35.856","0","0","0","0","2481","0","0","0","N","0","0","0","1","68B03","0","","2.0","","1","N","N","","0","","0","0","0","","0","","","1","0","0","0","0","0","0","2","0","1","","","","N","","","","","","","","","",""
"2012092002","","1","0","0","0","0","0","0","0","0","99","0","","02","9","2012","2","40.371326","-79.809843","0735","11","0","0","0","0","0","1","0","0","","0","0","0","","","0","","0","","40 22:16.775","","0","79 48:35.434","0","0","0","0","2111","0","0","0","N","0","0","0","1","02111","0","","1.0","","1","N","N","","0","","0","0","0","","0","","","1","0","0","0","0","0","0","2","0","1","","","","N","","","","","","","","","",""
"2012092538","","1","0","0","0","0","0","0","0","0","0","0","","02","9","2012","3","40.521865","-79.828148","0855","11","0","0","0","0","0","1","0","0","2","0","0","0","","","0","","0","","40 31:18.714","4","0","79 49:41.332","0","0","0","0","2451","0","0","0","N","0","0","0","1","02451","0","","1.0","","9","N","N","","0","","0","0","0","","0","N","","1","0","1","0","0","0","0","2","0","1","","","","N","","","","","","","","","",""
"2012092755","","2","0","0","0","0","0","0","0","0","4","0","","02","9","2012","3","40.601319","-79.83073","1835","11","0","0","0","0","0","0","0","1","","0","0","0","","","1","","2","","40 36:04.749","","0","79 49:50.628","3","0","0","0","2220","0","0","0","N","0","0","0","2","02220","0","","1.0","","1","N","N","","0","","1","0","0","","0","","","2","1","0","0","0","0","0","2","0","2","","","","N","","","","","","","","","",""
"2012090460","","1","0","0","0","0","0","0","0","0","0","0","","02","9","2012","2","40.483723","-79.863782","0834","11","0","0","0","0","0","0","0","0","1","0","0","0","","","1","","0","","40 29:01.401","6","0","79 51:49.616","8","0","0","0","2113","0","0","0","N","0","0","0","1","02113","0","","5.0","","1","N","N","","0","","0","0","0","","0","N","","1","1","0","0","0","1","0","2","0","1","","","","N","","","","","","","","","",""
"2012076735","","1","0","0","0","0","0","0","0","0","0","0","","02","8","2012","6","40.467809","-79.865278","1625","11","0","0","0","0","0","1","0","0","","0","0","0","","","1","","2","","40 28:04.114","","0","79 51:55.000","3","0","0","1","2113","0","0","0","N","0","0","0","2","02113","0","","1.0","","1","N","N","","0","","1","0","0","","3","","","2","1","0","0","0","0","0","2","0","2","","","","N","","","","","","","","","",""
"2012077523","","2","0","0","0","0","0","0","0","0","4","0","","02","8","2012","2","40.366441","-79.98447","1555","11","0","0","0","0","0","0","0","1","","0","0","0","","","0","","0","","40 21:59.188","","0","79 59:04.092","0","0","0","0","2413","0","0","0","N","0","0","0","2","02413","0","","1.0","","1","N","N","","0","","0","0","0","","0","","","2","0","0","0","0","0","0","2","0","2","","","","N","","","","","","","","","",""
"2012091868","","1","0","0","0","0","0","0","0","0","99","0","","02","9","2012","4","40.28809","-79.996666","0820","11","0","0","0","0","0","0","0","0","","0","0","0","","","0","","1","","40 17:17.124","","0","79 59:47.997","0","0","0","0","2219","0","0","0","N","0","0","0","2","02219","0","","1.0","","1","N","N","","0","","0","0","1","","3","","","2","0","0","0","0","0","0","2","0","2","","","","N","","","","","","","","","",""
"2012092684","","0","0","0","0","0","0","0","0","0","7","0","25","02","9","2012","6","40.333383","-79.984237","0435","11","0","0","0","0","0","0","0","0","","0","0","0","","","0","","0","","40 20:00.180","","0","79 59:03.254","0","0","0","0","2403","0","0","0","N","0","0","0","1","02403","0","","4.0","","1","N","N","","1","","0","0","0","","0","","","1","0","0","0","0","0","0","2","0","1","","","N","Y","3","1","","","N","Y","","","",""
"2012091161","","1","0","0","0","0","0","0","0","0","7","0","","02","9","2012","6","40.227364","-79.854677","0407","11","0","0","0","0","0","0","0","0","","0","0","0","","","0","","2","","40 13:38.512","","0","79 51:16.836","0","0","0","0","2204","0","0","0","Y","0","0","0","1","02204","0","","3.0","","1","N","N","","0","","0","0","0","","0","","","1","0","0","0","0","0","0","2","0","1","","","","N","","","","","","","","","",""
"2012077527","","1","0","0","0","0","0","0","0","0","4","0","","02","8","2012","2","40.453729","-79.993335","1723","11","0","0","0","0","0","0","0","0","","0","0","0","","","0","","2","","40 27:13.424","","0","79 59:36.006","0","0","0","0","2301","0","0","0","N","0","0","0","4","02301","0","","1.0","","1","N","N","","0","","0","0","1","","0","","","2","0","1","0","0","0","0","2","0","2","","","","N","","","","","","","","","",""
"2012091101","","1","0","0","0","0","0","1","0","0","3","1","","02","9","2012","6","40.444333","-80.034557","0244","11","0","0","0","0","0","0","0","0","1","0","0","0","","","0","","10","","40 26:39.598","7","0","80 02:04.405","0","0","0","0","2301","0","0","0","N","0","0","0","1","02301","0","","4.0","","98","N","N","","0","","0","0","2","","0","N","","4","0","0","0","0","0","0","2","0","4","","","","N","","","","","","","","","",""
"2012090465","","2","0","0","0","0","0","0","0","0","1","0","","02","9","2012","3","40.382684","-80.093734","1441","11","0","1","1","0","0","0","0","0","1","0","0","0","","","2","","0","","40 22:57.664","3","7","80 05:37.442","8","0","0","0","2102","0","0","0","N","0","0","0","3","02102","0","","1.0","","1","N","N","","0","","0","0","0","","2","N","","2","2","0","0","0","2","0","2","0","2","","","","N","","","","","","","","","",""
"2012077529","","2","0","0","0","0","0","0","0","0","7","0","","02","7","2012","1","40.417831","-79.821802","0143","11","0","0","0","0","0","0","0","0","","0","0","0","","","0","","0","","40 25:04.192","","0","79 49:18.486","0","0","0","0","2124","0","0","0","N","0","0","0","1","02124","0","","2.0","","9","N","N","","0","","0","0","0","","0","","","2","0","0","0","0","0","0","2","0","2","","","","N","","","","","","","","","",""
"2012077530","","1","0","0","0","0","0","0","0","0","4","0","","02","7","2012","5","40.429921","-79.808469","0952","11","0","0","0","0","0","0","2","0","","0","0","0","","","0","","1","","40 25:47.716","","0","79 48:30.489","0","0","0","0","2124","0","0","0","N","0","0","0","2","02124","0","","1.0","","1","N","N","","1","","0","0","0","","2","","","2","0","0","0","0","0","0","2","0","2","","","","N","","","","","","","","","",""
"2012092562","","0","0","0","0","0","0","0","0","0","7","0","","02","9","2012","3","40.477328","-79.95404","1553","11","0","0","0","0","0","0","0","0","","0","0","0","","","0","","2","","40 28:38.380","","0","79 57:14.544","0","0","0","0","2301","0","0","0","N","0","0","0","1","02301","0","","5.0","","9","N","N","","0","","0","0","1","","0","","","1","0","0","0","0","0","0","2","0","1","","","","N","","","","","","","","","",""
"2012090391","","2","0","0","0","0","0","0","0","0","1","0","","02","9","2012","3","40.430346","-79.712876","0639","11","0","0","0","0","0","1","0","0","","0","0","0","","","0","","0","","40 25:49.247","","0","79 42:46.352","0","0","0","0","2446","0","0","0","N","0","0","0","2","02446","0","","1.0","","1","N","N","","0","","0","0","0","","0","","","2","0","0","0","0","0","0","2","0","2","","","","N","","","","","","","","","",""
"2012092763","","1","0","0","0","0","0","0","0","0","4","0","","02","9","2012","3","40.446201","-80.027097","2021","11","0","0","0","0","0","1","1","0","3","0","0","0","","","0","","10","","40 26:46.322","2","3","80 01:37.549","0","0","0","0","2301","0","0","0","N","0","0","0","3","02301","0","","1.0","","1","N","N","","0","","0","0","1","","2","Y","","2","0","2","0","0","0","0","2","0","2","","","","N","","","","","","","","","",""
"2012090467","","2","0","0","0","0","0","0","0","0","1","0","","02","9","2012","4","40.382205","-79.995981","0913","11","0","0","1","0","0","0","0","0","","0","0","0","","","0","","5","","40 22:55.939","","0","79 59:45.533","0","0","0","0","2301","0","0","0","N","0","0","0","2","02301","0","","1.0","","1","N","N","","0","","0","0","0","","2","","","2","0","0","0","0","0","0","2","0","2","","","","N","","","","","","","","","",""
"2012077531","","2","0","0","0","0","0","0","0","0","1","0","","02","5","2012","4","40.432958","-79.819187","1718","11","0","0","0","0","0","0","0","0","","0","0","0","","","1","","2","","40 25:58.648","","0","79 49:09.073","3","0","0","0","2124","0","0","0","N","0","0","0","2","02124","0","","1.0","","1","N","N","","0","","1","0","0","","0","","","2","1","0","0","0","0","0","2","0","2","","","","N","","","","","","","","","",""
"2012077533","","0","1","0","0","0","0","0","0","0","7","0","","02","8","2012","5","40.588724","-79.886496","1025","11","0","0","0","0","0","1","0","0","","1","0","0","","","0","","0","","40 35:19.407","","0","79 53:11.387","1","0","0","0","2209","0","0","0","N","0","0","0","1","02209","0","2","5.0","","1","N","N","","0","0","0","0","1","","0","","","1","0","0","0","0","0","0","1","0","1","","","","N","","","","","","","","","",""
"2012091733","","1","0","0","0","0","0","0","0","0","7","0","","02","9","2012","1","40.488059","-79.80153","1128","11","0","0","0","0","0","0","0","0","","0","0","0","","","0","","2","","40 29:17.011","","0","79 48:05.507","0","0","0","0","2113","0","0","0","N","0","0","0","3","02113","0","","5.0","","1","N","N","","0","","0","0","0","","0","","","1","0","3","0","0","0","0","2","0","1","","","","N","","","","","","","","","",""
"2012091888","","1","0","0","0","0","0","0","0","0","7","0","","02","9","2012","1","40.456063","-80.029012","0435","11","0","0","0","0","0","0","0","0","2","0","0","0","","","0","","10","","40 27:21.828","1","6","80 01:44.443","0","0","0","0","2301","0","0","0","N","0","0","0","3","02301","0","","5.0","","1","N","N","","0","","0","0","0","","0","N","","1","0","0","0","0","0","0","2","0","1","","","","N","","","","","","","","","",""
"2012077534","","1","0","0","0","0","0","0","0","0","6","0","","02","7","2012","7","40.35153","-80.023848","1755","11","0","0","0","0","0","1","0","0","1","0","0","0","","","0","","0","","40 21:05.509","5","0","80 01:25.854","0","0","0","0","2407","0","0","0","Y","0","0","0","3","02407","0","","1.0","","1","N","N","","0","","0","0","1","","0","N","","2","0","0","0","0","0","0","2","0","2","","","","N","","","","","","","","","",""
"2012077535","","2","0","0","0","0","0","0","0","0","4","0","","02","7","2012","4","40.345149","-80.029481","1718","11","0","0","0","0","0","1","0","0","","0","0","0","","","2","","0","","40 20:42.535","","0","80 01:46.130","4","0","0","0","2407","0","0","0","N","0","0","0","4","02407","2","","1.0","","1","N","N","","1","","0","0","0","","0","","","3","2","0","0","0","0","0","2","0","3","","","","N","","","","","","","","","",""
"2012092551","","2","0","0","0","0","0","0","0","0","5","0","","02","9","2012","3","40.473621","-80.031504","1515","11","0","0","0","0","0","0","0","0","","0","0","0","","","0","","0","","40 28:25.035","","0","80 01:53.414","0","0","0","0","2301","0","0","0","N","0","0","0","1","02301","0","","1.0","","1","N","N","","0","","0","0","1","","0","","","3","0","0","0","0","0","0","2","0","3","","","","N","","","","","","","","","",""
"2012090329","","2","0","0","0","0","0","0","0","0","1","0","","02","9","2012","3","40.418905","-79.849235","1508","11","0","0","0","0","0","0","1","0","1","0","0","0","","","0","","0","","40 25:08.058","4","0","79 50:57.246","0","0","0","0","2431","0","0","0","N","0","0","0","2","02431","0","","1.0","","1","N","N","","0","","0","0","0","","0","N","","2","0","0","0","0","0","0","2","0","2","","","","N","","","","","","","","","",""
"2012091249","","1","0","0","0","0","0","0","0","0","7","0","","02","9","2012","6","40.45303","-79.892864","1511","11","0","0","0","0","0","0","0","0","2","0","0","0","","","0","","2","","40 27:10.908","4","0","79 53:34.310","0","0","0","0","2301","0","0","0","N","0","0","0","1","02301","0","","4.0","","1","N","N","","0","","0","0","0","","0","Y","","1","0","0","0","0","0","0","2","0","1","","","","N","","","","","","","","","",""
"2012076745","","0","0","0","0","0","0","0","0","0","5","0","","02","8","2012","6","40.412938","-80.008075","1628","11","0","0","0","0","0","0","0","0","1","0","0","0","","","1","","1","","40 24:46.578","2","4","80 00:29.069","3","0","0","1","2301","0","0","0","N","0","0","0","2","02301","0","","1.0","","1","N","N","","0","","1","0","1","","0","N","","2","1","0","0","0","0","0","2","0","2","","","","N","","","","","","","","","",""
"2012077536","","0","0","0","0","0","0","0","0","0","4","0","","02","7","2012","6","40.341929","-80.017783","0735","11","0","0","0","0","0","1","0","0","","0","0","0","","","1","","0","","40 20:30.946","","0","80 01:04.020","4","0","0","0","2407","0","0","0","N","0","0","0","2","02407","1","","1.0","","1","N","N","","1","","0","0","1","","0","","","2","1","0","0","0","0","0","2","0","2","","","","N","","","","","","","","","",""
"2012092018","","2","0","0","0","0","0","0","0","0","4","0","","02","9","2012","2","40.632031","-80.057153","0912","11","0","0","0","0","0","1","0","0","1","0","0","0","","","1","","1","","40 37:55.310","2","7","80 03:25.750","8","0","0","0","2216","0","0","0","N","0","0","0","2","02505","0","","1.0","","1","N","N","","0","","0","0","0","","3","N","","2","1","0","0","0","1","0","2","0","2","","","","N","","","","","","","","","",""
"2012092632","","1","0","0","0","0","0","0","0","0","1","0","","02","9","2012","3","40.411802","-80.076475","1229","11","0","0","0","0","0","0","0","0","","0","0","0","","","1","","0","","40 24:42.486","","0","80 04:35.310","4","0","0","1","2117","0","0","0","N","0","0","0","2","68B03","1","","1.0","","1","N","N","","0","","0","0","0","","0","","","2","1","0","0","0","0","0","2","0","2","","","","N","","","","","","","","","",""
"2012091122","","1","0","0","0","0","0","0","0","0","7","0","","02","9","2012","7","40.434741","-80.018979","1251","11","0","0","0","0","0","0","0","0","1","0","0","0","","","0","","0","","40 26:05.067","3","4","80 01:08.325","0","0","0","0","2301","0","0","0","N","0","0","0","1","68B03","0","","4.0","","9","N","N","","0","","0","0","0","","0","N","","1","0","0","0","0","0","0","2","0","1","","","","N","","","","","","","","","",""
"2012091892","","1","0","0","0","0","0","0","0","0","5","0","","02","9","2012","1","40.396961","-80.022793","0632","11","0","0","0","0","0","0","0","0","","0","0","0","","","0","","0","","40 23:49.059","","0","80 01:22.054","9","0","0","0","2301","0","0","0","N","0","0","0","1","02301","0","","1.0","","1","N","N","","1","","0","0","0","","0","","","2","0","0","0","0","0","1","2","0","2","","","","N","","","","","","","","","",""
"2012091184","","2","0","0","0","0","0","0","0","0","1","0","","02","9","2012","5","40.413316","-80.076669","1650","11","0","0","0","0","0","1","1","0","1","0","0","0","","","0","","0","","40 24:47.937","4","0","80 04:36.009","0","0","0","0","2117","0","0","0","N","0","0","0","5","02117","0","","1.0","","1","N","N","","0","","0","0","1","","0","N","","3","0","1","0","0","0","0","2","0","3","","","","N","","","","","","","","","",""
"2012091738","","1","0","0","0","0","0","0","0","0","4","0","","02","9","2012","2","40.35876","-79.849156","2033","11","0","0","0","0","0","0","0","0","2","0","0","0","","","0","","0","","40 21:31.537","5","0","79 50:56.962","0","0","0","0","2473","0","0","0","N","0","0","0","2","02473","0","","1.0","","1","N","N","","0","","0","0","1","","0","Y","","2","0","0","0","0","0","0","2","0","2","","","","N","","","","","","","","","",""
"2012091753","","2","0","0","0","0","0","0","0","0","1","0","","02","9","2012","7","40.56495","-79.956914","1535","11","0","0","0","0","0","0","0","0","1","0","0","0","","","1","","2","","40 33:53.820","5","0","79 57:24.892","8","0","0","0","2207","0","0","0","N","0","0","0","2","02207","0","","1.0","","1","N","N","","0","","0","0","0","","0","N","","2","1","0","0","0","1","0","2","0","2","","","","N","","","","","","","","","",""
"2012091754","","1","0","0","0","0","0","0","0","0","7","0","","02","9","2012","3","40.302771","-79.82746","1515","11","0","0","0","0","0","0","0","0","3","0","0","0","","","1","","0","","40 18:09.974","5","0","79 49:38.856","8","0","0","0","2105","0","0","0","N","0","0","0","1","02105","0","","5.0","","1","N","N","","0","","0","0","0","","0","Y","","1","1","0","0","0","1","0","1","0","1","","","","N","","","","","","","","","",""
"2012090211","","1","0","0","0","0","0","0","0","0","7","0","","02","9","2012","1","40.507146","-80.035923","0126","11","0","0","0","0","0","0","0","0","","0","0","0","","","0","","0","","40 30:25.726","","0","80 02:09.324","0","0","0","0","2116","0","0","0","Y","0","0","0","2","68B03","0","","2.0","","1","N","N","","0","","0","0","0","","0","","","1","0","0","0","0","0","0","2","0","1","","","","N","","","","","","","","","",""
"2012090338","","2","0","0","0","0","0","0","0","0","1","0","","02","9","2012","3","40.466388","-80.060509","1520","11","0","0","0","0","0","0","0","0","","0","0","0","","","1","","2","","40 27:58.998","","0","80 03:37.832","4","0","0","0","2444","0","0","0","N","0","0","0","2","02444","1","","1.0","","1","N","N","","0","","0","0","0","","0","","","2","1","0","0","0","0","0","2","0","2","","","","N","","","","","","","","","",""
"2012091255","","1","0","0","0","0","0","0","0","0","6","0","","02","9","2012","1","40.620606","-79.945311","1504","11","0","0","0","0","0","0","1","0","","0","0","0","","","0","","2","","40 37:14.180","","0","79 56:43.120","0","0","0","0","2217","0","0","0","N","0","0","0","5","02505","0","","1.0","","9","N","N","","0","","0","0","1","","3","","","3","0","0","0","0","0","0","2","1","3","","","","N","","","","","","","","","",""
"2012076763","","0","0","0","0","0","0","0","0","0","0","0","","02","5","2012","6","40.354764","-80.116051","0933","11","0","0","0","0","0","0","0","0","","0","0","0","","","1","","0","","40 21:17.151","","0","80 06:57.783","8","0","0","1","2119","0","0","0","N","0","0","0","1","68B03","0","","7.0","","1","N","N","","0","","0","0","0","","0","","","1","1","0","0","0","1","0","2","0","1","","","","N","","","","","","","","","",""
"2012090212","","1","0","0","0","0","0","0","0","0","1","0","","02","9","2012","2","40.528117","-80.129514","1643","11","0","0","0","0","0","0","0","0","1","0","0","0","","","3","","0","","40 31:41.220","1","0","80 07:46.252","8","0","0","0","2125","0","0","0","N","0","0","0","3","68B03","0","","1.0","","1","N","N","","1","","0","0","1","","0","N","","3","3","0","0","0","3","0","2","0","3","","","","N","","","","","","","","","",""
"2012090339","","2","0","0","0","0","0","0","0","0","4","0","","02","9","2012","3","40.633647","-79.938701","2032","11","0","1","0","0","0","0","1","0","","0","0","0","","","0","","1","","40 38:01.130","","0","79 56:19.322","0","0","0","0","2217","0","0","0","N","0","0","0","2","02505","0","","1.0","","1","N","N","","0","","0","0","0","","3","","","2","0","0","0","0","0","0","2","0","2","","","","N","","","","","","","","","",""
"2012091256","","1","0","0","0","0","0","0","0","0","1","0","","02","9","2012","6","40.309772","-79.914992","1531","11","0","0","0","0","0","1","0","0","","0","0","0","","","2","","3","","40 18:35.179","","0","79 54:53.971","3","0","0","0","2440","0","0","0","N","0","0","0","2","02440","0","","1.0","","1","N","N","","1","","1","0","0","","3","","","2","2","0","0","0","1","0","2","0","2","","","","N","","","","","","","","","",""
"2012076764","","1","0","0","0","0","0","0","0","0","7","0","","02","7","2012","5","40.439641","-80.227724","0225","11","0","0","0","0","0","0","0","0","","0","0","0","","","0","","0","","40 26:22.707","","0","80 13:39.807","0","0","0","0","2214","0","0","0","N","0","0","0","3","68B03","0","","4.0","","1","N","N","","0","","0","0","0","","0","","","1","0","0","0","0","0","0","2","0","1","","","","N","","","","","","","","","",""
"2012091192","","2","0","0","0","0","0","0","0","0","4","0","","02","9","2012","6","40.438131","-79.985108","0907","11","0","0","0","0","0","1","0","0","","0","0","0","","","1","","1","","40 26:17.271","","0","79 59:06.388","4","0","0","0","2301","0","0","0","N","0","0","0","2","02301","1","","1.0","","1","N","N","","0","","0","0","0","","0","","","2","1","0","0","0","0","0","2","0","2","","","","N","","","","","","","","","",""
"2012076765","","1","0","0","0","0","0","0","0","0","1","0","","02","7","2012","4","40.519823","-80.059512","0733","11","0","0","0","1","0","0","0","0","1","0","0","0","","","0","","0","","40 31:11.363","2","0","80 03:34.244","0","0","0","0","2116","0","0","0","N","0","0","0","3","68B03","0","","1.0","","1","N","N","","1","","0","0","1","","0","N","","3","0","0","0","0","0","0","2","0","3","","","","N","","","","","","","","","",""
"2012090341","","1","0","0","0","0","0","0","0","0","7","0","","02","9","2012","1","40.619681","-80.080719","1255","11","0","0","0","0","0","0","0","0","","0","0","0","","","1","","2","","40 37:10.852","","0","80 04:50.589","8","0","0","0","2212","0","0","0","N","0","0","0","1","02505","0","","5.0","","9","N","N","","0","","0","0","0","","0","","","1","1","0","0","0","1","0","2","0","1","","","","N","","","","","","","","","",""