"CRN","ARRIVAL_TM","AUTOMOBILE_COUNT","BELTED_DEATH_COUNT","BELTED_SUSP_SERIOUS_INJ_COUNT","BICYCLE_COUNT","BICYCLE_DEATH_COUNT","BICYCLE_SUSP_SERIOUS_INJ_COUNT","BUS_COUNT","CHLDPAS_DEATH_COUNT","CHLDPAS_SUSP_SERIOUS_INJ_COUNT","COLLISION_TYPE","COMM_VEH_COUNT","CONS_ZONE_SPD_LIM","COUNTY","CRASH_MONTH","CRASH_YEAR","DAY_OF_WEEK","DEC_LATITUDE","DEC_LONGITUDE","DISPATCH_TM","DISTRICT","DRIVER_COUNT_16YR","DRIVER_COUNT_17YR","DRIVER_COUNT_18YR","DRIVER_COUNT_19YR","DRIVER_COUNT_20YR","DRIVER_COUNT_50_64YR","DRIVER_COUNT_65_74YR","DRIVER_COUNT_75PLUS","EST_HRS_CLOSED","FATAL_COUNT","HEAVY_TRUCK_COUNT","HORSE_BUGGY_COUNT","HOUR_OF_DAY","ILLUMINATION","INJURY_COUNT","INTERSECTION_RELATED","INTERSECT_TYPE","LANE_CLOSED","LATITUDE","LN_CLOSE_DIR","LOCATION_TYPE","LONGITUDE","MAX_SEVERITY_LEVEL","MCYCLE_DEATH_COUNT","MCYCLE_SUSP_SERIOUS_INJ_COUNT","MOTORCYCLE_COUNT","MUNICIPALITY","NONMOTR_COUNT","NONMOTR_DEATH_COUNT","NONMOTR_SUSP_SERIOUS_INJ_COUNT","NTFY_HIWY_MAINT","PED_COUNT","PED_DEATH_COUNT","PED_SUSP_SERIOUS_INJ_COUNT","PERSON_COUNT","POLICE_AGCY","POSSIBLE_INJ_COUNT","RDWY_SURF_TYPE_CD","RELATION_TO_ROAD","ROADWAY_CLEARED","ROAD_CONDITION","SCH_BUS_IND","SCH_ZONE_IND","SECONDARY_CRASH","SMALL_TRUCK_COUNT","SPEC_JURIS_CD","SUSP_MINOR_INJ_COUNT","SUSP_SERIOUS_INJ_COUNT","SUV_COUNT","TCD_FUNC_CD","TCD_TYPE","TFC_DETOUR_IND","TIME_OF_DAY","TOTAL_UNITS","TOT_INJ_COUNT","UNBELTED_OCC_COUNT","UNB_DEATH_COUNT","UNB_SUSP_SERIOUS_INJ_COUNT","UNK_INJ_DEG_COUNT","UNK_INJ_PER_COUNT","URBAN_RURAL","VAN_COUNT","VEHICLE_COUNT","WEATHER1","WEATHER2","WORKERS_PRES","WORK_ZONE_IND","WORK_ZONE_LOC","WORK_ZONE_TYPE","WZ_CLOSE_DETOUR","WZ_FLAGGER","WZ_LAW_OFFCR_IND","WZ_LN_CLOSURE","WZ_MOVING","WZ_OTHER","WZ_SHLDER_MDN","WZ_WORKERS_INJ_KILLED"
"2012076289","","1","0","0","0","0","0","0","0","0","7","0","","02","7","2012","6","40.430518","-80.264389","0609","11","0","0","0","0","0","0","0","0","1","0","0","0","","","1","","0","","40 25:49.863","3","0","80 15:51.799","4","0","0","0","2214","0","0","0","N","0","0","0","1","68B03","1","","3.0","","9","N","N","","0","","0","0","0","","0","N","","1","1","0","0","0","0","0","1","0","1","","","","N","","","","","","","","","",""
"2012075307","","1","0","0","0","0","0","0","0","0","6","0","","02","7","2012","2","40.32258","-79.994818","1528","11","0","0","1","0","0","0","0","0","1","0","0","0","","","0","","0","","40 19:21.287","2","0","79 59:41.346","0","0","0","0","2219","0","0","0","N","0","0","0","2","02219","0","","1.0","","1","N","N","","0","","0","0","1","","0","N","","2","0","0","0","0","0","0","2","0","2","","","","N","","","","","","","","","",""
"2012076208","","1","0","0","0","0","0","0","0","0","1","0","","02","8","2012","4","40.614938","-80.096766","1833","11","0","0","0","0","0","1","0","0","","0","0","0","","","1","","0","","40 36:53.775","","3","80 05:48.359","4","0","0","0","2481","0","0","0","N","0","0","0","2","02481","1","","1.0","","1","N","N","","1","","0","0","0","","2","","","2","1","0","0","0","0","0","2","0","2","","","","N","","","","","","","","","",""
"2012075510","","0","0","0","0","0","0","0","0","0","4","0","","02","7","2012","4","40.523997","-79.834869","1427","11","0","0","0","0","0","0","0","1","1","0","0","0","","","2","","2","","40 31:26.390","6","0","79 50:05.527","2","0","0","0","2451","0","0","0","N","0","0","0","2","02451","1","","1.0","","1","N","N","","0","","0","1","2","","3","Y","","2","2","2","0","1","0","0","2","0","2","","","","N","","","","","","","","","",""
"2012076290","","1","0","0","0","0","0","0","0","0","7","0","","02","7","2012","7","40.441149","-79.835309","2103","11","0","0","0","0","0","0","0","0","","0","0","0","","","1","","0","","40 26:28.137","","0","79 50:07.113","4","0","0","0","2419","0","0","0","N","0","0","0","1","68B03","1","","4.0","","1","N","N","","0","","0","0","0","","0","","","1","1","0","0","0","0","0","2","0","1","","","","N","","","","","","","","","",""
"2012074820","","1","0","0","0","0","0","0","0","0","6","0","","02","7","2012","4","40.557761","-80.076004","1727","11","0","0","0","0","0","0","0","0","1","0","0","0","","","0","","0","","40 33:27.938","1","0","80 04:33.614","0","0","0","0","2215","0","0","0","N","0","0","0","4","02215","0","","1.0","","1","N","N","","1","","0","0","0","","0","Y","","2","0","0","0","0","0","0","2","0","2","","","","N","","","","","","","","","",""
"2012077604","","1","0","0","0","0","0","0","0","0","7","0","","02","8","2012","6","40.390796","-79.966787","0056","11","0","0","0","0","0","0","0","0","","0","0","0","","","0","","0","","40 23:26.866","","7","79 58:00.434","0","0","0","0","2403","0","0","0","Y","0","0","0","1","02403","0","","5.0","","1","N","N","","0","","0","0","0","","0","","","1","0","0","0","0","0","0","2","0","1","","","","N","","","","","","","","","",""
"2012076936","","0","0","0","0","0","0","0","0","0","0","0","","02","8","2012","6","40.497653","-80.031402","1338","11","0","0","0","0","0","1","0","0","","0","0","0","","","1","","2","","40 29:51.550","","0","80 01:53.047","2","0","1","1","2116","0","0","0","N","0","0","0","1","02116","0","","1.0","","1","N","N","","0","","0","1","0","","0","","","1","1","0","0","0","0","0","2","0","1","","","","N","","","","","","","","","",""
"2012076291","","0","0","0","0","0","0","0","0","0","0","0","","02","7","2012","3","40.56298","-80.087393","0702","11","0","0","0","0","0","0","0","0","2","0","0","0","","","1","","0","","40 33:46.727","1","0","80 05:14.614","4","0","0","0","2481","0","0","0","N","0","0","0","1","68B03","1","","1.0","","1","N","N","","0","","0","0","1","","0","N","","1","1","1","0","0","0","0","2","0","1","","","","N","","","","","","","","","",""
"2012076795","","2","0","0","0","0","0","0","0","0","4","0","","02","8","2012","6","40.429943","-80.008227","1739","11","0","0","0","0","0","0","0","1","","0","0","0","","","0","","0","","40 25:47.794","","7","80 00:29.617","0","0","0","0","2301","0","0","0","N","0","0","0","2","02301","0","","1.0","","1","N","N","","0","","0","0","0","","0","","","2","0","0","0","0","0","0","2","0","2","","","","N","","","","","","","","","",""
"2012076210","","0","0","0","0","0","0","0","0","0","0","0","","02","8","2012","4","40.435421","-79.984437","1731","11","0","0","0","0","0","0","0","0","1","0","0","0","","","0","","2","","40 26:07.514","5","0","79 59:03.974","0","0","0","1","2301","0","0","0","N","0","0","0","5","02301","0","","1.0","","1","N","N","","0","","0","0","0","","3","N","","2","0","0","0","0","0","0","2","1","2","","","","N","","","","","","","","","",""
"2012077083","","2","0","0","0","0","0","0","0","0","1","0","45","02","7","2012","6","40.470986","-79.974481","1619","11","0","0","0","0","0","0","0","0","2","0","0","0","","","2","","0","","40 28:15.549","1","0","79 58:28.132","4","0","0","0","2445","0","0","0","N","0","0","0","6","02445","2","","1.0","","1","N","N","","0","","0","0","1","","0","N","","3","2","0","0","0","0","0","2","0","3","","","U","Y","4","1","","","N","Y","","","Y",""
"2012075526","","1","0","0","0","0","0","0","0","0","7","0","","02","7","2012","3","40.4265","-79.973069","1055","11","0","0","0","0","0","1","0","0","","0","0","0","","","0","","0","","40 25:35.400","","0","79 58:23.048","0","0","0","0","2301","0","0","0","N","0","0","0","1","02301","0","","4.0","","1","N","N","","0","","0","0","0","","0","","","1","0","0","0","0","0","0","2","0","1","","","","N","","","","","","","","","",""
"2012076292","","0","0","0","0","0","0","0","0","0","7","0","","02","7","2012","4","40.631659","-80.09739","2144","11","0","0","0","0","0","0","0","0","","0","0","0","","","0","","0","","40 37:53.974","","0","80 05:50.604","0","0","0","0","2212","0","0","0","N","0","0","0","1","68B03","0","","4.0","","1","N","N","","1","","0","0","0","","0","","","1","0","0","0","0","0","0","2","0","1","","","","N","","","","","","","","","",""
"2012076796","","1","0","0","0","0","0","0","0","0","6","0","","02","8","2012","6","40.464484","-79.930088","1847","11","0","0","0","0","0","0","0","0","","0","0","0","","","0","","1","","40 27:52.142","","0","79 55:48.316","0","0","0","0","2301","0","0","0","N","0","0","0","2","02301","0","","1.0","","1","N","N","","0","","0","0","1","","0","","","2","0","0","0","0","0","0","2","0","2","","","","N","","","","","","","","","",""
"2012075311","","0","0","0","0","0","0","0","0","0","4","0","","02","7","2012","2","40.350071","-79.864761","1517","11","0","0","0","0","0","2","0","0","","0","0","0","","","0","","1","","40 21:00.255","","0","79 51:53.138","0","0","0","0","2304","0","0","0","N","0","0","0","4","02304","0","","1.0","","1","N","N","","2","","0","0","0","","3","","","2","0","2","0","0","0","0","2","0","2","","","","N","","","","","","","","","",""
"2012075513","","1","0","0","0","0","0","0","0","0","4","0","","02","7","2012","3","40.460421","-79.842602","1008","11","0","0","0","0","0","1","1","0","","0","0","0","","","1","","0","","40 27:37.515","","0","79 50:33.366","8","0","0","0","2113","0","0","0","N","0","0","0","4","02113","0","","1.0","","1","N","N","","0","","0","0","1","","0","","","2","1","0","0","0","1","0","2","0","2","","","","N","","","","","","","","","",""
"2012077085","","1","0","0","0","0","0","0","0","0","7","1","","02","8","2012","6","40.291263","-79.914223","0832","11","0","0","0","0","0","1","1","0","2","0","1","0","","","0","","2","","40 17:28.545","2","0","79 54:51.202","0","0","0","0","2440","0","0","0","N","0","0","0","2","02440","0","","1.0","","1","N","N","","0","","0","0","0","","0","N","","2","0","0","0","0","0","0","2","0","2","","","","N","","","","","","","","","",""
"2012076293","","1","0","0","0","0","0","0","0","0","1","0","","02","7","2012","6","40.436871","-80.014941","1512","11","0","0","0","0","0","1","0","0","","0","0","0","","","0","","0","","40 26:12.734","","0","80 00:53.788","0","0","0","0","2301","0","0","0","N","0","0","0","5","68B03","0","","1.0","","1","N","N","","1","","0","0","1","","0","","","3","0","0","0","0","0","0","2","0","3","","","","N","","","","","","","","","",""
"2012077100","","3","0","0","0","0","0","0","0","0","6","0","","02","8","2012","7","40.46905","-79.959877","0553","11","0","0","0","0","0","0","0","0","1","0","0","0","","","0","","0","","40 28:08.580","1","0","79 57:35.557","0","0","0","0","2301","0","0","0","N","0","0","0","1","02301","0","","6.0","","1","N","N","","0","","0","0","0","","3","N","","3","0","0","0","0","0","0","2","0","3","","","","N","","","","","","","","","",""
"2012076294","","2","0","0","0","0","0","0","0","0","1","0","","02","7","2012","3","40.423305","-80.105067","1640","11","0","0","0","0","0","0","0","0","1","0","0","0","","","1","","0","","40 25:23.898","4","0","80 06:18.242","8","0","0","0","2115","0","0","0","N","0","0","0","4","68B03","0","","1.0","","1","N","N","","1","","0","0","0","","0","N","","3","1","0","0","0","1","0","2","0","3","","","","N","","","","","","","","","",""
"2012077741","","2","0","0","0","0","0","0","0","0","1","0","","02","8","2012","3","40.430509","-79.998945","1755","11","0","0","0","0","0","1","0","0","","0","0","0","","","1","","2","","40 25:49.832","","0","79 59:56.202","8","0","0","0","2301","0","0","0","N","0","0","0","2","02301","0","","1.0","","1","N","N","","0","","0","0","0","","3","","","2","1","0","0","0","1","1","2","0","2","","","","N","","","","","","","","","",""
"2012074826","","2","0","0","0","0","0","0","0","0","1","0","","02","7","2012","6","40.495844","-80.066877","1343","11","0","0","0","0","0","0","1","0","","0","0","0","","","1","","0","","40 29:45.037","","0","80 04:00.757","3","0","0","0","2402","0","0","0","N","0","0","0","1","02402","0","","1.0","","1","N","N","","0","","1","0","0","","0","","","2","1","0","0","0","0","0","2","0","2","","","","N","","","","","","","","","",""
"2012077691","","0","0","0","0","0","0","0","0","0","8","0","","02","8","2012","3","40.397261","-80.020289","1150","11","0","0","0","0","0","0","0","0","","0","0","0","","","1","","2","","40 23:50.139","","0","80 01:13.040","8","0","0","0","2301","1","0","0","N","1","0","0","2","02301","0","","1.0","","1","N","N","","1","","0","0","0","","3","","","2","1","0","0","0","1","0","2","0","1","","","","N","","","","","","","","","",""
"2012076956","","2","0","0","0","0","0","0","0","0","6","0","","02","8","2012","7","40.444202","-80.028173","1312","11","0","0","0","0","0","0","1","0","","0","0","0","","","0","","10","","40 26:39.126","","3","80 01:41.424","0","0","0","0","2301","0","0","0","N","0","0","0","2","02301","0","","1.0","","1","N","N","","0","","0","0","0","","2","","","2","0","0","0","0","0","0","2","0","2","","","","N","","","","","","","","","",""
"2012075530","","2","0","0","0","0","0","0","0","0","4","0","","02","7","2012","3","40.361233","-79.861588","1154","11","0","0","0","0","0","0","0","1","","0","0","0","","","1","","1","","40 21:40.438","","0","79 51:41.716","4","0","0","0","2473","0","0","0","N","0","0","0","1","02473","1","","1.0","","1","N","N","","0","","0","0","0","","3","","","2","1","0","0","0","0","0","2","0","2","","","","N","","","","","","","","","",""
"2012076815","","2","0","0","0","0","0","0","0","0","2","0","","02","8","2012","6","40.413085","-80.022023","1757","11","0","0","0","1","0","1","0","0","1","0","0","0","","","1","","1","","40 24:47.106","1","0","80 01:19.282","8","0","0","0","2301","0","0","0","N","0","0","0","3","02301","0","","1.0","","1","N","N","","0","","0","0","0","","3","N","","2","1","0","0","0","1","0","2","0","2","","","","N","","","","","","","","","",""
"2012075315","","0","0","0","0","0","0","0","0","0","4","0","","02","7","2012","2","","","1907","11","0","1","0","0","0","0","0","0","","0","0","0","","","0","","0","","","","7","","0","0","0","0","2415","0","0","0","N","0","0","0","3","02415","0","","1.0","","1","N","N","","1","","0","0","1","","3","","","2","0","0","0","0","0","0","1","0","2","","","","N","","","","","","","","","",""
"2012075517","","2","0","0","0","0","0","0","0","0","4","0","","02","7","2012","3","40.484224","-79.907886","1039","11","0","0","0","0","0","0","1","0","","0","0","0","","","0","","1","","40 29:03.206","","0","79 54:28.391","0","0","0","0","2301","0","0","0","N","0","0","0","2","02301","0","","1.0","","1","N","N","","0","","0","0","0","","2","","","2","0","0","0","0","0","0","2","0","2","","","","N","","","","","","","","","",""
"2012077693","","2","0","0","0","0","0","0","0","0","4","1","","02","8","2012","3","40.461812","-79.896365","1012","11","0","0","1","0","0","0","0","0","","0","1","0","","","0","","0","","40 27:42.523","","0","79 53:46.914","0","0","0","0","2301","0","0","0","N","0","0","0","1","02301","0","","1.0","","1","N","N","","0","","0","0","0","","0","","","3","0","0","0","0","0","0","2","0","3","","","","N","","","","","","","","","",""
"2012077694","","2","0","1","0","0","0","0","0","0","1","0","","02","8","2012","2","40.400594","-80.146814","1411","11","0","1","0","0","0","1","0","0","2","0","0","0","","","2","","0","","40 24:02.140","3","0","80 08:48.530","2","0","0","0","2102","0","0","0","N","0","0","0","4","02102","0","","1.0","","1","N","N","","0","","0","1","0","","0","N","","2","2","0","0","0","1","0","2","0","2","","","","N","","","","","","","","","",""
"2012076220","","1","0","0","0","0","0","0","0","0","7","0","","02","8","2012","4","40.552089","-80.011828","0225","11","0","0","0","0","0","0","0","0","2","0","0","0","","","0","","0","","40 33:07.520","4","0","80 00:42.580","0","0","0","0","2116","0","0","0","N","0","0","0","2","02116","0","","5.0","","1","N","N","","0","","0","0","0","","0","N","","1","0","1","0","0","0","0","2","0","1","","","","N","","","","","","","","","",""
"2012075533","","2","0","0","0","0","0","0","0","0","4","0","","02","7","2012","3","40.449027","-79.951897","1241","11","0","0","0","0","0","1","0","0","","0","0","0","","","0","","1","","40 26:56.497","","0","79 57:06.829","0","0","0","0","2301","0","0","0","N","0","0","0","2","02301","0","","1.0","","1","N","N","","0","","0","0","0","","3","","","2","0","0","0","0","0","0","2","0","2","","","","N","","","","","","","","","",""
"2012076818","","1","0","0","0","0","0","0","0","0","1","0","","02","8","2012","5","40.537538","-80.011153","2027","11","0","0","0","0","0","0","0","0","1","0","0","0","","","0","","1","","40 32:15.135","1","0","80 00:40.152","0","0","0","0","2116","0","0","0","N","0","0","0","2","02116","0","","1.0","","1","N","N","","1","","0","0","0","","2","N","","2","0","0","0","0","0","0","2","0","2","","","","N","","","","","","","","","",""
"2012077613","","2","0","0","0","0","0","0","0","0","4","0","","02","8","2012","2","40.45208","-79.930982","2322","11","0","0","0","0","0","0","0","0","2","0","0","0","","","0","","1","","40 27:07.488","1","0","79 55:51.535","0","0","0","0","2301","0","0","0","N","0","0","0","2","02301","0","","1.0","","1","N","N","","0","","0","0","0","","2","N","","2","0","1","0","0","0","0","2","0","2","","","","N","","","","","","","","","",""
"2012075318","","1","0","0","0","0","0","0","0","0","1","0","","02","7","2012","2","40.412092","-80.045986","1621","11","0","0","0","0","1","1","0","0","","0","0","0","","","0","","0","","40 24:43.532","","0","80 02:45.551","0","0","0","0","2435","0","0","0","N","0","0","0","3","02435","0","","1.0","","1","N","N","","0","","0","0","2","","0","","","3","0","0","0","0","0","0","2","0","3","","","","N","","","","","","","","","",""
"2012077679","","2","0","0","0","0","0","0","0","0","6","0","","02","8","2012","3","40.406565","-79.99236","1020","11","0","0","0","0","0","0","0","1","2","0","0","0","","","0","","0","","40 24:23.634","1","0","79 59:32.496","0","0","0","0","2301","0","0","0","N","0","0","0","3","02301","0","","1.0","","1","N","N","","0","","0","0","0","","0","N","","2","0","0","0","0","0","0","2","0","2","","","","N","","","","","","","","","",""
"2012075319","","1","0","0","0","0","0","0","0","0","8","0","","02","7","2012","2","40.330813","-79.842546","1820","11","0","0","0","0","0","0","0","1","","0","0","0","","","1","","1","","40 19:50.926","","0","79 50:33.165","3","0","0","0","2304","1","0","0","N","1","0","0","3","02304","0","","1.0","","1","N","N","","0","","1","0","0","","3","","","2","1","0","0","0","0","0","2","0","1","","","","N","","","","","","","","","",""
"2012077680","","2","0","0","0","0","0","0","0","0","4","0","","02","8","2012","3","40.449819","-79.929656","1041","11","0","0","0","0","0","1","0","0","2","0","0","0","","","0","","1","","40 26:59.348","3","0","79 55:46.761","0","0","0","0","2301","0","0","0","N","0","0","0","2","02301","0","","1.0","","1","N","N","","0","","0","0","0","","2","N","","2","0","0","0","0","0","0","2","0","2","","","","N","","","","","","","","","",""
"2012075522","","1","0","0","0","0","0","0","0","0","4","0","","02","7","2012","3","40.438863","-79.762579","1100","11","0","0","0","0","0","0","0","0","2","0","0","0","","","0","","1","","40 26:19.908","3","0","79 45:45.284","0","0","0","0","2446","0","0","0","N","0","0","0","2","02446","0","","1.0","","1","N","N","","1","","0","0","0","","2","N","","2","0","0","0","0","0","0","2","0","2","","","","N","","","","","","","","","",""
"2012077698","","1","0","0","0","0","0","0","0","0","4","0","","02","8","2012","3","40.527132","-79.950268","1234","11","0","0","0","0","0","1","0","0","1","0","0","0","","","2","","2","","40 31:37.675","2","0","79 57:00.965","3","0","0","0","2118","0","0","0","N","0","0","0","2","02118","0","","1.0","","1","N","N","","0","","2","0","1","","2","Y","","2","2","0","0","0","0","0","2","0","2","","","","N","","","","","","","","","",""
"2012076223","","1","0","0","0","0","0","0","0","0","7","0","","02","8","2012","4","40.370109","-79.891543","2013","11","0","0","0","0","0","0","0","0","","0","0","0","","","0","","0","","40 22:12.393","","0","79 53:29.554","0","0","0","0","2473","0","0","0","N","0","0","0","1","02473","0","","5.0","","1","N","N","","0","","0","0","0","","0","","","1","0","0","0","0","0","0","2","0","1","","","","N","","","","","","","","","",""
"2012075536","","0","1","0","0","0","0","0","0","0","4","0","","02","7","2012","6","40.43458","-79.989819","1514","11","0","0","0","0","0","1","0","0","1","1","0","0","","","0","","1","","40 26:04.489","2","1","79 59:23.348","1","0","0","0","2301","0","0","0","N","0","0","0","2","02301","0","2","1.0","","1","N","N","","1","0","0","0","1","","2","N","","2","0","0","0","0","0","0","2","0","2","","","","N","","","","","","","","","",""
"2012077699","","1","0","0","0","0","0","0","0","0","1","0","","02","8","2012","3","40.36803","-79.817144","0946","11","0","0","0","0","1","0","0","0","2","0","0","0","","","3","","2","","40 22:04.907","2","0","79 49:01.720","8","0","0","0","2111","0","0","0","N","0","0","0","4","02111","0","","1.0","","1","N","N","","1","","0","0","1","","0","Y","","3","3","1","0","0","3","0","2","0","3","","","","N","","","","","","","","","",""
"2012077811","","2","0","0","0","0","0","0","0","0","1","0","","02","6","2012","3","40.490365","-79.911334","0903","11","0","0","0","0","0","1","0","0","2","0","0","0","","","1","","0","","40 29:25.314","1","3","79 54:40.803","4","0","0","0","2112","0","0","0","N","0","0","0","2","68D02","1","","1.0","","1","N","N","","0","","0","0","0","","0","N","","2","1","0","0","0","0","0","2","0","2","","","","N","","","","","","","","","",""
"2012074834","","0","0","0","0","0","0","0","0","0","7","0","","02","7","2012","1","40.445293","-79.984038","1041","11","0","0","0","0","0","0","0","0","","0","0","0","","","0","","1","","40 26:43.054","","0","79 59:02.536","9","0","0","0","2301","0","0","0","N","0","0","0","1","02301","0","","5.0","","1","N","N","","0","","0","0","0","","0","","","1","0","0","0","0","0","1","2","1","1","","","","N","","","","","","","","","",""
"2012076965","","1","0","0","0","0","0","0","0","0","1","0","","02","7","2012","4","40.377259","-80.139449","1252","11","0","0","0","1","0","1","0","0","1","0","0","0","","","0","","0","","40 22:38.132","4","0","80 08:22.016","0","0","0","0","2102","0","0","0","N","0","0","0","2","02102","0","","1.0","","1","N","N","","1","","0","0","0","","0","N","","2","0","0","0","0","0","0","2","0","2","","","","N","","","","","","","","","",""
"2012075539","","0","0","0","0","0","0","0","0","0","7","0","90","02","7","2012","3","40.464345","-79.846452","1339","11","0","0","0","0","0","1","0","0","2","0","0","0","","","1","","0","","40 27:51.643","1","0","79 50:47.228","3","0","0","0","2113","0","0","0","N","0","0","0","1","02113","0","","5.0","","1","N","N","","1","","1","0","0","","0","N","","1","1","0","0","0","0","0","2","0","1","","","Y","Y","3","2","","","N","","","","Y",""
"2012077113","","0","0","0","0","0","0","0","0","0","4","0","","02","8","2012","7","40.451538","-80.007412","1315","11","0","0","0","0","0","0","0","0","","0","0","0","","","0","","2","","40 27:05.538","","0","80 00:26.683","0","0","0","0","2301","0","0","0","N","0","0","0","7","02301","0","","1.0","","1","N","N","","1","","0","0","1","","0","","","2","0","0","0","0","0","0","2","0","2","","","","N","","","","","","","","","",""
"2012077701","","0","0","0","0","0","0","0","0","0","0","0","","02","8","2012","3","40.438148","-79.773926","1258","11","0","0","0","0","0","1","0","0","1","0","0","0","","","1","","0","","40 26:17.333","3","0","79 46:26.132","4","0","0","0","2446","0","0","0","N","0","0","0","1","02446","1","","1.0","","1","N","N","","0","","0","0","0","","0","N","","1","1","0","0","0","0","0","2","0","1","","","","N","","","","","","","","","",""
"2012076241","","1","0","0","0","0","0","0","0","0","4","0","","02","7","2012","6","40.525754","-80.035576","0645","11","0","0","0","1","0","1","0","0","1","0","0","0","","","0","","1","","40 31:32.714","1","0","80 02:08.075","0","0","0","0","2116","0","0","0","N","0","0","0","2","02116","0","","1.0","","1","N","N","","1","","0","0","0","","2","Y","","2","0","0","0","0","0","0","2","0","2","","","","N","","","","","","","","","",""
"2012077620","","0","0","0","0","0","0","0","0","0","7","0","","02","7","2012","7","40.542023","-79.746311","2223","11","0","0","0","0","0","0","0","0","1","0","0","0","","","1","","0","","40 32:31.282","2","0","79 44:46.719","4","0","0","0","2466","0","0","0","N","0","0","0","1","02466","1","","2.0","","1","N","N","","1","","0","0","0","","0","N","","1","1","1","0","0","0","0","2","0","1","","","","N","","","","","","","","","",""
"2012076089","","1","0","0","0","0","0","0","0","0","4","0","","02","7","2012","3","40.571002","-79.995816","0746","11","0","0","0","0","0","1","0","0","1","0","0","0","","","2","","0","","40 34:15.607","2","0","79 59:44.937","4","0","0","0","2108","0","0","0","N","0","0","0","2","02108","2","","1.0","","1","N","N","","0","","0","0","1","","0","N","","2","2","0","0","0","0","0","2","0","2","","","","N","","","","","","","","","",""
"2012077115","","3","0","0","0","0","0","0","0","0","6","0","","02","7","2012","3","40.454068","-79.953403","1500","11","0","0","0","0","0","1","0","0","3","0","0","0","","","4","","2","","40 27:14.645","5","0","79 57:12.251","8","0","0","0","2301","1","0","0","N","1","0","0","5","02301","0","","1.0","","1","N","N","","1","","0","0","0","","2","N","","5","4","0","0","0","4","0","2","0","4","","","","N","","","","","","","","","",""
"2012076825","","2","0","0","0","0","0","0","0","0","5","0","","02","8","2012","6","40.41009","-79.98747","2122","11","0","0","0","0","0","0","0","0","","0","0","0","","","0","","0","","40 24:36.324","","0","79 59:14.892","0","0","0","0","2447","0","0","0","N","0","0","0","1","02447","0","","2.0","","1","N","N","","0","","0","0","0","","0","","","2","0","0","0","0","0","0","2","0","2","","","","N","","","","","","","","","",""
"2012077621","","1","0","0","0","0","0","0","0","0","1","0","","02","8","2012","3","40.466586","-80.034607","0223","11","0","0","0","0","0","0","0","0","2","0","0","0","","","2","","6","","40 27:59.710","1","2","80 02:04.584","4","0","0","0","2301","0","0","0","N","0","0","0","2","02301","2","","1.0","","1","N","N","","0","","0","0","1","","0","N","","2","2","0","0","0","0","0","2","0","2","","","","N","","","","","","","","","",""
"2012076090","","2","0","0","0","0","0","0","0","0","4","0","","02","7","2012","3","40.572128","-80.023504","1526","11","0","0","0","0","0","2","0","0","1","0","0","0","","","0","","1","","40 34:19.660","1","0","80 01:24.616","0","0","0","0","2108","0","0","0","N","0","0","0","2","02108","0","","1.0","","1","N","N","","0","","0","0","0","","2","N","","2","0","0","0","0","0","0","2","0","2","","","","N","","","","","","","","","",""
"2012075337","","1","0","0","0","0","0","0","0","0","1","0","","02","7","2012","6","40.409738","-79.955012","0647","11","0","0","0","0","0","1","0","1","1","0","0","0","","","0","","0","","40 24:35.058","1","0","79 57:18.043","0","0","0","0","2403","0","0","0","N","0","0","0","2","02403","0","","1.0","","1","N","N","","1","","0","0","0","","0","N","","2","0","0","0","0","0","0","2","0","2","","","","N","","","","","","","","","",""
"2012076091","","1","0","0","0","0","0","0","0","0","1","0","","02","7","2012","3","40.572138","-80.022267","1559","11","0","0","0","0","0","1","0","0","","0","0","0","","","0","","2","","40 34:19.695","","0","80 01:20.160","0","0","0","0","2108","0","0","0","N","0","0","0","2","02108","0","","1.0","","1","N","N","","0","","0","0","1","","3","","","2","0","1","0","0","0","0","2","0","2","","","","N","","","","","","","","","",""
"2012075339","","1","0","0","0","0","0","0","0","0","0","0","","02","7","2012","6","40.51722","-79.993664","2352","11","0","0","0","0","0","0","0","1","","0","0","0","","","0","","2","","40 31:01.992","","0","79 59:37.190","0","0","0","0","2116","0","0","0","N","0","0","0","1","02116","0","","1.0","","1","N","N","","0","","0","0","0","","0","","","1","0","0","0","0","0","0","2","0","1","","","","N","","","","","","","","","",""
"2012077816","","0","0","0","0","0","0","0","0","0","7","0","","02","8","2012","6","40.613645","-79.757102","0331","11","0","0","0","0","0","0","0","0","2","0","0","0","","","1","","0","","40 36:49.122","2","3","79 45:25.566","4","0","0","0","2202","0","0","0","N","0","0","0","1","68D02","1","","4.0","","1","N","N","","1","","0","0","0","","0","N","","1","1","0","0","0","0","0","2","0","1","","","","N","","","","","","","","","",""
"2012077817","","1","0","0","0","0","0","0","0","0","7","0","","02","8","2012","6","40.592331","-79.772254","1500","11","0","0","0","0","0","0","0","0","2","0","0","0","","","1","","0","","40 35:32.390","1","0","79 46:20.116","4","0","0","0","2104","0","0","0","Y","0","0","0","1","68D02","1","","4.0","","1","N","N","","0","","0","0","0","","0","N","","1","1","1","0","0","0","0","2","0","1","","","","N","","","","","","","","","",""
"2012076232","","3","0","0","0","0","0","0","0","0","4","0","","02","8","2012","4","40.563073","-79.966385","1638","11","0","0","0","0","1","0","0","2","","0","0","0","","","2","","1","","40 33:47.061","","0","79 57:58.985","4","0","0","0","2207","0","0","0","N","0","0","0","3","02207","1","","1.0","","1","N","N","","0","","0","0","0","","3","","","3","2","1","0","0","1","0","2","0","3","","","","N","","","","","","","","","",""