"CRN","ARRIVAL_TM","AUTOMOBILE_COUNT","BELTED_DEATH_COUNT","BELTED_SUSP_SERIOUS_INJ_COUNT","BICYCLE_COUNT","BICYCLE_DEATH_COUNT","BICYCLE_SUSP_SERIOUS_INJ_COUNT","BUS_COUNT","CHLDPAS_DEATH_COUNT","CHLDPAS_SUSP_SERIOUS_INJ_COUNT","COLLISION_TYPE","COMM_VEH_COUNT","CONS_ZONE_SPD_LIM","COUNTY","CRASH_MONTH","CRASH_YEAR","DAY_OF_WEEK","DEC_LATITUDE","DEC_LONGITUDE","DISPATCH_TM","DISTRICT","DRIVER_COUNT_16YR","DRIVER_COUNT_17YR","DRIVER_COUNT_18YR","DRIVER_COUNT_19YR","DRIVER_COUNT_20YR","DRIVER_COUNT_50_64YR","DRIVER_COUNT_65_74YR","DRIVER_COUNT_75PLUS","EST_HRS_CLOSED","FATAL_COUNT","HEAVY_TRUCK_COUNT","HORSE_BUGGY_COUNT","HOUR_OF_DAY","ILLUMINATION","INJURY_COUNT","INTERSECTION_RELATED","INTERSECT_TYPE","LANE_CLOSED","LATITUDE","LN_CLOSE_DIR","LOCATION_TYPE","LONGITUDE","MAX_SEVERITY_LEVEL","MCYCLE_DEATH_COUNT","MCYCLE_SUSP_SERIOUS_INJ_COUNT","MOTORCYCLE_COUNT","MUNICIPALITY","NONMOTR_COUNT","NONMOTR_DEATH_COUNT","NONMOTR_SUSP_SERIOUS_INJ_COUNT","NTFY_HIWY_MAINT","PED_COUNT","PED_DEATH_COUNT","PED_SUSP_SERIOUS_INJ_COUNT","PERSON_COUNT","POLICE_AGCY","POSSIBLE_INJ_COUNT","RDWY_SURF_TYPE_CD","RELATION_TO_ROAD","ROADWAY_CLEARED","ROAD_CONDITION","SCH_BUS_IND","SCH_ZONE_IND","SECONDARY_CRASH","SMALL_TRUCK_COUNT","SPEC_JURIS_CD","SUSP_MINOR_INJ_COUNT","SUSP_SERIOUS_INJ_COUNT","SUV_COUNT","TCD_FUNC_CD","TCD_TYPE","TFC_DETOUR_IND","TIME_OF_DAY","TOTAL_UNITS","TOT_INJ_COUNT","UNBELTED_OCC_COUNT","UNB_DEATH_COUNT","UNB_SUSP_SERIOUS_INJ_COUNT","UNK_INJ_DEG_COUNT","UNK_INJ_PER_COUNT","URBAN_RURAL","VAN_COUNT","VEHICLE_COUNT","WEATHER1","WEATHER2","WORKERS_PRES","WORK_ZONE_IND","WORK_ZONE_LOC","WORK_ZONE_TYPE","WZ_CLOSE_DETOUR","WZ_FLAGGER","WZ_LAW_OFFCR_IND","WZ_LN_CLOSURE","WZ_MOVING","WZ_OTHER","WZ_SHLDER_MDN","WZ_WORKERS_INJ_KILLED"
"2012075067","","2","0","0","0","0","0","0","0","0","2","0","","02","7","2012","6","40.330959","-79.787498","","11","0","0","0","0","0","1","1","0","1","0","0","0","","","0","","0","","40 19:51.452","5","0","79 47:14.992","0","0","0","0","2477","0","0","0","N","0","0","0","2","02477","0","","1.0","","1","N","N","","0","","0","0","0","","0","N","","2","0","0","0","0","0","0","2","0","2","","","","N","","","","","","","","","",""
"2012077410","","1","0","0","0","0","0","0","0","0","7","0","","02","7","2012","3","40.511152","-79.790703","","11","0","0","0","0","0","0","0","0","","0","0","0","","","0","","0","","40 30:40.147","","0","79 47:26.530","0","0","0","0","2466","0","0","0","N","0","0","0","1","68T02","0","","2.0","","1","N","N","","0","","0","0","0","","0","","","1","0","0","0","0","0","0","2","0","1","","","","N","","","","","","","","","",""
"2012075894","","1","0","0","0","0","0","0","0","0","7","0","","02","7","2012","3","40.442876","-79.961909","","11","0","0","0","0","0","1","0","0","","0","0","0","","","4","","0","","40 26:34.353","","0","79 57:42.872","4","0","0","0","2301","0","0","0","N","0","0","0","4","02301","4","","4.0","","1","N","N","","0","","0","0","1","","0","","","2","4","2","0","0","0","0","2","0","2","","","","N","","","","","","","","","",""
"2012077479","","1","0","0","0","0","0","1","0","0","6","1","","02","8","2012","2","40.456301","-80.053432","","11","0","0","0","0","0","1","0","0","1","0","0","0","","","0","","2","","40 27:22.683","5","0","80 03:12.355","0","0","0","0","2301","0","0","0","N","0","0","0","4","02301","0","","1.0","","1","Y","N","","0","","0","0","1","","3","Y","","3","0","0","0","0","0","0","2","0","3","","","","N","","","","","","","","","",""
"2012076370","","1","0","0","0","0","0","0","0","0","4","0","","02","8","2012","4","40.423223","-79.928693","","11","0","0","0","0","0","1","0","1","1","0","0","0","","","1","","1","","40 25:23.602","1","0","79 55:43.294","3","0","0","0","2301","0","0","0","N","0","0","0","6","02301","0","","1.0","","1","N","N","","1","","1","0","1","","2","N","","3","1","0","0","0","0","0","2","0","3","","","","N","","","","","","","","","",""
"2012075139","","1","0","0","0","0","0","0","0","0","6","0","","02","7","2012","6","40.476891","-80.03821","","11","0","0","0","0","0","0","0","0","","0","0","0","","","0","","0","","40 28:36.807","","0","80 02:17.556","0","0","0","0","2301","0","0","0","N","0","0","0","1","02301","0","","1.0","","9","N","N","","0","","0","0","1","","0","","","2","0","0","0","0","0","0","2","0","2","","","","N","","","","","","","","","",""
"2012077187","","2","0","0","0","0","0","0","0","0","5","0","","02","8","2012","7","40.46821","-79.958655","","11","0","0","0","0","0","0","0","1","","0","0","0","","","0","","0","","40 28:05.556","","0","79 57:31.158","0","0","0","0","2301","0","0","0","N","0","0","0","1","02301","0","","6.0","","1","N","N","","0","","0","0","0","","0","","","2","0","1","0","0","0","0","2","0","2","","","","N","","","","","","","","","",""
"2012076449","","1","0","0","0","0","0","0","0","0","2","0","","02","8","2012","4","40.363522","-79.870032","","11","0","0","1","0","0","0","0","0","","0","0","0","","","1","","0","","40 21:48.679","","0","79 52:12.115","4","0","0","0","2473","0","0","0","N","0","0","0","2","02473","1","","2.0","","9","N","N","","0","","0","0","1","","0","","","2","1","0","0","0","0","1","2","0","2","","","","N","","","","","","","","","",""
"2012075070","","3","0","0","0","0","0","0","0","0","4","0","","02","7","2012","2","40.453275","-80.028994","","11","0","0","0","0","0","0","0","0","","0","0","0","","","0","","2","","40 27:11.790","","0","80 01:44.378","0","0","0","0","2301","0","0","0","N","0","0","0","2","02301","0","","1.0","","1","N","N","","0","","0","0","0","","0","","","3","0","0","0","0","0","0","2","0","3","","","","N","","","","","","","","","",""
"2012076587","","0","0","0","0","0","0","0","0","0","2","0","","02","7","2012","1","40.411004","-79.955525","","11","0","0","0","0","0","0","0","0","","0","0","0","","","1","","10","","40 24:39.614","","0","79 57:19.891","3","0","0","0","2301","0","0","0","N","0","0","0","2","02301","0","","1.0","","1","N","N","","1","","1","0","1","","0","","","2","1","1","0","0","0","0","2","0","2","","","","N","","","","","","","","","",""
"2012075155","","2","0","0","0","0","0","0","0","0","4","0","","02","7","2012","2","40.459214","-79.927463","","11","0","0","0","0","0","0","1","0","","0","0","0","","","0","","1","","40 27:33.170","","0","79 55:38.866","0","0","0","0","2301","0","0","0","N","0","0","0","3","02301","0","","1.0","","1","N","N","","0","","0","0","0","","0","","","2","0","0","0","0","0","0","2","0","2","","","","N","","","","","","","","","",""
"2012076450","","1","0","0","0","0","0","0","0","0","4","0","","02","8","2012","5","40.416923","-80.014421","","11","0","0","0","0","1","0","0","0","","0","0","0","","","0","","2","","40 25:00.921","","0","80 00:51.917","0","0","0","0","2301","0","0","0","N","0","0","0","2","02301","0","","1.0","","1","N","N","","0","","0","0","1","","2","","","2","0","0","0","0","0","0","2","0","2","","","","N","","","","","","","","","",""
"2012074997","","1","0","0","0","0","0","0","0","0","7","0","","02","7","2012","7","40.284164","-79.838518","","11","0","0","0","0","0","0","0","0","1","0","0","0","","","0","","0","","40 17:02.992","6","0","79 50:18.664","0","0","0","0","2443","0","0","0","N","0","0","0","1","02443","0","","2.0","","1","N","N","","0","","0","0","0","","0","N","","1","0","0","0","0","0","0","2","0","1","","","","N","","","","","","","","","",""
"2012077351","","1","0","0","0","0","0","0","0","0","1","0","","02","8","2012","7","40.379349","-79.853544","","11","0","0","0","0","0","0","0","0","1","0","0","0","","","2","","3","","40 22:45.658","1","0","79 51:12.757","4","0","0","0","2303","0","0","0","N","0","0","0","2","02303","2","","1.0","","1","N","N","","0","","0","0","1","","0","Y","","2","2","0","0","0","0","0","2","0","2","","","","N","","","","","","","","","",""
"2012076387","","2","0","0","0","0","0","0","0","0","4","0","","02","8","2012","5","40.462341","-79.943223","","11","0","0","0","0","0","0","0","0","","0","0","0","","","0","","2","","40 27:44.427","","0","79 56:35.602","0","0","0","0","2301","0","0","0","N","0","0","0","2","02301","0","","1.0","","1","N","N","","0","","0","0","0","","0","","","2","0","0","0","0","0","0","2","0","2","","","","N","","","","","","","","","",""
"2012074927","","1","0","0","0","0","0","0","0","0","7","0","","02","7","2012","1","40.452373","-79.844197","","11","0","0","0","0","0","0","0","0","1","0","0","0","","","1","","0","","40 27:08.542","1","0","79 50:39.110","4","0","0","0","2113","0","0","0","N","0","0","0","3","02113","1","","2.0","","1","N","N","","0","","0","0","0","","0","N","","1","1","0","0","0","0","0","2","0","1","","","","N","","","","","","","","","",""
"2012075770","","0","0","0","0","0","0","0","0","0","7","0","","02","7","2012","1","40.491337","-79.972213","","11","0","0","0","0","0","0","0","0","2","0","0","0","","","1","","0","","40 29:28.813","1","0","79 58:19.965","4","0","0","0","2445","0","0","0","N","0","0","0","1","02445","1","","5.0","","1","N","N","","0","","0","0","1","","0","Y","","2","1","0","0","0","0","0","2","0","1","","","","N","","","","","","","","","",""
"2012076376","","2","0","0","0","0","0","0","0","0","4","0","","02","8","2012","4","40.525402","-79.851161","","11","0","0","0","0","0","0","0","1","","0","0","0","","","0","","0","","40 31:31.448","","0","79 51:04.181","0","0","0","0","2208","0","0","0","N","0","0","0","3","02208","0","","1.0","","1","N","N","","0","","0","0","0","","0","","","2","0","0","0","0","0","0","2","0","2","","","","N","","","","","","","","","",""
"2012075144","","2","0","0","0","0","0","0","0","0","4","0","","02","7","2012","1","40.27503","-79.798447","","11","0","0","0","0","0","1","0","0","","0","0","0","","","0","","0","","40 16:30.108","","7","79 47:54.409","0","0","0","0","2105","0","0","0","N","0","0","0","1","02105","0","","2.0","","1","N","N","","0","","0","0","0","","0","","","2","0","1","0","0","0","0","2","0","2","","","","N","","","","","","","","","",""
"2012076377","","2","0","0","0","0","0","0","0","0","4","0","","02","8","2012","5","40.401405","-79.780035","","11","0","0","0","0","0","1","1","0","","0","0","0","","","1","","1","","40 24:05.059","","0","79 46:48.125","8","0","0","0","2453","0","0","0","N","0","0","0","2","02453","0","","1.0","","1","N","N","","0","","0","0","0","","2","","","2","1","0","0","0","1","1","2","0","2","","","","N","","","","","","","","","",""
"2012076453","","2","0","0","0","0","0","0","0","0","5","0","","02","8","2012","5","40.525231","-80.005421","","11","0","0","0","0","0","0","0","1","1","0","0","0","","","1","","0","","40 31:30.831","1","0","80 00:19.517","4","0","0","0","2116","0","0","0","N","0","0","0","1","02116","1","","4.0","","1","N","N","","0","","0","0","0","","0","N","","2","1","0","0","0","0","0","2","0","2","","","","N","","","","","","","","","",""
"2012075000","","2","0","0","0","0","0","0","0","0","4","0","","02","7","2012","1","40.465531","-79.951728","","11","0","0","0","0","0","0","0","0","","0","0","0","","","0","","0","","40 27:55.911","","0","79 57:06.220","0","0","0","0","2301","0","0","0","N","0","0","0","2","02301","0","","1.0","","1","N","N","","0","","0","0","0","","0","","","2","0","1","0","0","0","0","2","0","2","","","","N","","","","","","","","","",""
"2012076591","","1","0","0","0","0","0","0","0","0","7","0","","02","7","2012","3","","","","11","0","0","0","0","0","0","0","0","","0","0","0","","","1","","0","","","","0","","3","0","0","0","2212","0","0","0","N","0","0","0","1","02505","0","","5.0","","1","N","N","","0","","1","0","0","","0","","","1","1","1","0","0","0","0","1","0","1","","","","N","","","","","","","","","",""
"2012075901","","0","0","0","1","0","0","0","0","0","4","1","","02","8","2012","4","40.423359","-79.886777","","11","0","0","0","0","0","0","0","0","","0","1","0","","","1","","2","","40 25:24.092","","0","79 53:12.397","4","0","0","0","2463","1","0","0","N","0","0","0","2","02463","1","","1.0","","1","N","N","","0","","0","0","0","","2","","","2","1","0","0","0","0","0","2","0","1","","","","N","","","","","","","","","",""
"2012075160","","1","0","0","0","0","0","0","0","0","1","0","","02","7","2012","2","40.442885","-80.02484","","11","0","0","0","0","0","1","0","0","1","0","0","0","","","1","","0","","40 26:34.387","3","0","80 01:29.423","8","0","0","0","2301","0","0","0","N","0","0","0","7","02301","0","","1.0","","1","N","N","","0","","0","0","1","","0","N","","2","1","0","0","0","1","0","2","0","2","","","","N","","","","","","","","","",""
"2012075001","","0","0","0","0","0","0","0","0","0","7","0","","02","7","2012","7","40.284496","-79.839787","","11","0","0","0","0","0","1","0","0","1","0","0","0","","","1","","0","","40 17:04.184","6","0","79 50:23.232","3","0","0","1","2443","0","0","0","N","0","0","0","1","02443","0","","5.0","","1","N","N","","0","","1","0","0","","0","Y","","1","1","0","0","0","0","0","1","0","1","","","","N","","","","","","","","","",""
"2012075075","","1","0","0","0","0","0","0","0","0","7","0","","02","7","2012","2","40.424814","-79.984624","","11","0","0","0","0","1","0","0","0","1","0","0","0","","","0","","2","","40 25:29.330","2","0","79 59:04.646","0","0","0","0","2301","0","0","0","N","0","0","0","1","02301","0","","2.0","","1","N","N","","0","","0","0","0","","0","N","","1","0","0","0","0","0","0","2","0","1","","","","N","","","","","","","","","",""
"2012075902","","1","0","0","0","0","0","0","0","0","7","0","","02","7","2012","7","40.346031","-79.982225","","11","0","1","0","0","0","0","0","0","","0","0","0","","","1","","2","","40 20:45.711","","0","79 58:56.009","8","0","0","0","2476","0","0","0","N","0","0","0","1","02476","0","","5.0","","9","N","N","","0","","0","0","0","","0","","","1","1","0","0","0","1","0","2","0","1","","","","N","","","","","","","","","",""
"2012077430","","1","0","0","0","0","0","0","0","0","99","0","","02","7","2012","7","40.198574","-79.87721","","11","0","0","0","0","0","0","1","0","","0","0","0","","","0","","0","","40 11:54.868","","0","79 52:37.957","0","0","0","0","2204","0","0","0","N","0","0","0","1","02204","0","","1.0","","1","N","N","","0","","0","0","0","","0","","","1","0","0","0","0","0","0","1","0","1","","","","N","","","","","","","","","",""
"2012075161","","1","0","0","0","0","0","0","0","0","1","0","","02","7","2012","2","40.430748","-80.026308","","11","0","0","0","0","0","0","0","0","","0","0","0","","","0","","0","","40 25:50.694","","0","80 01:34.709","9","0","0","0","2301","0","0","0","N","0","0","0","2","02301","0","","1.0","","1","N","N","","1","","0","0","0","","0","","","2","0","0","0","0","0","1","2","0","2","","","","N","","","","","","","","","",""
"2012076669","","1","0","0","0","0","0","0","0","0","1","0","90","02","7","2012","2","40.324973","-79.927386","","11","0","0","0","0","0","1","0","0","","0","0","0","","","1","","0","","40 19:29.902","","0","79 55:38.589","4","0","0","0","2473","0","0","0","N","0","0","0","2","02473","1","","1.0","","1","N","N","","0","","0","0","0","","7","","","2","1","1","0","0","0","0","2","1","2","","","Y","Y","2","1","","Y","N","Y","Y","","",""
"2012076455","","2","0","0","0","0","0","0","0","0","1","0","","02","8","2012","5","40.567361","-80.009688","","11","0","0","1","0","0","0","1","0","1","0","0","0","","","1","","0","","40 34:02.501","2","0","80 00:34.875","4","0","0","0","2108","0","0","0","N","0","0","0","2","02108","1","","1.0","","1","N","N","","0","","0","0","0","","0","N","","2","1","0","0","0","0","0","2","0","2","","","","N","","","","","","","","","",""
"2012077431","","1","0","0","0","0","0","0","0","0","7","0","","02","8","2012","1","40.507529","-80.155731","","11","0","0","0","0","0","0","0","0","","0","0","0","","","1","","0","","40 30:27.105","","0","80 09:20.630","4","0","0","0","2420","0","0","0","N","0","0","0","1","02420","1","","2.0","","9","N","N","","0","","0","0","0","","0","","","1","1","0","0","0","0","0","2","0","1","","","","N","","","","","","","","","",""
"2012075839","","2","0","0","0","0","0","0","0","0","1","0","","02","8","2012","4","40.439634","-79.993356","","11","0","0","0","0","0","1","0","0","2","0","0","0","","","1","","3","","40 26:22.682","1","2","79 59:36.082","4","0","0","0","2301","0","0","0","N","0","0","0","2","02301","1","","1.0","","1","N","N","","0","","0","0","0","","0","Y","","2","1","0","0","0","0","0","2","0","2","","","","N","","","","","","","","","",""
"2012076594","","3","0","0","0","0","0","0","0","0","6","0","","02","8","2012","5","40.450696","-79.983047","","11","0","0","0","0","0","0","0","0","2","0","0","0","","","2","","0","","40 27:02.505","1","0","79 58:58.969","4","0","0","0","2301","0","0","0","N","0","0","0","4","02301","1","","1.0","","1","N","N","","2","","0","0","0","","0","Y","","5","2","0","0","0","1","0","2","0","5","","","","N","","","","","","","","","",""
"2012075163","","1","0","0","0","0","0","0","0","0","7","0","","02","7","2012","1","40.293904","-79.917518","","11","0","0","0","0","0","0","1","0","","0","0","0","","","0","","0","","40 17:38.055","","0","79 55:03.066","0","0","0","0","2440","0","0","0","N","0","0","0","2","02440","0","","3.0","","1","N","N","","0","","0","0","0","","0","","","1","0","0","0","0","0","0","2","0","1","","","","N","","","","","","","","","",""
"2012077286","","2","0","0","0","0","0","0","0","0","4","0","","02","8","2012","7","40.397739","-79.827904","","11","0","0","0","0","0","0","0","0","1","0","0","0","","","0","","2","","40 23:51.862","7","0","79 49:40.456","0","0","0","0","2111","0","0","0","N","0","0","0","4","02111","0","","1.0","","1","N","N","","0","","0","0","0","","3","N","","2","0","0","0","0","0","0","2","0","2","","","","N","","","","","","","","","",""
"2012076533","","2","0","0","0","0","0","0","0","0","2","0","","02","7","2012","6","40.464269","-79.824238","","11","0","0","0","0","0","0","1","0","","0","0","0","","","0","","0","","40 27:51.369","","0","79 49:27.257","0","0","0","0","2113","0","0","0","N","0","0","0","1","02113","0","","6.0","","1","N","N","","1","","0","0","0","","0","","","3","0","0","0","0","0","0","2","0","3","","","","N","","","","","","","","","",""
"2012077435","","1","0","0","0","0","0","0","0","0","7","0","","02","8","2012","1","40.32476","-80.065532","","11","0","1","0","0","0","0","0","0","","0","0","0","","","0","","0","","40 19:29.135","","0","80 03:55.916","0","0","0","0","2123","0","0","0","N","0","0","0","1","02123","0","","5.0","","9","N","N","","0","","0","0","0","","0","","","1","0","0","0","0","0","0","2","0","1","","","","N","","","","","","","","","",""
"2012077436","","2","0","0","0","0","0","0","0","0","1","0","","02","8","2012","2","40.39217","-80.013159","","11","0","0","0","0","0","1","0","0","","0","0","0","","","1","","1","","40 23:31.812","","0","80 00:47.372","4","0","0","0","2301","0","0","0","N","0","0","0","3","02301","1","","1.0","","1","N","N","","0","","0","0","0","","2","","","2","1","0","0","0","0","0","2","0","2","","","","N","","","","","","","","","",""
"2012075165","","2","0","0","0","0","0","0","0","0","1","0","","02","7","2012","6","40.586724","-80.00048","","11","0","0","0","1","0","0","0","0","","0","0","0","","","0","","2","","40 35:12.208","","0","80 00:01.728","0","0","0","0","2108","0","0","0","N","0","0","0","2","02108","0","","1.0","","1","N","N","","0","","0","0","0","","3","","","2","0","2","0","0","0","0","2","0","2","","","","N","","","","","","","","","",""
"2012077143","","2","0","0","0","0","0","0","0","0","1","0","","02","8","2012","7","40.651343","-79.936404","","11","0","0","0","0","1","0","0","0","1","0","0","0","","","1","","0","","40 39:04.833","2","0","79 56:11.054","8","0","0","0","2217","0","0","0","N","0","0","0","4","02505","0","","1.0","","1","N","N","","0","","0","0","0","","0","N","","2","1","0","0","0","1","0","2","0","2","","","","N","","","","","","","","","",""
"2012075166","","1","0","0","0","0","0","0","0","0","8","0","","02","7","2012","6","40.5817","-80.007278","","11","0","0","0","0","0","0","0","1","","0","0","0","","","1","","0","","40 34:54.120","","0","80 00:26.200","8","0","0","0","2108","1","0","0","N","1","0","0","2","02108","0","","1.0","","9","N","N","","0","","0","0","0","","0","","","2","1","0","0","0","1","0","2","0","1","","","","N","","","","","","","","","",""
"2012076396","","3","0","0","0","0","0","0","0","0","7","0","","02","8","2012","5","40.492848","-80.021844","","11","0","0","0","0","0","0","0","0","2","0","0","0","","","1","","5","","40 29:34.253","1","0","80 01:18.638","4","0","0","0","2301","0","0","0","N","0","0","0","1","02301","1","","4.0","","1","N","N","","0","","0","0","0","","2","N","","3","1","1","0","0","0","0","2","0","3","","","","N","","","","","","","","","",""
"2012077276","","1","0","0","0","0","0","0","0","0","2","1","","02","7","2012","1","40.51169","-80.101863","","11","0","0","0","0","0","1","1","0","2","0","1","0","","","1","","0","","40 30:42.083","1","0","80 06:06.708","3","0","0","0","2429","0","0","0","N","0","0","0","2","02215","0","","1.0","","1","N","N","","0","","1","0","0","","0","N","","2","1","1","0","0","0","0","2","0","2","","","","N","","","","","","","","","",""
"2012075845","","0","0","0","0","0","0","0","0","0","7","0","","02","7","2012","3","40.382991","-79.808796","","11","0","0","0","0","0","0","0","0","2","0","0","0","","","0","","0","","40 22:58.767","5","0","79 48:31.665","0","0","0","0","2424","0","0","0","N","0","0","0","1","02424","0","","5.0","","9","N","N","","0","","0","0","1","","0","Y","","1","0","0","0","0","0","0","2","0","1","","","","N","","","","","","","","","",""
"2012076397","","2","0","0","0","0","0","0","0","0","1","0","","02","8","2012","5","40.407544","-80.089297","","11","0","0","0","0","0","2","0","0","","0","0","0","","","2","","0","","40 24:27.160","","0","80 05:21.470","8","0","0","0","2415","0","0","0","N","0","0","0","3","02415","0","","1.0","","1","N","N","","0","","0","0","0","","2","","","2","2","0","0","0","2","0","2","0","2","","","","N","","","","","","","","","",""
"2012075926","","2","0","0","0","0","0","0","0","0","1","0","","02","8","2012","4","40.408321","-80.230778","","11","0","0","0","0","0","0","0","0","1","0","0","0","","","1","","0","","40 24:29.954","3","0","80 13:50.800","4","0","0","0","2214","0","0","0","N","0","0","0","2","02214","1","","1.0","","1","N","N","","0","","0","0","0","","0","N","","2","1","1","0","0","0","0","1","0","2","","","","N","","","","","","","","","",""
"2012072152","","1","0","0","0","0","0","0","0","0","7","0","","02","7","2012","6","","","","11","0","0","0","0","0","1","0","0","","0","0","0","","","1","","0","","","","0","","8","0","0","0","2415","0","0","0","N","0","0","0","1","02415","0","","5.0","","8","N","N","","0","","0","0","0","","0","","","1","1","1","0","0","1","0","1","0","1","","","","N","","","","","","","","","",""
"2012077279","","2","0","0","0","0","0","0","0","0","7","0","","02","8","2012","1","40.415433","-79.847955","","11","0","0","0","0","0","0","0","2","","0","0","0","","","2","","0","","40 24:55.558","","7","79 50:52.638","3","0","0","0","2431","0","0","0","N","0","0","0","3","02431","0","","4.0","","9","N","N","","0","","2","0","0","","0","","","2","2","0","0","0","0","0","2","0","2","","","","N","","","","","","","","","",""
"2012072153","","1","0","0","0","0","0","0","0","0","1","0","","02","7","2012","7","40.416141","-79.847897","","11","0","0","1","0","0","0","0","0","1","0","0","0","","","0","","2","","40 24:58.108","3","0","79 50:52.429","0","0","0","0","2431","0","0","0","N","0","0","0","4","02431","0","","1.0","","1","N","N","","0","","0","0","0","","2","N","","2","0","0","0","0","0","0","2","1","2","","","","N","","","","","","","","","",""
"2012077150","","1","0","0","0","0","0","0","0","0","1","0","","02","8","2012","6","40.426369","-79.907753","","11","0","0","0","0","0","0","0","0","","0","0","0","","","1","","0","","40 25:34.930","","0","79 54:27.910","8","0","0","0","2301","0","0","0","N","0","0","0","3","02301","0","","1.0","","1","N","N","","1","","0","0","0","","0","","","2","1","0","0","0","1","0","2","0","2","","","","N","","","","","","","","","",""
"2012077294","","1","0","0","0","0","0","0","0","0","4","0","","02","8","2012","1","40.318506","-80.072143","","11","0","0","0","0","0","1","0","0","","0","0","0","","","0","","1","","40 19:06.621","","0","80 04:19.714","0","0","0","0","2123","0","0","0","N","0","0","0","3","02123","0","","1.0","","1","N","N","","0","","0","0","1","","2","","","2","0","0","0","0","0","0","2","0","2","","","","N","","","","","","","","","",""
"2012076540","","0","0","0","0","0","0","0","0","0","5","0","","02","8","2012","5","40.448684","-79.89975","","11","0","0","0","0","0","1","0","0","3","0","0","0","","","1","","2","","40 26:55.262","4","0","79 53:59.100","8","0","0","1","2301","0","0","0","N","0","0","0","3","02301","0","","1.0","","1","N","N","","0","","0","0","1","","0","Y","","2","1","0","0","0","1","0","2","0","2","","","","N","","","","","","","","","",""
"2012077366","","2","0","0","0","0","0","0","0","0","4","0","","02","7","2012","6","40.472587","-80.015525","","11","0","0","0","1","0","0","0","0","","0","0","0","","","0","","1","","40 28:21.313","","0","80 00:55.889","0","0","0","0","2301","0","0","0","N","0","0","0","2","02301","0","","1.0","","9","N","N","","0","","0","0","0","","0","","","2","0","0","0","0","0","0","2","0","2","","","","N","","","","","","","","","",""
"2012077428","","0","0","0","0","0","0","0","0","0","7","0","","02","8","2012","1","40.246086","-79.873423","","11","0","0","0","0","0","0","0","0","1","0","0","0","","","0","","0","","40 14:45.910","1","0","79 52:24.321","0","0","0","0","2204","0","0","0","N","0","0","0","4","02204","0","","2.0","","9","N","N","","0","","0","0","1","","0","N","","1","0","0","0","0","0","0","1","0","1","","","","N","","","","","","","","","",""
"2012077151","","1","0","0","0","0","0","0","0","0","7","0","","02","8","2012","7","40.33337","-79.847583","","11","0","0","0","0","0","0","0","0","2","0","0","0","","","1","","2","","40 20:00.131","5","0","79 50:51.299","4","0","0","0","2304","0","0","0","N","0","0","0","1","02304","1","","4.0","","1","N","N","","0","","0","0","0","","0","Y","","1","1","0","0","0","0","0","2","0","1","","","","N","","","","","","","","","",""
"2012077152","","1","0","0","0","0","0","0","0","0","7","0","","02","8","2012","1","40.513924","-79.979524","","11","0","0","0","0","0","0","0","0","","0","0","0","","","0","","0","","40 30:50.126","","0","79 58:46.286","0","0","0","0","2118","0","0","0","N","0","0","0","2","02118","0","","2.0","","1","N","N","","0","","0","0","0","","0","","","1","0","0","0","0","0","0","2","0","1","","","","N","","","","","","","","","",""
"2012075716","","2","0","0","0","0","0","0","0","0","2","0","","02","7","2012","3","40.396218","-79.998194","","11","0","0","0","1","0","0","0","0","","0","0","0","","","6","","1","","40 23:46.384","","0","79 59:53.499","3","0","0","0","2301","0","0","0","N","0","0","0","6","02301","5","","1.0","","1","N","N","","0","","1","0","0","","2","","","2","6","0","0","0","0","0","2","0","2","","","","N","","","","","","","","","",""
"2012077368","","0","0","0","0","0","0","0","0","0","7","0","","02","7","2012","7","40.477111","-79.759746","","11","0","0","0","0","0","0","0","0","","0","0","0","","","0","","0","","40 28:37.600","","0","79 45:35.087","0","0","0","0","2466","0","0","0","N","0","0","0","1","02466","0","","5.0","","1","N","N","","0","","0","0","1","","0","","","1","0","0","0","0","0","0","2","0","1","","","","N","","","","","","","","","",""
"2012075106","","1","0","0","0","0","0","0","0","0","4","0","","02","7","2012","7","40.440468","-79.991526","","11","0","0","0","0","0","0","0","0","","0","0","0","","","0","","1","","40 26:25.686","","0","79 59:29.493","0","0","0","0","2301","0","0","0","N","0","0","0","2","02301","0","","1.0","","1","N","N","","0","","0","0","0","","2","","","2","0","0","0","0","0","0","2","1","2","","","","N","","","","","","","","","",""
"2012075718","","1","0","0","0","0","0","0","0","0","7","0","","02","7","2012","2","40.348161","-80.112588","","11","0","0","0","0","0","0","0","0","1","0","0","0","","","1","","0","","40 20:53.381","2","0","80 06:45.316","4","0","0","0","2119","0","0","0","N","0","0","0","1","02119","1","","5.0","","1","N","N","","0","","0","0","0","","0","N","","1","1","0","0","0","0","0","2","0","1","","","","N","","","","","","","","","",""
"2012076620","","1","0","0","0","0","0","0","0","0","1","0","","02","8","2012","4","40.494532","-79.904807","","11","0","0","0","1","0","0","0","0","2","0","0","0","","","0","","0","","40 29:40.315","2","0","79 54:17.305","0","0","0","0","2401","0","0","0","N","0","0","0","2","68D02","0","","1.0","","1","N","N","","1","","0","0","0","","0","N","","2","0","0","0","0","0","0","2","0","2","","","","N","","","","","","","","","",""
"2012077449","","2","0","0","0","0","0","0","0","0","1","0","","02","8","2012","1","40.451709","-79.981622","","11","0","0","0","0","0","1","0","0","","0","0","0","","","0","","2","","40 27:06.152","","0","79 58:53.839","0","0","0","0","2301","0","0","0","N","0","0","0","2","02301","0","","1.0","","1","N","N","","0","","0","0","0","","0","","","2","0","0","0","0","0","0","2","0","2","","","","N","","","","","","","","","",""