"CRN","ARRIVAL_TM","AUTOMOBILE_COUNT","BELTED_DEATH_COUNT","BELTED_SUSP_SERIOUS_INJ_COUNT","BICYCLE_COUNT","BICYCLE_DEATH_COUNT","BICYCLE_SUSP_SERIOUS_INJ_COUNT","BUS_COUNT","CHLDPAS_DEATH_COUNT","CHLDPAS_SUSP_SERIOUS_INJ_COUNT","COLLISION_TYPE","COMM_VEH_COUNT","CONS_ZONE_SPD_LIM","COUNTY","CRASH_MONTH","CRASH_YEAR","DAY_OF_WEEK","DEC_LATITUDE","DEC_LONGITUDE","DISPATCH_TM","DISTRICT","DRIVER_COUNT_16YR","DRIVER_COUNT_17YR","DRIVER_COUNT_18YR","DRIVER_COUNT_19YR","DRIVER_COUNT_20YR","DRIVER_COUNT_50_64YR","DRIVER_COUNT_65_74YR","DRIVER_COUNT_75PLUS","EST_HRS_CLOSED","FATAL_COUNT","HEAVY_TRUCK_COUNT","HORSE_BUGGY_COUNT","HOUR_OF_DAY","ILLUMINATION","INJURY_COUNT","INTERSECTION_RELATED","INTERSECT_TYPE","LANE_CLOSED","LATITUDE","LN_CLOSE_DIR","LOCATION_TYPE","LONGITUDE","MAX_SEVERITY_LEVEL","MCYCLE_DEATH_COUNT","MCYCLE_SUSP_SERIOUS_INJ_COUNT","MOTORCYCLE_COUNT","MUNICIPALITY","NONMOTR_COUNT","NONMOTR_DEATH_COUNT","NONMOTR_SUSP_SERIOUS_INJ_COUNT","NTFY_HIWY_MAINT","PED_COUNT","PED_DEATH_COUNT","PED_SUSP_SERIOUS_INJ_COUNT","PERSON_COUNT","POLICE_AGCY","POSSIBLE_INJ_COUNT","RDWY_SURF_TYPE_CD","RELATION_TO_ROAD","ROADWAY_CLEARED","ROAD_CONDITION","SCH_BUS_IND","SCH_ZONE_IND","SECONDARY_CRASH","SMALL_TRUCK_COUNT","SPEC_JURIS_CD","SUSP_MINOR_INJ_COUNT","SUSP_SERIOUS_INJ_COUNT","SUV_COUNT","TCD_FUNC_CD","TCD_TYPE","TFC_DETOUR_IND","TIME_OF_DAY","TOTAL_UNITS","TOT_INJ_COUNT","UNBELTED_OCC_COUNT","UNB_DEATH_COUNT","UNB_SUSP_SERIOUS_INJ_COUNT","UNK_INJ_DEG_COUNT","UNK_INJ_PER_COUNT","URBAN_RURAL","VAN_COUNT","VEHICLE_COUNT","WEATHER1","WEATHER2","WORKERS_PRES","WORK_ZONE_IND","WORK_ZONE_LOC","WORK_ZONE_TYPE","WZ_CLOSE_DETOUR","WZ_FLAGGER","WZ_LAW_OFFCR_IND","WZ_LN_CLOSURE","WZ_MOVING","WZ_OTHER","WZ_SHLDER_MDN","WZ_WORKERS_INJ_KILLED"
"2012072230","","1","0","0","0","0","0","0","0","0","7","0","","02","7","2012","7","40.455203","-79.832429","","11","0","0","0","0","0","1","0","0","","0","0","0","","","0","","0","","40 27:18.730","","0","79 49:56.744","0","0","0","0","2113","0","0","0","N","0","0","0","1","02113","0","","5.0","","1","N","N","","0","","0","0","0","","0","","","1","0","0","0","0","0","0","2","0","1","","","","N","","","","","","","","","",""
"2012073077","","1","0","0","0","0","0","0","0","0","7","0","","02","7","2012","7","40.454749","-79.880519","","11","0","0","0","0","0","0","0","0","2","0","0","0","","","0","","0","","40 27:17.098","4","0","79 52:49.867","0","0","0","0","2301","0","0","0","N","0","0","0","0","02301","0","","2.0","","1","N","N","","0","","0","0","0","","0","Y","","1","0","0","0","0","0","0","2","0","1","","","","N","","","","","","","","","",""
"2012074019","","1","0","0","0","0","0","0","0","0","4","0","","02","7","2012","5","40.475972","-80.031342","","11","0","0","0","0","0","0","0","1","1","0","0","0","","","0","","0","","40 28:33.499","2","0","80 01:52.832","0","0","0","0","2301","0","0","0","N","0","0","0","2","02301","0","","1.0","","1","N","N","","1","","0","0","0","","0","Y","","2","0","0","0","0","0","0","2","0","2","","","","N","","","","","","","","","",""
"2012074032","","0","0","0","0","0","0","0","0","0","7","0","","02","7","2012","7","40.457339","-80.0669","","11","0","0","0","0","0","0","0","0","1","0","0","0","","","0","","0","","40 27:26.420","4","0","80 04:00.840","0","0","0","0","2301","0","0","0","N","0","0","0","2","02301","0","","5.0","","1","N","N","","0","","0","0","1","","0","N","","1","0","0","0","0","0","0","2","0","1","","","","N","","","","","","","","","",""
"2012071746","","1","0","0","0","0","0","0","0","0","7","0","","02","7","2012","5","40.351999","-79.90801","","11","0","0","0","0","0","0","0","0","","0","0","0","","","0","","0","","40 21:07.197","","0","79 54:28.835","0","0","0","0","2473","0","0","0","N","0","0","0","1","02473","0","","5.0","","1","N","N","","0","","0","0","0","","0","","","1","0","0","0","0","0","0","2","0","1","","","","N","","","","","","","","","",""
"2012072164","","0","0","0","0","0","0","0","0","0","5","0","","02","7","2012","7","40.44071","-80.018816","","11","0","0","0","0","0","0","0","0","","0","0","0","","","1","","2","","40 26:26.557","","0","80 01:07.739","2","0","1","1","2301","0","0","0","N","0","0","0","4","02301","0","","1.0","","1","N","N","","0","","0","1","1","","2","","","2","1","0","0","0","0","0","2","0","2","","","","N","","","","","","","","","",""
"2012073881","","1","0","0","0","0","0","0","0","0","1","0","","02","7","2012","3","40.548452","-80.085699","","11","0","0","0","0","0","0","0","0","3","0","0","0","","","0","","0","","40 32:54.426","2","0","80 05:08.516","0","0","0","0","2215","0","0","0","Y","0","0","0","3","68B03","0","","1.0","","1","N","N","","1","","0","0","0","","0","N","","2","0","0","0","0","0","0","2","0","2","","","","N","","","","","","","","","",""
"2012073009","","0","0","0","0","0","0","0","0","0","7","0","","02","7","2012","3","40.444139","-79.993472","","11","0","0","0","0","0","0","0","0","","0","0","0","","","0","","2","","40 26:38.900","","0","79 59:36.500","0","0","0","0","2301","0","0","0","N","0","0","0","1","02301","0","","3.0","","9","N","N","","0","","0","0","1","","0","","","1","0","0","0","0","0","0","2","0","1","","","","N","","","","","","","","","",""
"2012073954","","1","0","0","0","0","0","0","0","0","7","0","","02","7","2012","4","40.626122","-79.800215","","11","0","0","0","0","0","0","0","0","","0","0","0","","","0","","0","","40 37:34.039","","0","79 48:00.774","0","0","0","0","2206","0","0","0","N","0","0","0","1","02206","0","","5.0","","1","N","N","","0","","0","0","0","","0","","","1","0","0","0","0","0","0","1","0","1","","","","N","","","","","","","","","",""
"2012073242","","0","0","0","0","0","0","0","0","0","0","0","","02","7","2012","3","40.480521","-79.951934","","11","0","0","0","0","1","0","0","0","","0","0","0","","","1","","1","","40 28:49.875","","0","79 57:06.962","4","0","0","1","2301","0","0","0","N","0","0","0","1","02301","1","","1.0","","1","N","N","","0","","0","0","0","","0","","","1","1","0","0","0","0","0","2","0","1","","","","N","","","","","","","","","",""
"2012071748","","1","0","0","0","0","0","0","0","0","1","0","","02","7","2012","5","40.62678","-80.034011","","11","0","0","0","0","0","1","0","0","","0","0","0","","","0","","2","","40 37:36.407","","0","80 02:02.441","0","0","0","0","2216","0","0","0","N","0","0","0","2","02505","0","","1.0","","9","N","N","","0","","0","0","1","","3","","","2","0","0","0","0","0","0","1","0","2","","","","N","","","","","","","","","",""
"2012073957","","2","0","0","0","0","0","0","0","0","1","0","","02","7","2012","5","40.447152","-79.946827","","11","0","0","0","0","0","0","0","0","","0","0","0","","","1","","0","","40 26:49.747","","0","79 56:48.577","8","0","0","0","2301","0","0","0","N","0","0","0","2","02301","0","","1.0","","1","N","N","","0","","0","0","0","","2","","","2","1","0","0","0","1","0","2","0","2","","","","N","","","","","","","","","",""
"2012073228","","2","0","0","0","0","0","0","0","0","1","0","","02","7","2012","3","40.45","-79.999436","","11","0","0","1","0","0","1","0","0","","0","0","0","","","0","","0","","40 27:00.001","","0","79 59:57.971","0","0","0","0","2301","0","0","0","N","0","0","0","5","02301","0","","1.0","","1","N","N","","1","","0","0","0","","0","","","3","0","0","0","0","0","0","2","0","3","","","","N","","","","","","","","","",""
"2012074035","","0","0","0","0","0","0","0","0","0","1","0","","02","7","2012","7","40.434176","-79.732488","","11","0","0","0","0","0","1","0","0","","0","0","0","","","1","","2","","40 26:03.034","","0","79 43:56.958","4","0","0","0","2446","0","0","0","N","0","0","0","4","02446","1","","1.0","","1","N","N","","0","","0","0","2","","2","","","2","1","0","0","0","0","0","2","0","2","","","","N","","","","","","","","","",""
"2012073013","","2","0","0","0","0","0","0","0","0","1","0","","02","7","2012","3","40.409314","-80.031985","","11","0","0","0","0","1","1","0","0","3","0","0","0","","","1","","0","","40 24:33.530","1","0","80 01:55.145","4","0","0","0","2301","0","0","0","N","0","0","0","4","02301","1","","1.0","","9","N","N","","1","","0","0","0","","0","N","","4","1","0","0","0","0","0","2","1","4","","","","N","","","","","","","","","",""
"2012072300","","1","0","0","0","0","0","0","0","0","4","0","","02","7","2012","7","40.455455","-79.892235","","11","0","0","0","0","0","1","0","0","2","0","0","0","","","3","","1","","40 27:19.638","5","0","79 53:32.046","3","0","0","0","2301","0","0","0","N","0","0","0","4","02301","2","","1.0","","1","N","N","","0","","1","0","1","","3","N","","3","3","4","0","0","0","0","2","1","3","","","","N","","","","","","","","","",""
"2012074730","","1","0","0","0","0","0","0","0","0","7","0","","02","7","2012","7","40.438679","-80.063336","","11","0","0","0","0","0","0","0","0","2","0","0","0","","","0","","1","","40 26:19.243","3","0","80 03:48.010","0","0","0","0","2421","0","0","0","N","0","0","0","1","02421","0","","5.0","","1","N","N","","0","","0","0","0","","2","Y","","1","0","1","0","0","0","0","2","0","1","","","","N","","","","","","","","","",""
"2012072383","","2","0","0","0","0","0","0","0","0","1","0","","02","7","2012","2","40.426153","-80.018547","","11","0","0","0","0","0","0","0","0","","0","0","0","","","0","","0","","40 25:34.150","","0","80 01:06.770","0","0","0","0","2301","0","0","0","N","0","0","0","2","02301","0","","1.0","","9","N","N","","0","","0","0","0","","2","","","2","0","0","0","0","0","0","2","0","2","","","","N","","","","","","","","","",""
"2012073823","","1","0","0","0","0","0","0","0","0","7","0","","02","7","2012","4","40.398179","-79.909113","","11","0","0","0","1","0","0","0","0","","0","0","0","","","1","","0","","40 23:53.444","","0","79 54:32.806","8","0","0","0","2472","0","0","0","N","0","0","0","1","02472","0","","5.0","","1","N","N","","0","","0","0","0","","0","","","1","1","1","0","0","1","0","2","0","1","","","","N","","","","","","","","","",""
"2012074794","","2","0","0","0","0","0","0","0","0","1","0","","02","7","2012","7","40.304497","-79.933434","","11","0","0","0","0","0","1","0","0","","0","0","0","","","2","","0","","40 18:16.188","","0","79 56:00.363","4","0","0","0","2440","0","0","0","N","0","0","0","5","02440","2","","1.0","","1","N","N","","0","","0","0","0","","0","","","2","2","0","0","0","0","0","2","0","2","","","","N","","","","","","","","","",""
"2012073015","","1","0","0","0","0","0","0","0","0","1","0","","02","7","2012","3","40.449364","-79.931181","","11","0","0","0","0","0","1","0","0","2","0","0","0","","","1","","0","","40 26:57.710","4","0","79 55:52.250","4","0","0","0","2301","0","0","0","N","0","0","0","2","02301","1","","1.0","","1","N","N","","1","","0","0","0","","0","N","","2","1","0","0","0","0","0","2","0","2","","","","N","","","","","","","","","",""
"2012073824","","1","0","0","0","0","0","0","0","0","8","0","","02","7","2012","2","40.443192","-79.953512","","11","0","0","0","0","0","0","0","0","","0","0","0","","","1","","1","","40 26:35.490","","0","79 57:12.644","4","0","0","0","2301","1","0","0","N","1","0","0","2","02301","1","","1.0","","1","N","N","","0","","0","0","0","","0","","","2","1","0","0","0","0","0","2","0","1","","","","N","","","","","","","","","",""
"2012073086","","1","0","0","0","0","0","0","0","0","8","0","","02","7","2012","3","40.450979","-80.000944","","11","0","0","0","0","0","0","0","0","","0","0","0","","","1","","0","","40 27:03.524","","0","80 00:03.398","8","0","0","0","2301","1","0","0","N","1","0","0","2","02301","0","","1.0","","1","N","N","","0","","0","0","0","","0","","","2","1","0","0","0","1","1","2","0","1","","","","N","","","","","","","","","",""
"2012072385","","3","0","0","0","0","0","0","0","0","6","0","","02","7","2012","1","40.429804","-80.056891","","11","0","0","0","0","0","0","0","0","","0","0","0","","","0","","0","","40 25:47.294","","0","80 03:24.807","0","0","0","0","2301","0","0","0","N","0","0","0","1","02301","0","","1.0","","1","N","N","","0","","0","0","0","","0","","","3","0","0","0","0","0","0","2","0","3","","","","N","","","","","","","","","",""
"2012074468","","2","0","0","0","0","0","0","0","0","4","0","","02","7","2012","6","40.442439","-79.995878","","11","0","0","0","0","0","2","0","0","","0","0","0","","","0","","1","","40 26:32.780","","0","79 59:45.160","0","0","0","0","2301","0","0","0","N","0","0","0","2","02301","0","","1.0","","1","N","N","","0","","0","0","0","","2","","","2","0","0","0","0","0","0","2","0","2","","","","N","","","","","","","","","",""
"2012073961","","2","0","0","0","0","0","0","0","0","1","0","","02","7","2012","4","40.428021","-79.934841","","11","0","0","0","0","0","1","0","0","","0","0","0","","","1","","0","","40 25:40.875","","0","79 56:05.427","3","0","0","0","2301","0","0","0","N","0","0","0","2","02301","0","","1.0","","1","N","N","","0","","1","0","0","","0","","","2","1","0","0","0","0","0","2","0","2","","","","N","","","","","","","","","",""
"2012074669","","3","0","1","0","0","0","0","0","0","2","0","","02","7","2012","6","40.582898","-80.002651","","11","0","0","0","0","0","2","0","0","3","0","0","0","","","5","","0","","40 34:58.434","6","0","80 00:09.545","2","0","0","0","2116","0","0","0","N","0","0","0","5","02116","3","","1.0","","9","N","N","","0","","0","1","0","","0","Y","","3","5","0","0","0","1","0","2","0","3","","","","N","","","","","","","","","",""
"2012072304","","2","0","0","0","0","0","0","0","0","4","0","","02","7","2012","2","40.453945","-79.979862","","11","0","0","0","0","0","1","1","0","","0","0","0","","","2","","1","","40 27:14.202","","0","79 58:47.503","3","0","0","0","2301","0","0","0","N","0","0","0","3","02301","0","","1.0","","1","N","N","","0","","2","0","0","","3","","","2","2","0","0","0","0","0","2","0","2","","","","N","","","","","","","","","",""
"2012073103","","2","0","0","0","0","0","0","0","0","4","0","","02","7","2012","1","40.345997","-80.027286","","11","0","0","0","0","0","0","0","1","","0","0","0","","","2","","1","","40 20:45.588","","0","80 01:38.230","3","0","0","0","2407","0","0","0","N","0","0","0","3","02407","0","","1.0","","1","N","N","","0","","2","0","0","","2","","","2","2","0","0","0","0","0","2","0","2","","","","N","","","","","","","","","",""
"2012073975","","2","0","0","0","0","0","0","0","0","4","0","","02","7","2012","5","40.465625","-79.825133","","11","0","0","0","0","0","0","0","2","","0","0","0","","","0","","2","","40 27:56.249","","0","79 49:30.480","0","0","0","0","2113","0","0","0","N","0","0","0","2","02113","0","","1.0","","1","N","N","","0","","0","0","0","","2","","","2","0","0","0","0","0","0","2","0","2","","","","N","","","","","","","","","",""
"2012074540","","0","0","0","0","0","0","0","0","0","7","0","","02","7","2012","3","40.410698","-80.107633","","11","0","0","0","0","0","0","0","0","","0","0","0","","","0","","0","","40 24:38.514","","0","80 06:27.480","0","0","0","0","2102","0","0","0","N","0","0","0","1","68B03","0","","2.0","","9","N","N","","0","","0","0","1","","0","","","1","0","0","0","0","0","0","2","0","1","","","","N","","","","","","","","","",""
"2012074619","","0","0","0","0","0","0","0","0","0","8","0","","02","7","2012","7","40.442048","-79.999617","","11","0","0","0","0","0","0","0","0","","0","0","0","","","1","","1","","40 26:31.372","","0","79 59:58.621","8","0","0","0","2301","1","0","0","N","1","0","0","2","02301","0","","1.0","","1","N","N","","0","","0","0","0","","2","","","2","1","0","0","0","1","1","2","1","1","","","","N","","","","","","","","","",""
"2012073170","","0","0","0","0","0","0","0","0","0","7","0","","02","7","2012","4","40.614694","-79.758162","","11","0","0","0","0","0","0","0","0","","0","0","0","","","1","","0","","40 36:52.900","","0","79 45:29.383","3","0","0","1","2202","0","0","0","N","0","0","0","1","68D02","0","","5.0","","1","N","N","","0","","1","0","0","","0","","","1","1","0","0","0","0","0","2","0","1","","","","N","","","","","","","","","",""
"2012073976","","2","0","0","0","0","0","0","0","0","4","0","","02","7","2012","6","40.451304","-80.020037","","11","0","0","0","0","0","1","0","0","","0","0","0","","","0","","2","","40 27:04.696","","0","80 01:12.132","0","0","0","0","2301","0","0","0","N","0","0","0","3","02301","0","","1.0","","1","N","N","","0","","0","0","0","","3","","","2","0","0","0","0","0","0","2","0","2","","","","N","","","","","","","","","",""
"2012074607","","1","0","0","0","0","0","0","0","0","1","0","","02","7","2012","6","40.596268","-80.077898","","11","0","0","0","1","0","0","0","0","1","0","0","0","","","1","","2","","40 35:46.564","1","0","80 04:40.432","4","0","0","0","2481","0","0","0","N","0","0","0","2","02481","1","","1.0","","1","N","N","","0","","0","0","1","","3","N","","2","1","0","0","0","0","0","2","0","2","","","","N","","","","","","","","","",""
"2012074620","","1","0","0","0","0","0","0","0","0","5","1","25","02","7","2012","7","40.442419","-79.992149","","11","0","0","0","0","0","1","0","1","","0","1","0","","","0","","3","","40 26:32.710","","2","79 59:31.737","0","0","0","0","2301","0","0","0","N","0","0","0","3","02301","0","","1.0","","1","N","N","","0","","0","0","0","","3","","","2","0","0","0","0","0","0","2","0","2","","","Y","Y","4","1","Y","Y","N","Y","","","Y",""
"2012074736","","0","0","0","0","0","0","0","0","0","0","0","","02","7","2012","6","40.463863","-79.916784","","11","0","0","0","0","0","0","0","0","","0","0","0","","","1","","1","","40 27:49.906","","0","79 55:00.422","3","0","0","1","2301","0","0","0","N","0","0","0","1","02301","0","","1.0","","1","N","N","","0","","1","0","0","","3","","","1","1","0","0","0","0","0","2","0","1","","","","N","","","","","","","","","",""
"2012073171","","2","0","0","0","0","0","0","0","0","7","0","","02","7","2012","4","40.490886","-79.879755","","11","0","0","0","0","0","0","0","0","","0","0","0","","","0","","0","","40 29:27.188","","0","79 52:47.117","0","0","0","0","2112","0","0","0","N","0","0","0","3","68D02","0","","5.0","","1","N","N","","0","","0","0","0","","0","","","2","0","0","0","0","0","0","2","0","2","","","","N","","","","","","","","","",""
"2012073964","","0","0","0","0","0","0","0","0","0","7","0","","02","7","2012","5","40.42237","-79.87725","","11","0","0","0","0","0","1","0","0","","0","0","0","","","0","","10","","40 25:20.532","","0","79 52:38.100","0","0","0","0","2463","0","0","0","N","0","0","0","1","02463","0","","2.0","","1","N","N","","1","","0","0","0","","0","","","1","0","1","0","0","0","0","2","0","1","","","","N","","","","","","","","","",""
"2012073977","","2","0","0","0","0","0","0","0","0","4","0","","02","7","2012","4","40.557864","-80.204654","","11","0","1","0","0","0","0","0","0","","0","0","0","","","1","","2","","40 33:28.310","","0","80 12:16.755","4","0","0","0","2441","0","0","0","N","0","0","0","3","02441","1","","1.0","","1","N","N","","0","","0","0","0","","2","","","2","1","0","0","0","0","0","2","0","2","","","","N","","","","","","","","","",""
"2012071756","","2","0","0","0","0","0","0","0","0","1","0","","02","7","2012","2","40.494301","-80.034757","","11","0","0","0","0","0","0","0","0","","0","0","0","","","0","","0","","40 29:39.483","","0","80 02:05.125","0","0","0","0","2116","0","0","0","N","0","0","0","2","02116","0","","1.0","","1","N","N","","0","","0","0","0","","0","","","2","0","0","0","0","0","0","2","0","2","","","","N","","","","","","","","","",""
"2012074608","","0","0","0","0","0","0","0","0","0","5","0","25","02","7","2012","7","40.387641","-80.090992","","11","0","0","0","0","0","0","0","1","","0","0","0","","","1","","1","","40 23:15.509","","0","80 05:27.572","4","0","0","0","2437","0","0","0","Y","0","0","0","3","02437","1","","1.0","","1","N","N","","0","","0","0","2","","2","","","2","1","0","0","0","0","0","2","0","2","","","Y","Y","3","1","","","N","","","","Y",""
"2012072391","","3","0","0","0","0","0","0","0","0","1","0","","02","7","2012","1","40.409167","-79.954794","","11","0","0","0","0","0","0","0","0","2","0","0","0","","","1","","0","","40 24:33.000","4","0","79 57:17.259","4","0","0","0","2403","0","0","0","N","0","0","0","5","02403","1","","1.0","","1","N","N","","0","","0","0","0","","0","Y","","3","1","0","0","0","0","0","2","0","3","","","","N","","","","","","","","","",""
"2012074800","","2","0","0","0","0","0","0","0","0","4","0","","02","7","2012","5","40.495468","-79.85811","","11","0","0","0","0","0","1","0","0","","0","0","0","","","1","","0","","40 29:43.685","","0","79 51:29.196","4","0","0","0","2408","0","0","0","N","0","0","0","1","02408","1","","6.0","","1","N","N","","0","","0","0","0","","0","","","2","1","0","0","0","0","0","2","0","2","","","","N","","","","","","","","","",""
"2012073978","","1","0","0","0","0","0","0","0","0","1","0","15","02","7","2012","5","40.470789","-79.974842","","11","0","0","0","0","0","0","0","0","2","0","0","0","","","0","","0","","40 28:14.839","4","0","79 58:29.430","0","0","0","0","2301","0","0","0","Y","0","0","0","2","02301","0","","1.0","","1","N","N","","0","","0","0","1","","0","N","","2","0","0","0","0","0","0","2","0","2","","","Y","Y","4","1","","","N","Y","","","Y",""
"2012074674","","1","0","0","1","0","0","0","0","0","8","0","","02","7","2012","7","40.606378","-79.751462","","11","0","0","0","0","0","0","0","0","","0","0","0","","","1","","1","","40 36:22.960","","0","79 45:05.263","4","0","0","0","2464","1","0","0","N","0","0","0","3","02464","1","","1.0","","9","N","N","","0","","0","0","0","","0","","","2","1","1","0","0","0","0","2","0","1","","","","N","","","","","","","","","",""
"2012073831","","0","0","0","0","0","0","0","0","0","4","0","","02","7","2012","4","40.421845","-79.993744","","11","0","0","0","0","0","1","0","0","","0","0","0","","","0","","1","","40 25:18.642","","0","79 59:37.478","0","0","0","0","2301","0","0","0","N","0","0","0","3","02301","0","","1.0","","1","N","N","","0","","0","0","2","","1","","","2","0","0","0","0","0","0","2","0","2","","","","N","","","","","","","","","",""
"2012073980","","1","0","0","0","0","0","0","0","0","5","0","","02","7","2012","1","40.542878","-80.011217","","11","0","0","0","1","0","0","0","0","1","0","0","0","","","1","","0","","40 32:34.360","4","0","80 00:40.380","4","0","0","0","2116","0","0","0","N","0","0","0","2","02116","1","","1.0","","1","N","N","","0","","0","0","1","","0","N","","2","1","0","0","0","0","0","2","0","2","","","","N","","","","","","","","","",""
"2012073832","","2","0","0","0","0","0","0","0","0","4","0","","02","7","2012","4","40.434401","-79.953214","","11","0","0","0","0","0","0","0","0","2","0","0","0","","","2","","1","","40 26:03.843","2","0","79 57:11.570","8","0","0","0","2301","0","0","0","N","0","0","0","3","02301","0","","1.0","","1","N","N","","0","","0","0","0","","1","N","","2","2","0","0","0","2","1","2","0","2","","","","N","","","","","","","","","",""
"2012073036","","1","0","0","0","0","0","0","0","0","4","0","","02","7","2012","7","40.543896","-80.035882","","11","0","0","0","0","0","0","1","0","1","0","0","0","","","0","","2","","40 32:38.024","2","0","80 02:09.175","0","0","0","0","2116","0","0","0","N","0","0","0","4","02116","0","","1.0","","1","N","N","","0","","0","0","0","","0","N","","2","0","0","0","0","0","0","2","1","2","","","","N","","","","","","","","","",""
"2012072470","","1","0","0","0","0","0","0","0","0","4","0","","02","7","2012","1","40.406479","-79.908075","","11","0","0","0","0","1","0","0","0","","0","0","0","","","0","","1","","40 24:23.324","","0","79 54:29.070","0","0","0","0","2438","0","0","0","N","0","0","0","3","02438","0","","1.0","","1","N","N","","0","","0","0","1","","3","","","2","0","0","0","0","0","0","2","0","2","","","","N","","","","","","","","","",""
"2012073254","","1","0","0","0","0","0","0","0","0","4","0","","02","7","2012","3","40.529503","-79.965657","","11","0","1","0","0","0","0","0","0","1","0","0","0","","","2","","1","","40 31:46.211","1","0","79 57:56.365","8","0","0","0","2118","0","0","0","N","0","0","0","2","02118","0","","1.0","","1","N","N","","0","","0","0","1","","3","Y","","2","2","1","0","0","2","0","2","0","2","","","","N","","","","","","","","","",""
"2012071832","","1","0","0","0","0","0","0","0","0","6","0","","02","7","2012","6","","","","11","0","0","0","0","0","0","1","0","1","0","0","0","","","0","","0","","","4","0","","0","0","0","0","2448","0","0","0","N","0","0","0","2","02448","0","","1.0","","9","N","N","","0","","0","0","1","","0","N","","2","0","0","0","0","0","0","1","0","2","","","","N","","","","","","","","","",""
"2012073401","","2","0","0","0","0","0","0","0","0","4","0","","02","7","2012","4","40.4512","-79.925784","","11","0","0","0","0","0","0","1","0","1","0","0","0","","","1","","2","","40 27:04.320","6","0","79 55:32.822","8","0","0","0","2301","0","0","0","N","0","0","0","2","02301","0","","1.0","","1","N","N","","0","","0","0","0","","3","N","","2","1","0","0","0","1","0","2","0","2","","","","N","","","","","","","","","",""
"2012072838","","0","0","0","0","0","0","0","0","0","0","0","","02","7","2012","2","40.443603","-80.176684","","11","0","0","0","0","0","0","0","0","","0","0","0","","","1","","0","","40 26:36.970","","0","80 10:36.064","3","0","0","1","2214","0","0","0","N","0","0","0","1","02214","0","","1.0","","1","N","N","","0","","1","0","0","","0","","","1","1","0","0","0","0","0","1","0","1","","","","N","","","","","","","","","",""
"2012072622","","1","0","0","0","0","0","0","0","0","1","0","","02","7","2012","2","40.38128","-79.976168","","11","0","0","0","0","0","1","0","0","","0","0","0","","","0","","2","","40 22:52.608","","0","79 58:34.204","0","0","0","0","2413","0","0","0","N","0","0","0","3","02301","0","","1.0","","1","N","N","","0","","0","0","1","","0","","","2","0","0","0","0","0","0","2","0","2","","","","N","","","","","","","","","",""
"2012073404","","2","0","0","0","0","0","0","0","0","4","0","","02","7","2012","4","40.436177","-79.972866","","11","0","0","0","0","0","1","0","0","","0","0","0","","","0","","2","","40 26:10.237","","0","79 58:22.316","0","0","0","0","2301","0","0","0","N","0","0","0","2","02301","0","","1.0","","1","N","N","","0","","0","0","0","","2","","","2","0","0","0","0","0","0","2","0","2","","","","N","","","","","","","","","",""
"2012074284","","0","0","0","0","0","0","0","0","0","4","0","","02","7","2012","5","40.403407","-79.862871","","11","0","0","0","0","0","0","0","1","","0","0","0","","","1","","2","","40 24:12.265","","0","79 51:46.335","4","0","0","1","2449","0","0","0","N","0","0","0","2","02449","1","","1.0","","9","N","N","","0","","0","0","0","","0","","","2","1","0","0","0","0","0","2","1","2","","","","N","","","","","","","","","",""
"2012071783","","1","0","0","0","0","0","0","0","0","4","0","","02","7","2012","6","40.367801","-80.027719","","11","0","0","0","0","0","1","1","0","","0","0","0","","","1","","0","","40 22:04.082","","0","80 01:39.790","4","0","0","0","2109","0","0","0","N","0","0","0","3","02109","1","","1.0","","9","N","N","","0","","0","0","0","","0","","","2","1","0","0","0","0","0","2","1","2","","","","N","","","","","","","","","",""
"2012074286","","1","0","0","0","0","0","0","0","0","4","0","","02","7","2012","5","40.37925","-80.053752","","11","0","0","0","0","1","1","0","0","2","0","0","0","","","0","","2","","40 22:45.300","4","0","80 03:13.507","0","0","0","0","2109","0","0","0","N","0","0","0","3","02109","0","","1.0","","1","N","N","","0","","0","0","1","","3","N","","2","0","0","0","0","0","0","2","0","2","","","","N","","","","","","","","","",""
"2012074359","","1","0","0","0","0","0","0","0","0","4","0","","02","7","2012","6","40.388827","-80.049447","","11","0","0","0","0","1","0","1","0","","0","0","0","","","1","","0","","40 23:19.778","","0","80 02:58.008","4","0","0","0","2109","0","0","0","N","0","0","0","2","02109","1","","1.0","","1","N","N","","0","","0","0","1","","0","","","2","1","0","0","0","0","0","2","0","2","","","","N","","","","","","","","","",""
"2012071998","","1","0","0","0","0","0","0","0","0","4","0","","02","7","2012","5","40.361778","-80.09357","","11","0","0","0","0","0","0","0","0","1","0","0","0","","","1","","0","","40 21:42.400","3","0","80 05:36.852","4","0","0","0","2123","0","0","0","N","0","0","0","2","02123","1","","1.0","","1","N","N","","0","","0","0","1","","0","N","","2","1","0","0","0","0","0","2","0","2","","","","N","","","","","","","","","",""
"2012072628","","2","0","0","0","0","0","0","0","0","4","0","","02","7","2012","2","40.452883","-79.920719","","11","0","0","0","0","0","1","1","0","","0","0","0","","","0","","1","","40 27:10.380","","0","79 55:14.590","0","0","0","0","2301","0","0","0","N","0","0","0","2","02301","0","","1.0","","1","N","N","","0","","0","0","0","","2","","","2","0","0","0","0","0","0","2","0","2","","","","N","","","","","","","","","",""