"CRN","ARRIVAL_TM","AUTOMOBILE_COUNT","BELTED_DEATH_COUNT","BELTED_SUSP_SERIOUS_INJ_COUNT","BICYCLE_COUNT","BICYCLE_DEATH_COUNT","BICYCLE_SUSP_SERIOUS_INJ_COUNT","BUS_COUNT","CHLDPAS_DEATH_COUNT","CHLDPAS_SUSP_SERIOUS_INJ_COUNT","COLLISION_TYPE","COMM_VEH_COUNT","CONS_ZONE_SPD_LIM","COUNTY","CRASH_MONTH","CRASH_YEAR","DAY_OF_WEEK","DEC_LATITUDE","DEC_LONGITUDE","DISPATCH_TM","DISTRICT","DRIVER_COUNT_16YR","DRIVER_COUNT_17YR","DRIVER_COUNT_18YR","DRIVER_COUNT_19YR","DRIVER_COUNT_20YR","DRIVER_COUNT_50_64YR","DRIVER_COUNT_65_74YR","DRIVER_COUNT_75PLUS","EST_HRS_CLOSED","FATAL_COUNT","HEAVY_TRUCK_COUNT","HORSE_BUGGY_COUNT","HOUR_OF_DAY","ILLUMINATION","INJURY_COUNT","INTERSECTION_RELATED","INTERSECT_TYPE","LANE_CLOSED","LATITUDE","LN_CLOSE_DIR","LOCATION_TYPE","LONGITUDE","MAX_SEVERITY_LEVEL","MCYCLE_DEATH_COUNT","MCYCLE_SUSP_SERIOUS_INJ_COUNT","MOTORCYCLE_COUNT","MUNICIPALITY","NONMOTR_COUNT","NONMOTR_DEATH_COUNT","NONMOTR_SUSP_SERIOUS_INJ_COUNT","NTFY_HIWY_MAINT","PED_COUNT","PED_DEATH_COUNT","PED_SUSP_SERIOUS_INJ_COUNT","PERSON_COUNT","POLICE_AGCY","POSSIBLE_INJ_COUNT","RDWY_SURF_TYPE_CD","RELATION_TO_ROAD","ROADWAY_CLEARED","ROAD_CONDITION","SCH_BUS_IND","SCH_ZONE_IND","SECONDARY_CRASH","SMALL_TRUCK_COUNT","SPEC_JURIS_CD","SUSP_MINOR_INJ_COUNT","SUSP_SERIOUS_INJ_COUNT","SUV_COUNT","TCD_FUNC_CD","TCD_TYPE","TFC_DETOUR_IND","TIME_OF_DAY","TOTAL_UNITS","TOT_INJ_COUNT","UNBELTED_OCC_COUNT","UNB_DEATH_COUNT","UNB_SUSP_SERIOUS_INJ_COUNT","UNK_INJ_DEG_COUNT","UNK_INJ_PER_COUNT","URBAN_RURAL","VAN_COUNT","VEHICLE_COUNT","WEATHER1","WEATHER2","WORKERS_PRES","WORK_ZONE_IND","WORK_ZONE_LOC","WORK_ZONE_TYPE","WZ_CLOSE_DETOUR","WZ_FLAGGER","WZ_LAW_OFFCR_IND","WZ_LN_CLOSURE","WZ_MOVING","WZ_OTHER","WZ_SHLDER_MDN","WZ_WORKERS_INJ_KILLED"
"2012074293","","2","0","0","0","0","0","0","0","0","4","0","","02","6","2012","3","40.555893","-79.807279","","11","0","0","0","0","0","1","0","0","1","0","0","0","","","0","","1","","40 33:21.213","1","0","79 48:26.206","0","0","0","0","2121","0","0","0","N","0","0","0","2","02121","0","","1.0","","1","N","N","","0","","0","0","0","","3","N","","2","0","0","0","0","0","0","2","0","2","","","","N","","","","","","","","","",""
"2012071774","","2","0","0","0","0","0","0","0","0","4","0","","02","7","2012","6","40.461773","-79.965177","","11","0","0","0","0","0","0","0","0","1","0","0","0","","","0","","0","","40 27:42.382","3","0","79 57:54.637","0","0","0","0","2301","0","0","0","N","0","0","0","2","02301","0","","1.0","","9","N","N","","0","","0","0","0","","2","N","","2","0","0","0","0","0","0","2","0","2","","","","N","","","","","","","","","",""
"2012072632","","1","0","0","0","0","0","0","0","0","5","0","","02","7","2012","1","","","","11","0","0","0","0","0","1","0","0","3","0","0","0","","","2","","6","","","4","8","","8","0","0","1","2301","0","0","0","N","0","0","0","4","02301","0","","1.0","","1","N","N","","0","","0","0","0","","0","Y","","2","2","0","0","0","2","0","1","0","2","","","","N","","","","","","","","","",""
"2012071861","","0","0","0","0","0","0","0","0","0","0","0","","02","7","2012","1","40.517948","-80.053938","","11","0","0","0","0","0","0","0","0","","0","0","0","","","1","","0","","40 31:04.611","","0","80 03:14.178","3","0","0","1","2116","0","0","0","N","0","0","0","1","68B03","0","","3.0","","1","N","N","","0","","1","0","0","","0","","","2","1","0","0","0","0","0","2","0","1","","","","N","","","","","","","","","",""
"2012073287","","1","0","0","0","0","0","0","0","0","7","0","","02","7","2012","4","40.460759","-79.915919","","11","0","0","0","0","0","0","0","0","","0","0","0","","","0","","1","","40 27:38.732","","0","79 54:57.308","9","0","0","0","2301","0","0","0","N","0","0","0","1","02301","0","","3.0","","1","N","N","","0","","0","0","0","","2","","","1","0","0","0","0","0","1","2","0","1","","","","N","","","","","","","","","",""
"2012071862","","1","0","0","0","0","0","0","0","0","7","0","","02","7","2012","6","40.493863","-80.011225","","11","0","0","0","0","0","0","0","0","2","0","0","0","","","1","","6","","40 29:37.908","2","3","80 00:40.410","2","0","0","0","2301","0","0","0","N","0","0","0","1","68B03","0","","4.0","","1","N","N","","0","","0","1","0","","0","N","","1","1","1","0","1","0","0","2","0","1","","","","N","","","","","","","","","",""
"2012073432","","2","0","0","0","0","0","0","0","0","5","0","","02","7","2012","4","40.454029","-79.912399","","11","0","0","0","1","0","0","0","0","","0","0","0","","","0","","5","","40 27:14.504","","0","79 54:44.638","0","0","0","0","2301","0","0","0","N","0","0","0","2","02301","0","","1.0","","1","N","N","","0","","0","0","0","","2","","","2","0","0","0","0","0","0","2","0","2","","","","N","","","","","","","","","",""
"2012074366","","2","0","0","0","0","0","0","0","0","1","0","","02","7","2012","6","40.480039","-79.907784","","11","0","0","0","0","0","0","1","0","","0","0","0","","","1","","0","","40 28:48.139","","0","79 54:28.023","8","0","0","0","2301","0","0","0","N","0","0","0","4","02301","0","","1.0","","1","N","N","","0","","0","0","0","","0","","","2","1","0","0","0","1","0","2","0","2","","","","N","","","","","","","","","",""
"2012073350","","1","0","0","1","1","0","0","0","0","8","0","","02","7","2012","4","40.447951","-79.89771","","11","0","0","0","0","0","0","0","0","3","1","0","0","","","0","","0","","40 26:52.623","4","0","79 53:51.757","1","0","0","0","2301","1","1","0","N","0","0","0","2","02301","0","2","1.0","","1","N","N","","0","0","0","0","0","","0","N","","2","0","0","0","0","0","0","2","0","1","","","","N","","","","","","","","","",""
"2012071863","","2","0","0","0","0","0","0","0","0","1","0","","02","7","2012","6","40.502253","-80.024886","","11","0","0","0","0","0","1","0","0","1","0","0","0","","","0","","0","","40 30:08.109","1","2","80 01:29.588","0","0","0","0","2116","0","0","0","N","0","0","0","2","68B03","0","","1.0","","1","N","N","","0","","0","0","0","","0","N","","2","0","0","0","0","0","0","2","0","2","","","","N","","","","","","","","","",""
"2012072636","","1","0","0","0","0","0","0","0","0","1","0","","02","7","2012","2","40.500518","-80.012194","","11","0","0","0","0","0","1","0","0","","0","0","0","","","0","","0","","40 30:01.865","","0","80 00:43.898","0","0","0","0","2116","0","0","0","N","0","0","0","3","02116","0","","1.0","","1","N","N","","0","","0","0","1","","0","","","3","0","0","0","0","0","0","2","1","3","","","","N","","","","","","","","","",""
"2012071864","","1","0","0","0","0","0","0","0","0","1","0","","02","7","2012","5","40.374979","-80.103032","","11","0","0","0","0","0","0","0","0","","0","0","0","","","0","","0","","40 22:29.924","","0","80 06:10.916","0","0","0","0","2102","0","0","0","N","0","0","0","4","68B03","0","","1.0","","1","N","N","","0","","0","0","0","","0","","","2","0","0","0","0","0","0","2","1","2","","","","N","","","","","","","","","",""
"2012072006","","0","0","0","0","0","0","0","0","0","0","0","","02","7","2012","2","40.534983","-79.846086","","11","0","0","0","0","0","1","0","0","2","0","0","0","","","2","","0","","40 32:05.938","6","0","79 50:45.908","8","0","0","0","2208","0","0","0","N","0","0","0","2","02208","0","","1.0","","1","N","N","","1","","0","0","0","","0","Y","","1","2","0","0","0","2","0","2","0","1","","","","N","","","","","","","","","",""
"2012071865","","1","0","0","0","0","0","0","0","0","7","0","","02","7","2012","3","40.442951","-79.764085","","11","0","0","0","0","0","0","0","0","","0","0","0","","","0","","0","","40 26:34.623","","0","79 45:50.705","0","0","0","0","2446","0","0","0","N","0","0","0","1","68B03","0","","2.0","","1","N","N","","0","","0","0","0","","0","","","1","0","0","0","0","0","0","2","0","1","","","","N","","","","","","","","","",""
"2012072510","","0","0","0","0","0","0","0","0","0","1","0","","02","7","2012","3","40.367874","-79.929597","","11","0","0","0","0","0","1","1","0","","0","0","0","","","2","","1","","40 22:04.346","","0","79 55:46.549","8","0","0","0","2473","0","0","0","N","0","0","0","2","02473","0","","1.0","","1","N","N","","0","","0","0","2","","2","","","2","2","0","0","0","2","0","2","0","2","","","","N","","","","","","","","","",""
"2012072640","","2","0","0","0","0","0","0","0","0","1","0","","02","7","2012","2","40.44118","-80.019925","","11","0","0","0","0","0","0","0","0","","0","0","0","","","0","","0","","40 26:28.248","","0","80 01:11.731","0","0","0","0","2301","0","0","0","N","0","0","0","2","02301","0","","1.0","","1","N","N","","0","","0","0","0","","0","","","2","0","0","0","0","0","0","2","0","2","","","","N","","","","","","","","","",""
"2012073438","","1","0","0","0","0","0","0","0","0","4","0","","02","7","2012","3","40.458687","-79.908061","","11","0","0","1","0","0","0","0","0","","0","0","0","","","0","","1","","40 27:31.273","","0","79 54:29.021","0","0","0","0","2301","0","0","0","N","0","0","0","2","02301","0","","1.0","","1","N","N","","0","","0","0","1","","2","","","2","0","0","0","0","0","0","2","0","2","","","","N","","","","","","","","","",""
"2012074302","","0","0","0","0","0","0","0","0","0","0","0","","02","7","2012","5","40.380994","-79.995185","","11","0","0","0","0","0","0","0","1","","0","0","0","","","0","","0","","40 22:51.579","","0","79 59:42.666","0","0","0","1","2301","0","0","0","N","0","0","0","2","02301","0","","1.0","","1","N","N","","0","","0","0","0","","0","","","2","0","0","0","0","0","0","2","1","2","","","","N","","","","","","","","","",""
"2012074083","","1","0","0","0","0","0","0","0","0","7","0","","02","7","2012","5","40.476951","-79.759865","","11","0","0","0","0","0","0","0","1","","0","0","0","","","1","","2","","40 28:37.025","","0","79 45:35.514","8","0","0","0","2466","0","0","0","N","0","0","0","1","02466","0","","5.0","","1","N","N","","0","","0","0","0","","3","","","1","1","0","0","0","1","0","2","0","1","","","","N","","","","","","","","","",""
"2012072512","","1","0","0","0","0","0","0","0","0","7","0","","02","7","2012","6","40.424281","-79.920231","","11","0","0","0","0","0","0","0","0","2","0","0","0","","","0","","2","","40 25:27.411","4","0","79 55:12.831","0","0","0","0","2301","0","0","0","N","0","0","0","1","02301","0","","5.0","","1","N","N","","0","","0","0","0","","0","N","","1","0","0","0","0","0","0","2","0","1","","","","N","","","","","","","","","",""
"2012072862","","1","0","0","0","0","0","0","0","0","4","0","","02","7","2012","2","40.448765","-80.020481","","11","0","0","0","0","1","0","0","0","","0","0","0","","","0","","1","","40 26:55.555","","8","80 01:13.730","0","0","0","0","2301","0","0","0","N","0","0","0","2","02301","0","","1.0","","1","N","N","","0","","0","0","0","","2","","","2","0","0","0","0","0","0","2","1","2","","","","N","","","","","","","","","",""
"2012071802","","0","0","0","0","0","0","0","0","0","1","0","","02","7","2012","6","40.430269","-80.02846","","11","0","0","0","0","0","0","0","0","","0","0","0","","","2","","3","","40 25:48.968","","0","80 01:42.455","8","0","0","0","2301","0","0","0","N","0","0","0","4","02301","0","","1.0","","9","N","N","","0","","0","0","1","","4","","","2","2","1","0","0","2","0","2","1","2","","","","N","","","","","","","","","",""
"2012074161","","0","0","0","0","0","0","0","0","0","4","0","","02","7","2012","2","40.454193","-79.868468","","11","0","0","1","0","0","0","0","0","3","0","0","0","","","0","","0","","40 27:15.094","2","0","79 52:06.484","0","0","0","0","2301","0","0","0","N","0","0","0","1","02301","0","","4.0","","1","N","N","","1","","0","0","0","","0","N","","2","0","0","0","0","0","0","2","1","2","","","","N","","","","","","","","","",""
"2012072657","","0","0","0","1","0","0","0","0","0","8","0","","02","7","2012","1","40.409577","-80.005032","","11","0","0","0","0","0","0","0","0","","0","0","0","","","1","","0","","40 24:34.476","","0","80 00:18.116","8","0","0","0","2301","1","0","0","N","0","0","0","2","02301","0","","2.0","","1","N","N","","0","","0","0","1","","0","","","2","1","0","0","0","1","1","2","0","1","","","","N","","","","","","","","","",""
"2012072011","","0","0","0","0","0","0","0","0","0","7","0","","02","7","2012","7","40.435216","-79.94707","","11","0","0","0","0","0","0","0","0","","0","0","0","","","0","","1","","40 26:06.777","","0","79 56:49.452","0","0","0","0","2301","0","0","0","N","0","0","0","1","02301","0","","5.0","","1","N","N","","0","","0","0","0","","0","","","1","0","0","0","0","0","0","2","1","1","","","","N","","","","","","","","","",""
"2012072024","","3","0","0","0","0","0","0","0","0","1","0","","02","7","2012","6","40.65678","-79.707517","","11","0","0","1","0","0","1","0","0","","0","0","0","","","1","","0","","40 39:24.408","","0","79 42:27.061","4","0","0","0","2106","0","0","0","N","0","0","0","5","02106","1","","1.0","","9","N","N","","0","","0","0","0","","0","","","3","1","0","0","0","0","0","2","0","3","","","","N","","","","","","","","","",""
"2012071733","","2","0","0","0","0","0","0","0","0","5","0","","02","7","2012","6","40.432944","-79.751887","","11","0","0","0","0","0","0","0","0","","0","0","0","","","0","","0","","40 25:58.598","","0","79 45:06.792","0","0","0","0","2446","0","0","0","N","0","0","0","2","02446","0","","1.0","","9","N","N","","0","","0","0","0","","0","","","2","0","0","0","0","0","0","2","0","2","","","","N","","","","","","","","","",""
"2012074090","","1","0","0","0","0","0","0","0","0","4","0","","02","7","2012","4","","","","11","0","0","0","0","0","2","0","0","","0","0","0","","","0","","2","","","","0","","0","0","0","0","2403","0","0","0","N","0","0","0","2","02403","0","","1.0","","1","N","N","","1","","0","0","0","","0","","","2","0","0","0","0","0","0","1","0","2","","","","N","","","","","","","","","",""
"2012073359","","1","0","0","0","0","0","0","0","0","2","0","","02","7","2012","3","40.532238","-80.03581","","11","0","0","0","0","0","1","0","0","1","0","0","0","","","2","","0","","40 31:56.056","5","0","80 02:08.917","4","0","0","0","2116","0","0","0","N","0","0","0","2","02116","2","","1.0","","9","N","N","","0","","0","0","1","","0","N","","2","2","0","0","0","0","0","2","0","2","","","","N","","","","","","","","","",""
"2012074178","","1","0","0","0","0","0","0","0","0","7","0","","02","7","2012","1","40.436017","-79.972775","","11","0","0","0","0","0","0","0","1","1","0","0","0","","","0","","7","","40 26:09.660","3","0","79 58:21.990","0","0","0","0","2301","0","0","0","N","0","0","0","1","68B03","0","","3.0","","1","N","N","","0","","0","0","0","","0","N","","1","0","0","0","0","0","0","2","0","1","","","","N","","","","","","","","","",""
"2012073444","","2","0","0","0","0","0","0","0","0","5","0","25","02","7","2012","3","40.440618","-79.993058","","11","0","0","0","0","0","1","1","0","","0","0","0","","","0","","3","","40 26:26.223","","2","79 59:35.008","0","0","0","0","2301","0","0","0","N","0","0","0","5","02301","0","","1.0","","1","N","N","","0","","0","0","0","","3","","","2","0","1","0","0","0","0","2","0","2","","","Y","Y","8","1","","","N","","Y","","",""
"2012072015","","2","0","0","0","0","0","0","0","0","4","0","","02","7","2012","7","40.45208","-79.930982","","11","0","0","0","0","0","0","0","0","2","0","0","0","","","2","","1","","40 27:07.488","5","0","79 55:51.535","3","0","0","0","2301","0","0","0","N","0","0","0","3","02301","1","","1.0","","1","N","N","","0","","1","0","0","","2","N","","2","2","0","0","0","0","0","2","0","2","","","","N","","","","","","","","","",""
"2012071807","","1","0","0","0","0","0","0","0","0","1","0","","02","7","2012","6","40.439176","-80.211776","","11","0","0","0","0","0","0","0","0","","0","0","0","","","1","","1","","40 26:21.034","","0","80 12:42.393","8","0","0","0","2214","0","0","0","N","0","0","0","2","02214","0","","1.0","","9","N","N","","0","","0","0","1","","2","","","2","1","1","0","0","1","0","2","0","2","","","","N","","","","","","","","","",""
"2012074179","","1","0","0","0","0","0","0","0","0","7","0","","02","7","2012","3","40.44228","-79.820861","","11","0","0","0","0","0","0","1","0","1","0","0","0","","","0","","0","","40 26:32.207","3","0","79 49:15.099","0","0","0","0","2124","0","0","0","N","0","0","0","1","68B03","0","","3.0","","8","N","N","","0","","0","0","0","","0","N","","1","0","0","0","0","0","0","2","0","1","","","","N","","","","","","","","","",""
"2012074392","","0","0","0","0","0","0","0","0","0","5","0","","02","7","2012","6","40.416826","-80.029827","","11","0","0","0","0","0","0","0","0","2","0","0","0","","","4","","1","","40 25:00.574","7","0","80 01:47.376","4","0","0","0","2301","0","0","0","N","0","0","0","4","02301","1","","1.0","","1","N","N","","1","","0","0","1","","2","Y","","2","4","0","0","0","3","0","2","0","2","","","","N","","","","","","","","","",""
"2012073640","","0","0","0","0","0","0","0","0","0","7","0","","02","7","2012","3","40.42217","-80.047653","","11","0","0","0","0","0","0","0","0","6","0","0","0","","","1","","0","","40 25:19.811","6","0","80 02:51.550","8","0","0","0","2435","0","0","0","N","0","0","0","1","02435","0","","4.0","","1","N","N","","0","","0","0","1","","0","Y","","1","1","0","0","0","1","0","2","0","1","","","","N","","","","","","","","","",""
"2012074180","","1","0","0","0","0","0","0","0","0","7","0","","02","7","2012","3","40.521421","-80.065382","","11","0","0","0","0","0","0","0","0","","0","0","0","","","0","","0","","40 31:17.116","","0","80 03:55.374","0","0","0","0","2215","0","0","0","Y","0","0","0","1","68B03","0","","2.0","","9","N","N","","0","","0","0","0","","0","","","1","0","0","0","0","0","0","2","0","1","","","","N","","","","","","","","","",""
"2012073641","","0","0","0","0","0","0","0","0","0","4","0","","02","7","2012","4","40.462291","-79.905661","","11","0","0","0","0","0","1","0","0","2","0","0","0","","","1","","2","","40 27:44.248","2","0","79 54:20.381","8","0","0","0","2301","0","0","0","N","0","0","0","2","02301","0","","1.0","","1","N","N","","1","","0","0","1","","0","N","","2","1","0","0","0","1","0","2","0","2","","","","N","","","","","","","","","",""
"2012072519","","1","0","0","0","0","0","0","0","0","7","0","","02","7","2012","1","40.422427","-79.885898","","11","0","0","0","0","0","0","0","0","","0","0","0","","","0","","2","","40 25:20.737","","0","79 53:09.232","0","0","0","0","2463","0","0","0","N","0","0","0","1","02463","0","","2.0","","1","N","N","","0","","0","0","0","","0","","","1","0","0","0","0","0","0","2","0","1","","","","N","","","","","","","","","",""
"2012071810","","1","0","0","0","0","0","0","0","0","7","0","","02","7","2012","1","40.612958","-79.867384","","11","0","0","0","0","0","0","0","0","3","0","0","0","","","0","","0","","40 36:46.649","7","0","79 52:02.583","9","0","0","0","2220","0","0","0","N","0","0","0","1","02220","0","","4.0","","1","N","N","","0","","0","0","0","","0","N","","1","0","0","0","0","0","1","2","0","1","","","","N","","","","","","","","","",""
"2012072018","","2","0","0","0","0","0","0","0","0","1","0","","02","7","2012","7","40.435195","-79.895762","","11","0","0","0","0","0","0","0","0","1","0","0","0","","","0","","0","","40 26:06.702","6","0","79 53:44.743","0","0","0","0","2301","0","0","0","N","0","0","0","1","02301","0","","2.0","","9","N","N","","0","","0","0","0","","0","Y","","2","0","0","0","0","0","0","2","0","2","","","","N","","","","","","","","","",""
"2012074326","","1","0","0","0","0","0","0","0","0","1","0","","02","7","2012","6","40.327664","-79.957828","","11","0","0","0","0","0","1","0","0","1","0","0","0","","","1","","0","","40 19:39.590","1","0","79 57:28.180","8","0","0","0","2454","0","0","0","N","0","0","0","6","02454","0","","1.0","","1","N","N","","0","","0","0","1","","0","N","","2","1","0","0","0","1","0","2","0","2","","","","N","","","","","","","","","",""
"2012074327","","1","0","0","0","0","0","0","0","0","5","0","","02","7","2012","6","40.453032","-80.003615","","11","0","0","0","0","0","2","0","0","1","0","0","0","","","0","","3","","40 27:10.916","3","0","80 00:13.015","0","0","0","0","2301","0","0","0","N","0","0","0","2","02301","0","","1.0","","1","N","N","","1","","0","0","0","","2","N","","2","0","0","0","0","0","0","2","0","2","","","","N","","","","","","","","","",""
"2012071742","","1","0","0","0","0","0","0","0","0","7","0","","02","7","2012","6","40.415433","-79.847955","","11","0","0","0","0","0","0","0","1","","0","0","0","","","1","","0","","40 24:55.558","","0","79 50:52.638","4","0","0","0","2431","0","0","0","N","0","0","0","1","02431","1","","6.0","","9","N","N","","0","","0","0","0","","0","","","1","1","1","0","0","0","0","2","0","1","","","","N","","","","","","","","","",""
"2012072521","","1","0","0","0","0","0","0","0","0","7","0","","02","7","2012","1","40.333537","-80.133396","","11","0","1","0","0","0","0","0","0","2","0","0","0","","","0","","2","","40 20:00.732","3","0","80 08:00.226","0","0","0","0","2119","0","0","0","N","0","0","0","4","02119","0","","5.0","","1","N","N","","0","","0","0","0","","0","N","","1","0","0","0","0","0","0","2","0","1","","","","N","","","","","","","","","",""
"2012072020","","1","0","0","0","0","0","0","0","0","4","0","","02","7","2012","7","40.427895","-79.924945","","11","0","0","0","0","0","0","0","0","2","0","0","0","","","0","","2","","40 25:40.422","4","0","79 55:29.802","0","0","0","0","2301","0","0","0","N","0","0","0","2","02301","0","","1.0","","1","N","N","","0","","0","0","1","","3","N","","2","0","0","0","0","0","0","2","0","2","","","","N","","","","","","","","","",""
"2012072094","","1","0","0","0","0","0","0","0","0","7","0","","02","6","2012","7","40.533753","-79.821311","","11","0","0","0","0","0","0","0","0","","0","0","0","","","1","","0","","40 32:01.511","","0","79 49:16.719","4","0","0","0","2466","0","0","0","N","0","0","0","1","68T02","1","","2.0","","1","N","N","","0","","0","0","0","","0","","","1","1","0","0","0","0","0","1","0","1","","","","N","","","","","","","","","",""
"2012072872","","0","0","0","0","0","0","0","0","0","7","0","","02","7","2012","3","40.403542","-80.019812","","11","0","0","0","0","0","0","0","0","2","0","0","0","","","0","","0","","40 24:12.752","1","0","80 01:11.323","0","0","0","0","2301","0","0","0","N","0","0","0","1","02301","0","","4.0","","1","N","N","","0","","0","0","1","","0","N","","1","0","0","0","0","0","0","2","0","1","","","","N","","","","","","","","","",""
"2012073367","","2","0","0","0","0","0","0","0","0","4","0","","02","7","2012","4","40.455094","-80.011782","","11","0","0","0","0","0","0","0","0","","0","0","0","","","0","","1","","40 27:18.338","","0","80 00:42.415","0","0","0","0","2301","0","0","0","N","0","0","0","3","02301","0","","1.0","","1","","N","","0","","0","0","0","","0","","","2","0","0","0","0","0","0","2","0","2","","","","N","","","","","","","","","",""
"2012073450","","0","0","0","0","0","0","0","0","0","1","0","","02","7","2012","3","40.553459","-79.971254","","11","0","0","0","0","1","0","0","0","","0","0","0","","","1","","2","","40 33:12.454","","0","79 58:16.516","4","0","0","0","2118","0","0","0","N","0","0","0","2","02118","1","","1.0","","1","N","N","","0","","0","0","2","","0","","","2","1","1","0","0","0","0","2","0","2","","","","N","","","","","","","","","",""
"2012074098","","0","0","0","0","0","0","0","0","0","4","0","","02","7","2012","6","40.438849","-79.764561","","11","0","0","0","0","0","1","0","0","","0","0","0","","","0","","0","","40 26:19.858","","0","79 45:52.419","0","0","0","0","2446","0","0","0","N","0","0","0","3","02446","0","","1.0","","9","N","N","","0","","0","0","2","","0","","","2","0","0","0","0","0","0","2","0","2","","","","N","","","","","","","","","",""
"2012073368","","1","0","0","0","0","0","0","0","0","7","0","","02","7","2012","6","40.621976","-80.090505","","11","0","0","1","0","0","0","0","0","2","0","0","0","","","0","","0","","40 37:19.114","5","0","80 05:25.817","0","0","0","0","2216","0","0","0","N","0","0","0","1","02505","0","","2.0","","9","N","N","","0","","0","0","0","","0","Y","","1","0","1","0","0","0","0","2","0","1","","","","N","","","","","","","","","",""
"2012072022","","0","0","0","0","0","0","0","0","0","1","0","","02","7","2012","7","40.622708","-79.726231","","11","0","0","0","0","0","1","0","0","","0","0","0","","","1","","0","","40 37:21.748","","0","79 43:34.432","4","0","0","0","2106","0","0","0","N","0","0","0","4","02106","1","","1.0","","1","N","N","","0","","0","0","2","","0","","","2","1","0","0","0","0","0","2","0","2","","","","N","","","","","","","","","",""
"2012072669","","1","0","0","0","0","0","0","0","0","2","0","","02","7","2012","7","40.235039","-79.858298","","11","0","0","0","0","0","1","0","0","2","0","0","0","","","5","","0","","40 14:06.142","2","0","79 51:29.873","3","0","0","0","2204","0","0","0","N","0","0","0","5","02204","4","","1.0","","1","N","N","","0","","1","0","1","","0","N","","2","5","1","0","0","0","0","1","0","2","","","","N","","","","","","","","","",""
"2012073647","","2","0","0","0","0","0","0","0","0","2","0","","02","7","2012","3","40.428698","-79.988591","","11","0","0","0","0","0","1","0","0","2","0","0","0","","","0","","1","","40 25:43.313","3","0","79 59:18.929","0","0","0","0","2301","0","0","0","N","0","0","0","2","02301","0","","1.0","","1","N","N","","0","","0","0","0","","2","N","","2","0","0","0","0","0","0","2","0","2","","","","N","","","","","","","","","",""
"2012074174","","1","0","0","0","0","0","0","0","0","1","0","","02","7","2012","2","40.438788","-80.152684","","11","0","0","0","0","1","0","0","0","1","0","0","0","","","0","","0","","40 26:19.638","3","0","80 09:09.664","0","0","0","0","2115","0","0","0","N","0","0","0","3","68B03","0","","1.0","","1","N","N","","1","","0","0","1","","0","N","","3","0","0","0","0","0","0","2","0","3","","","","N","","","","","","","","","",""
"2012073382","","1","0","0","0","0","0","1","0","0","4","1","","02","7","2012","4","40.438048","-79.974463","","11","0","0","0","0","0","1","0","0","","0","0","0","","","4","","2","","40 26:16.972","","0","79 58:28.066","4","0","0","0","2301","0","0","0","N","0","0","0","8","02503","4","","1.0","","1","N","N","","0","","0","0","0","","3","","","2","4","0","0","0","0","1","2","0","2","","","","N","","","","","","","","","",""
"2012072098","","0","0","0","0","0","0","0","0","0","4","0","","02","7","2012","6","40.467354","-80.01052","","11","0","0","0","0","0","0","0","1","","0","0","0","","","2","","1","","40 28:02.474","","0","80 00:37.872","4","0","0","0","2301","0","0","0","N","0","0","0","3","02301","2","","1.0","","9","N","N","","0","","0","0","0","","0","","","2","2","0","0","0","0","0","2","2","2","","","","N","","","","","","","","","",""
"2012073648","","2","0","0","0","0","0","0","0","0","4","0","","02","7","2012","4","40.419067","-79.926108","","11","0","0","0","0","0","0","0","0","","0","0","0","","","2","","2","","40 25:08.641","","0","79 55:33.988","4","0","0","0","2301","0","0","0","N","0","0","0","3","02301","2","","1.0","","1","N","N","","0","","0","0","0","","0","","","2","2","0","0","0","0","0","2","0","2","","","","N","","","","","","","","","",""
"2012072589","","0","0","0","0","0","0","0","0","0","7","0","","02","7","2012","2","40.409722","-80.005096","","11","0","0","0","0","0","0","0","0","1","0","0","0","","","1","","0","","40 24:34.999","2","0","80 00:18.344","2","0","1","1","2301","0","0","0","N","0","0","0","1","02301","0","","3.0","","1","N","N","","0","","0","1","0","","0","N","","1","1","0","0","0","0","0","2","0","1","","","","N","","","","","","","","","",""
"2012074176","","2","0","0","0","0","0","0","0","0","1","0","","02","7","2012","6","40.603944","-80.094188","","11","0","0","0","0","0","0","0","0","1","0","0","0","","","0","","0","","40 36:14.197","2","0","80 05:39.076","0","0","0","0","2481","0","0","0","N","0","0","0","2","68B03","0","","1.0","","9","N","N","","0","","0","0","0","","0","N","","2","0","0","0","0","0","0","2","0","2","","","","N","","","","","","","","","",""
"2012073454","","1","0","0","0","0","0","0","0","0","4","0","","02","7","2012","4","40.382321","-80.044012","","11","0","0","0","0","0","0","0","0","1","0","0","0","","","1","","2","","40 22:56.356","6","0","80 02:38.444","8","0","0","1","2109","0","0","0","N","0","0","0","2","02109","0","","1.0","","1","N","N","","0","","0","0","0","","2","Y","","2","1","0","0","0","1","0","2","0","2","","","","N","","","","","","","","","",""
"2012073372","","1","0","0","0","0","0","0","0","0","7","0","","02","7","2012","1","40.513433","-80.092466","","11","0","0","0","0","0","0","0","0","","0","0","0","","","0","","0","","40 30:48.357","","0","80 05:32.878","0","0","0","0","2215","0","0","0","N","0","0","0","1","02215","0","","5.0","","1","N","N","","0","","0","0","0","","0","","","1","0","0","0","0","0","0","2","0","1","","","","N","","","","","","","","","",""
"2012074177","","1","0","0","0","0","0","0","0","0","1","0","","02","7","2012","1","40.43438","-80.144052","","11","0","0","0","0","0","0","0","0","","0","0","0","","","2","","0","","40 26:03.768","","0","80 08:38.586","8","0","0","0","2115","0","0","0","N","0","0","0","4","68B03","0","","1.0","","1","N","N","","1","","0","0","0","","0","","","2","2","0","0","0","2","0","2","0","2","","","","N","","","","","","","","","",""