"CRN","ARRIVAL_TM","AUTOMOBILE_COUNT","BELTED_DEATH_COUNT","BELTED_SUSP_SERIOUS_INJ_COUNT","BICYCLE_COUNT","BICYCLE_DEATH_COUNT","BICYCLE_SUSP_SERIOUS_INJ_COUNT","BUS_COUNT","CHLDPAS_DEATH_COUNT","CHLDPAS_SUSP_SERIOUS_INJ_COUNT","COLLISION_TYPE","COMM_VEH_COUNT","CONS_ZONE_SPD_LIM","COUNTY","CRASH_MONTH","CRASH_YEAR","DAY_OF_WEEK","DEC_LATITUDE","DEC_LONGITUDE","DISPATCH_TM","DISTRICT","DRIVER_COUNT_16YR","DRIVER_COUNT_17YR","DRIVER_COUNT_18YR","DRIVER_COUNT_19YR","DRIVER_COUNT_20YR","DRIVER_COUNT_50_64YR","DRIVER_COUNT_65_74YR","DRIVER_COUNT_75PLUS","EST_HRS_CLOSED","FATAL_COUNT","HEAVY_TRUCK_COUNT","HORSE_BUGGY_COUNT","HOUR_OF_DAY","ILLUMINATION","INJURY_COUNT","INTERSECTION_RELATED","INTERSECT_TYPE","LANE_CLOSED","LATITUDE","LN_CLOSE_DIR","LOCATION_TYPE","LONGITUDE","MAX_SEVERITY_LEVEL","MCYCLE_DEATH_COUNT","MCYCLE_SUSP_SERIOUS_INJ_COUNT","MOTORCYCLE_COUNT","MUNICIPALITY","NONMOTR_COUNT","NONMOTR_DEATH_COUNT","NONMOTR_SUSP_SERIOUS_INJ_COUNT","NTFY_HIWY_MAINT","PED_COUNT","PED_DEATH_COUNT","PED_SUSP_SERIOUS_INJ_COUNT","PERSON_COUNT","POLICE_AGCY","POSSIBLE_INJ_COUNT","RDWY_SURF_TYPE_CD","RELATION_TO_ROAD","ROADWAY_CLEARED","ROAD_CONDITION","SCH_BUS_IND","SCH_ZONE_IND","SECONDARY_CRASH","SMALL_TRUCK_COUNT","SPEC_JURIS_CD","SUSP_MINOR_INJ_COUNT","SUSP_SERIOUS_INJ_COUNT","SUV_COUNT","TCD_FUNC_CD","TCD_TYPE","TFC_DETOUR_IND","TIME_OF_DAY","TOTAL_UNITS","TOT_INJ_COUNT","UNBELTED_OCC_COUNT","UNB_DEATH_COUNT","UNB_SUSP_SERIOUS_INJ_COUNT","UNK_INJ_DEG_COUNT","UNK_INJ_PER_COUNT","URBAN_RURAL","VAN_COUNT","VEHICLE_COUNT","WEATHER1","WEATHER2","WORKERS_PRES","WORK_ZONE_IND","WORK_ZONE_LOC","WORK_ZONE_TYPE","WZ_CLOSE_DETOUR","WZ_FLAGGER","WZ_LAW_OFFCR_IND","WZ_LN_CLOSURE","WZ_MOVING","WZ_OTHER","WZ_SHLDER_MDN","WZ_WORKERS_INJ_KILLED"
"2012118086","","1","0","0","0","0","0","0","0","0","6","0","","02","11","2012","7","40.27097","-79.884444","","11","0","0","0","0","0","0","0","0","","0","0","0","02","","1","","0","","40 16:15.492","","0","79 53:03.998","3","0","0","0","2428","0","0","0","N","0","0","0","2","02428","0","","1.0","","9","N","N","","0","","1","0","1","0","0","","0252","2","1","0","0","0","0","0","2","0","2","","","","N","","","","","","","","","",""
"2012119312","","2","0","0","0","0","0","0","0","0","1","0","","02","11","2012","3","40.530691","-79.956038","","11","0","0","0","0","0","0","0","0","","0","0","0","99","","0","","0","","40 31:50.487","","0","79 57:21.738","0","0","0","0","2118","0","0","0","N","0","0","0","2","02118","0","","1.0","","1","N","N","","0","","0","0","0","0","0","","9999","2","0","0","0","0","0","0","2","0","2","","","","N","","","","","","","","","",""
"2012118087","","1","0","0","0","0","0","0","0","0","4","0","","02","11","2012","7","40.428517","-79.996339","","11","0","0","0","0","0","0","0","0","2","0","0","0","08","","0","","0","","40 25:42.660","6","3","79 59:46.820","0","0","0","0","2301","0","0","0","N","0","0","0","3","02301","0","","1.0","","2","N","N","","0","","0","0","1","0","0","N","0804","2","0","0","0","0","0","0","2","0","2","","","","N","","","","","","","","","",""
"2012117961","","2","0","0","0","0","0","0","0","0","4","0","","02","11","2012","6","40.451509","-79.908149","","11","0","0","0","0","0","0","0","0","1","0","0","0","18","","0","","1","","40 27:05.432","7","0","79 54:29.335","0","0","0","0","2301","0","0","0","N","0","0","0","3","02301","0","","1.0","","1","N","N","","0","","0","0","0","3","2","N","1850","2","0","0","0","0","0","0","2","0","2","","","","N","","","","","","","","","",""
"2012118088","","2","0","0","0","0","0","0","0","0","7","0","","02","11","2012","7","40.457428","-80.029776","","11","0","0","0","0","0","0","0","0","2","0","0","0","08","","0","","1","","40 27:26.742","2","0","80 01:47.192","0","0","0","0","2301","0","0","0","Y","0","0","0","3","02301","0","","2.0","","2","N","N","","0","","0","0","0","0","0","N","0810","2","0","0","0","0","0","0","2","0","2","","","","N","","","","","","","","","",""
"2012117146","","1","0","0","0","0","0","0","0","0","1","0","","02","11","2012","4","40.430269","-80.02846","","11","0","0","0","0","0","0","0","0","","0","0","0","09","","0","","3","","40 25:48.968","","0","80 01:42.455","0","0","0","0","2301","0","0","0","N","0","0","0","2","02301","0","","1.0","","1","N","N","","0","","0","0","1","3","4","","0944","2","0","0","0","0","0","0","2","0","2","","","","N","","","","","","","","","",""
"2012118103","","0","0","0","0","0","0","0","0","0","0","0","","02","11","2012","6","40.553508","-79.97125","","11","0","0","0","0","0","1","0","0","","0","0","0","99","","1","","0","","40 33:12.630","","0","79 58:16.499","8","0","0","1","2118","0","0","0","Y","0","0","0","1","02118","0","","1.0","","98","N","N","","0","","0","0","0","0","0","","9999","1","1","0","0","0","1","0","2","0","1","","","","N","","","","","","","","","",""
"2012117821","","1","0","0","0","0","0","0","0","0","4","1","","02","11","2012","4","40.241512","-79.870816","","11","0","0","0","0","0","0","0","1","3","0","1","0","14","","0","","0","","40 14:29.442","1","7","79 52:14.936","0","0","0","0","2204","0","0","0","N","0","0","0","2","02204","0","","1.0","","1","N","N","","0","","0","0","0","0","0","N","1407","2","0","0","0","0","0","0","1","0","2","","","","N","","","","","","","","","",""
"2012117887","","0","0","0","0","0","0","0","0","0","7","0","","02","11","2012","4","40.419083","-79.794434","","11","0","0","0","0","0","0","0","0","","0","0","0","22","","0","","0","","40 25:08.698","","0","79 47:39.962","0","0","0","0","2446","0","0","0","N","0","0","0","1","02446","0","","2.0","","1","N","N","","1","","0","0","0","0","0","","2228","1","0","0","0","0","0","0","2","0","1","","","","N","","","","","","","","","",""
"2012117964","","1","0","0","0","0","0","0","0","0","99","0","","02","10","2012","4","40.319238","-79.822238","","11","0","0","0","0","0","0","0","0","","0","0","0","19","","0","","0","","40 19:09.258","","0","79 49:20.057","0","0","0","0","2469","0","0","0","N","0","0","0","1","02469","0","","1.0","","9","N","N","","0","","0","0","0","0","0","","1906","1","0","0","0","0","0","0","2","0","1","","","","N","","","","","","","","","",""
"2012117889","","1","0","0","0","0","0","0","0","0","4","0","","02","11","2012","5","40.343801","-79.938441","","11","0","0","0","0","0","0","0","0","1","0","0","0","16","","2","","1","","40 20:37.683","1","0","79 56:18.387","8","0","0","0","2473","0","0","0","N","0","0","0","3","02473","0","","1.0","","1","N","N","","0","","0","0","1","3","2","N","1608","2","2","0","0","0","2","0","2","0","2","","","","N","","","","","","","","","",""
"2012117966","","0","0","0","0","0","0","1","0","0","4","1","","02","11","2012","6","","","","11","0","0","0","0","0","0","0","0","","0","0","0","19","","0","","2","","","","7","","0","0","0","0","2301","0","0","0","","0","0","0","2","02503","0","","1.0","","1","","","","0","","0","0","1","0","0","","1932","2","0","1","0","0","0","0","1","0","2","","","","N","","","","","","","","","",""
"2012118106","","2","0","0","0","0","0","0","0","0","5","0","","02","11","2012","5","40.666968","-80.096221","","11","0","0","0","0","0","0","0","0","1","0","0","0","09","","0","","0","","40 40:01.084","2","0","80 05:46.394","0","0","0","0","2212","0","0","0","N","0","0","0","3","02505","0","","1.0","","1","N","N","","0","","0","0","0","0","0","N","0959","2","0","0","0","0","0","0","2","0","2","","","","N","","","","","","","","","",""
"2012119150","","1","0","0","0","0","0","0","0","0","8","0","","02","11","2012","3","40.365122","-79.982878","","11","0","0","0","0","0","0","0","0","","0","0","0","15","","1","","2","","40 21:54.439","","0","79 58:58.360","3","0","0","0","2413","1","0","0","N","1","0","0","2","02413","0","","5.0","","1","N","N","","0","","1","0","0","3","3","","1550","2","1","0","0","0","0","1","2","0","1","","","","N","","","","","","","","","",""
"2012117890","","2","0","0","0","0","0","0","0","0","1","0","","02","11","2012","6","40.330024","-80.134994","","11","0","0","0","0","0","1","0","0","","0","0","0","14","","1","","2","","40 19:48.085","","0","80 08:05.980","8","0","0","0","2119","0","0","0","N","0","0","0","2","02119","0","","1.0","","9","N","N","","0","","0","0","0","0","0","","1418","2","1","1","0","0","1","0","2","0","2","","","","N","","","","","","","","","",""
"2012117967","","2","0","0","0","0","0","0","0","0","2","0","","02","11","2012","6","40.406723","-79.992332","","11","0","0","0","0","0","0","0","0","2","0","0","0","17","","2","","2","","40 24:24.202","7","0","79 59:32.395","3","0","0","0","2301","0","0","0","N","0","0","0","2","02301","0","","1.0","","1","N","N","","0","","2","0","0","0","0","Y","1732","2","2","1","0","0","0","0","2","0","2","","","","N","","","","","","","","","",""
"2012118095","","1","0","0","0","0","0","0","0","0","1","0","","02","11","2012","6","40.553059","-79.971309","","11","0","0","0","1","0","1","0","0","","0","0","0","99","","0","","0","","40 33:11.013","","0","79 58:16.711","0","0","0","0","2118","0","0","0","Y","0","0","0","2","02118","0","","1.0","","98","N","N","","0","","0","0","1","0","0","","9999","2","0","0","0","0","0","0","2","0","2","","","","N","","","","","","","","","",""
"2012117152","","2","0","0","0","0","0","0","0","0","1","0","","02","11","2012","4","40.416923","-80.014421","","11","0","0","0","0","0","0","0","0","","0","0","0","10","","0","","2","","40 25:00.921","","0","80 00:51.917","0","0","0","0","2301","0","0","0","N","0","0","0","2","02301","0","","1.0","","1","N","N","","0","","0","0","0","3","2","","1013","2","0","0","0","0","0","0","2","0","2","","","","N","","","","","","","","","",""
"2012118109","","0","0","0","0","0","0","0","0","0","7","0","","02","11","2012","7","40.343042","-80.169466","","11","0","0","0","0","0","0","0","0","1","0","0","0","07","","0","","0","","40 20:34.951","3","0","80 10:10.079","0","0","0","0","2119","0","0","0","N","0","0","0","2","02119","0","","5.0","","7","N","N","","1","","0","0","0","0","0","Y","0725","1","0","0","0","0","0","0","2","0","1","","","","N","","","","","","","","","",""
"2012118625","","0","0","0","0","0","0","0","0","0","7","0","","02","11","2012","1","40.62185","-80.090365","","11","0","0","1","0","0","0","0","0","3","0","0","0","16","","0","","0","","40 37:18.660","5","0","80 05:25.314","0","0","0","0","2212","0","0","0","N","0","0","0","2","02505","0","","5.0","","1","N","N","","0","","0","0","0","0","0","Y","1600","1","0","0","0","0","0","0","2","1","1","","","","N","","","","","","","","","",""
"2012119544","","1","0","0","0","0","0","0","0","0","4","0","","02","11","2012","3","40.4287","-79.937456","","11","0","0","0","0","0","1","0","0","","0","0","0","22","","0","","0","","40 25:43.319","","0","79 56:14.842","0","0","0","0","2301","0","0","0","","0","0","0","2","02301","0","","1.0","","1","","","","0","","0","0","1","0","0","","2223","2","0","0","0","0","0","0","2","0","2","","","","N","","","","","","","","","",""
"2012119323","","1","0","0","0","0","0","0","0","0","7","0","","02","11","2012","4","40.443811","-79.757697","","11","0","0","0","0","0","0","0","0","","0","0","0","02","","0","","0","","40 26:37.720","","0","79 45:27.710","9","0","0","0","2446","0","0","0","N","0","0","0","1","02446","0","","5.0","","1","N","N","","0","","0","0","0","0","0","","0220","1","0","0","0","0","0","1","2","0","1","","","","N","","","","","","","","","",""
"2012118831","","1","0","0","0","0","0","0","0","0","5","0","","02","11","2012","2","40.412363","-80.010545","","11","0","0","0","0","0","1","0","0","1","0","0","0","18","","0","","1","","40 24:44.506","2","0","80 00:37.962","0","0","0","0","2301","0","0","0","N","0","0","0","3","02301","0","","1.0","","1","N","N","","1","","0","0","0","3","3","N","1830","2","0","0","0","0","0","0","2","0","2","","","","N","","","","","","","","","",""
"2012117505","","1","0","0","0","0","0","0","0","0","7","0","","02","11","2012","1","40.34357","-79.868846","","11","0","0","0","0","0","0","0","0","","0","0","0","02","","0","","0","","40 20:36.851","","0","79 52:07.844","0","0","0","0","2304","0","0","0","N","0","0","0","1","02304","0","","4.0","","1","N","N","","0","","0","0","0","0","0","","0230","1","0","0","0","0","0","0","2","0","1","","","","N","","","","","","","","","",""
"2012117828","","2","0","0","0","0","0","0","0","0","4","0","","02","11","2012","6","40.336399","-79.953351","","11","0","0","0","1","0","0","0","0","","0","0","0","07","","0","","0","","40 20:11.036","","0","79 57:12.063","0","0","0","0","2454","0","0","0","N","0","0","0","1","02454","0","","4.0","","1","N","N","","1","","0","0","0","0","0","","0736","3","0","0","0","0","0","0","2","0","3","","","","N","","","","","","","","","",""
"2012118626","","2","0","0","0","0","0","0","0","0","2","0","","02","11","2012","6","40.494988","-80.06565","","11","0","0","0","0","0","1","0","0","1","0","0","0","17","","2","","0","","40 29:41.956","2","7","80 03:56.339","3","0","0","0","2402","0","0","0","N","0","0","0","2","02402","0","","1.0","","1","N","N","","0","","2","0","0","0","0","Y","1705","2","2","2","0","0","0","0","2","0","2","","","","N","","","","","","","","","",""
"2012119545","","2","0","0","0","0","0","0","0","0","4","0","","02","11","2012","3","40.494299","-79.995384","","11","0","0","0","0","0","2","0","0","","0","0","0","17","","0","","2","","40 29:39.476","","0","79 59:43.382","0","0","0","0","2114","0","0","0","N","0","0","0","3","02114","0","","1.0","","1","N","N","","0","","0","0","0","3","3","","1720","3","0","0","0","0","0","0","2","1","3","","","","N","","","","","","","","","",""
"2012118111","","1","0","0","0","0","0","0","0","0","7","0","","02","11","2012","7","40.63891","-79.959711","","11","0","0","1","0","0","0","0","0","","0","0","0","08","","1","","0","","40 38:20.076","","0","79 57:34.959","4","0","0","0","2217","0","0","0","N","0","0","0","1","02505","1","","2.0","","9","N","N","","0","","0","0","0","0","0","","0855","1","1","0","0","0","0","0","2","0","1","","","","N","","","","","","","","","",""
"2012118112","","1","0","0","0","0","0","0","0","0","4","0","","02","11","2012","7","40.444202","-80.028173","","11","0","0","0","0","0","0","0","0","1","0","0","0","10","","1","","1","","40 26:39.126","2","0","80 01:41.424","8","0","0","0","2301","0","0","0","N","0","0","0","3","02301","0","","1.0","","9","N","N","","1","","0","0","0","3","2","N","1050","2","1","0","0","0","1","0","2","0","2","","","","N","","","","","","","","","",""
"2012117158","","1","0","0","0","0","0","0","0","0","4","0","","02","11","2012","4","40.535686","-79.970536","","11","0","0","0","0","0","1","0","0","1","0","0","0","99","","0","","1","","40 32:08.469","5","0","79 58:13.931","0","0","0","0","2118","0","0","0","N","0","0","0","2","02118","0","","1.0","","1","N","N","","0","","0","0","1","3","2","N","9999","2","0","0","0","0","0","0","2","0","2","","","","N","","","","","","","","","",""
"2012117973","","0","0","0","0","0","0","0","0","0","7","0","","02","11","2012","6","40.458182","-79.999264","","11","0","0","0","0","0","1","0","0","1","0","0","0","20","","1","","2","","40 27:29.455","4","0","79 59:57.349","4","0","0","0","2301","0","0","0","N","0","0","0","1","02301","1","","2.0","","1","N","N","","0","","0","0","0","9","9","N","2021","1","1","0","0","0","0","0","2","1","1","","","","N","","","","","","","","","",""
"2012118485","","2","0","0","0","0","0","0","0","0","4","0","","02","11","2012","1","40.612737","-79.963804","","11","0","0","0","0","0","0","0","0","4","0","0","0","02","","6","","0","","40 36:45.852","5","0","79 57:49.694","2","0","0","0","2207","0","0","0","N","0","0","0","6","02207","4","","1.0","","1","N","N","","0","","0","2","0","0","0","Y","0225","2","6","0","0","0","0","0","2","0","2","","","","N","","","","","","","","","",""
"2012117975","","1","0","0","0","0","0","0","0","0","2","0","","02","11","2012","4","40.603972","-79.918108","","11","0","0","0","0","0","1","1","0","","0","0","0","18","","0","","2","","40 36:14.299","","0","79 55:05.188","0","0","0","0","2220","0","0","0","N","0","0","0","2","02220","0","","1.0","","1","N","N","","0","","0","0","1","0","0","","1803","2","0","0","0","0","0","0","2","0","2","","","","N","","","","","","","","","",""
"2012118695","","1","0","0","0","0","0","0","0","0","7","0","","02","10","2012","3","40.51675","-80.126239","","11","0","0","0","0","0","0","0","0","","0","0","0","01","","0","","0","","40 31:00.299","","0","80 07:34.459","0","0","0","0","2434","0","0","0","N","0","0","0","2","68B03","0","","4.0","","8","N","N","","0","","0","0","0","0","0","","0105","1","0","0","0","0","0","0","2","0","1","","","","N","","","","","","","","","",""
"2012118114","","0","0","0","0","0","0","0","0","0","7","0","","02","11","2012","7","40.345361","-80.154686","","11","0","0","0","0","0","0","0","0","","0","0","0","08","","0","","0","","40 20:43.300","","0","80 09:16.870","0","0","0","0","2119","0","0","0","N","0","0","0","2","02119","0","","5.0","","7","N","N","","0","","0","0","1","0","0","","0835","1","0","0","0","0","0","0","2","0","1","","","","N","","","","","","","","","",""
"2012118616","","2","0","0","0","0","0","0","0","0","4","0","","02","11","2012","2","40.447353","-79.98985","","11","0","0","1","0","0","0","0","0","","0","0","0","13","","0","","1","","40 26:50.470","","0","79 59:23.460","0","0","0","0","2301","0","0","0","N","0","0","0","3","02301","0","","1.0","","1","N","N","","0","","0","0","0","3","3","","1300","2","0","0","0","0","0","0","2","0","2","","","","N","","","","","","","","","",""
"2012118696","","2","0","0","0","0","0","0","0","0","1","0","50","02","11","2012","4","40.443547","-80.009046","","11","0","0","0","0","0","0","0","0","","0","0","0","10","","0","","0","","40 26:36.768","","3","80 00:32.567","0","0","0","0","2301","0","0","0","N","0","0","0","2","68B03","0","","1.0","","1","N","N","","0","","0","0","0","3","8","","1027","2","0","0","0","0","0","0","2","0","2","","","N","Y","4","1","N","N","N","Y","N","N","N",""
"2012119550","","1","0","0","0","0","0","0","0","0","7","0","","02","11","2012","5","40.444561","-80.028502","","11","0","0","0","0","0","0","0","0","","0","0","0","11","","0","","0","","40 26:40.420","","1","80 01:42.606","0","0","0","0","2301","0","0","0","N","0","0","0","3","02301","0","","1.0","","1","N","N","","0","","0","0","0","0","0","","1100","1","0","0","0","0","0","0","2","0","1","","","","N","","","","","","","","","",""
"2012118116","","0","0","0","0","0","0","0","0","0","7","1","","02","11","2012","6","40.570917","-79.954424","","11","0","0","0","0","0","0","0","0","2","0","1","0","13","","0","","0","","40 34:15.302","1","0","79 57:15.926","0","0","0","0","2207","0","0","0","Y","0","0","0","2","02207","0","","4.0","","9","N","N","","0","","0","0","0","0","0","N","1302","1","0","0","0","0","0","0","2","0","1","","","","N","","","","","","","","","",""
"2012118837","","0","0","0","0","0","0","0","0","0","4","0","","02","10","2012","2","40.279337","-79.851999","","11","0","0","0","0","0","0","1","0","2","0","0","0","15","","2","","0","","40 16:45.613","6","0","79 51:07.196","8","0","0","0","2443","0","0","0","N","0","0","0","2","02443","0","","1.0","","1","N","","","1","","0","0","1","0","0","Y","1520","2","2","0","0","0","2","0","1","0","2","","","","N","","","","","","","","","",""
"2012117833","","2","0","0","0","0","0","0","0","0","4","0","","02","11","2012","3","40.339792","-79.963072","","11","0","0","0","0","0","0","1","1","","0","0","0","12","","0","","0","","40 20:23.252","","0","79 57:47.058","0","0","0","0","2454","0","0","0","N","0","0","0","2","02454","0","","1.0","","1","N","N","","0","","0","0","0","0","0","","1243","2","0","0","0","0","0","0","2","0","2","","","","N","","","","","","","","","",""
"2012118618","","1","0","0","0","0","0","0","0","0","7","0","","02","11","2012","2","40.46926","-79.827131","","11","0","0","1","0","0","0","0","0","1","0","0","0","14","","0","","0","","40 28:09.335","5","0","79 49:37.672","0","0","0","0","2113","0","0","0","N","0","0","0","1","02113","0","","2.0","","1","N","N","","0","","0","0","0","0","0","N","1404","1","0","0","0","0","0","0","2","0","1","","","","N","","","","","","","","","",""
"2012117978","","2","0","0","0","0","0","0","0","0","1","0","","02","11","2012","6","40.408294","-80.049463","","11","0","0","0","0","0","0","0","0","","0","0","0","18","","2","","2","","40 24:29.858","","0","80 02:58.066","3","0","0","0","2435","0","0","0","N","0","0","0","3","02435","1","","1.0","","1","N","N","","0","","1","0","1","0","0","","1854","3","2","0","0","0","0","0","2","0","3","","","","N","","","","","","","","","",""
"2012118697","","2","0","0","0","0","0","0","0","0","1","0","","02","11","2012","3","40.438676","-80.011607","","11","0","0","0","0","0","1","0","0","2","0","0","0","10","","0","","0","","40 26:19.234","3","3","80 00:41.786","0","0","0","0","2301","0","0","0","N","0","0","0","4","68B03","0","","1.0","","1","N","N","","0","","0","0","1","0","0","N","1055","3","0","0","0","0","0","0","2","0","3","","","","N","","","","","","","","","",""
"2012118329","","2","0","0","0","0","0","0","0","0","4","0","","02","11","2012","1","40.400202","-80.043731","","11","0","0","0","0","0","0","0","2","1","0","0","0","10","","0","","0","","40 24:00.726","1","0","80 02:37.433","0","0","0","0","2301","0","0","0","N","0","0","0","2","02301","0","","1.0","","1","N","N","","0","","0","0","0","0","0","N","1045","2","0","0","0","0","0","0","2","0","2","","","","N","","","","","","","","","",""
"2012119046","","2","0","0","0","0","0","0","0","0","4","0","","02","11","2012","5","40.346397","-79.973407","","11","0","0","0","0","0","1","0","0","","0","0","0","11","","2","","1","","40 20:47.028","","0","79 58:24.265","8","0","0","0","2403","0","0","0","N","0","0","0","2","02403","0","","1.0","","1","N","N","","0","","0","0","0","3","2","","1125","2","2","0","0","0","2","0","2","0","2","","","","N","","","","","","","","","",""
"2012117740","","1","0","0","0","0","0","0","0","0","7","0","","02","11","2012","2","","","","11","0","0","0","0","0","0","0","0","1","0","0","0","22","","1","","0","","","2","7","","4","0","0","0","2215","0","0","0","N","0","0","0","1","02215","1","","2.0","","1","N","N","","0","","0","0","0","0","0","N","2235","1","1","0","0","0","0","0","1","0","1","","","","N","","","","","","","","","",""
"2012119127","","1","0","0","0","0","0","0","0","0","4","0","","02","11","2012","3","40.442878","-79.923667","","11","0","0","0","0","0","1","0","0","","0","0","0","14","","0","","1","","40 26:34.360","","0","79 55:25.201","0","0","0","0","2301","0","0","0","N","0","0","0","3","02301","0","","1.0","","1","N","N","","1","","0","0","0","3","3","","1450","2","0","0","0","0","0","0","2","0","2","","","","N","","","","","","","","","",""
"2012117130","","1","0","0","0","0","0","0","0","0","2","0","","02","11","2012","4","40.438348","-80.01929","","11","0","0","0","0","0","1","0","0","","0","0","0","08","","0","","2","","40 26:18.052","","0","80 01:09.444","0","0","0","0","2301","0","0","0","N","0","0","0","3","02301","0","","1.0","","1","N","N","","1","","0","0","1","3","3","","0816","3","0","0","0","0","0","0","2","0","3","","","","N","","","","","","","","","",""
"2012118474","","1","0","0","0","0","0","0","0","0","1","0","","02","11","2012","4","40.310289","-79.99015","","11","0","0","0","0","0","0","0","1","1","0","0","0","11","","0","","0","","40 18:37.040","2","0","79 59:24.540","0","0","0","0","2219","0","0","0","N","0","0","0","2","02219","0","","1.0","","1","N","N","","0","","0","0","1","0","0","N","1127","2","0","0","0","0","0","0","2","0","2","","","","N","","","","","","","","","",""
"2012118345","","1","0","0","0","0","0","0","0","0","7","0","","02","11","2012","1","40.482439","-79.919725","","11","0","0","0","0","0","0","0","0","","0","0","0","14","","1","","0","","40 28:56.780","","0","79 55:11.010","4","0","0","0","2301","0","0","0","N","0","0","0","2","02301","1","","4.0","","1","N","N","","0","","0","0","0","0","0","","1400","1","1","2","0","0","0","0","2","0","1","","","","N","","","","","","","","","",""
"2012118475","","1","0","0","0","0","0","0","0","0","4","0","","02","11","2012","1","40.307645","-79.887647","","11","0","0","0","0","0","1","0","0","","0","0","0","17","","0","","2","","40 18:27.521","","0","79 53:15.530","0","0","0","0","2302","0","0","0","N","0","0","0","2","02302","0","","1.0","","1","N","N","","0","","0","0","0","3","3","","1700","2","0","1","0","0","0","0","2","1","2","","","","N","","","","","","","","","",""
"2012119604","","2","0","0","0","0","0","0","0","0","1","0","","02","11","2012","3","40.404532","-79.908167","","11","0","0","0","0","0","1","0","0","","0","0","0","17","","2","","0","","40 24:16.314","","0","79 54:29.402","8","0","0","0","2438","0","0","0","N","0","0","0","3","02438","0","","1.0","","1","N","N","","0","","0","0","0","0","0","","1722","2","2","1","0","0","2","0","2","0","2","","","","N","","","","","","","","","",""
"2012117529","","2","0","0","0","0","0","0","0","0","1","0","","02","11","2012","4","40.442333","-79.762993","","11","0","0","0","0","0","1","0","0","","0","0","0","17","","1","","0","","40 26:32.397","","0","79 45:46.776","4","0","0","0","2446","0","0","0","N","0","0","0","2","68B03","1","","1.0","","1","N","N","","0","","0","0","0","0","0","","1749","2","1","0","0","0","0","0","2","0","2","","","","N","","","","","","","","","",""
"2012118923","","1","0","0","0","0","0","0","0","0","7","0","","02","11","2012","1","40.644827","-79.720323","","11","0","0","0","0","0","0","0","0","","0","0","0","10","","0","","0","","40 38:41.377","","0","79 43:13.163","0","0","0","0","2106","0","0","0","Y","0","0","0","1","68D02","0","","2.0","","9","N","N","","0","","0","0","0","0","0","","1040","1","0","0","0","0","0","0","2","0","1","","","","N","","","","","","","","","",""
"2012118332","","1","0","0","0","0","0","0","0","0","1","0","","02","11","2012","4","40.38564","-79.984164","","11","0","0","0","0","0","0","0","0","1","0","0","0","10","","0","","1","","40 23:08.304","2","0","79 59:02.990","0","0","0","0","2301","0","0","0","N","0","0","0","2","02301","0","","1.0","","1","N","N","","1","","0","0","0","0","0","N","1028","2","0","0","0","0","0","0","2","0","2","","","","N","","","","","","","","","",""
"2012117743","","2","0","0","0","0","0","0","0","0","2","0","","02","11","2012","3","40.469873","-80.013852","","11","0","0","0","0","0","0","0","0","","0","0","0","02","","0","","0","","40 28:11.542","","0","80 00:49.867","0","0","0","0","2301","0","0","0","N","0","0","0","1","02301","0","","6.0","","1","N","N","","0","","0","0","0","0","0","","0253","2","0","0","0","0","0","0","2","0","2","","","","N","","","","","","","","","",""
"2012117530","","3","0","0","0","0","0","0","0","0","1","0","","02","11","2012","3","40.437018","-80.149186","","11","0","0","0","0","1","0","0","0","1","0","0","0","17","","1","","0","","40 26:13.266","3","0","80 08:57.068","4","0","0","0","2115","0","0","0","N","0","0","0","6","68B03","1","","1.0","","1","N","N","","0","","0","0","1","0","0","N","1758","4","1","0","0","0","0","1","2","0","4","","","","N","","","","","","","","","",""
"2012117597","","0","0","0","0","0","0","0","0","0","7","0","","02","11","2012","5","40.484224","-79.907886","","11","0","1","0","0","0","0","0","0","","0","0","0","08","","0","","2","","40 29:03.206","","0","79 54:28.391","0","0","0","0","2301","0","0","0","Y","0","0","0","1","02301","0","","2.0","","1","N","N","","1","","0","0","0","0","0","","0845","1","0","0","0","0","0","0","2","0","1","","","","N","","","","","","","","","",""
"2012118270","","1","0","0","0","0","0","0","0","0","7","0","","02","11","2012","1","40.35361","-80.073697","","11","0","0","0","0","0","0","0","0","2","0","0","0","03","","0","","0","","40 21:12.995","1","0","80 04:25.310","0","0","0","0","2123","0","0","0","N","0","0","0","1","02123","0","","2.0","","1","N","N","","0","","0","0","0","0","0","N","0312","1","0","0","0","0","0","0","2","0","1","","","","N","","","","","","","","","",""
"2012118333","","1","0","0","0","0","0","0","0","0","7","0","","02","11","2012","1","40.42152","-79.906066","","11","0","0","0","0","0","0","0","1","1","0","0","0","11","","0","","0","","40 25:17.472","3","0","79 54:21.837","0","0","0","0","2301","0","0","0","N","0","0","0","1","02301","0","","5.0","","1","N","N","","0","","0","0","0","0","0","N","1115","1","0","0","0","0","0","0","2","0","1","","","","N","","","","","","","","","",""
"2012118477","","0","0","0","0","0","0","0","0","0","6","1","","02","11","2012","6","40.318901","-79.899134","","11","0","0","0","0","0","2","0","0","3","0","1","0","00","","0","","3","","40 19:08.044","1","0","79 53:56.883","0","0","0","0","2440","0","0","0","N","0","0","0","2","02440","0","","1.0","","1","N","N","","0","","0","0","1","3","2","N","0008","2","0","0","0","0","0","0","2","0","2","","","","N","","","","","","","","","",""