"CRN","ARRIVAL_TM","AUTOMOBILE_COUNT","BELTED_DEATH_COUNT","BELTED_SUSP_SERIOUS_INJ_COUNT","BICYCLE_COUNT","BICYCLE_DEATH_COUNT","BICYCLE_SUSP_SERIOUS_INJ_COUNT","BUS_COUNT","CHLDPAS_DEATH_COUNT","CHLDPAS_SUSP_SERIOUS_INJ_COUNT","COLLISION_TYPE","COMM_VEH_COUNT","CONS_ZONE_SPD_LIM","COUNTY","CRASH_MONTH","CRASH_YEAR","DAY_OF_WEEK","DEC_LATITUDE","DEC_LONGITUDE","DISPATCH_TM","DISTRICT","DRIVER_COUNT_16YR","DRIVER_COUNT_17YR","DRIVER_COUNT_18YR","DRIVER_COUNT_19YR","DRIVER_COUNT_20YR","DRIVER_COUNT_50_64YR","DRIVER_COUNT_65_74YR","DRIVER_COUNT_75PLUS","EST_HRS_CLOSED","FATAL_COUNT","HEAVY_TRUCK_COUNT","HORSE_BUGGY_COUNT","HOUR_OF_DAY","ILLUMINATION","INJURY_COUNT","INTERSECTION_RELATED","INTERSECT_TYPE","LANE_CLOSED","LATITUDE","LN_CLOSE_DIR","LOCATION_TYPE","LONGITUDE","MAX_SEVERITY_LEVEL","MCYCLE_DEATH_COUNT","MCYCLE_SUSP_SERIOUS_INJ_COUNT","MOTORCYCLE_COUNT","MUNICIPALITY","NONMOTR_COUNT","NONMOTR_DEATH_COUNT","NONMOTR_SUSP_SERIOUS_INJ_COUNT","NTFY_HIWY_MAINT","PED_COUNT","PED_DEATH_COUNT","PED_SUSP_SERIOUS_INJ_COUNT","PERSON_COUNT","POLICE_AGCY","POSSIBLE_INJ_COUNT","RDWY_SURF_TYPE_CD","RELATION_TO_ROAD","ROADWAY_CLEARED","ROAD_CONDITION","SCH_BUS_IND","SCH_ZONE_IND","SECONDARY_CRASH","SMALL_TRUCK_COUNT","SPEC_JURIS_CD","SUSP_MINOR_INJ_COUNT","SUSP_SERIOUS_INJ_COUNT","SUV_COUNT","TCD_FUNC_CD","TCD_TYPE","TFC_DETOUR_IND","TIME_OF_DAY","TOTAL_UNITS","TOT_INJ_COUNT","UNBELTED_OCC_COUNT","UNB_DEATH_COUNT","UNB_SUSP_SERIOUS_INJ_COUNT","UNK_INJ_DEG_COUNT","UNK_INJ_PER_COUNT","URBAN_RURAL","VAN_COUNT","VEHICLE_COUNT","WEATHER1","WEATHER2","WORKERS_PRES","WORK_ZONE_IND","WORK_ZONE_LOC","WORK_ZONE_TYPE","WZ_CLOSE_DETOUR","WZ_FLAGGER","WZ_LAW_OFFCR_IND","WZ_LN_CLOSURE","WZ_MOVING","WZ_OTHER","WZ_SHLDER_MDN","WZ_WORKERS_INJ_KILLED"
"2012118976","","2","0","0","0","0","0","0","0","0","1","0","","02","11","2012","2","40.439148","-79.760508","","11","0","0","0","0","0","1","0","0","","0","0","0","10","","0","","0","","40 26:20.934","","0","79 45:37.827","0","0","0","0","2446","0","0","0","N","0","0","0","2","02446","0","","1.0","","1","N","N","","0","","0","0","0","3","4","","1050","2","0","0","0","0","0","0","2","0","2","","","","N","","","","","","","","","",""
"2012103817","","1","0","0","0","0","0","0","0","0","7","0","","02","10","2012","7","40.592681","-80.095906","","11","0","0","0","0","0","1","0","0","","0","0","0","19","","0","","0","","40 35:33.653","","0","80 05:45.263","0","0","0","0","2481","0","0","0","Y","0","0","0","1","68B03","0","","2.0","","1","N","N","","0","","0","0","0","0","0","","1950","1","0","0","0","0","0","0","2","0","1","","","","N","","","","","","","","","",""
"2012118904","","1","0","0","0","0","0","0","0","0","1","0","","02","11","2012","1","40.424007","-80.110317","","11","0","0","0","0","0","0","0","0","2","0","0","0","18","","0","","0","","40 25:26.424","3","0","80 06:37.141","0","0","0","0","2115","0","0","0","N","0","0","0","2","68B03","0","","1.0","","1","N","N","","0","","0","0","1","0","0","N","1800","2","0","0","0","0","0","0","2","0","2","","","","N","","","","","","","","","",""
"2012119372","","0","0","0","0","0","0","0","0","0","7","0","","02","11","2012","7","40.42922","-79.941875","","11","0","0","0","0","0","0","0","0","","0","0","0","07","","1","","0","","40 25:45.193","","0","79 56:30.751","8","0","0","0","2301","0","0","0","N","0","0","0","1","68B03","0","","4.0","","2","N","N","","0","","0","0","1","0","0","","0700","1","1","0","0","0","1","0","2","0","1","","","","N","","","","","","","","","",""
"2012118263","","2","0","0","0","0","0","0","0","0","1","0","","02","11","2012","1","40.446644","-79.965922","","11","0","0","0","0","0","0","0","0","","0","0","0","02","","0","","0","","40 26:47.920","","0","79 57:57.320","0","0","0","0","2301","0","0","0","N","0","0","0","1","02301","0","","6.0","","1","N","N","","0","","0","0","0","0","0","","0218","2","0","0","0","0","0","0","2","0","2","","","","N","","","","","","","","","",""
"2012119043","","0","0","0","0","0","0","0","0","0","4","0","","02","11","2012","4","40.349739","-79.976216","","11","0","0","0","0","0","0","1","1","2","0","0","0","16","","0","","0","","40 20:59.059","1","0","79 58:34.377","0","0","0","0","2403","0","0","0","N","0","0","0","2","02403","0","","1.0","","1","N","N","","0","","0","0","2","0","0","N","1600","2","0","0","0","0","0","0","2","0","2","","","","N","","","","","","","","","",""
"2012103818","","2","0","0","0","0","0","0","0","0","5","0","","02","10","2012","4","40.578371","-80.095135","","11","0","0","0","0","0","1","0","1","","0","0","0","14","","1","","0","","40 34:42.135","","0","80 05:42.486","4","0","0","0","2481","0","0","0","N","0","0","0","4","68B03","1","","1.0","","1","N","N","","0","","0","0","0","0","0","","1430","2","1","0","0","0","0","0","2","0","2","","","","N","","","","","","","","","",""
"2012104555","","1","0","0","0","0","0","0","0","0","4","0","","02","10","2012","6","40.451015","-80.021614","","11","0","0","0","0","0","0","0","0","2","0","0","0","12","","0","","2","","40 27:03.655","4","0","80 01:17.809","0","0","0","0","2301","0","0","0","N","0","0","0","2","02301","0","","1.0","","1","N","N","","0","","0","0","1","3","3","Y","1239","2","0","0","0","0","0","0","2","0","2","","","","N","","","","","","","","","",""
"2012119373","","3","0","0","0","0","0","0","0","0","1","0","","02","11","2012","3","40.442622","-80.160283","","11","0","0","0","1","0","0","0","0","","0","0","0","18","","0","","0","","40 26:33.438","","0","80 09:37.017","0","0","0","0","2115","0","0","0","N","0","0","0","3","68B03","0","","1.0","","1","N","N","","0","","0","0","0","0","0","","1805","3","0","0","0","0","0","0","2","0","3","","","","N","","","","","","","","","",""
"2012118188","","1","0","0","0","0","0","0","0","0","7","0","","02","11","2012","4","40.550637","-79.818147","","11","0","0","0","0","0","0","0","0","","0","0","0","15","","1","","0","","40 33:02.294","","0","79 49:05.330","4","0","0","0","2208","0","0","0","Y","0","0","0","1","68D02","1","","4.0","","1","N","N","","0","","0","0","0","0","0","","1540","1","1","0","0","0","0","0","2","0","1","","","","N","","","","","","","","","",""
"2012118919","","1","0","0","0","0","0","0","0","0","7","0","","02","11","2012","7","40.494664","-79.909144","","11","0","0","0","0","0","0","0","0","1","0","0","0","08","","1","","0","","40 29:40.790","2","2","79 54:32.918","4","0","0","0","2401","0","0","0","N","0","0","0","1","68D02","1","","2.0","","9","N","N","","0","","0","0","0","0","0","N","0823","1","1","0","0","0","0","0","2","0","1","","","","N","","","","","","","","","",""
"2012117591","","0","0","0","0","0","0","0","0","0","7","0","","02","11","2012","1","40.385786","-79.880124","","11","0","0","0","0","0","0","0","0","1","0","0","0","20","","1","","1","","40 23:08.829","5","0","79 52:48.446","8","0","0","1","2473","0","0","0","N","0","0","0","1","02473","0","","2.0","","1","N","N","","0","","0","0","0","0","0","Y","2054","1","1","0","0","0","1","0","2","0","1","","","","N","","","","","","","","","",""
"2012116994","","0","0","0","0","0","0","0","0","0","7","0","","02","11","2012","1","40.394529","-79.996306","","11","0","0","0","0","0","0","0","0","","0","0","0","21","","0","","3","","40 23:40.304","","0","79 59:46.701","9","0","0","0","2301","0","0","0","N","0","0","0","1","02301","0","","2.0","","1","N","N","","0","","0","0","0","0","0","","2150","1","0","0","0","0","0","1","2","1","1","","","","N","","","","","","","","","",""
"2012118328","","1","0","0","0","0","0","0","0","0","7","0","","02","11","2012","1","40.466618","-79.925386","","11","0","0","0","0","0","0","0","0","","0","0","0","11","","1","","1","","40 27:59.824","","0","79 55:31.389","8","0","0","0","2301","0","0","0","N","0","0","0","1","02301","0","","3.0","","1","N","N","","0","","0","0","0","3","2","","1137","1","1","1","0","0","1","0","2","0","1","","","","N","","","","","","","","","",""
"2012119045","","1","0","0","0","0","0","0","0","0","7","0","","02","11","2012","3","40.443456","-79.770347","","11","0","0","0","0","0","0","1","0","","0","0","0","10","","1","","0","","40 26:36.440","","0","79 46:13.250","8","0","0","0","2446","0","0","0","N","0","0","0","1","02446","0","","5.0","","9","N","N","","0","","0","0","0","0","0","","1052","1","1","0","0","0","1","0","2","0","1","","","","N","","","","","","","","","",""
"2012104641","","0","0","0","0","0","0","0","0","0","2","0","","02","10","2012","6","40.442442","-80.00323","","11","0","0","0","0","0","0","0","0","","0","0","0","17","","0","","1","","40 26:32.791","","0","80 00:11.628","0","0","0","0","2301","0","0","0","N","0","0","0","2","02301","0","","1.0","","1","N","N","","0","","0","0","1","3","2","","1748","2","0","0","0","0","0","0","2","1","2","","","","N","","","","","","","","","",""
"2012102416","","1","0","0","0","0","0","0","0","0","4","0","","02","10","2012","1","40.454187","-80.001427","","11","0","0","0","0","0","0","0","0","","0","0","0","18","","0","","1","","40 27:15.073","","0","80 00:05.137","0","0","0","0","2301","0","0","0","N","0","0","0","2","02301","0","","1.0","","1","N","N","","0","","0","0","1","0","0","","1850","2","0","0","0","0","0","0","2","0","2","","","","N","","","","","","","","","",""
"2012103174","","1","0","0","0","0","0","0","0","0","7","0","","02","10","2012","3","40.61117","-80.08343","","11","0","0","0","0","0","0","0","0","","0","0","0","13","","1","","0","","40 36:40.212","","0","80 05:00.348","4","0","0","0","2481","0","0","0","N","0","0","0","1","02481","1","","5.0","","1","N","N","","0","","0","0","0","0","0","","1315","1","1","1","0","0","0","0","2","0","1","","","","N","","","","","","","","","",""
"2012104824","","1","0","0","0","0","0","0","0","0","7","0","","02","10","2012","7","40.458182","-79.999264","","11","0","0","0","0","0","0","0","0","1","0","0","0","02","","1","","2","","40 27:29.455","4","3","79 59:57.349","3","0","0","0","2301","0","0","0","N","0","0","0","1","02301","0","","1.0","","9","N","N","","0","","1","0","0","0","0","N","0235","1","1","0","0","0","0","0","2","0","1","","","","N","","","","","","","","","",""
"2012102691","","2","0","0","0","0","0","0","0","0","4","0","","02","10","2012","1","40.407332","-79.831106","","11","0","0","0","0","0","1","0","1","2","0","0","0","12","","3","","1","","40 24:26.395","3","0","79 49:51.980","2","0","0","0","2467","0","0","0","N","0","0","0","6","02467","2","","1.0","","1","N","N","","0","","0","1","1","3","2","Y","1243","3","3","0","0","0","0","0","2","0","3","","","","N","","","","","","","","","",""
"2012104825","","0","0","0","0","0","0","0","0","0","8","0","","02","10","2012","7","40.453391","-80.001109","","11","0","0","0","0","0","0","0","0","1","0","0","0","00","","1","","2","","40 27:12.206","6","0","80 00:03.994","3","0","0","0","2301","1","0","0","N","1","0","0","2","02301","0","","1.0","","1","N","N","","0","","1","0","1","0","0","Y","0006","2","1","0","0","0","0","1","2","0","1","","","","N","","","","","","","","","",""
"2012104643","","1","0","0","0","0","0","0","0","0","4","0","","02","10","2012","5","40.60693","-80.051892","","11","0","0","0","0","0","0","0","0","","0","0","0","07","","0","","0","","40 36:24.947","","0","80 03:06.812","0","0","0","0","2108","0","0","0","N","0","0","0","3","02108","0","","1.0","","1","N","N","","0","","0","0","1","0","0","","0718","2","0","0","0","0","0","0","2","0","2","","","","N","","","","","","","","","",""
"2012102405","","0","0","0","0","0","0","0","0","0","99","0","","02","10","2012","7","40.658154","-80.084769","","11","0","0","0","0","0","0","0","0","2","0","0","0","22","","1","","0","","40 39:29.353","4","0","80 05:05.167","4","0","0","0","2212","0","0","0","N","0","0","0","2","68T02","1","","1.0","","1","N","N","","0","","0","0","1","0","0","N","2213","1","1","0","0","0","0","0","2","0","1","","","","N","","","","","","","","","",""
"2012103176","","1","0","0","0","0","0","0","0","0","4","1","","02","10","2012","4","40.356424","-80.119157","","11","0","0","0","0","0","1","1","0","","0","1","0","13","","0","","2","","40 21:23.127","","2","80 07:08.965","0","0","0","0","2119","0","0","0","N","0","0","0","2","02119","0","","1.0","","1","N","N","","0","","0","0","0","3","2","","1337","2","0","0","0","0","0","0","2","0","2","","","","N","","","","","","","","","",""
"2012102482","","3","0","0","0","0","0","0","0","0","1","0","","02","8","2012","1","40.411607","-80.068392","","11","0","0","0","0","0","0","0","0","1","0","0","0","15","","0","","0","","40 24:41.784","3","0","80 04:06.210","0","0","0","0","2435","0","0","0","N","0","0","0","6","68B03","0","","1.0","","1","N","N","","0","","0","0","0","0","0","N","1523","3","0","0","0","0","0","0","2","0","3","","","","N","","","","","","","","","",""
"2012103311","","2","0","0","0","0","0","0","0","0","4","0","","02","10","2012","4","40.436233","-79.77244","","11","0","0","0","0","0","0","0","0","1","0","0","0","20","","1","","1","","40 26:10.438","1","0","79 46:20.784","4","0","0","0","2446","0","0","0","N","0","0","0","3","02446","1","","1.0","","1","N","N","","0","","0","0","0","3","2","Y","2059","2","1","0","0","0","0","0","2","0","2","","","","N","","","","","","","","","",""
"2012104644","","0","0","0","0","0","0","0","0","0","1","0","","02","10","2012","3","40.524081","-80.214975","","11","0","0","0","0","0","1","0","0","","0","0","0","16","","0","","0","","40 31:26.691","","0","80 12:53.911","0","0","0","0","2213","0","0","0","N","0","0","0","3","02213","0","","1.0","","1","N","N","","1","","0","0","0","0","0","","1659","2","0","0","0","0","0","0","2","1","2","","","","N","","","","","","","","","",""
"2012102419","","1","0","0","0","0","0","0","0","0","7","0","","02","10","2012","1","40.477693","-79.969092","","11","0","0","0","0","0","1","0","0","2","0","0","0","14","","0","","1","","40 28:39.693","2","0","79 58:08.730","0","0","0","0","2445","0","0","0","N","0","0","0","2","02445","0","","5.0","","1","N","N","","0","","0","0","0","3","2","N","1446","1","0","0","0","0","0","0","2","0","1","","","","N","","","","","","","","","",""
"2012102483","","2","0","0","0","0","0","0","0","0","1","0","55","02","8","2012","2","40.425886","-79.900928","","11","0","0","0","0","0","1","0","0","9","0","0","0","00","","0","","0","","40 25:33.190","4","0","79 54:03.342","0","0","0","0","2301","0","0","0","N","0","0","0","2","68B03","0","","1.0","","1","N","N","","0","","0","0","0","3","8","N","0020","2","0","0","0","0","0","0","2","0","2","","","U","Y","2","1","N","N","N","Y","N","N","N",""
"2012102484","","1","0","0","0","0","0","0","0","0","0","0","","02","9","2012","5","40.550563","-80.086456","","11","0","0","0","0","0","0","0","0","","0","0","0","05","","1","","0","","40 33:02.028","","0","80 05:11.240","4","0","0","0","2215","0","0","0","N","0","0","0","1","68B03","1","","4.0","","1","N","N","","0","","0","0","0","0","0","","0535","1","1","0","0","0","0","0","2","0","1","","","","N","","","","","","","","","",""
"2012101933","","1","0","0","0","0","0","0","0","0","8","0","","02","10","2012","6","40.460536","-79.922216","","11","0","0","0","0","0","0","0","1","1","0","0","0","18","","1","","0","","40 27:37.929","4","0","79 55:19.978","3","0","0","0","2301","1","0","0","N","1","0","0","2","02301","0","","1.0","","1","N","N","","0","","1","0","0","0","0","Y","1802","2","1","0","0","0","0","0","2","0","1","","","","N","","","","","","","","","",""
"2012103101","","2","0","0","0","0","0","0","0","0","4","0","","02","10","2012","3","40.46539","-79.956725","","11","1","0","0","0","0","1","0","0","","0","0","0","07","","1","","1","","40 27:55.404","","0","79 57:24.210","4","0","0","0","2301","0","0","0","","0","0","0","5","02301","1","","1.0","","1","N","N","","0","","0","0","0","3","3","","0740","2","1","0","0","0","0","0","2","0","2","","","","N","","","","","","","","","",""
"2012102485","","1","0","0","0","0","0","0","0","0","99","0","","02","10","2012","7","40.517336","-80.133297","","11","0","0","0","0","0","0","0","0","","0","0","0","23","","2","","0","","40 31:02.410","","0","80 07:59.870","4","0","0","0","2434","0","0","0","N","0","0","0","2","68B03","2","","1.0","","1","N","N","","0","","0","0","0","0","0","","2335","1","2","0","0","0","0","0","2","0","1","","","","N","","","","","","","","","",""
"2012103381","","1","0","0","0","0","0","0","0","0","7","2","","02","10","2012","3","40.446015","-79.715046","","11","0","0","0","0","0","1","0","0","","0","2","0","17","","1","","0","","40 26:45.655","","0","79 42:54.166","4","0","0","0","2446","0","0","0","N","0","0","0","1","02446","1","","5.0","","1","N","N","","0","","0","0","0","0","0","","1709","3","1","0","0","0","0","0","2","0","3","","","","N","","","","","","","","","",""
"2012103103","","2","0","0","0","0","0","0","0","0","4","0","","02","10","2012","3","40.523765","-80.071929","","11","0","1","0","0","0","0","0","0","","0","0","0","07","","0","","1","","40 31:25.554","","0","80 04:18.945","0","0","0","0","2215","0","0","0","Y","0","0","0","2","02215","0","","1.0","","1","N","N","","0","","0","0","0","3","2","","0722","2","0","0","0","0","0","0","2","0","2","","","","N","","","","","","","","","",""
"2012102486","","2","0","0","0","0","0","0","0","0","1","0","","02","10","2012","1","40.429378","-79.956524","","11","0","0","1","0","0","0","1","0","","0","0","0","19","","2","","6","","40 25:45.760","","2","79 57:23.485","4","0","0","0","2301","0","0","0","N","0","0","0","2","68B03","2","","1.0","","1","N","N","","0","","0","0","0","3","4","","1945","2","2","0","0","0","0","0","2","0","2","","","","N","","","","","","","","","",""
"2012102423","","0","0","0","0","0","0","0","0","0","2","0","","02","10","2012","1","40.464303","-79.982216","","11","0","0","0","0","0","0","0","0","","0","0","0","19","","1","","3","","40 27:51.490","","0","79 58:55.977","4","0","0","1","2301","0","0","0","N","0","0","0","3","02301","1","","1.0","","1","N","N","","0","","0","0","1","3","3","","1947","2","1","0","0","0","0","0","2","0","2","","","","N","","","","","","","","","",""
"2012103182","","1","0","0","0","0","0","0","0","0","7","0","","02","10","2012","3","","","","11","0","0","0","0","0","0","0","0","","0","0","0","16","","1","","0","","","","0","","8","0","0","0","2301","0","0","0","N","0","0","0","2","02301","0","","2.0","","1","N","N","","0","","0","0","0","3","2","","1606","1","1","0","0","0","1","0","1","0","1","","","","N","","","","","","","","","",""
"2012102698","","0","0","0","0","0","0","0","0","0","7","0","","02","10","2012","7","40.341162","-79.872787","","11","0","0","0","0","0","1","0","0","1","0","0","0","18","","1","","0","","40 20:28.184","6","7","79 52:22.032","2","0","0","0","2455","0","0","0","N","0","0","0","1","02455","0","","2.0","","1","N","N","","1","","0","1","0","0","0","Y","1842","1","1","0","0","0","0","0","2","0","1","","","","N","","","","","","","","","",""
"2012102548","","1","0","0","0","0","0","0","0","0","4","0","","02","10","2012","6","40.401814","-80.067748","","11","0","0","0","0","0","1","0","0","2","0","0","0","08","","0","","1","","40 24:06.530","3","0","80 04:03.893","0","0","0","0","2415","0","0","0","N","0","0","0","2","02415","0","","1.0","","1","N","N","","0","","0","0","1","3","3","N","0849","2","0","0","0","0","0","0","2","0","2","","","","N","","","","","","","","","",""
"2012102699","","1","0","0","0","0","0","0","0","0","7","0","","02","10","2012","2","40.592861","-80.03769","","11","0","0","0","0","0","0","0","0","2","0","0","0","21","","0","","0","","40 35:34.299","2","0","80 02:15.684","0","0","0","0","2108","0","0","0","N","0","0","0","1","02108","0","","5.0","","1","N","N","","0","","0","0","0","0","0","N","2155","1","0","0","0","0","0","0","2","0","1","","","","N","","","","","","","","","",""
"2012102413","","1","0","0","0","0","0","0","0","0","4","0","","02","10","2012","1","40.429611","-79.863792","","11","0","0","0","0","0","0","0","0","1","0","0","0","19","","0","","2","","40 25:46.601","3","0","79 51:49.652","0","0","0","0","2431","0","0","0","N","0","0","0","3","02431","0","","1.0","","1","N","N","","0","","0","0","1","0","0","N","1920","2","0","0","0","0","0","0","2","0","2","","","","N","","","","","","","","","",""
"2012103184","","1","0","0","1","0","0","0","0","0","8","0","","02","10","2012","3","40.439792","-79.923074","","11","0","0","0","0","0","1","0","0","","0","0","0","16","","1","","1","","40 26:23.251","","0","79 55:23.066","4","0","0","0","2301","1","0","0","N","0","0","0","2","02301","1","","1.0","","1","N","N","","0","","0","0","0","0","0","","1605","2","1","0","0","0","0","0","2","0","1","","","","N","","","","","","","","","",""
"2012102700","","0","0","0","0","0","0","0","0","0","6","0","","02","10","2012","6","40.586784","-80.045971","","11","0","0","0","0","0","1","0","0","3","0","1","0","12","","1","","0","","40 35:12.422","6","0","80 02:45.494","8","0","0","0","2108","0","0","0","N","0","0","0","4","02108","0","","1.0","","1","N","N","","0","","0","0","2","0","0","Y","1222","3","1","0","0","0","1","0","2","0","3","","","","N","","","","","","","","","",""
"2012104835","","0","0","0","0","0","0","0","0","0","5","0","","02","10","2012","7","40.377611","-79.908768","","11","0","0","0","0","0","0","0","0","","0","0","0","02","","0","","0","","40 22:39.399","","0","79 54:31.564","0","0","0","0","2301","0","0","0","N","0","0","0","1","02301","0","","6.0","","1","N","N","","1","","0","0","1","0","0","","0245","3","0","0","0","0","0","0","2","1","3","","","","N","","","","","","","","","",""
"2012101939","","0","0","0","0","0","0","0","0","0","5","0","","02","10","2012","6","40.442442","-80.00323","","11","0","0","0","0","0","0","0","0","","0","0","0","17","","0","","1","","40 26:32.791","","0","80 00:11.628","0","0","0","0","2301","0","0","0","N","0","0","0","2","02301","0","","1.0","","1","N","N","","0","","0","0","0","3","2","","1700","2","0","0","0","0","0","0","2","2","2","","","","N","","","","","","","","","",""
"2012102701","","3","0","0","0","0","0","0","0","0","4","0","","02","10","2012","6","40.396582","-80.035406","","11","0","0","0","0","0","0","0","1","","0","0","0","13","","0","","2","","40 23:47.695","","0","80 02:07.461","0","0","0","0","2422","0","0","0","N","0","0","0","3","02422","0","","1.0","","1","N","N","","0","","0","0","0","3","3","","1358","3","0","0","0","0","0","0","2","0","3","","","","N","","","","","","","","","",""
"2012102415","","2","0","0","0","0","0","0","0","0","1","0","","02","10","2012","6","40.655177","-80.086795","","11","0","0","0","0","0","0","0","0","","0","0","0","17","","1","","2","","40 39:18.636","","0","80 05:12.463","4","0","0","0","2212","0","0","0","N","0","0","0","2","02505","1","","1.0","","1","N","N","","0","","0","0","0","3","2","","1716","2","1","0","0","0","0","0","2","0","2","","","","N","","","","","","","","","",""
"2012102427","","2","0","0","0","0","0","0","0","0","1","0","","02","10","2012","1","40.44502","-79.828207","","11","0","0","0","0","0","0","1","0","","0","0","0","23","","0","","2","","40 26:42.073","","0","79 49:41.545","0","0","0","0","2113","0","0","0","N","0","0","0","2","02113","0","","1.0","","1","N","N","","0","","0","0","0","3","2","","2312","2","0","0","0","0","0","0","2","0","2","","","","N","","","","","","","","","",""
"2012103186","","1","0","0","0","0","0","0","0","0","1","0","25","02","10","2012","2","40.355419","-79.834865","","11","0","0","0","0","0","1","0","0","","0","0","0","15","","1","","0","","40 21:19.507","","0","79 50:05.515","3","0","0","0","2304","0","0","0","N","0","0","0","2","02304","0","","1.0","","9","N","N","","0","","1","0","0","0","0","","1500","2","1","0","0","0","0","0","2","1","2","","","N","Y","3","1","","","N","","","","",""
"2012102638","","0","0","0","0","0","0","0","0","0","1","0","","02","10","2012","1","40.381495","-79.91201","","11","0","0","0","0","0","0","0","0","2","0","0","0","21","","1","","0","","40 22:53.382","5","0","79 54:43.236","2","0","1","1","2448","0","0","0","N","0","0","0","1","02448","0","","4.0","","1","N","N","","0","","0","1","0","0","0","Y","2157","2","1","0","0","0","0","0","2","1","2","","","","N","","","","","","","","","",""
"2012103907","","2","0","0","0","0","0","0","0","0","1","0","","02","10","2012","5","40.465062","-79.991079","","11","0","0","0","0","0","0","0","0","","0","0","0","11","","0","","0","","40 27:54.223","","0","79 59:27.884","0","0","0","0","2301","0","0","0","N","0","0","0","2","02301","0","","6.0","","1","N","N","","0","","0","0","0","0","0","","1100","2","0","0","0","0","0","0","2","0","2","","","","N","","","","","","","","","",""
"2012102428","","1","0","0","0","0","0","0","0","0","7","0","","02","10","2012","1","40.442391","-80.044797","","11","0","0","0","0","0","0","1","0","1","0","0","0","19","","1","","0","","40 26:32.607","6","0","80 02:41.269","8","0","0","0","2301","0","0","0","N","0","0","0","1","02301","0","","5.0","","1","N","N","","0","","0","0","0","0","0","Y","1950","1","1","0","0","0","1","0","2","0","1","","","","N","","","","","","","","","",""
"2012103261","","6","0","0","0","0","0","0","0","0","1","0","","02","10","2012","4","40.417142","-80.086744","","11","0","0","0","0","1","1","1","0","2","0","0","0","06","","1","","0","","40 25:01.712","3","0","80 05:12.280","4","0","0","0","2415","0","0","0","N","0","0","0","8","68B03","1","","1.0","","1","N","N","","0","","0","0","2","0","0","N","0625","8","1","0","0","0","0","0","2","0","8","","","","N","","","","","","","","","",""
"2012102567","","2","0","0","0","0","0","0","0","0","2","0","","02","10","2012","2","40.493996","-80.021761","","11","0","1","0","0","0","0","0","0","3","0","0","0","07","","1","","0","","40 29:38.386","1","0","80 01:18.339","8","0","0","0","2301","0","0","0","N","0","0","0","2","02301","0","","1.0","","1","N","N","","0","","0","0","0","0","0","Y","0752","2","1","0","0","0","1","0","2","0","2","","","","N","","","","","","","","","",""
"2012103391","","1","0","0","0","0","0","0","0","0","1","0","","02","10","2012","2","40.454175","-79.996854","","11","0","0","0","0","0","0","0","0","","0","0","0","23","","2","","1","","40 27:15.029","","2","79 59:48.676","8","0","0","0","2301","0","0","0","N","0","0","0","2","02301","0","","1.0","","1","N","N","","0","","0","0","1","3","2","","2350","2","2","0","0","0","2","0","2","0","2","","","","N","","","","","","","","","",""
"2012101941","","1","0","0","0","0","0","0","0","0","4","0","","02","10","2012","6","40.448466","-79.895873","","11","0","0","0","0","0","0","0","0","","0","0","0","17","","1","","0","","40 26:54.479","","0","79 53:45.143","4","0","0","1","2301","0","0","0","N","0","0","0","2","02301","1","","1.0","","1","N","N","","0","","0","0","0","0","0","","1745","2","1","0","0","0","0","0","2","0","2","","","","N","","","","","","","","","",""
"2012104850","","1","0","0","0","0","0","0","0","0","4","0","","02","10","2012","5","40.449431","-80.003616","","11","0","0","0","0","0","0","0","0","","0","0","0","17","","0","","0","","40 26:57.951","","3","80 00:13.019","0","0","0","0","2301","0","0","0","N","0","0","0","2","68B03","0","","1.0","","9","N","N","","1","","0","0","0","0","0","","1750","2","0","0","0","0","0","0","2","0","2","","","","N","","","","","","","","","",""
"2012103112","","1","0","0","0","0","0","0","0","0","4","1","","02","10","2012","3","40.461578","-79.967126","","11","0","0","1","0","0","0","0","0","4","1","1","0","03","","0","","1","","40 27:41.680","6","0","79 58:01.653","1","0","0","0","2301","0","0","0","N","0","0","0","2","02301","0","2","1.0","","1","N","N","","0","0","0","0","0","3","2","Y","0331","2","0","1","1","0","0","0","2","0","2","","","","N","","","","","","","","","",""
"2012104773","","1","0","0","0","0","0","0","0","0","1","0","","02","10","2012","6","40.461328","-79.888506","","11","0","0","0","1","0","0","0","0","1","0","0","0","19","","1","","2","","40 27:40.780","1","0","79 53:18.621","4","0","0","0","2301","0","0","0","","0","0","0","5","02301","1","","1.0","","1","N","N","","0","","0","0","1","0","0","Y","1905","2","1","0","0","0","0","0","2","0","2","","","","N","","","","","","","","","",""
"2012103126","","2","0","0","0","0","0","0","0","0","4","0","","02","10","2012","2","40.530541","-80.009404","","11","0","0","0","0","0","1","0","1","1","0","0","0","16","","2","","0","","40 31:49.946","4","0","80 00:33.853","3","0","0","0","2116","0","0","0","N","0","0","0","3","02116","1","","1.0","","9","N","N","","0","","1","0","0","0","0","N","1633","2","2","0","0","0","0","0","2","0","2","","","","N","","","","","","","","","",""
"2012104598","","0","0","0","0","0","0","0","0","0","7","0","","02","10","2012","6","40.415531","-79.8","","11","0","0","0","0","0","0","0","0","1","0","0","0","15","","0","","0","","40 24:55.910","4","0","79 48:00.000","0","0","0","0","2446","0","0","0","N","0","0","0","2","02446","0","","2.0","","1","N","N","","0","","0","0","1","0","0","Y","1548","1","0","0","0","0","0","0","2","0","1","","","","N","","","","","","","","","",""