"CRN","ARRIVAL_TM","AUTOMOBILE_COUNT","BELTED_DEATH_COUNT","BELTED_SUSP_SERIOUS_INJ_COUNT","BICYCLE_COUNT","BICYCLE_DEATH_COUNT","BICYCLE_SUSP_SERIOUS_INJ_COUNT","BUS_COUNT","CHLDPAS_DEATH_COUNT","CHLDPAS_SUSP_SERIOUS_INJ_COUNT","COLLISION_TYPE","COMM_VEH_COUNT","CONS_ZONE_SPD_LIM","COUNTY","CRASH_MONTH","CRASH_YEAR","DAY_OF_WEEK","DEC_LATITUDE","DEC_LONGITUDE","DISPATCH_TM","DISTRICT","DRIVER_COUNT_16YR","DRIVER_COUNT_17YR","DRIVER_COUNT_18YR","DRIVER_COUNT_19YR","DRIVER_COUNT_20YR","DRIVER_COUNT_50_64YR","DRIVER_COUNT_65_74YR","DRIVER_COUNT_75PLUS","EST_HRS_CLOSED","FATAL_COUNT","HEAVY_TRUCK_COUNT","HORSE_BUGGY_COUNT","HOUR_OF_DAY","ILLUMINATION","INJURY_COUNT","INTERSECTION_RELATED","INTERSECT_TYPE","LANE_CLOSED","LATITUDE","LN_CLOSE_DIR","LOCATION_TYPE","LONGITUDE","MAX_SEVERITY_LEVEL","MCYCLE_DEATH_COUNT","MCYCLE_SUSP_SERIOUS_INJ_COUNT","MOTORCYCLE_COUNT","MUNICIPALITY","NONMOTR_COUNT","NONMOTR_DEATH_COUNT","NONMOTR_SUSP_SERIOUS_INJ_COUNT","NTFY_HIWY_MAINT","PED_COUNT","PED_DEATH_COUNT","PED_SUSP_SERIOUS_INJ_COUNT","PERSON_COUNT","POLICE_AGCY","POSSIBLE_INJ_COUNT","RDWY_SURF_TYPE_CD","RELATION_TO_ROAD","ROADWAY_CLEARED","ROAD_CONDITION","SCH_BUS_IND","SCH_ZONE_IND","SECONDARY_CRASH","SMALL_TRUCK_COUNT","SPEC_JURIS_CD","SUSP_MINOR_INJ_COUNT","SUSP_SERIOUS_INJ_COUNT","SUV_COUNT","TCD_FUNC_CD","TCD_TYPE","TFC_DETOUR_IND","TIME_OF_DAY","TOTAL_UNITS","TOT_INJ_COUNT","UNBELTED_OCC_COUNT","UNB_DEATH_COUNT","UNB_SUSP_SERIOUS_INJ_COUNT","UNK_INJ_DEG_COUNT","UNK_INJ_PER_COUNT","URBAN_RURAL","VAN_COUNT","VEHICLE_COUNT","WEATHER1","WEATHER2","WORKERS_PRES","WORK_ZONE_IND","WORK_ZONE_LOC","WORK_ZONE_TYPE","WZ_CLOSE_DETOUR","WZ_FLAGGER","WZ_LAW_OFFCR_IND","WZ_LN_CLOSURE","WZ_MOVING","WZ_OTHER","WZ_SHLDER_MDN","WZ_WORKERS_INJ_KILLED"
"2012109082","","2","0","0","0","0","0","0","0","0","4","0","","02","10","2012","4","40.389735","-79.755378","1656","11","0","0","0","0","0","0","1","0","2","0","0","0","16","","2","","0","","40 23:23.046","5","0","79 45:19.359","8","0","0","0","2446","0","0","0","N","0","0","0","2","02446","0","","1.0","","9","N","N","","0","","0","0","0","","0","N","1652","2","2","0","0","0","2","0","2","0","2","","","","N","","","","","","","","","",""
"2012109952","","2","0","0","0","0","0","0","0","0","4","0","","02","11","2012","5","40.582047","-80.038076","0957","11","0","0","0","0","0","1","0","0","","0","0","0","09","","2","","1","","40 34:55.369","","0","80 02:17.073","8","0","0","0","2108","0","0","0","N","0","0","0","3","02108","0","","1.0","","9","N","N","","0","","0","0","0","","2","","0957","2","2","0","0","0","2","0","2","0","2","","","","N","","","","","","","","","",""
"2012109210","","1","0","0","0","0","0","0","0","0","7","0","","02","10","2012","7","40.606624","-79.941078","1902","11","0","0","0","0","0","0","0","0","","0","0","0","19","","0","","0","","40 36:23.848","","0","79 56:27.880","0","0","0","0","2207","0","0","0","N","0","0","0","2","68T02","0","","3.0","","9","N","N","","0","","0","0","0","","0","","1901","1","0","0","0","0","0","0","2","0","1","","","","N","","","","","","","","","",""
"2012108318","","2","0","0","0","0","0","0","0","0","1","0","","02","10","2012","2","40.398112","-80.083404","2105","11","0","0","0","1","0","0","0","0","1","0","0","0","21","","1","","0","","40 23:53.203","6","0","80 05:00.253","4","0","0","0","2117","0","0","0","N","0","0","0","9","02117","1","","1.0","","9","N","N","","1","","0","0","0","","0","Y","2105","3","1","0","0","0","0","0","2","0","3","","","","N","","","","","","","","","",""
"2012109211","","1","0","0","0","0","0","0","0","0","7","0","","02","10","2012","3","40.530378","-79.821435","2124","11","0","0","0","0","0","0","0","0","","0","0","0","21","","0","","0","","40 31:49.359","","0","79 49:17.165","0","0","0","0","2466","0","0","0","N","0","0","0","1","68T02","0","","2.0","","9","N","N","","0","","0","0","0","","0","","2124","1","0","0","0","0","0","0","1","0","1","","","","N","","","","","","","","","",""
"2012108677","","1","0","0","0","0","0","0","0","0","7","0","","02","10","2012","2","40.422558","-79.73635","1532","11","0","0","0","0","0","1","0","0","","0","0","0","15","","0","","0","","40 25:21.210","","0","79 44:10.859","0","0","0","0","2446","0","0","0","N","0","0","0","2","68T09","0","","3.0","","8","N","N","","1","","0","0","0","","0","","1530","2","0","0","0","0","0","0","2","0","2","","","","N","","","","","","","","","",""
"2012109954","","1","0","0","0","0","0","0","0","0","4","0","","02","10","2012","4","40.351205","-80.013139","1859","11","0","0","0","0","0","2","0","0","","0","0","0","18","","0","","0","","40 21:04.339","","0","80 00:47.300","0","0","0","0","2407","0","0","0","N","0","0","0","4","02407","0","","1.0","","9","N","N","","1","","0","0","0","","2","","1859","2","0","0","0","0","0","0","2","0","2","","","","N","","","","","","","","","",""
"2012110176","","1","0","0","0","0","0","0","0","0","7","0","","02","10","2012","4","40.52361","-79.819046","0916","11","0","0","0","0","0","0","0","0","2","0","0","0","09","","1","","0","","40 31:24.997","4","0","79 49:08.566","4","0","0","0","2466","0","0","0","N","0","0","0","1","68T02","1","","3.0","","2","N","N","","0","","0","0","0","","0","N","0916","1","1","0","0","0","0","0","2","0","1","","","","N","","","","","","","","","",""
"2012108743","","2","0","0","0","0","0","0","0","0","4","0","","02","10","2012","3","40.447708","-79.938872","0641","11","0","0","0","0","0","1","1","0","2","0","0","0","06","","0","","2","","40 26:51.748","3","0","79 56:19.939","0","0","0","0","2301","0","0","0","N","0","0","0","2","02301","0","","1.0","","9","N","N","","0","","0","0","0","","2","N","0630","2","0","0","0","0","0","0","2","0","2","","","","N","","","","","","","","","",""
"2012109149","","1","0","0","0","0","0","0","0","0","8","0","","02","10","2012","4","40.441128","-79.957548","0704","11","0","0","0","0","0","1","0","0","1","0","0","0","07","","1","","2","","40 26:28.062","1","0","79 57:27.171","8","0","0","0","2301","1","0","0","N","1","0","0","2","02301","0","","1.0","","9","N","N","","0","","0","0","0","","2","Y","0704","2","1","0","0","0","1","0","2","0","1","","","","N","","","","","","","","","",""
"2012107991","","1","0","0","0","0","0","0","0","0","8","0","","02","10","2012","2","40.350109","-79.873361","0637","11","0","0","0","0","0","0","0","0","","0","0","0","06","","1","","2","","40 21:00.392","","0","79 52:24.098","8","0","0","0","2304","1","0","0","N","1","0","0","2","02304","0","","1.0","","9","N","N","","0","","0","0","0","","2","","0637","2","1","0","0","0","1","0","2","0","1","","","","N","","","","","","","","","",""
"2012108744","","1","0","0","0","0","0","0","0","0","7","0","","02","10","2012","4","40.442605","-79.958854","0157","11","0","0","0","0","0","0","0","0","2","0","0","0","01","","0","","0","","40 26:33.378","1","0","79 57:31.874","0","0","0","0","2301","0","0","0","N","0","0","0","1","02301","0","","2.0","","9","N","N","","0","","0","0","0","","0","N","0157","1","0","0","0","0","0","0","2","0","1","","","","N","","","","","","","","","",""
"2012109378","","0","0","0","0","0","0","0","0","0","7","0","","02","10","2012","6","40.573753","-80.092407","0017","11","0","0","0","0","0","0","0","0","1","0","0","0","00","","0","","0","","40 34:25.510","2","0","80 05:32.665","0","0","0","0","2481","0","0","0","Y","0","0","0","1","68B03","0","","4.0","","1","N","N","","0","","0","0","1","","0","N","0017","1","0","0","0","0","0","0","2","0","1","","","","N","","","","","","","","","",""
"2012109088","","1","0","0","0","0","0","0","0","0","0","0","","02","10","2012","4","40.45217","-80.054507","1930","11","0","0","0","0","0","1","0","0","2","0","0","0","19","","0","","0","","40 27:07.812","3","0","80 03:16.225","0","0","0","0","2301","0","0","0","N","0","0","0","1","02301","0","","1.0","","9","N","N","","0","","0","0","0","","0","N","1930","1","0","1","0","0","0","0","2","0","1","","","","N","","","","","","","","","",""
"2012108482","","1","0","0","0","0","0","0","0","0","4","0","","02","10","2012","7","40.344774","-79.961234","1920","11","0","1","0","0","0","1","0","0","1","0","0","0","19","","0","","1","","40 20:41.186","3","0","79 57:40.443","0","0","0","0","2473","0","0","0","N","0","0","0","4","02473","0","","1.0","","9","N","N","","0","","0","0","1","","0","N","1920","2","0","0","0","0","0","0","2","0","2","","","","N","","","","","","","","","",""
"2012109301","","2","0","0","0","0","0","0","0","0","4","0","","02","11","2012","5","40.430136","-80.008549","1327","11","0","0","0","0","0","0","0","0","","0","0","0","13","","0","","2","","40 25:48.489","","0","80 00:30.776","0","0","0","0","2301","0","0","0","N","0","0","0","3","02301","0","","1.0","","9","N","N","","0","","0","0","0","","3","","1325","2","0","0","0","0","0","0","2","0","2","","","","N","","","","","","","","","",""
"2012109379","","2","0","0","0","0","0","0","0","0","5","0","55","02","10","2012","6","40.425838","-79.899743","2312","11","0","0","0","0","0","0","0","0","1","0","0","0","23","","1","","0","","40 25:33.017","3","0","79 53:59.076","4","0","0","0","2301","0","0","0","N","0","0","0","8","68B03","1","","1.0","","1","N","N","","0","","0","0","1","","8","N","2312","4","1","0","0","0","0","0","2","1","4","","","N","Y","2","2","N","N","Y","Y","N","N","Y",""
"2012110601","","3","0","0","0","0","0","0","0","0","6","0","","02","11","2012","1","40.484911","-79.835952","0158","11","0","0","0","0","0","0","0","0","","0","0","0","01","","0","","0","","40 29:05.679","","0","79 50:09.427","0","0","0","0","2113","0","0","0","N","0","0","0","1","02113","0","","6.0","","1","N","N","","0","","0","0","0","","0","","0158","3","0","0","0","0","0","0","2","0","3","","","","N","","","","","","","","","",""
"2012108403","","2","0","0","0","0","0","0","0","0","1","0","","02","10","2012","3","40.428843","-79.982641","0737","11","0","0","0","0","0","1","0","0","1","0","0","0","07","","0","","0","","40 25:43.836","3","0","79 58:57.508","0","0","0","0","2301","0","0","0","N","0","0","0","6","02301","0","","1.0","","9","N","N","","0","","0","0","2","","0","N","0737","4","0","0","0","0","0","0","2","0","4","","","","N","","","","","","","","","",""
"2012109302","","1","0","0","0","0","0","0","0","0","1","0","","02","11","2012","5","40.352173","-79.977658","1307","11","0","0","0","0","1","1","0","0","","0","0","0","13","","2","","1","","40 21:07.821","","0","79 58:39.567","4","0","0","0","2476","0","0","0","N","0","0","0","3","02476","2","","1.0","","9","N","N","","0","","0","0","0","","2","","1307","2","2","0","0","0","0","0","2","1","2","","","","N","","","","","","","","","",""
"2012110101","","1","0","0","0","0","0","0","0","0","8","0","","02","11","2012","6","40.448304","-79.898589","2226","11","0","0","0","0","0","1","0","0","4","1","0","0","22","","0","","0","","40 26:53.895","6","0","79 53:54.919","1","0","0","0","2301","1","1","0","N","1","1","0","2","02301","0","2","1.0","","1","N","N","","0","0","0","0","0","","0","Y","2223","2","0","0","0","0","0","0","2","0","1","","","","N","","","","","","","","","",""
"2012108326","","1","0","0","0","0","0","0","0","0","2","0","","02","10","2012","5","40.570391","-79.895346","1427","11","0","0","0","0","0","0","1","0","","0","0","0","14","","1","","0","","40 34:13.406","","0","79 53:43.245","4","0","0","0","2209","0","0","0","N","0","0","0","2","02209","1","","1.0","","1","N","N","","0","","0","0","1","","0","","1425","2","1","0","0","0","0","0","1","0","2","","","","N","","","","","","","","","",""
"2012108338","","0","0","0","0","0","0","0","0","0","4","0","","02","10","2012","6","40.428975","-80.029122","1148","11","0","0","0","0","0","0","0","0","1","0","0","0","11","","1","","0","","40 25:44.311","3","0","80 01:44.840","8","0","0","0","2301","0","0","0","N","0","0","0","2","68B03","0","","1.0","","1","N","N","","0","","0","0","1","","0","N","1147","2","1","0","0","0","1","1","2","1","2","","","","N","","","","","","","","","",""
"2012110743","","1","0","0","0","0","0","0","0","0","4","0","","02","11","2012","2","40.450916","-79.943053","1239","11","0","0","0","0","0","0","0","0","","0","0","0","12","","0","","1","","40 27:03.297","","0","79 56:34.990","0","0","0","0","2301","0","0","0","N","0","0","0","2","02301","0","","1.0","","1","N","N","","0","","0","0","1","","2","","1239","2","0","0","0","0","0","0","2","0","2","","","","N","","","","","","","","","",""
"2012109232","","1","0","0","0","0","0","0","0","0","8","0","","02","11","2012","5","40.470831","-79.821309","0728","11","0","0","0","0","0","1","0","0","","0","0","0","07","","1","","2","","40 28:14.991","","0","79 49:16.713","4","0","0","0","2113","1","0","0","N","1","0","0","2","02113","1","","1.0","","9","N","N","","0","","0","0","0","","0","","0728","2","1","0","0","0","0","0","2","0","1","","","","N","","","","","","","","","",""
"2012109303","","2","0","0","0","0","0","0","0","0","4","0","","02","11","2012","5","40.440304","-80.007025","1335","11","0","0","0","0","0","1","0","1","","0","0","0","13","","0","","1","","40 26:25.095","","0","80 00:25.291","0","0","0","0","2301","0","0","0","N","0","0","0","3","02301","0","","1.0","","9","N","N","","0","","0","0","0","","2","","1335","2","0","0","0","0","0","0","2","0","2","","","","N","","","","","","","","","",""
"2012110102","","2","0","0","0","0","0","0","0","0","2","0","","02","11","2012","6","40.42859","-79.993298","2223","11","0","0","0","0","0","0","0","0","","0","0","0","22","","0","","0","","40 25:42.924","","0","79 59:35.874","0","0","0","0","2301","0","0","0","N","0","0","0","4","02301","0","","1.0","","9","N","N","","0","","0","0","0","","0","","2220","2","0","1","0","0","0","0","2","0","2","","","","N","","","","","","","","","",""
"2012108327","","2","0","0","0","0","0","0","0","0","1","0","","02","10","2012","2","40.366614","-80.014504","1631","11","0","0","0","0","0","1","0","0","1","0","0","0","16","","0","","1","","40 21:59.810","2","0","80 00:52.214","0","0","0","0","2416","0","0","0","N","0","0","0","2","02416","0","","1.0","","9","N","N","","0","","0","0","0","","2","N","1628","2","0","0","0","0","0","0","2","0","2","","","","N","","","","","","","","","",""
"2012109156","","1","0","0","0","0","0","0","0","0","7","0","","02","11","2012","5","40.449824","-80.01746","0301","11","0","0","0","0","0","0","0","0","2","0","0","0","03","","0","","2","","40 26:59.367","2","2","80 01:02.857","0","0","0","0","2301","0","0","0","N","0","0","0","1","02301","0","","3.0","","9","N","N","","0","","0","0","0","","0","N","0300","1","0","0","0","0","0","0","2","0","1","","","","N","","","","","","","","","",""
"2012109305","","1","0","0","0","0","0","0","0","0","7","0","","02","11","2012","5","40.477628","-79.96896","1250","11","0","0","0","0","0","0","0","0","1","0","0","0","12","","0","","0","","40 28:39.460","1","0","79 58:08.255","9","0","0","0","2445","0","0","0","N","0","0","0","1","02445","0","","2.0","","9","N","N","","0","","0","0","0","","0","N","1250","1","0","0","0","0","0","1","2","0","1","","","","N","","","","","","","","","",""
"2012110103","","2","0","0","0","0","0","0","0","0","4","0","","02","10","2012","6","40.348168","-79.947286","0954","11","0","0","0","0","0","1","1","0","2","0","0","0","09","","1","","1","","40 20:53.403","2","0","79 56:50.231","8","0","0","0","2473","0","0","0","N","0","0","0","3","02473","0","","1.0","","1","N","N","","0","","0","0","0","","2","Y","0954","2","1","0","0","0","1","0","2","0","2","","","","N","","","","","","","","","",""
"2012110732","","2","0","0","0","0","0","0","0","0","2","0","","02","11","2012","7","40.497759","-80.069733","1155","11","0","0","0","0","0","0","0","1","1","0","0","0","11","","0","","2","","40 29:51.933","1","0","80 04:11.038","0","0","0","0","2402","0","0","0","N","0","0","0","2","02402","0","","1.0","","1","N","N","","0","","0","0","0","","3","N","1155","2","0","0","0","0","0","0","2","0","2","","","","N","","","","","","","","","",""
"2012108549","","1","0","0","0","0","0","0","0","0","8","0","","02","10","2012","3","40.439811","-79.959355","1745","11","0","0","0","0","0","0","0","0","","0","0","0","17","","1","","1","","40 26:23.319","","99","79 57:33.678","4","0","0","0","2301","1","0","0","N","1","0","0","2","02301","1","","1.0","","9","N","N","","0","","0","0","0","","2","","1740","2","1","0","0","0","0","0","2","0","1","","","","N","","","","","","","","","",""
"2012110120","","1","0","0","0","0","0","0","0","0","7","0","","02","11","2012","7","40.495141","-79.955476","0149","11","0","0","0","0","0","0","0","0","2","0","0","0","99","","0","","0","","40 29:42.509","4","0","79 57:19.715","0","0","0","0","2118","0","0","0","N","0","0","0","1","02118","0","","5.0","","1","N","N","","0","","0","0","0","","0","N","9999","1","0","0","0","0","0","0","2","0","1","","","","N","","","","","","","","","",""
"2012108475","","1","0","0","0","0","0","0","0","0","4","0","","02","10","2012","3","40.448227","-79.986908","1514","11","0","0","0","0","0","0","0","0","","0","0","0","14","","0","","2","","40 26:53.617","","0","79 59:12.868","0","0","0","0","2301","0","0","0","N","0","0","0","3","02301","0","","1.0","","9","N","N","","0","","0","0","1","","2","","1430","2","0","0","0","0","0","0","2","0","2","","","","N","","","","","","","","","",""
"2012110607","","0","0","0","0","0","0","0","0","0","1","0","","02","7","2012","1","40.472308","-79.97298","0642","11","0","0","0","0","0","0","0","0","2","0","0","0","06","","2","","3","","40 28:20.308","2","2","79 58:22.729","4","0","0","0","2445","0","0","0","N","0","0","0","3","02445","2","","7.0","","1","N","N","","0","","0","0","2","","4","N","0636","2","2","0","0","0","0","0","2","0","2","","","","N","","","","","","","","","",""
"2012108409","","1","0","0","0","0","0","0","0","0","7","0","","02","10","2012","2","40.468775","-80.052183","0857","11","0","0","0","0","0","0","0","0","","0","0","0","08","","0","","0","","40 28:07.590","","0","80 03:07.860","0","0","0","0","2444","0","0","0","N","0","0","0","2","02444","0","","5.0","","9","N","N","","0","","0","0","0","","0","","0855","1","0","2","0","0","0","0","2","0","1","","","","N","","","","","","","","","",""
"2012108490","","2","0","0","0","0","0","0","0","0","1","0","","02","10","2012","3","40.2746","-79.89361","1600","11","0","0","0","0","0","0","0","0","2","0","0","0","16","","0","","3","","40 16:28.561","2","0","79 53:36.995","0","0","0","0","2471","0","0","0","N","0","0","0","6","02428","0","","1.0","","9","N","N","","0","","0","0","0","","0","N","1600","2","0","0","0","0","0","0","2","0","2","","","","N","","","","","","","","","",""
"2012110610","","2","0","0","0","0","0","0","0","0","1","0","","02","11","2012","1","40.458814","-79.892332","2246","11","0","0","0","0","0","0","0","0","","0","0","0","22","","3","","0","","40 27:31.730","","0","79 53:32.395","2","0","0","0","2301","0","0","0","N","0","0","0","3","02301","0","","1.0","","1","N","N","","0","","2","1","3","","0","","2246","6","3","3","0","1","0","0","2","1","6","","","","N","","","","","","","","","",""
"2012109326","","1","0","0","0","0","0","0","0","0","4","0","","02","11","2012","5","40.451508","-80.018919","1521","11","0","0","0","0","0","0","1","0","1","0","0","0","15","","1","","1","","40 27:05.428","4","0","80 01:08.107","3","0","0","0","2301","0","0","0","N","0","0","0","2","02301","0","","1.0","","9","N","N","","0","","1","0","1","","2","N","1520","2","1","0","0","0","0","0","2","0","2","","","","N","","","","","","","","","",""
"2012110191","","2","0","0","0","0","0","0","0","0","5","0","","02","11","2012","5","40.332422","-79.933883","0901","11","0","0","0","0","0","0","0","0","","0","0","0","09","","2","","1","","40 19:56.719","","0","79 56:01.978","4","0","0","0","2473","0","0","0","N","0","0","0","4","02473","2","","1.0","","9","N","N","","0","","0","0","0","","2","","0901","2","2","0","0","0","0","0","2","0","2","","","","N","","","","","","","","","",""
"2012108428","","0","0","0","0","0","0","0","0","0","7","0","","02","10","2012","3","40.278854","-79.875329","0650","11","0","0","0","0","0","0","0","0","","0","0","0","06","","0","","1","","40 16:43.875","","0","79 52:31.186","0","0","0","0","2105","0","0","0","N","0","0","0","1","02105","0","","2.0","","9","N","N","","1","","0","0","0","","2","","0650","1","0","0","0","0","0","0","1","0","1","","","","N","","","","","","","","","",""
"2012110114","","2","0","0","0","0","0","0","0","0","4","0","","02","11","2012","6","40.425348","-79.980875","0130","11","0","0","0","0","0","0","0","0","","0","0","0","01","","0","","0","","40 25:31.253","","0","79 58:51.150","0","0","0","0","2301","0","0","0","N","0","0","0","2","02301","0","","1.0","","9","N","N","","0","","0","0","0","","0","","0130","2","0","0","0","0","0","0","2","0","2","","","","N","","","","","","","","","",""
"2012110126","","0","0","0","0","0","0","0","0","0","99","0","","02","11","2012","7","40.448893","-80.018307","0320","11","0","0","0","0","0","0","0","0","2","0","0","0","03","","0","","6","","40 26:56.014","1","2","80 01:05.906","9","0","0","0","2301","0","0","0","N","0","0","0","1","02301","0","","9.0","","1","N","N","","0","","0","0","1","","0","N","0315","1","0","0","0","0","0","1","2","0","1","","","","N","","","","","","","","","",""
"2012109103","","1","0","0","0","0","0","0","0","0","7","0","","02","10","2012","3","40.622417","-80.070046","1522","11","0","0","0","0","0","0","0","0","2","0","0","0","15","","1","","2","","40 37:20.702","6","0","80 04:12.165","8","0","0","0","2216","0","0","0","N","0","0","0","1","02505","0","","3.0","","9","N","N","","0","","0","0","0","","2","N","1522","1","1","0","0","0","1","0","2","0","1","","","","N","","","","","","","","","",""
"2012108429","","1","0","0","0","0","0","0","0","0","4","1","","02","10","2012","3","40.342192","-79.851505","1021","11","0","0","0","0","0","0","1","0","","0","1","0","10","","0","","1","","40 20:31.891","","0","79 51:05.418","0","0","0","0","2304","0","0","0","N","0","0","0","2","02304","0","","1.0","","9","N","N","","0","","0","0","0","","3","","1015","2","0","0","0","0","0","0","2","0","2","","","","N","","","","","","","","","",""
"2012108430","","2","0","0","0","0","0","0","0","0","5","0","","02","10","2012","3","40.439476","-80.022135","1039","11","0","0","0","0","0","0","0","1","","0","0","0","10","","1","","0","","40 26:22.115","","0","80 01:19.687","4","0","0","0","2301","0","0","0","N","0","0","0","1","02301","1","","5.0","","9","N","N","","1","","0","0","0","","0","","1030","3","1","1","0","0","0","0","2","0","3","","","","N","","","","","","","","","",""
"2012109315","","1","0","0","0","0","0","0","0","0","1","0","","02","11","2012","5","40.409192","-79.99094","1433","11","0","0","0","0","0","2","0","0","","0","0","0","14","","2","","2","","40 24:33.091","","0","79 59:27.384","3","0","0","0","2301","1","0","0","N","1","0","0","3","02301","1","","1.0","","9","N","N","","0","","1","0","1","","0","","1433","3","2","0","0","0","0","0","2","0","2","","","","N","","","","","","","","","",""
"2012110116","","2","0","0","0","0","0","0","0","0","2","0","","02","11","2012","7","40.462284","-79.833954","0231","11","0","0","0","0","0","0","0","0","2","0","0","0","02","","2","","1","","40 27:44.223","5","0","79 50:02.236","3","0","0","0","2113","0","0","0","N","0","0","0","3","02113","1","","1.0","","1","N","N","","0","","1","0","0","","0","N","0230","2","2","1","0","0","0","0","2","0","2","","","","N","","","","","","","","","",""
"2012110806","","3","0","0","0","0","0","0","0","0","2","0","","02","11","2012","2","40.343943","-79.798758","1550","11","0","0","0","0","0","2","0","0","1","0","0","0","15","","1","","2","","40 20:38.193","5","0","79 47:55.529","8","0","0","0","2477","0","0","0","N","0","0","0","4","02477","0","","1.0","","1","N","N","","0","","0","0","0","","0","N","1550","3","1","0","0","0","1","0","2","0","3","","","","N","","","","","","","","","",""
"2012110194","","1","0","0","0","0","0","0","0","0","7","0","","02","11","2012","7","40.396969","-79.978887","0820","11","0","0","0","0","0","1","0","0","2","0","0","0","08","","0","","0","","40 23:49.088","3","0","79 58:43.992","0","0","0","0","2301","0","0","0","N","0","0","0","1","02301","0","","2.0","","9","N","N","","0","","0","0","0","","0","N","0820","1","0","0","0","0","0","0","2","0","1","","","","N","","","","","","","","","",""
"2012108497","","2","0","0","0","0","0","0","0","0","4","0","25","02","10","2012","2","40.609991","-80.053301","1416","11","0","0","0","0","0","1","0","0","1","0","0","0","14","","1","","1","","40 36:35.967","2","0","80 03:11.883","8","0","0","0","2108","0","0","0","N","0","0","0","3","02108","0","","1.0","","9","N","N","","0","","0","0","0","","2","N","1415","2","1","0","0","0","1","0","2","0","2","","","N","Y","8","1","N","N","N","N","N","Y","N",""
"2012109330","","1","0","0","0","0","0","0","0","0","1","0","","02","11","2012","5","40.337466","-79.808754","1547","11","0","0","0","0","0","2","0","0","","0","0","0","15","","1","","1","","40 20:14.876","","0","79 48:31.516","8","0","0","0","2477","0","0","0","N","0","0","0","2","02477","0","","1.0","","9","N","N","","0","","0","0","1","","2","","1547","2","1","0","0","0","1","0","2","0","2","","","","N","","","","","","","","","",""
"2012110129","","0","0","0","0","0","0","0","0","0","7","0","","02","10","2012","4","40.354827","-79.95625","1128","11","0","0","0","0","0","0","0","0","2","0","0","0","11","","1","","3","","40 21:17.378","5","0","79 57:22.500","8","0","0","0","2473","0","0","0","N","0","0","0","1","02473","0","","2.0","","9","N","N","","0","","0","0","0","","3","Y","1128","1","1","0","0","0","1","0","2","1","1","","","","N","","","","","","","","","",""
"2012110807","","1","0","0","0","0","0","1","0","0","4","1","","02","11","2012","2","40.451138","-80.037253","1544","11","0","0","0","0","1","1","0","0","2","0","0","0","15","","1","","0","","40 27:04.097","3","0","80 02:14.111","8","0","0","0","2301","0","0","0","N","0","0","0","3","02301","0","","1.0","","1","N","N","","0","","0","0","0","","0","N","1505","2","1","0","0","0","1","0","2","0","2","","","","N","","","","","","","","","",""
"2012108419","","0","0","0","0","0","0","0","0","0","8","0","","02","10","2012","3","40.374469","-80.073299","0746","11","0","0","0","0","0","0","0","0","2","0","0","0","07","","1","","1","","40 22:28.088","4","0","80 04:23.876","2","0","0","0","2109","1","0","1","N","1","0","1","3","02109","0","","1.0","","9","N","N","","0","","0","1","1","","2","N","0743","2","1","0","0","0","0","0","2","0","1","","","","N","","","","","","","","","",""
"2012108498","","0","0","0","0","0","0","0","0","0","7","0","","02","10","2012","3","40.42564","-80.100278","0051","11","0","0","0","0","0","0","0","0","1","0","0","0","00","","1","","0","","40 25:32.303","2","0","80 06:01.001","3","0","0","0","2115","0","0","0","N","0","0","0","1","02115","0","","4.0","","1","N","N","","1","","1","0","0","","0","N","0051","1","1","1","0","0","0","0","2","0","1","","","","N","","","","","","","","","",""
"2012110130","","1","0","0","0","0","0","0","0","0","7","0","","02","11","2012","7","40.448676","-79.899727","0210","11","0","0","0","0","0","0","0","0","","0","0","0","02","","0","","2","","40 26:55.234","","0","79 53:59.017","0","0","0","0","2301","0","0","0","N","0","0","0","1","02301","0","","1.0","","1","N","N","","0","","0","0","0","","7","","0204","1","0","0","0","0","0","0","2","0","1","","","","N","","","","","","","","","",""
"2012110196","","1","0","0","0","0","0","0","0","0","99","0","","02","11","2012","6","40.473234","-79.84821","1557","11","0","0","0","0","0","0","0","0","","0","0","0","15","","0","","2","","40 28:23.641","","0","79 50:53.556","0","0","0","0","2113","0","0","0","N","0","0","0","1","02113","0","","1.0","","9","N","N","","0","","0","0","0","","0","","1557","1","0","0","0","0","0","0","2","0","1","","","","N","","","","","","","","","",""
"2012109910","","1","0","0","0","0","0","0","0","0","1","0","","02","11","2012","6","40.454022","-79.97109","1613","11","0","0","0","0","0","1","0","0","","0","0","0","16","","1","","0","","40 27:14.478","","0","79 58:15.923","8","0","0","0","2301","0","0","0","N","0","0","0","3","02301","0","","1.0","","9","N","N","","1","","0","0","0","","0","","1610","2","1","3","0","0","1","2","2","0","2","","","","N","","","","","","","","","",""
"2012108420","","1","0","0","0","0","0","0","0","0","5","1","","02","10","2012","4","40.373004","-80.099262","1415","11","0","0","0","0","0","1","0","0","1","0","1","0","14","","0","","2","","40 22:22.815","3","0","80 05:57.344","0","0","0","0","2102","0","0","0","N","0","0","0","3","02102","0","","1.0","","1","N","N","","0","","0","0","0","","2","N","1413","2","0","0","0","0","0","0","2","0","2","","","","N","","","","","","","","","",""
"2012109171","","0","0","0","0","0","0","0","0","0","1","0","","02","10","2012","6","40.472308","-79.97298","0628","11","0","0","0","0","0","0","0","0","2","0","0","0","06","","1","","3","","40 28:20.308","2","2","79 58:22.729","3","0","0","0","2445","0","0","0","N","0","0","0","2","02445","0","","7.0","","1","N","N","","1","","1","0","1","","4","N","0627","2","1","0","0","0","0","0","2","0","2","","","","N","","","","","","","","","",""