"CRN","ARRIVAL_TM","AUTOMOBILE_COUNT","BELTED_DEATH_COUNT","BELTED_SUSP_SERIOUS_INJ_COUNT","BICYCLE_COUNT","BICYCLE_DEATH_COUNT","BICYCLE_SUSP_SERIOUS_INJ_COUNT","BUS_COUNT","CHLDPAS_DEATH_COUNT","CHLDPAS_SUSP_SERIOUS_INJ_COUNT","COLLISION_TYPE","COMM_VEH_COUNT","CONS_ZONE_SPD_LIM","COUNTY","CRASH_MONTH","CRASH_YEAR","DAY_OF_WEEK","DEC_LATITUDE","DEC_LONGITUDE","DISPATCH_TM","DISTRICT","DRIVER_COUNT_16YR","DRIVER_COUNT_17YR","DRIVER_COUNT_18YR","DRIVER_COUNT_19YR","DRIVER_COUNT_20YR","DRIVER_COUNT_50_64YR","DRIVER_COUNT_65_74YR","DRIVER_COUNT_75PLUS","EST_HRS_CLOSED","FATAL_COUNT","HEAVY_TRUCK_COUNT","HORSE_BUGGY_COUNT","HOUR_OF_DAY","ILLUMINATION","INJURY_COUNT","INTERSECTION_RELATED","INTERSECT_TYPE","LANE_CLOSED","LATITUDE","LN_CLOSE_DIR","LOCATION_TYPE","LONGITUDE","MAX_SEVERITY_LEVEL","MCYCLE_DEATH_COUNT","MCYCLE_SUSP_SERIOUS_INJ_COUNT","MOTORCYCLE_COUNT","MUNICIPALITY","NONMOTR_COUNT","NONMOTR_DEATH_COUNT","NONMOTR_SUSP_SERIOUS_INJ_COUNT","NTFY_HIWY_MAINT","PED_COUNT","PED_DEATH_COUNT","PED_SUSP_SERIOUS_INJ_COUNT","PERSON_COUNT","POLICE_AGCY","POSSIBLE_INJ_COUNT","RDWY_SURF_TYPE_CD","RELATION_TO_ROAD","ROADWAY_CLEARED","ROAD_CONDITION","SCH_BUS_IND","SCH_ZONE_IND","SECONDARY_CRASH","SMALL_TRUCK_COUNT","SPEC_JURIS_CD","SUSP_MINOR_INJ_COUNT","SUSP_SERIOUS_INJ_COUNT","SUV_COUNT","TCD_FUNC_CD","TCD_TYPE","TFC_DETOUR_IND","TIME_OF_DAY","TOTAL_UNITS","TOT_INJ_COUNT","UNBELTED_OCC_COUNT","UNB_DEATH_COUNT","UNB_SUSP_SERIOUS_INJ_COUNT","UNK_INJ_DEG_COUNT","UNK_INJ_PER_COUNT","URBAN_RURAL","VAN_COUNT","VEHICLE_COUNT","WEATHER1","WEATHER2","WORKERS_PRES","WORK_ZONE_IND","WORK_ZONE_LOC","WORK_ZONE_TYPE","WZ_CLOSE_DETOUR","WZ_FLAGGER","WZ_LAW_OFFCR_IND","WZ_LN_CLOSURE","WZ_MOVING","WZ_OTHER","WZ_SHLDER_MDN","WZ_WORKERS_INJ_KILLED"
"2012109499","","2","0","0","0","0","0","0","0","0","1","0","","02","11","2012","6","40.450561","-80.066051","0241","11","0","0","0","0","0","0","0","0","","0","0","0","02","","1","","0","","40 27:02.019","","0","80 03:57.783","4","0","0","0","2301","0","0","0","N","0","0","0","1","02301","1","","6.0","","1","N","N","","0","","0","0","1","","0","","0241","3","1","0","0","0","0","0","2","0","3","","","","N","","","","","","","","","",""
"2012110382","","1","0","0","0","0","0","0","0","0","7","0","","02","11","2012","7","40.397362","-79.875421","0302","11","0","0","0","0","0","0","0","0","2","0","0","0","03","","0","","0","","40 23:50.503","5","0","79 52:31.514","0","0","0","0","2473","0","0","0","N","0","0","0","1","02473","0","","5.0","","1","N","N","","0","","0","0","0","","0","Y","0302","1","0","0","0","0","0","0","2","0","1","","","","N","","","","","","","","","",""
"2012108053","","0","0","0","0","0","0","0","0","0","8","0","","02","10","2012","2","40.444011","-79.950159","1333","11","0","0","0","0","0","0","0","0","","0","0","0","13","","1","","2","","40 26:38.439","","0","79 57:00.573","4","0","0","0","2301","1","0","0","N","1","0","0","2","02301","1","","1.0","","9","N","N","","0","","0","0","1","","0","","1330","2","1","0","0","0","0","0","2","0","1","","","","N","","","","","","","","","",""
"2012110463","","2","0","0","0","0","0","0","0","0","4","0","","02","11","2012","7","40.520823","-80.025258","1505","11","1","0","0","0","0","0","0","1","","0","0","0","15","","0","","1","","40 31:14.962","","0","80 01:30.930","0","0","0","0","2474","0","0","0","N","0","0","0","2","02474","0","","1.0","","1","N","N","","0","","0","0","0","","2","","1505","2","0","0","0","0","0","0","2","0","2","","","","N","","","","","","","","","",""
"2012107988","","1","0","0","0","0","0","0","0","0","4","0","","02","10","2012","7","40.552189","-79.972621","1530","11","0","0","0","0","0","0","1","0","1","0","0","0","99","","2","","0","","40 33:07.881","2","0","79 58:21.435","8","0","0","0","2118","0","0","0","N","0","0","0","2","02118","0","","1.0","","9","N","N","","1","","0","0","0","","0","N","9999","2","2","0","0","0","2","0","2","0","2","","","","N","","","","","","","","","",""
"2012109501","","1","0","0","0","0","0","0","0","0","7","0","","02","11","2012","6","40.43963","-79.898384","0257","11","0","0","0","0","0","0","0","0","2","0","0","0","02","","0","","0","","40 26:22.668","4","0","79 53:54.184","0","0","0","0","2301","0","0","0","N","0","0","0","2","02301","0","","4.0","","1","N","N","","0","","0","0","0","","0","N","0257","1","0","0","0","0","0","0","2","0","1","","","","N","","","","","","","","","",""
"2012108814","","0","0","0","0","0","0","0","0","0","7","0","","02","10","2012","7","40.523567","-79.818996","1555","11","0","0","0","0","1","0","0","0","","0","0","0","15","","2","","0","","40 31:24.840","","0","79 49:08.387","2","0","0","0","2466","0","0","0","N","0","0","0","2","68T02","1","","2.0","","9","N","N","","1","","0","1","0","","0","","1555","1","2","2","0","1","0","0","2","0","1","","","","N","","","","","","","","","",""
"2012109576","","3","0","0","0","0","0","0","0","0","1","0","","02","11","2012","6","40.382986","-79.857411","0700","11","0","0","0","0","0","2","0","0","1","0","0","0","07","","0","","1","","40 22:58.749","1","0","79 51:26.678","0","0","0","0","2303","0","0","0","N","0","0","0","5","02303","0","","1.0","","1","N","N","","0","","0","0","0","","2","N","0700","4","0","0","0","0","0","0","2","1","4","","","","N","","","","","","","","","",""
"2012110386","","2","0","0","0","0","0","0","0","0","2","0","","02","11","2012","7","40.438067","-79.922993","0701","11","0","0","0","0","0","0","0","0","2","0","0","0","06","","2","","1","","40 26:17.041","3","0","79 55:22.774","4","0","0","0","2301","0","0","0","N","0","0","0","2","02301","2","","1.0","","1","N","N","","0","","0","0","0","","2","N","0659","2","2","1","0","0","0","0","2","0","2","","","","N","","","","","","","","","",""
"2012106024","","2","0","0","0","0","0","0","0","0","5","0","","02","10","2012","2","40.364531","-80.062473","2114","11","0","0","0","0","0","0","0","1","2","0","0","0","21","","1","","0","","40 21:52.311","1","0","80 03:44.902","8","0","0","0","2109","0","0","0","N","0","0","0","1","02109","0","","1.0","","1","N","N","","0","","0","0","1","","0","N","2114","3","1","1","0","0","1","0","2","0","3","","","","N","","","","","","","","","",""
"2012108893","","1","0","0","0","0","0","0","0","0","7","0","","02","10","2012","4","40.450641","-79.994478","1153","11","0","0","0","0","0","0","0","0","","0","0","0","11","","1","","3","","40 27:02.309","","8","79 59:40.119","8","0","0","0","2301","0","0","0","N","0","0","0","1","02301","0","","2.0","","9","N","N","","0","","0","0","0","","0","","1150","1","1","0","0","0","1","0","2","0","1","","","","N","","","","","","","","","",""
"2012110466","","1","0","0","0","0","0","0","0","0","1","0","","02","10","2012","2","40.597451","-79.947637","1602","11","0","1","0","0","0","0","0","1","1","0","0","0","16","","0","","2","","40 35:50.825","2","0","79 56:51.494","0","0","0","0","2207","0","0","0","N","0","0","0","3","02207","0","","1.0","","9","N","N","","0","","0","0","1","","0","N","1600","2","0","1","0","0","0","0","2","0","2","","","","N","","","","","","","","","",""
"2012108268","","0","0","0","0","0","0","1","0","0","8","0","","02","10","2012","2","40.43939","-79.999178","1635","11","0","0","0","0","0","0","1","0","","0","0","0","16","","1","","1","","40 26:21.804","","0","79 59:57.040","8","0","0","0","2301","1","0","0","N","1","0","0","2","02301","0","","1.0","","9","Y","N","","0","","0","0","0","","2","","1630","2","1","0","0","0","1","0","2","0","1","","","","N","","","","","","","","","",""
"2012110388","","3","0","0","0","0","0","0","0","0","1","0","99","02","11","2012","7","40.604455","-79.757236","2023","11","0","0","0","0","2","0","0","1","2","0","0","0","20","","0","","1","","40 36:16.039","2","0","79 45:26.050","0","0","0","0","2464","0","0","0","N","0","0","0","4","02464","0","","1.0","","1","N","N","","0","","0","0","0","","3","N","2022","3","0","0","0","0","0","0","2","0","3","","","N","Y","1","1","","","N","","","","",""
"2012108269","","0","0","0","0","0","0","0","0","0","8","0","","02","10","2012","2","40.441392","-79.997771","1807","11","0","0","0","0","0","0","0","0","","0","0","0","18","","1","","1","","40 26:29.011","","0","79 59:51.975","3","0","0","0","2301","1","0","0","","1","0","0","2","02301","0","","1.0","","9","","","","0","","1","0","1","","2","","1805","2","1","0","0","0","0","0","2","0","1","","","","N","","","","","","","","","",""
"2012109438","","2","0","0","0","0","0","0","0","0","4","0","","02","10","2012","3","40.664962","-80.100901","1723","11","0","0","0","0","0","0","0","0","2","0","0","0","17","","0","","2","","40 39:53.863","5","0","80 06:03.243","0","0","0","0","2212","0","0","0","N","0","0","0","2","02505","0","","1.0","","9","N","N","","0","","0","0","0","","3","N","1723","2","0","0","0","0","0","0","2","0","2","","","","N","","","","","","","","","",""
"2012108882","","1","0","0","0","0","0","0","0","0","1","0","","02","10","2012","7","40.529094","-80.035112","1023","11","0","0","0","0","0","1","0","0","","0","0","0","10","","1","","0","","40 31:44.740","","0","80 02:06.402","8","0","0","0","2116","0","0","0","N","0","0","0","2","02116","0","","1.0","","1","N","N","","0","","0","0","1","","2","","1021","2","1","0","0","0","1","0","2","0","2","","","","N","","","","","","","","","",""
"2012108682","","2","0","0","0","0","0","0","0","0","6","0","","02","10","2012","3","40.540518","-79.813823","1840","11","0","0","0","0","0","1","0","0","1","0","0","0","18","","0","","2","","40 32:25.865","3","0","79 48:49.763","0","0","0","0","2208","0","0","0","N","0","0","0","2","02208","0","","1.0","","9","N","N","","0","","0","0","0","","3","Y","1840","2","0","0","0","0","0","0","2","0","2","","","","N","","","","","","","","","",""
"2012108005","","2","0","0","0","0","0","0","0","0","1","0","","02","10","2012","2","40.429686","-80.024619","0921","11","0","0","0","0","0","0","0","0","","0","0","0","09","","1","","0","","40 25:46.870","","0","80 01:28.629","4","0","0","0","2301","0","0","0","N","0","0","0","2","02301","1","","1.0","","9","N","N","","0","","0","0","0","","0","","0921","2","1","0","0","0","0","0","2","0","2","","","","N","","","","","","","","","",""
"2012109580","","3","0","0","0","0","0","0","0","0","1","0","","02","10","2012","3","40.494959","-80.065598","1730","11","0","0","0","0","0","0","0","0","","0","0","0","17","","0","","0","","40 29:41.851","","0","80 03:56.151","0","0","0","0","2402","0","0","0","N","0","0","0","6","02402","0","","1.0","","9","N","N","","0","","0","0","0","","0","","1730","3","0","0","0","0","0","0","2","0","3","","","","N","","","","","","","","","",""
"2012108747","","1","0","0","0","0","0","0","0","0","7","0","","02","10","2012","1","40.414613","-79.802229","0630","11","0","0","0","0","0","0","0","0","","0","0","0","06","","1","","0","","40 24:52.606","","0","79 48:08.024","3","0","0","0","2446","0","0","0","N","0","0","0","1","02446","0","","2.0","","9","N","N","","0","","1","0","0","","0","","0630","1","1","0","0","0","0","0","2","0","1","","","","N","","","","","","","","","",""
"2012108006","","2","0","0","0","0","0","0","0","0","2","0","","02","10","2012","2","40.427499","-79.751215","0718","11","0","0","0","0","0","1","1","0","","0","0","0","07","","1","","2","","40 25:38.996","","0","79 45:04.374","8","0","0","0","2446","0","0","0","N","0","0","0","2","02446","0","","1.0","","9","N","N","","0","","0","0","0","","2","","0718","2","1","0","0","0","1","0","2","0","2","","","","N","","","","","","","","","",""
"2012108897","","2","0","0","0","0","0","0","0","0","1","0","","02","10","2012","4","40.352173","-79.977658","0658","11","0","0","0","0","0","0","0","0","","0","0","0","06","","0","","1","","40 21:07.821","","0","79 58:39.567","0","0","0","0","2476","0","0","0","N","0","0","0","2","02476","0","","1.0","","9","N","N","","0","","0","0","0","","2","","0658","2","0","0","0","0","0","0","2","0","2","","","","N","","","","","","","","","",""
"2012108272","","1","0","0","0","0","0","0","0","0","2","0","","02","10","2012","2","40.36607","-80.107151","1735","11","0","0","0","0","0","0","0","0","","0","0","0","17","","0","","0","","40 21:57.852","","7","80 06:25.742","0","0","0","0","2102","0","0","0","N","0","0","0","2","02102","0","","1.0","","9","N","N","","1","","0","0","0","","2","","1729","2","0","0","0","0","0","0","2","0","2","","","","N","","","","","","","","","",""
"2012108684","","2","0","0","0","0","0","0","0","0","2","0","","02","10","2012","5","40.513762","-80.156181","1755","11","0","0","0","0","0","0","0","0","","0","0","0","17","","0","","1","","40 30:49.543","","0","80 09:22.252","0","0","0","0","2420","0","0","0","N","0","0","0","3","02420","0","","1.0","","1","N","N","","0","","0","0","0","","2","","1755","2","0","0","0","0","0","0","2","0","2","","","","N","","","","","","","","","",""
"2012108076","","1","0","0","0","0","0","0","0","0","1","0","","02","10","2012","2","40.373465","-80.091355","0710","11","0","0","0","0","0","0","0","0","","0","0","0","07","","0","","0","","40 22:24.474","","0","80 05:28.878","0","0","0","0","2117","0","0","0","N","0","0","0","2","02117","0","","1.0","","9","N","N","","0","","0","0","1","","0","","0708","2","0","0","0","0","0","0","2","0","2","","","","N","","","","","","","","","",""
"2012109521","","1","0","0","0","0","0","0","0","0","7","0","","02","10","2012","6","40.548564","-80.085453","1219","11","0","0","0","0","0","0","0","0","","0","0","0","12","","0","","0","","40 32:54.830","","0","80 05:07.631","0","0","0","0","2215","0","0","0","N","0","0","0","1","68B03","0","","2.0","","1","N","N","","0","","0","0","0","","0","","1218","1","0","0","0","0","0","0","2","0","1","","","","N","","","","","","","","","",""
"2012108077","","2","0","0","0","0","0","0","0","0","4","0","","02","10","2012","6","40.378346","-79.804123","1115","11","0","0","0","0","0","0","1","0","2","0","0","0","11","","1","","2","","40 22:42.044","3","0","79 48:14.841","8","0","0","0","2111","0","0","0","N","0","0","0","2","02111","0","","1.0","","1","N","N","","0","","0","0","0","","0","Y","1114","2","1","0","0","0","1","0","2","0","2","","","","N","","","","","","","","","",""
"2012108275","","2","0","0","0","0","0","0","0","0","1","0","","02","10","2012","4","40.374824","-80.115186","1655","11","0","0","0","0","0","2","0","1","","0","0","0","16","","0","","5","","40 22:29.366","","0","80 06:54.668","0","0","0","0","2102","0","0","0","N","0","0","0","3","02102","0","","1.0","","1","N","N","","1","","0","0","0","","2","","1655","3","0","0","0","0","0","0","2","0","3","","","","N","","","","","","","","","",""
"2012107997","","3","0","0","0","0","0","0","0","0","1","0","99","02","10","2012","5","40.399645","-80.04442","1228","11","0","0","0","0","0","1","0","0","4","0","0","0","12","","2","","1","","40 23:58.722","2","0","80 02:39.912","8","0","0","0","2301","0","0","0","N","0","0","0","3","02301","0","","1.0","","1","N","N","","0","","0","0","0","","2","N","1220","3","2","0","0","0","2","0","2","0","3","","","Y","Y","4","1","","","N","Y","","","",""
"2012108751","","0","0","0","0","0","0","0","0","0","7","0","","02","10","2012","4","40.391779","-79.93355","0129","11","0","0","0","0","0","0","0","0","2","0","0","0","01","","0","","0","","40 23:30.405","1","2","79 56:00.779","9","0","0","0","2301","0","0","0","N","0","0","0","1","02301","0","","5.0","","9","N","N","","0","","0","0","1","","4","Y","0128","1","0","0","0","0","0","1","2","0","1","","","","N","","","","","","","","","",""
"2012109522","","0","0","0","0","0","0","0","0","0","7","0","","02","10","2012","7","40.453289","-80.178611","2313","11","0","0","0","0","0","1","0","0","","0","0","0","23","","1","","0","","40 27:11.842","","0","80 10:42.999","8","0","0","0","2214","0","0","0","N","0","0","0","1","68B03","0","","3.0","","1","N","N","","0","","0","0","1","","0","","2312","1","1","0","0","0","1","0","2","0","1","","","","N","","","","","","","","","",""
"2012108078","","0","0","0","0","0","0","0","0","0","7","0","","02","10","2012","2","40.46339","-79.917517","1610","11","0","0","0","0","0","1","0","0","1","0","0","0","16","","0","","5","","40 27:48.204","3","0","79 55:03.061","0","0","0","0","2301","0","0","0","N","0","0","0","1","02301","0","","5.0","","9","N","N","","0","","0","0","1","","2","N","1605","1","0","0","0","0","0","0","2","0","1","","","","N","","","","","","","","","",""
"2012109584","","3","0","0","0","0","0","0","0","0","1","0","","02","11","2012","6","40.364858","-80.062204","0756","11","0","0","0","0","0","2","0","0","2","0","0","0","07","","1","","0","","40 21:53.488","4","0","80 03:43.934","8","0","0","0","2109","0","0","0","N","0","0","0","3","02109","0","","1.0","","1","N","N","","0","","0","0","0","","0","Y","0756","3","1","0","0","0","1","0","2","0","3","","","","N","","","","","","","","","",""
"2012110475","","0","0","0","0","0","0","0","0","0","7","0","","02","10","2012","2","40.372503","-79.776498","1747","11","0","0","0","0","0","0","0","0","2","0","0","0","17","","1","","0","","40 22:21.011","5","0","79 46:35.394","4","0","0","0","2111","0","0","0","N","0","0","0","1","02111","1","","4.0","","9","N","N","","1","","0","0","0","","0","Y","1745","1","1","0","0","0","0","0","2","0","1","","","","N","","","","","","","","","",""
"2012108687","","0","0","0","0","0","0","0","0","0","7","0","","02","10","2012","3","40.439699","-79.99769","1815","11","0","0","0","0","0","0","0","0","","0","0","0","18","","0","","3","","40 26:22.916","","0","79 59:51.684","0","0","0","0","2301","0","0","0","N","0","0","0","1","02301","0","","4.0","","1","N","N","","0","","0","0","1","","0","","1800","2","0","0","0","0","0","0","2","0","1","","","","N","","","","","","","","","",""
"2012107998","","0","0","0","0","0","0","0","0","0","4","0","","02","10","2012","2","40.497668","-79.869598","0805","11","0","0","0","0","0","0","0","0","","0","0","0","08","","0","","0","","40 29:51.604","","0","79 52:10.552","0","0","0","0","2112","0","0","0","N","0","0","0","2","02112","0","","1.0","","9","N","N","","0","","0","0","1","","0","","0805","2","0","0","0","0","0","0","2","1","2","","","","N","","","","","","","","","",""
"2012109523","","0","0","0","0","0","0","0","0","0","7","0","","02","10","2012","2","40.426107","-79.896679","2217","11","0","0","0","0","0","0","0","0","1","0","0","0","22","","0","","0","","40 25:33.984","4","0","79 53:48.045","0","0","0","0","2301","0","0","0","N","0","0","0","1","68B03","0","","2.0","","9","N","N","","0","","0","0","1","","0","N","2215","1","0","0","0","0","0","0","2","0","1","","","","N","","","","","","","","","",""
"2012110407","","1","0","0","0","0","0","0","0","0","2","0","","02","11","2012","7","40.438023","-79.913084","2354","11","0","1","0","0","0","0","0","0","1","0","0","0","23","","2","","1","","40 26:16.882","7","0","79 54:47.102","4","0","0","0","2301","0","0","0","N","0","0","0","3","02301","2","","1.0","","1","N","N","","0","","0","0","1","","2","Y","2353","2","2","0","0","0","0","0","2","0","2","","","","N","","","","","","","","","",""
"2012109524","","1","0","0","0","0","0","0","0","0","1","0","","02","10","2012","3","40.440928","-80.15685","1743","11","0","0","0","0","0","0","0","0","1","0","0","0","17","","0","","0","","40 26:27.340","3","0","80 09:24.660","0","0","0","0","2115","0","0","0","N","0","0","0","2","68B03","0","","1.0","","9","N","N","","0","","0","0","1","","0","N","1738","2","0","0","0","0","0","0","2","0","2","","","","N","","","","","","","","","",""
"2012109587","","1","0","0","0","0","0","0","0","0","5","1","","02","11","2012","6","40.457254","-80.03031","0952","11","0","0","0","0","0","0","0","0","1","0","1","0","09","","0","","2","","40 27:26.114","2","0","80 01:49.116","0","0","0","0","2301","0","0","0","N","0","0","0","2","02301","0","","1.0","","1","N","N","","0","","0","0","0","","3","N","0945","2","0","0","0","0","0","0","2","0","2","","","","N","","","","","","","","","",""
"2012108890","","0","0","0","0","0","0","0","0","0","7","0","","02","10","2012","4","40.459017","-79.817216","1208","11","0","1","0","0","0","0","0","0","3","0","0","0","12","","0","","2","","40 27:32.460","5","0","79 49:01.976","0","0","0","0","2113","0","0","0","N","0","0","0","1","02113","0","","5.0","","9","N","N","","1","","0","0","0","","0","Y","1205","1","0","0","0","0","0","0","2","0","1","","","","N","","","","","","","","","",""
"2012110408","","0","0","0","0","0","0","0","0","0","2","0","","02","10","2012","4","40.5034","-80.025118","0557","11","0","0","0","0","0","0","1","0","1","0","0","0","05","","1","","1","","40 30:12.241","2","0","80 01:30.426","4","0","0","0","2116","0","0","0","N","0","0","0","2","02116","1","","1.0","","1","N","N","","0","","0","0","2","","2","N","0555","2","1","0","0","0","0","0","2","0","2","","","","N","","","","","","","","","",""
"2012108903","","0","0","0","0","0","0","0","0","0","4","0","","02","10","2012","4","40.496131","-79.976872","0915","11","0","0","0","0","0","1","0","0","","0","0","0","99","","0","","1","","40 29:46.072","","0","79 58:36.740","0","0","0","0","2118","0","0","0","N","0","0","0","2","02118","0","","1.0","","1","N","N","","0","","0","0","1","","3","","9999","2","0","0","0","0","0","0","2","1","2","","","","N","","","","","","","","","",""
"2012110477","","1","0","0","0","0","0","0","0","0","7","0","","02","11","2012","6","40.401618","-80.042375","1644","11","0","0","0","0","0","0","1","0","","0","0","0","16","","0","","0","","40 24:05.826","","7","80 02:32.551","0","0","0","0","2301","0","0","0","N","0","0","0","1","02301","0","","5.0","","1","N","N","","0","","0","0","0","","0","","1644","1","0","0","0","0","0","0","2","0","1","","","","N","","","","","","","","","",""
"2012108278","","2","0","0","0","0","0","0","0","0","4","0","","02","10","2012","2","40.443128","-80.067538","1737","11","0","0","0","0","0","1","0","1","","0","0","0","17","","0","","1","","40 26:35.260","","0","80 04:03.136","0","0","0","0","2439","0","0","0","N","0","0","0","3","02439","0","","1.0","","9","N","N","","0","","0","0","1","","0","","1735","3","0","0","0","0","0","0","2","0","3","","","","N","","","","","","","","","",""
"2012109446","","0","0","0","0","0","0","0","0","0","1","0","","02","11","2012","5","40.617082","-80.089444","1658","11","0","0","0","0","0","1","1","0","","0","0","0","16","","0","","2","","40 37:01.494","","0","80 05:21.998","0","0","0","0","2212","0","0","0","N","0","0","0","2","02505","0","","1.0","","9","N","N","","0","","0","0","1","","2","","1658","2","0","0","0","0","0","0","2","1","2","","","","N","","","","","","","","","",""
"2012108012","","1","0","0","0","0","0","0","0","0","0","0","","02","10","2012","2","","","0820","11","0","0","0","0","0","0","0","0","1","0","0","0","08","","0","","0","","","5","0","","0","0","0","0","2113","0","0","0","N","0","0","0","1","02113","0","","1.0","","9","N","N","","0","","0","0","0","","0","Y","0820","1","0","0","0","0","0","0","1","0","1","","","","N","","","","","","","","","",""
"2012110410","","0","0","0","0","0","0","0","0","0","7","0","","02","11","2012","1","40.418754","-79.971948","0232","11","0","0","0","0","0","0","0","0","3","0","0","0","02","","0","","0","","40 25:07.514","6","0","79 58:19.012","9","0","0","0","2301","0","0","0","N","0","0","0","1","02301","0","","5.0","","1","N","N","","1","","0","0","0","","0","Y","0232","1","0","0","0","0","0","1","2","0","1","","","","N","","","","","","","","","",""
"2012109461","","1","0","0","0","0","0","0","0","0","7","0","","02","11","2012","5","40.559103","-79.969046","1613","11","0","0","1","0","0","0","0","0","","0","0","0","16","","0","","2","","40 33:32.769","","0","79 58:08.564","0","0","0","0","2207","0","0","0","N","0","0","0","1","02207","0","","5.0","","9","N","N","","0","","0","0","0","","0","","1613","1","0","0","0","0","0","0","2","0","1","","","","N","","","","","","","","","",""
"2012106772","","0","0","0","0","0","0","0","0","0","7","0","","02","10","2012","5","40.624556","-79.651486","0804","11","0","0","0","0","0","0","0","0","4","0","0","0","08","","1","","0","","40 37:28.400","6","0","79 39:05.350","4","0","0","0","2301","0","0","0","N","0","0","0","1","02301","1","","2.0","","1","N","N","","0","","0","0","0","","0","Y","0800","1","1","1","0","0","0","0","1","1","1","","","","N","","","","","","","","","",""
"2012108691","","0","0","0","0","0","0","0","0","0","99","0","","02","10","2012","3","40.366666","-79.842211","1950","11","0","0","0","0","0","0","0","0","3","0","0","0","19","","0","","0","","40 21:59.996","5","0","79 50:31.958","0","0","0","0","2473","0","0","0","Y","0","0","0","1","02473","0","","1.0","","3","N","N","","1","","0","0","0","","0","Y","1950","1","0","0","0","0","0","0","2","0","1","","","","N","","","","","","","","","",""
"2012108014","","1","0","0","0","0","0","0","0","0","7","0","","02","10","2012","2","40.47517","-79.931878","0843","11","0","0","0","0","0","1","0","0","","0","0","0","08","","0","","3","","40 28:30.612","","0","79 55:54.760","0","0","0","0","2301","0","0","0","N","0","0","0","1","02301","0","","1.0","","9","N","N","","0","","0","0","0","","0","","0843","1","0","0","0","0","0","0","2","0","1","","","","N","","","","","","","","","",""
"2012108084","","1","0","0","0","0","0","0","0","0","7","0","","02","10","2012","5","40.382724","-79.857824","0307","11","0","0","0","0","0","0","0","0","","0","0","0","03","","0","","0","","40 22:57.806","","0","79 51:28.166","0","0","0","0","2303","0","0","0","N","0","0","0","2","02303","0","","4.0","","1","N","N","","0","","0","0","0","","0","","0307","1","0","0","0","0","0","0","2","0","1","","","","N","","","","","","","","","",""
"2012109590","","1","0","0","0","0","0","0","0","0","1","0","","02","11","2012","6","40.478831","-80.043122","1003","11","0","0","0","0","0","0","0","0","1","0","0","0","10","","1","","1","","40 28:43.792","2","0","80 02:35.239","4","0","0","0","2301","0","0","0","N","0","0","0","2","02301","1","","1.0","","1","N","N","","0","","0","0","1","","2","Y","1003","2","1","0","0","0","0","0","2","0","2","","","","N","","","","","","","","","",""
"2012110412","","2","0","0","0","0","0","0","0","0","4","0","","02","11","2012","1","40.459957","-79.912411","0320","11","0","0","0","0","0","0","0","0","","0","0","0","03","","0","","1","","40 27:35.845","","0","79 54:44.679","0","0","0","0","2301","0","0","0","N","0","0","0","3","02301","0","","1.0","","1","N","N","","0","","0","0","0","","3","","0320","2","0","2","0","0","0","0","2","0","2","","","","N","","","","","","","","","",""
"2012108769","","0","0","0","0","0","0","0","0","0","99","0","","02","10","2012","1","40.428535","-79.935579","1936","11","0","0","0","0","0","0","1","0","","0","0","0","19","","0","","0","","40 25:42.725","","0","79 56:08.084","0","0","0","0","2301","0","0","0","N","0","0","0","2","68B03","0","","1.0","","9","N","N","","1","","0","0","0","","0","","1930","1","0","0","0","0","0","0","2","0","1","","","","N","","","","","","","","","",""
"2012108085","","0","0","0","0","0","0","0","0","0","4","1","","02","10","2012","2","40.412831","-80.010184","1430","11","0","0","0","0","0","0","0","0","1","0","1","0","14","","3","","2","","40 24:46.193","4","0","80 00:36.663","2","0","0","0","2301","0","0","0","N","0","0","0","4","02301","1","","1.0","","9","N","N","","0","","0","1","0","","2","Y","1425","2","3","2","0","1","1","0","2","1","2","","","","N","","","","","","","","","",""
"2012110481","","1","0","0","0","0","0","0","0","0","1","1","","02","11","2012","5","40.443636","-80.00402","0648","11","0","0","0","0","0","0","0","0","1","0","1","0","06","","1","","0","","40 26:37.089","3","0","80 00:14.472","8","0","0","0","2301","0","0","0","N","0","0","0","2","02301","0","","1.0","","1","N","N","","0","","0","0","0","","0","Y","0645","2","1","0","0","0","1","0","2","0","2","","","","N","","","","","","","","","",""
"2012109464","","0","0","0","0","0","0","0","0","0","7","0","","02","9","2012","2","40.386539","-80.088746","1335","11","0","0","0","1","0","0","0","0","1","0","0","0","13","","1","","2","","40 23:11.539","3","0","80 05:19.486","8","0","0","0","2117","0","0","0","N","0","0","0","1","02117","0","","5.0","","1","N","N","","1","","0","0","0","","2","N","1335","1","1","0","0","0","1","0","2","0","1","","","","N","","","","","","","","","",""
"2012108016","","0","0","0","0","0","0","0","0","0","7","0","","02","10","2012","5","40.560472","-80.172106","2230","11","0","0","0","0","0","0","0","0","1","0","0","0","22","","0","","0","","40 33:37.698","2","0","80 10:19.583","0","0","0","0","2459","0","0","0","N","0","0","0","1","02459","0","","2.0","","1","N","N","","0","","0","0","1","","0","N","2225","1","0","0","0","0","0","0","1","0","1","","","","N","","","","","","","","","",""
"2012110401","","1","0","0","0","0","0","0","0","0","7","0","","02","11","2012","7","40.425511","-80.031386","0121","11","0","0","0","0","0","0","0","0","","0","0","0","01","","1","","2","","40 25:31.839","","2","80 01:52.990","4","0","0","0","2301","0","0","0","Y","0","0","0","1","02301","1","","5.0","","1","N","N","","0","","0","0","0","","0","","0113","1","1","0","0","0","0","0","2","0","1","","","","N","","","","","","","","","",""