"CRN","ARRIVAL_TM","AUTOMOBILE_COUNT","BELTED_DEATH_COUNT","BELTED_SUSP_SERIOUS_INJ_COUNT","BICYCLE_COUNT","BICYCLE_DEATH_COUNT","BICYCLE_SUSP_SERIOUS_INJ_COUNT","BUS_COUNT","CHLDPAS_DEATH_COUNT","CHLDPAS_SUSP_SERIOUS_INJ_COUNT","COLLISION_TYPE","COMM_VEH_COUNT","CONS_ZONE_SPD_LIM","COUNTY","CRASH_MONTH","CRASH_YEAR","DAY_OF_WEEK","DEC_LATITUDE","DEC_LONGITUDE","DISPATCH_TM","DISTRICT","DRIVER_COUNT_16YR","DRIVER_COUNT_17YR","DRIVER_COUNT_18YR","DRIVER_COUNT_19YR","DRIVER_COUNT_20YR","DRIVER_COUNT_50_64YR","DRIVER_COUNT_65_74YR","DRIVER_COUNT_75PLUS","EST_HRS_CLOSED","FATAL_COUNT","HEAVY_TRUCK_COUNT","HORSE_BUGGY_COUNT","HOUR_OF_DAY","ILLUMINATION","INJURY_COUNT","INTERSECTION_RELATED","INTERSECT_TYPE","LANE_CLOSED","LATITUDE","LN_CLOSE_DIR","LOCATION_TYPE","LONGITUDE","MAX_SEVERITY_LEVEL","MCYCLE_DEATH_COUNT","MCYCLE_SUSP_SERIOUS_INJ_COUNT","MOTORCYCLE_COUNT","MUNICIPALITY","NONMOTR_COUNT","NONMOTR_DEATH_COUNT","NONMOTR_SUSP_SERIOUS_INJ_COUNT","NTFY_HIWY_MAINT","PED_COUNT","PED_DEATH_COUNT","PED_SUSP_SERIOUS_INJ_COUNT","PERSON_COUNT","POLICE_AGCY","POSSIBLE_INJ_COUNT","RDWY_SURF_TYPE_CD","RELATION_TO_ROAD","ROADWAY_CLEARED","ROAD_CONDITION","SCH_BUS_IND","SCH_ZONE_IND","SECONDARY_CRASH","SMALL_TRUCK_COUNT","SPEC_JURIS_CD","SUSP_MINOR_INJ_COUNT","SUSP_SERIOUS_INJ_COUNT","SUV_COUNT","TCD_FUNC_CD","TCD_TYPE","TFC_DETOUR_IND","TIME_OF_DAY","TOTAL_UNITS","TOT_INJ_COUNT","UNBELTED_OCC_COUNT","UNB_DEATH_COUNT","UNB_SUSP_SERIOUS_INJ_COUNT","UNK_INJ_DEG_COUNT","UNK_INJ_PER_COUNT","URBAN_RURAL","VAN_COUNT","VEHICLE_COUNT","WEATHER1","WEATHER2","WORKERS_PRES","WORK_ZONE_IND","WORK_ZONE_LOC","WORK_ZONE_TYPE","WZ_CLOSE_DETOUR","WZ_FLAGGER","WZ_LAW_OFFCR_IND","WZ_LN_CLOSURE","WZ_MOVING","WZ_OTHER","WZ_SHLDER_MDN","WZ_WORKERS_INJ_KILLED"
"2012108147","","1","0","0","0","0","0","0","0","0","7","0","","02","10","2012","1","","","1720","11","0","0","0","0","0","0","0","0","2","0","0","0","17","","0","","0","","","6","7","","0","0","0","0","2481","0","0","0","N","0","0","0","4","02481","0","","2.0","","9","N","N","","0","","0","0","0","","2","Y","1710","1","0","0","0","0","0","0","1","0","1","","","","N","","","","","","","","","",""
"2012110414","","0","0","0","0","0","0","0","0","0","7","0","","02","10","2012","1","40.523014","-79.990478","0405","11","0","0","0","0","0","0","0","0","2","0","0","0","04","","1","","0","","40 31:22.850","5","0","79 59:25.720","8","0","0","0","2116","0","0","0","N","0","0","0","1","02116","0","","2.0","","9","N","N","","0","","0","0","1","","0","Y","0403","1","1","0","0","0","1","0","2","0","1","","","","N","","","","","","","","","",""
"2012110259","","1","0","0","0","0","0","0","0","0","7","0","","02","11","2012","6","40.45113","-79.715302","2023","11","0","0","0","0","0","0","0","1","2","0","0","0","20","","1","","0","","40 27:04.068","5","0","79 42:55.088","8","0","0","0","2466","0","0","0","N","0","0","0","1","02466","0","","5.0","","9","N","N","","0","","0","0","0","","0","Y","2022","1","1","0","0","0","1","0","2","0","1","","","","N","","","","","","","","","",""
"2012108844","","1","0","0","0","0","0","0","0","0","1","0","","02","10","2012","3","40.283001","-79.971568","1403","11","0","0","0","0","0","0","0","0","2","0","0","0","13","","1","","0","","40 16:58.804","2","0","79 58:17.645","8","0","0","0","2219","0","0","0","N","0","0","0","3","02219","0","","1.0","","9","N","N","","0","","0","0","1","","0","N","1355","2","1","0","0","0","1","0","1","0","2","","","","N","","","","","","","","","",""
"2012110403","","2","0","0","0","0","0","0","0","0","4","0","99","02","11","2012","7","40.603273","-79.757344","2307","11","0","1","0","0","0","1","0","0","","0","0","0","23","","0","","0","","40 36:11.784","","0","79 45:26.437","0","0","0","0","2464","0","0","0","N","0","0","0","6","02464","0","","1.0","","1","N","N","","0","","0","0","0","","0","","2305","2","0","0","0","0","0","0","2","0","2","","","N","Y","8","1","","","N","","","","",""
"2012110484","","1","0","0","0","0","0","0","0","0","4","0","","02","10","2012","5","40.377025","-79.80069","1625","11","1","0","0","0","0","1","0","0","2","0","0","0","16","","2","","0","","40 22:37.291","4","7","79 48:02.483","4","0","0","0","2111","0","0","0","N","0","0","0","4","02111","2","","1.0","","1","N","N","","1","","0","0","0","","0","N","1623","2","2","1","0","0","0","0","2","0","2","","","","N","","","","","","","","","",""
"2012109532","","2","0","0","0","0","0","0","0","0","1","0","","02","10","2012","4","40.49454","-79.904837","0726","11","0","0","0","0","0","1","0","0","1","0","0","0","07","","0","","0","","40 29:40.345","2","0","79 54:17.413","0","0","0","0","2401","0","0","0","N","0","0","0","3","68D02","0","","1.0","","8","N","N","","0","","0","0","1","","0","N","0723","3","0","0","0","0","0","0","2","0","3","","","","N","","","","","","","","","",""
"2012108089","","1","0","0","0","0","0","0","0","0","1","0","","02","10","2012","2","","","1646","11","0","0","0","0","0","0","0","0","","0","0","0","16","","1","","2","","","","0","","8","0","0","0","2301","0","0","0","N","0","0","0","2","02301","0","","1.0","","9","N","N","","1","","0","0","0","","2","","1646","2","1","0","0","0","1","0","1","0","2","","","","N","","","","","","","","","",""
"2012109597","","1","0","0","0","0","0","0","0","0","6","0","","02","11","2012","6","40.546597","-79.856442","0821","11","0","0","0","0","0","1","1","0","","0","0","0","08","","2","","0","","40 32:47.748","","0","79 51:23.192","4","0","0","0","2208","0","0","0","N","0","0","0","3","02208","2","","1.0","","9","N","N","","1","","0","0","0","","0","","0821","2","2","1","0","0","0","0","2","0","2","","","","N","","","","","","","","","",""
"2012110417","","1","0","0","0","0","0","0","0","0","1","0","","02","11","2012","7","40.368069","-80.012707","1349","11","0","0","0","0","0","1","0","0","","0","0","0","13","","1","","0","","40 22:05.048","","0","80 00:45.745","4","0","0","0","2416","0","0","0","N","0","0","0","3","02416","1","","1.0","","1","N","N","","1","","0","0","0","","0","","1346","2","1","0","0","0","0","0","2","0","2","","","","N","","","","","","","","","",""
"2012110262","","1","0","0","0","0","0","0","0","0","4","0","","02","11","2012","6","40.436826","-79.781699","1825","11","0","0","1","0","0","0","0","0","1","0","0","0","18","","0","","0","","40 26:12.575","4","0","79 46:54.118","0","0","0","0","2446","0","0","0","N","0","0","0","2","02446","0","","1.0","","1","N","N","","1","","0","0","0","","0","N","1825","2","0","0","0","0","0","0","2","0","2","","","","N","","","","","","","","","",""
"2012108712","","2","0","0","0","0","0","0","0","0","1","0","","02","10","2012","3","40.460221","-79.842652","2137","11","0","0","0","0","0","0","1","0","","0","0","0","21","","0","","1","","40 27:36.794","","0","79 50:33.548","9","0","0","0","2113","0","0","0","N","0","0","0","2","02113","0","","1.0","","9","N","N","","0","","0","0","0","","2","","2132","2","0","0","0","0","0","1","2","0","2","","","","N","","","","","","","","","",""
"2012108021","","1","0","0","0","0","0","0","0","0","1","0","","02","10","2012","2","40.402462","-79.994715","0730","11","0","0","0","0","0","0","0","0","1","0","0","0","07","","1","","0","","40 24:08.863","4","0","79 59:40.974","8","0","0","0","2301","0","0","0","N","0","0","0","4","02301","0","","1.0","","9","N","N","","0","","0","0","1","","0","N","0730","2","1","1","0","0","1","0","2","0","2","","","","N","","","","","","","","","",""
"2012108163","","1","0","0","0","0","0","0","0","0","7","0","","02","9","2012","5","40.354939","-80.116341","1759","11","0","0","0","1","0","0","0","0","","0","0","0","17","","2","","0","","40 21:17.782","","2","80 06:58.826","4","0","0","0","2119","0","0","0","N","0","0","0","2","68B03","2","","4.0","","1","N","N","","0","","0","0","0","","0","","1750","1","2","0","0","0","0","0","2","0","1","","","","N","","","","","","","","","",""
"2012108915","","1","0","0","0","0","0","0","0","0","7","0","","02","10","2012","4","40.449902","-79.707345","0751","11","0","0","0","0","0","0","0","0","","0","0","0","07","","0","","2","","40 26:59.647","","0","79 42:26.442","0","0","0","0","2466","0","0","0","N","0","0","0","1","02466","0","","5.0","","9","N","N","","0","","0","0","0","","0","","0750","1","0","0","0","0","0","0","2","0","1","","","","N","","","","","","","","","",""
"2012108713","","1","0","0","0","0","0","0","0","0","1","0","","02","10","2012","3","40.440631","-79.960065","2152","11","0","0","0","0","0","0","0","0","1","0","0","0","21","","0","","0","","40 26:26.272","4","0","79 57:36.233","0","0","0","0","2301","0","0","0","N","0","0","0","2","02301","0","","1.0","","9","N","N","","0","","0","0","1","","0","N","2150","2","0","0","0","0","0","0","2","0","2","","","","N","","","","","","","","","",""
"2012110278","","2","0","0","0","0","0","0","0","0","4","0","","02","11","2012","7","40.457265","-79.997847","1726","11","0","0","0","0","0","0","0","0","1","0","0","0","17","","1","","1","","40 27:26.155","1","0","79 59:52.249","8","0","0","0","2301","0","0","0","N","0","0","0","3","02301","0","","1.0","","1","N","N","","0","","0","0","0","","2","N","1723","2","1","0","0","0","1","0","2","0","2","","","","N","","","","","","","","","",""
"2012108022","","1","0","0","0","0","0","0","0","0","4","0","","02","10","2012","2","40.449793","-79.950765","0800","11","0","0","0","0","0","0","0","0","","0","0","0","07","","0","","2","","40 26:59.254","","7","79 57:02.754","0","0","0","0","2301","0","0","0","N","0","0","0","3","02301","0","","1.0","","9","N","N","","0","","0","0","1","","0","","0750","2","0","1","0","0","0","0","2","0","2","","","","N","","","","","","","","","",""
"2012108164","","1","0","0","0","0","0","0","0","0","1","0","","02","10","2012","4","40.593214","-80.09608","1652","11","0","0","0","0","0","0","0","0","","0","0","0","16","","0","","0","","40 35:35.572","","0","80 05:45.889","0","0","0","0","2481","0","0","0","N","0","0","0","2","68B03","0","","1.0","","1","N","N","","0","","0","0","1","","0","","1645","2","0","0","0","0","0","0","2","0","2","","","","N","","","","","","","","","",""
"2012109458","","1","0","0","0","0","0","0","0","0","0","0","","02","11","2012","5","40.438675","-79.893525","2002","11","0","0","0","0","0","0","0","0","","0","0","0","20","","0","","0","","40 26:19.230","","0","79 53:36.690","0","0","0","0","2301","0","0","0","N","0","0","0","1","02301","0","","1.0","","9","N","N","","0","","0","0","0","","0","","2000","1","0","0","0","0","0","0","2","0","1","","","","N","","","","","","","","","",""
"2012110420","","0","0","0","0","0","0","0","0","0","7","0","","02","11","2012","6","40.66046","-80.046941","1739","11","0","1","0","0","0","0","0","0","1","0","0","0","17","","0","","0","","40 39:37.655","4","0","80 02:48.988","0","0","0","0","2216","0","0","0","N","0","0","0","1","02505","0","","5.0","","9","N","N","","0","","0","0","1","","0","N","1739","1","0","0","0","0","0","0","2","0","1","","","","N","","","","","","","","","",""
"2012108165","","3","0","0","0","0","0","0","0","0","1","0","","02","10","2012","6","40.479774","-80.007224","1713","11","0","0","0","0","0","1","1","0","","0","0","0","17","","1","","0","","40 28:47.187","","0","80 00:26.006","8","0","0","0","2301","0","0","0","N","0","0","0","3","68B03","0","","1.0","","1","N","N","","0","","0","0","0","","0","","1710","3","1","0","0","0","1","0","2","0","3","","","","N","","","","","","","","","",""
"2012108981","","1","0","0","0","0","0","0","0","0","7","0","","02","5","2012","1","40.442089","-79.796645","1912","11","0","0","0","0","0","0","0","0","","0","0","0","19","","0","","0","","40 26:31.520","","0","79 47:47.922","9","0","0","0","2446","0","0","0","N","0","0","0","1","68B03","0","","2.0","","1","N","N","","0","","0","0","0","","0","","1911","1","0","0","0","0","0","1","2","0","1","","","","N","","","","","","","","","",""
"2012108166","","0","0","0","0","0","0","0","0","0","99","0","","02","10","2012","2","40.428003","-80.281196","2056","11","0","0","0","0","0","0","0","0","","0","0","0","20","","0","","0","","40 25:40.811","","0","80 16:52.306","0","0","0","0","2214","0","0","0","N","0","0","0","1","68B03","0","","1.0","","1","N","N","","0","","0","0","1","","0","","2056","1","0","0","0","0","0","0","1","0","1","","","","N","","","","","","","","","",""
"2012108982","","1","0","0","0","0","0","0","0","0","7","0","","02","9","2012","1","40.438864","-80.011389","0157","11","0","0","0","0","0","0","0","0","1","0","0","0","01","","0","","0","","40 26:19.910","4","3","80 00:41.002","0","0","0","0","2301","0","0","0","N","0","0","0","1","68B03","0","","2.0","","1","N","N","","0","","0","0","0","","0","N","0157","1","0","0","0","0","0","0","2","0","1","","","","N","","","","","","","","","",""
"2012108717","","2","0","0","0","0","0","0","0","0","4","0","","02","10","2012","3","40.4413","-80.020276","0659","11","0","0","0","0","0","1","0","0","1","0","0","0","06","","0","","0","","40 26:28.679","3","0","80 01:12.992","0","0","0","0","2301","0","0","0","N","0","0","0","2","02301","0","","1.0","","9","N","N","","0","","0","0","0","","0","N","0650","2","0","0","0","0","0","0","2","0","2","","","","N","","","","","","","","","",""
"2012109473","","0","0","0","0","0","0","0","0","0","0","0","","02","10","2012","1","40.527631","-80.019397","0220","11","0","0","0","0","0","0","0","0","2","0","0","0","02","","0","","0","","40 31:39.470","6","0","80 01:09.830","0","0","0","0","2116","0","0","0","N","0","0","0","1","02116","0","","5.0","","9","N","N","","0","","0","0","1","","0","Y","0217","1","0","0","0","0","0","0","2","0","1","","","","N","","","","","","","","","",""
"2012108094","","1","0","0","0","0","0","0","0","0","7","0","","02","10","2012","6","40.587458","-80.054278","2006","11","0","0","0","0","0","0","0","0","2","0","0","0","20","","1","","0","","40 35:14.848","4","0","80 03:15.400","4","0","0","0","2108","0","0","0","N","0","0","0","1","02108","1","","4.0","","1","N","N","","0","","0","0","0","","0","N","2000","1","1","0","0","0","0","0","2","0","1","","","","N","","","","","","","","","",""
"2012108851","","2","0","0","0","0","0","0","0","0","1","0","","02","10","2012","6","40.578468","-79.953511","1004","11","0","0","0","0","0","0","0","1","","0","0","0","10","","1","","0","","40 34:42.486","","0","79 57:12.639","8","0","0","0","2207","0","0","0","N","0","0","0","3","02207","0","","1.0","","1","N","N","","0","","0","0","0","","0","","1000","2","1","0","0","0","1","0","2","0","2","","","","N","","","","","","","","","",""
"2012108167","","1","0","0","0","0","0","0","0","0","1","0","","02","10","2012","5","40.438007","-79.863176","1646","11","0","0","0","0","0","1","0","0","1","0","0","0","16","","0","","0","","40 26:16.824","3","0","79 51:47.435","0","0","0","0","2419","0","0","0","N","0","0","0","2","68B03","0","","1.0","","1","N","N","","0","","0","0","1","","0","N","1644","2","0","0","0","0","0","0","2","0","2","","","","N","","","","","","","","","",""
"2012110491","","1","0","0","0","0","0","0","0","0","6","0","","02","11","2012","1","40.388612","-79.976306","1637","11","0","0","0","0","0","0","0","0","","0","0","0","16","","0","","0","","40 23:19.003","","0","79 58:34.701","0","0","0","0","2301","0","0","0","N","0","0","0","4","02301","0","","2.0","","1","N","N","","0","","0","0","0","","0","","1637","2","0","3","0","0","0","0","2","1","2","","","","N","","","","","","","","","",""
"2012108983","","1","0","0","0","0","0","0","0","0","99","0","","02","10","2012","2","40.534261","-80.125628","1941","11","0","0","0","0","0","1","0","0","1","0","0","0","19","","1","","0","","40 32:03.341","2","0","80 07:32.261","4","0","0","0","2125","0","0","0","N","0","0","0","2","68B03","1","","1.0","","9","N","N","","0","","0","0","0","","0","N","1940","1","1","0","0","0","0","0","2","0","1","","","","N","","","","","","","","","",""
"2012110503","","1","0","0","0","0","0","0","0","0","99","0","","02","11","2012","6","40.432506","-80.140385","0541","11","0","0","0","0","0","0","0","0","","0","0","0","05","","0","","0","","40 25:57.021","","0","80 08:25.387","0","0","0","0","2115","0","0","0","N","0","0","0","1","68B03","0","","1.0","","1","N","N","","0","","0","0","0","","0","","0540","1","0","0","0","0","0","0","2","0","1","","","","N","","","","","","","","","",""
"2012108718","","1","0","0","0","0","0","0","0","0","99","0","","02","10","2012","4","40.311733","-80.012872","0720","11","0","0","0","0","0","1","0","0","","0","0","0","07","","0","","1","","40 18:42.240","","0","80 00:46.340","9","0","0","0","2407","0","0","0","N","0","0","0","1","02501","0","","1.0","","1","N","N","","0","","0","0","0","","0","","0720","1","0","0","0","0","0","1","2","0","1","","","","N","","","","","","","","","",""
"2012108779","","0","0","0","0","0","0","0","0","0","99","0","","02","10","2012","1","40.548353","-79.824189","0537","11","0","0","0","0","0","0","0","0","","0","0","0","05","","0","","0","","40 32:54.071","","0","79 49:27.081","0","0","0","0","2208","0","0","0","N","0","0","0","1","68D02","0","","1.0","","1","N","N","","0","","0","0","1","","0","","0534","1","0","0","0","0","0","0","2","0","1","","","","N","","","","","","","","","",""
"2012108095","","1","0","0","0","0","0","0","0","0","1","0","","02","10","2012","5","40.448508","-80.142028","1651","11","0","0","0","1","0","0","0","0","","0","0","0","16","","0","","0","","40 26:54.630","","0","80 08:31.302","0","0","0","0","2115","0","0","0","N","0","0","0","2","02115","0","","1.0","","1","N","N","","1","","0","0","0","","0","","1651","2","0","0","0","0","0","0","2","0","2","","","","N","","","","","","","","","",""
"2012108168","","1","0","0","0","0","0","0","0","0","1","0","","02","10","2012","7","40.427466","-79.951034","2228","11","0","0","0","0","0","0","0","0","","0","0","0","22","","1","","0","","40 25:38.878","","0","79 57:03.721","8","0","0","0","2301","0","0","0","N","0","0","0","2","68B03","0","","1.0","","9","N","N","","0","","0","0","1","","0","","2220","2","1","0","0","0","1","0","2","0","2","","","","N","","","","","","","","","",""
"2012110504","","1","0","0","0","0","0","0","0","0","7","0","","02","11","2012","6","40.44185","-79.824185","2025","11","0","0","1","0","0","0","0","0","2","0","0","0","20","","1","","0","","40 26:30.660","3","0","79 49:27.066","3","0","0","0","2124","0","0","0","N","0","0","0","1","68B03","0","","2.0","","9","N","N","","0","","1","0","0","","0","N","2023","1","1","0","0","0","0","0","2","0","1","","","","N","","","","","","","","","",""
"2012110214","","1","0","0","0","0","0","0","0","0","7","0","","02","11","2012","5","40.640511","-79.996845","2135","11","0","1","0","0","0","0","0","0","","0","0","0","21","","0","","0","","40 38:25.839","","0","79 59:48.642","0","0","0","0","2216","0","0","0","N","0","0","0","1","02505","0","","5.0","","9","N","N","","0","","0","0","0","","0","","2135","1","0","0","0","0","0","0","1","0","1","","","","N","","","","","","","","","",""
"2012108096","","0","0","0","0","0","0","0","0","0","1","0","","02","10","2012","5","40.450665","-80.139187","1759","11","0","0","0","0","0","0","0","0","1","0","0","0","17","","1","","0","","40 27:02.395","4","0","80 08:21.073","8","0","0","0","2115","0","0","0","N","0","0","0","5","02115","0","","1.0","","1","N","N","","0","","0","0","2","","0","N","1759","2","1","1","0","0","1","0","2","0","2","","","","N","","","","","","","","","",""
"2012108169","","1","0","0","0","0","0","0","0","0","1","0","","02","10","2012","7","40.427423","-79.952706","2228","11","0","0","0","1","0","0","0","0","","0","0","0","22","","0","","0","","40 25:38.723","","0","79 57:09.742","0","0","0","0","2301","0","0","0","N","0","0","0","4","68B03","0","","1.0","","9","N","N","","0","","0","0","1","","0","","2218","2","0","0","0","0","0","0","2","0","2","","","","N","","","","","","","","","",""
"2012110493","","3","0","0","0","0","0","0","0","0","1","0","","02","11","2012","1","40.457237","-79.934066","1750","11","0","0","0","0","0","1","0","0","","0","0","0","17","","1","","1","","40 27:26.053","","0","79 56:02.637","8","0","0","0","2301","0","0","0","N","0","0","0","4","02301","0","","1.0","","1","N","N","","0","","0","0","0","","0","","1745","3","1","0","0","0","1","0","2","0","3","","","","N","","","","","","","","","",""
"2012110505","","1","0","0","0","0","0","0","0","0","1","0","","02","11","2012","6","40.432791","-79.870543","2104","11","0","0","0","0","0","1","0","0","","0","0","0","21","","1","","0","","40 25:58.048","","0","79 52:13.955","4","0","0","0","2411","0","0","0","N","0","0","0","2","68B03","1","","1.0","","1","N","N","","0","","0","0","0","","0","","2103","2","1","0","0","0","0","0","2","1","2","","","","N","","","","","","","","","",""
"2012106785","","2","0","0","0","0","0","0","0","0","4","0","","02","10","2012","4","40.354828","-79.900658","1704","11","0","0","0","0","0","0","0","0","2","0","0","0","17","","2","","0","","40 21:17.380","6","0","79 54:02.370","8","0","0","0","2473","0","0","0","N","0","0","0","4","02473","0","","1.0","","1","N","N","","0","","0","0","1","","0","Y","1704","3","2","0","0","0","2","0","2","0","3","","","","N","","","","","","","","","",""
"2012108097","","1","0","0","0","0","0","0","0","0","7","0","","02","10","2012","1","40.544313","-79.919011","1302","11","0","0","0","0","0","0","0","0","","0","0","0","13","","0","","3","","40 32:39.525","","0","79 55:08.441","0","0","0","0","2209","0","0","0","N","0","0","0","1","02209","0","","2.0","","9","N","N","","0","","0","0","0","","0","","1302","1","0","0","0","0","0","0","2","0","1","","","","N","","","","","","","","","",""
"2012110216","","1","0","0","0","0","0","0","0","0","4","0","","02","10","2012","1","40.306965","-79.904813","1654","11","0","0","0","0","0","0","1","0","","0","0","0","16","","0","","2","","40 18:25.075","","0","79 54:17.327","0","0","0","0","2440","0","0","0","N","0","0","0","3","02440","0","","1.0","","1","N","N","","0","","0","0","1","","3","","1651","2","0","0","0","0","0","0","2","0","2","","","","N","","","","","","","","","",""
"2012108098","","3","0","0","0","0","0","0","0","0","4","0","","02","10","2012","5","40.521602","-80.217637","1624","11","0","0","0","0","1","0","0","1","2","0","0","0","16","","3","","0","","40 31:17.767","5","0","80 13:03.494","2","0","0","0","2213","0","0","0","N","0","0","0","3","02213","2","","1.0","","9","N","N","","0","","0","1","0","","3","N","1623","3","3","1","0","0","0","0","2","0","3","","","","N","","","","","","","","","",""
"2012110426","","1","0","0","0","0","0","0","0","0","99","0","","02","11","2012","7","40.396621","-79.768391","1231","11","0","0","0","0","0","1","0","0","","0","0","0","12","","1","","0","","40 23:47.837","","0","79 46:06.208","8","0","0","0","2446","0","0","0","N","0","0","0","1","02446","0","","1.0","","1","N","N","","0","","0","0","0","","0","","1231","1","1","0","0","0","1","0","2","0","1","","","","N","","","","","","","","","",""
"2012110350","","0","0","0","0","0","0","0","0","0","99","0","","02","11","2012","6","40.555793","-79.781131","2217","11","0","0","0","0","0","0","0","0","1","0","0","0","22","","1","","0","","40 33:20.854","4","0","79 46:52.073","4","0","0","0","2121","0","0","0","N","0","0","0","1","02121","1","","1.0","","1","N","N","","0","","0","0","1","","0","N","2215","1","1","1","0","0","0","0","1","0","1","","","","N","","","","","","","","","",""
"2012108099","","2","0","0","0","0","0","0","0","0","4","0","","02","10","2012","6","40.533933","-80.229035","1631","11","0","0","0","0","0","0","0","2","1","0","0","0","16","","2","","1","","40 32:02.158","7","0","80 13:44.526","8","0","0","0","2213","0","0","0","N","0","0","0","2","02213","0","","1.0","","1","N","N","","0","","0","0","0","","3","N","1630","2","2","0","0","0","2","0","2","0","2","","","","N","","","","","","","","","",""
"2012108723","","1","0","0","0","0","0","0","0","0","7","0","","02","10","2012","1","40.429267","-79.999168","0433","11","0","0","0","0","0","0","0","0","1","0","0","0","04","","1","","1","","40 25:45.362","3","4","79 59:57.003","3","0","0","0","2301","0","0","0","N","0","0","0","2","02301","0","","4.0","","9","N","N","","0","","1","0","0","","2","N","0415","1","1","0","0","0","0","0","2","0","1","","","","N","","","","","","","","","",""
"2012109543","","1","0","0","0","0","0","0","0","0","7","0","","02","11","2012","6","40.458217","-79.989786","0617","11","0","0","0","0","0","0","0","0","","0","0","0","06","","1","","0","","40 27:29.580","","0","79 59:23.230","3","0","0","0","2301","0","0","0","N","0","0","0","1","02301","0","","4.0","","9","N","N","","0","","1","0","0","","0","","0617","1","1","1","0","0","0","0","2","0","1","","05","","N","","","","","","","","","",""
"2012108100","","1","0","0","0","0","0","0","0","0","4","0","","02","10","2012","2","40.349146","-80.058757","1106","11","0","0","0","0","0","1","1","0","2","0","0","0","11","","3","","0","","40 20:56.925","5","0","80 03:31.524","4","0","0","0","2407","0","0","0","N","0","0","0","4","02407","3","","1.0","","1","N","N","","0","","0","0","0","","2","Y","1106","2","3","0","0","0","0","0","2","1","2","","","","N","","","","","","","","","",""
"2012109556","","2","0","0","0","0","0","0","0","0","4","0","","02","11","2012","5","40.364802","-79.77491","1134","11","0","0","0","0","0","0","0","0","1","0","0","0","11","","0","","0","","40 21:53.288","3","0","79 46:29.675","0","0","0","0","2111","0","0","0","N","0","0","0","3","02111","0","","1.0","","9","N","N","","0","","0","0","0","","3","N","1133","2","0","1","0","0","0","0","2","0","2","","","","N","","","","","","","","","",""
"2012110364","","2","0","0","0","0","0","0","0","0","4","0","","02","11","2012","7","40.319817","-79.941681","1712","11","0","0","0","0","0","0","0","0","","0","0","0","17","","0","","0","","40 19:11.340","","0","79 56:30.052","0","0","0","0","2454","0","0","0","N","0","0","0","2","02454","0","","1.0","","1","N","N","","0","","0","0","0","","0","","1710","2","0","0","0","0","0","0","2","0","2","","","","N","","","","","","","","","",""
"2012108858","","3","0","0","0","0","0","0","0","0","1","0","","02","10","2012","1","40.466188","-79.826144","1527","11","0","0","0","0","0","1","0","1","2","0","0","0","15","","1","","2","","40 27:58.276","6","0","79 49:34.119","8","0","0","0","2113","0","0","0","N","0","0","0","4","02113","0","","1.0","","9","N","N","","0","","0","0","0","","2","N","1527","3","1","0","0","0","1","0","2","0","3","","","","N","","","","","","","","","",""
"2012108724","","1","0","0","0","0","0","0","0","0","7","0","","02","10","2012","7","40.660823","-80.122598","2250","11","0","1","0","0","0","0","0","0","2","0","0","0","22","","0","","0","","40 39:38.964","6","0","80 07:21.351","0","0","0","0","2212","0","0","0","N","0","0","0","1","02505","0","","2.0","","9","N","N","","0","","0","0","0","","0","N","2247","1","0","0","0","0","0","0","2","0","1","","","","N","","","","","","","","","",""
"2012108036","","3","0","0","0","0","0","0","0","0","6","0","","02","10","2012","2","40.401649","-80.040004","0809","11","0","0","0","0","0","0","1","0","2","0","0","0","08","","0","","1","","40 24:05.936","3","0","80 02:24.014","0","0","0","0","2301","0","0","0","N","0","0","0","3","02301","0","","1.0","","9","N","N","","0","","0","0","0","","0","Y","0809","3","0","1","0","0","0","0","2","0","3","","","","N","","","","","","","","","",""
"2012108101","","1","0","0","0","0","0","0","0","0","1","0","","02","10","2012","6","40.372029","-80.008359","1440","11","0","0","0","0","0","0","1","0","1","0","0","0","14","","0","","0","","40 22:19.306","1","0","80 00:30.094","0","0","0","0","2416","0","0","0","N","0","0","0","2","02416","0","","1.0","","98","N","N","","0","","0","0","1","","0","N","1440","2","0","0","0","0","0","0","2","0","2","","","","N","","","","","","","","","",""
"2012110365","","1","0","0","0","0","0","0","0","0","4","0","","02","11","2012","7","40.421206","-79.846205","2057","11","0","0","0","0","0","0","0","0","1","0","0","0","17","","0","","0","","40 25:16.341","2","0","79 50:46.338","0","0","0","0","2431","0","0","0","N","0","0","0","6","02431","0","","1.0","","1","N","N","","0","","0","0","2","","0","N","1755","3","0","0","0","0","0","0","2","0","3","","","","N","","","","","","","","","",""
"2012109625","","1","0","0","0","0","0","0","0","0","99","0","","02","11","2012","6","40.423461","-79.977714","1610","11","0","0","0","0","0","0","0","0","","0","0","0","16","","0","","2","","40 25:24.459","","0","79 58:39.770","0","0","0","0","2301","0","0","0","N","0","0","0","2","02301","0","","1.0","","9","N","N","","1","","0","0","0","","0","","1608","2","0","0","0","0","0","0","2","0","2","","","","N","","","","","","","","","",""
"2012106791","","0","0","0","0","0","0","0","0","0","4","0","","02","10","2012","5","40.487472","-79.883174","1210","11","0","0","0","0","0","1","0","0","","0","0","0","12","","0","","0","","40 29:14.899","","7","79 52:59.427","0","0","0","0","2112","0","0","0","N","0","0","0","1","02112","0","","6.0","","1","N","N","","0","","0","0","2","","0","","1210","3","0","0","0","0","0","0","2","1","3","","","","N","","","","","","","","","",""