"CRN","ARRIVAL_TM","AUTOMOBILE_COUNT","BELTED_DEATH_COUNT","BELTED_SUSP_SERIOUS_INJ_COUNT","BICYCLE_COUNT","BICYCLE_DEATH_COUNT","BICYCLE_SUSP_SERIOUS_INJ_COUNT","BUS_COUNT","CHLDPAS_DEATH_COUNT","CHLDPAS_SUSP_SERIOUS_INJ_COUNT","COLLISION_TYPE","COMM_VEH_COUNT","CONS_ZONE_SPD_LIM","COUNTY","CRASH_MONTH","CRASH_YEAR","DAY_OF_WEEK","DEC_LATITUDE","DEC_LONGITUDE","DISPATCH_TM","DISTRICT","DRIVER_COUNT_16YR","DRIVER_COUNT_17YR","DRIVER_COUNT_18YR","DRIVER_COUNT_19YR","DRIVER_COUNT_20YR","DRIVER_COUNT_50_64YR","DRIVER_COUNT_65_74YR","DRIVER_COUNT_75PLUS","EST_HRS_CLOSED","FATAL_COUNT","HEAVY_TRUCK_COUNT","HORSE_BUGGY_COUNT","HOUR_OF_DAY","ILLUMINATION","INJURY_COUNT","INTERSECTION_RELATED","INTERSECT_TYPE","LANE_CLOSED","LATITUDE","LN_CLOSE_DIR","LOCATION_TYPE","LONGITUDE","MAX_SEVERITY_LEVEL","MCYCLE_DEATH_COUNT","MCYCLE_SUSP_SERIOUS_INJ_COUNT","MOTORCYCLE_COUNT","MUNICIPALITY","NONMOTR_COUNT","NONMOTR_DEATH_COUNT","NONMOTR_SUSP_SERIOUS_INJ_COUNT","NTFY_HIWY_MAINT","PED_COUNT","PED_DEATH_COUNT","PED_SUSP_SERIOUS_INJ_COUNT","PERSON_COUNT","POLICE_AGCY","POSSIBLE_INJ_COUNT","RDWY_SURF_TYPE_CD","RELATION_TO_ROAD","ROADWAY_CLEARED","ROAD_CONDITION","SCH_BUS_IND","SCH_ZONE_IND","SECONDARY_CRASH","SMALL_TRUCK_COUNT","SPEC_JURIS_CD","SUSP_MINOR_INJ_COUNT","SUSP_SERIOUS_INJ_COUNT","SUV_COUNT","TCD_FUNC_CD","TCD_TYPE","TFC_DETOUR_IND","TIME_OF_DAY","TOTAL_UNITS","TOT_INJ_COUNT","UNBELTED_OCC_COUNT","UNB_DEATH_COUNT","UNB_SUSP_SERIOUS_INJ_COUNT","UNK_INJ_DEG_COUNT","UNK_INJ_PER_COUNT","URBAN_RURAL","VAN_COUNT","VEHICLE_COUNT","WEATHER1","WEATHER2","WORKERS_PRES","WORK_ZONE_IND","WORK_ZONE_LOC","WORK_ZONE_TYPE","WZ_CLOSE_DETOUR","WZ_FLAGGER","WZ_LAW_OFFCR_IND","WZ_LN_CLOSURE","WZ_MOVING","WZ_OTHER","WZ_SHLDER_MDN","WZ_WORKERS_INJ_KILLED"
"2012107067","","2","0","0","0","0","0","0","0","0","1","0","","02","10","2012","5","40.546923","-79.829698","","11","0","0","0","0","0","0","0","0","2","0","0","0","","","0","","0","","40 32:48.924","2","0","79 49:46.914","0","0","0","0","2208","0","0","0","N","0","0","0","2","68D02","0","","1.0","","1","N","N","","0","","0","0","0","","0","N","","2","0","0","0","0","0","0","2","0","2","","","","N","","","","","","","","","",""
"2012105582","","0","0","0","0","0","0","0","0","0","4","0","","02","10","2012","7","40.586192","-80.040997","","11","0","1","0","0","0","1","0","0","2","0","0","0","","","0","","0","","40 35:10.290","2","7","80 02:27.590","0","0","0","0","2108","0","0","0","N","0","0","0","3","02108","0","","1.0","","1","N","N","","1","","0","0","1","","3","N","","2","0","0","0","0","0","0","2","0","2","","","","N","","","","","","","","","",""
"2012107806","","1","0","0","0","0","0","0","0","0","7","0","","02","10","2012","1","40.518756","-79.866491","","11","0","0","0","0","0","0","0","0","","0","0","0","","","1","","0","","40 31:07.521","","0","79 51:59.366","8","0","0","0","2112","0","0","0","N","0","0","0","1","02112","0","","2.0","","9","N","N","","0","","0","0","0","","0","","","1","1","0","0","0","1","0","2","0","1","","","","N","","","","","","","","","",""
"2012105643","","1","0","0","0","0","0","0","0","0","99","0","","02","10","2012","1","40.352282","-80.117668","","11","0","0","0","0","0","0","0","0","","0","0","0","","","0","","0","","40 21:08.216","","0","80 07:03.603","0","0","0","0","2119","0","0","0","N","0","0","0","1","68B03","0","","1.0","","1","N","N","","0","","0","0","0","","0","","","1","0","0","0","0","0","0","2","0","1","","","","N","","","","","","","","","",""
"2012105376","","1","0","0","0","0","0","0","0","0","7","0","","02","10","2012","1","40.361822","-80.133785","","11","0","0","0","0","0","1","0","0","","0","0","0","","","0","","0","","40 21:42.560","","0","80 08:01.625","9","0","0","0","2119","0","0","0","N","0","0","0","1","02119","0","","5.0","","1","N","N","","0","","0","0","0","","0","","","1","0","0","0","0","0","1","2","0","1","","","","N","","","","","","","","","",""
"2012105583","","0","0","0","0","0","0","0","0","0","4","0","","02","10","2012","7","40.568006","-80.049508","","11","0","0","0","1","0","1","0","0","2","0","0","0","","","1","","1","","40 34:04.821","1","0","80 02:58.228","4","0","0","0","2108","0","0","0","N","0","0","0","4","02108","1","","1.0","","9","N","N","","2","","0","0","0","","3","N","","3","1","0","0","0","0","0","2","1","3","","","","N","","","","","","","","","",""
"2012107807","","1","0","0","0","0","0","0","0","0","4","0","","02","10","2012","7","40.349728","-79.927124","","11","0","0","0","0","0","0","0","0","2","0","0","0","","","0","","0","","40 20:59.021","5","0","79 55:37.645","0","0","0","0","2473","0","0","0","N","0","0","0","6","02473","0","","1.0","","9","N","N","","0","","0","0","1","","0","N","","2","0","0","0","0","0","0","2","0","2","","","","N","","","","","","","","","",""
"2012107615","","2","0","0","0","0","0","0","0","0","4","0","","02","10","2012","7","40.437609","-79.99648","","11","0","0","0","0","0","0","1","0","","0","0","0","","","1","","1","","40 26:15.392","","0","79 59:47.328","4","0","0","0","2301","0","0","0","N","0","0","0","4","02301","1","","1.0","","9","N","N","","0","","0","0","0","","1","","","2","1","0","0","0","0","0","2","0","2","","","","N","","","","","","","","","",""
"2012105377","","0","0","0","0","0","0","0","0","0","7","0","","02","10","2012","2","40.650339","-80.078889","","11","0","0","0","0","0","0","0","0","2","0","0","0","","","1","","1","","40 39:01.219","1","0","80 04:44.000","4","0","0","0","2212","0","0","0","Y","0","0","0","1","02505","1","","5.0","","1","N","N","","0","","0","0","1","","2","Y","","1","1","0","0","0","0","0","2","0","1","","","","N","","","","","","","","","",""
"2012107695","","2","0","0","0","0","0","0","0","0","1","0","","02","10","2012","7","40.407339","-79.914013","","11","0","0","0","1","0","0","0","1","","0","0","0","","","0","","0","","40 24:26.419","","3","79 54:50.447","0","0","0","0","2438","0","0","0","N","0","0","0","4","02438","0","","1.0","","9","N","N","","0","","0","0","0","","0","","","2","0","0","0","0","0","0","2","0","2","","","","N","","","","","","","","","",""
"2012105584","","2","0","0","0","0","0","0","0","0","4","0","","02","10","2012","3","40.43812","-80.148965","","11","0","0","0","0","0","0","0","0","","0","0","0","","","0","","1","","40 26:17.232","","0","80 08:56.273","0","0","0","0","2115","0","0","0","N","0","0","0","2","02115","0","","1.0","","1","N","N","","0","","0","0","0","","2","","","2","0","0","0","0","0","0","2","0","2","","","","N","","","","","","","","","",""
"2012106987","","0","0","0","0","0","0","0","0","0","99","0","","02","10","2012","4","40.473603","-79.766082","","11","0","0","0","0","0","0","0","0","","0","0","0","","","0","","0","","40 28:24.971","","0","79 45:57.895","0","0","0","0","2466","0","0","0","N","0","0","0","1","68T02","0","","1.0","","1","N","N","","0","","0","0","1","","0","","","1","0","0","0","0","0","0","2","0","1","","","","N","","","","","","","","","",""
"2012107001","","3","0","0","0","0","0","0","0","0","1","0","","02","10","2012","5","40.504359","-80.083164","","11","0","0","0","0","0","1","0","0","2","0","0","0","","","1","","2","","40 30:15.693","2","0","80 04:59.391","8","0","0","0","2405","0","0","0","N","0","0","0","4","02215","0","","1.0","","1","N","N","","0","","0","0","0","","0","N","","4","1","0","0","0","1","0","2","1","4","","","","N","","","","","","","","","",""
"2012105518","","1","0","0","0","0","0","0","0","0","4","0","","02","10","2012","2","40.450565","-80.174348","","11","0","0","0","0","0","0","0","0","","0","0","0","","","0","","1","","40 27:02.034","","0","80 10:27.652","0","0","0","0","2214","0","0","0","N","0","0","0","2","02214","0","","1.0","","1","N","N","","1","","0","0","0","","2","","","2","0","0","0","0","0","0","2","0","2","","","","N","","","","","","","","","",""
"2012107892","","1","0","0","0","0","0","0","0","0","7","0","","02","10","2012","1","40.383775","-79.97017","","11","0","0","0","0","0","0","0","0","2","0","0","0","","","1","","2","","40 23:01.590","7","0","79 58:12.612","8","0","0","0","2413","0","0","0","N","0","0","0","1","02413","0","","5.0","","9","N","N","","0","","0","0","0","","0","Y","","1","1","0","0","0","1","0","2","0","1","","","","N","","","","","","","","","",""
"2012105585","","1","0","0","0","0","0","0","0","0","4","0","","02","10","2012","5","40.447857","-80.163486","","11","0","0","0","0","0","0","1","0","1","0","0","0","","","1","","2","","40 26:52.285","4","0","80 09:48.551","8","0","0","0","2115","0","0","0","N","0","0","0","2","02115","0","","1.0","","9","N","N","","0","","0","0","1","","2","N","","2","1","0","0","0","1","0","2","0","2","","","","N","","","","","","","","","",""
"2012107810","","1","0","0","0","0","0","0","0","0","7","0","","02","10","2012","1","40.210796","-79.935646","","11","0","0","0","0","0","0","0","0","","0","0","0","","","0","","0","","40 12:38.865","","0","79 56:08.327","0","0","0","0","2204","0","0","0","N","0","0","0","1","02204","0","","1.0","","9","N","N","","0","","0","0","0","","0","","","1","0","0","0","0","0","0","1","0","1","","","","N","","","","","","","","","",""
"2012105586","","2","0","0","0","0","0","0","0","0","1","0","","02","10","2012","6","40.447665","-80.154792","","11","0","0","0","0","0","1","0","0","","0","0","0","","","0","","1","","40 26:51.593","","0","80 09:17.250","0","0","0","0","2115","0","0","0","N","0","0","0","2","02115","0","","1.0","","1","N","N","","0","","0","0","0","","2","","","2","0","0","0","0","0","0","2","0","2","","","","N","","","","","","","","","",""
"2012107618","","1","0","0","0","0","0","0","0","0","5","0","","02","10","2012","7","40.426953","-79.927314","","11","0","0","0","0","0","0","0","0","2","0","0","0","","","0","","0","","40 25:37.030","3","0","79 55:38.330","0","0","0","0","2301","0","0","0","N","0","0","0","2","02301","0","","2.0","","9","N","N","","1","","0","0","0","","0","N","","2","0","0","0","0","0","0","2","0","2","","","","N","","","","","","","","","",""
"2012107630","","0","0","0","0","0","0","0","0","0","7","0","","02","10","2012","1","40.425169","-79.774483","","11","0","0","0","1","0","0","0","0","","0","0","0","","","1","","0","","40 25:30.610","","0","79 46:28.140","3","0","0","1","2446","0","0","0","N","0","0","0","1","02446","0","","5.0","","1","N","N","","0","","1","0","0","","0","","","1","1","0","0","0","0","0","2","0","1","","","","N","","","","","","","","","",""
"2012106202","","2","0","0","0","0","0","0","0","0","6","0","","02","10","2012","3","40.437658","-79.985151","","11","0","0","0","0","0","0","0","0","","0","0","0","","","1","","1","","40 26:15.568","","0","79 59:06.543","4","0","0","0","2301","0","0","0","N","0","0","0","3","02301","1","","1.0","","1","N","N","","0","","0","0","0","","2","","","2","1","0","0","0","0","0","2","0","2","","","","N","","","","","","","","","",""
"2012107894","","1","0","0","0","0","0","0","0","0","7","0","","02","10","2012","2","40.399172","-80.024965","","11","0","0","0","0","0","0","0","0","9","0","0","0","","","1","","2","","40 23:57.019","7","0","80 01:29.875","3","0","0","0","2301","0","0","0","N","0","0","0","1","02301","0","","5.0","","9","N","N","","1","","1","0","0","","0","Y","","2","1","1","0","0","0","0","2","0","2","","","","N","","","","","","","","","",""
"2012105587","","1","0","0","0","0","0","0","0","0","1","0","","02","10","2012","7","40.447106","-80.166772","","11","0","0","0","0","0","0","0","0","2","0","0","0","","","0","","2","","40 26:49.580","4","0","80 10:00.379","0","0","0","0","2115","0","0","0","N","0","0","0","3","02115","0","","1.0","","1","N","N","","0","","0","0","2","","2","N","","3","0","0","0","0","0","0","2","0","3","","","","N","","","","","","","","","",""
"2012107812","","1","0","0","0","0","0","0","0","0","7","0","","02","10","2012","1","40.348386","-79.940253","","11","0","0","0","0","0","0","0","0","","0","0","0","","","0","","0","","40 20:54.190","","0","79 56:24.910","0","0","0","0","2473","0","0","0","N","0","0","0","1","02473","0","","2.0","","9","N","N","","0","","0","0","0","","3","","","1","0","0","0","0","0","0","2","0","1","","","","N","","","","","","","","","",""
"2012105521","","1","0","0","0","0","0","0","0","0","4","0","","02","10","2012","2","40.45041","-79.948748","","11","0","0","0","0","0","1","0","0","","0","0","0","","","1","","1","","40 27:01.476","","0","79 56:55.492","4","0","0","0","2301","0","0","0","N","0","0","0","2","02301","1","","1.0","","1","N","N","","0","","0","0","1","","2","","","2","1","0","0","0","0","1","2","0","2","","","","N","","","","","","","","","",""
"2012105588","","0","0","0","0","0","0","0","0","0","4","0","","02","10","2012","5","","","","11","0","0","0","0","0","0","0","0","2","0","0","0","","","2","","1","","","6","0","","4","0","0","0","2213","0","0","0","N","0","0","0","2","02213","2","","1.0","","1","N","N","","1","","0","0","1","","3","N","","2","2","0","0","0","0","0","1","0","2","","","","N","","","","","","","","","",""
"2012106991","","1","0","0","0","0","0","0","0","0","1","0","","02","10","2012","5","40.478342","-79.757058","","11","0","0","0","0","0","1","0","0","","0","0","0","","","0","","0","","40 28:42.032","","0","79 45:25.408","0","0","0","0","2466","0","0","0","N","0","0","0","2","02466","0","","1.0","","1","N","N","","1","","0","0","0","","0","","","2","0","0","0","0","0","0","2","0","2","","","","N","","","","","","","","","",""
"2012106266","","2","0","0","0","0","0","0","0","0","2","0","","02","10","2012","3","40.366025","-80.013724","","11","0","0","0","0","0","1","0","0","2","0","0","0","","","4","","0","","40 21:57.690","3","0","80 00:49.406","3","0","0","0","2416","0","0","0","N","0","0","0","4","02416","3","","1.0","","1","N","N","","0","","1","0","0","","0","N","","2","4","0","0","0","0","0","2","0","2","","","","N","","","","","","","","","",""
"2012105589","","1","0","0","0","0","0","0","0","0","7","0","","02","10","2012","2","40.505417","-80.215428","","11","0","0","0","0","0","0","0","0","","0","0","0","","","0","","2","","40 30:19.501","","0","80 12:55.540","0","0","0","0","2213","0","0","0","N","0","0","0","1","02213","0","","5.0","","1","N","N","","0","","0","0","0","","3","","","1","0","0","0","0","0","0","2","0","1","","","","N","","","","","","","","","",""
"2012106792","","2","0","0","0","0","0","0","0","0","4","0","","02","10","2012","5","40.45045","-79.94502","","11","0","0","0","0","0","0","1","0","","0","0","0","","","2","","1","","40 27:01.620","","0","79 56:42.072","4","0","0","0","2301","0","0","0","N","0","0","0","3","02301","2","","1.0","","1","N","N","","0","","0","0","0","","3","","","2","2","0","0","0","0","0","2","0","2","","","","N","","","","","","","","","",""
"2012107558","","0","0","0","0","0","0","0","0","0","99","1","","02","10","2012","6","40.585201","-79.874944","","11","0","0","0","0","0","1","0","0","","0","1","0","","","0","","0","","40 35:06.722","","0","79 52:29.800","0","0","0","0","2209","0","0","0","N","0","0","0","1","68T02","0","","1.0","","1","N","N","","0","","0","0","0","","0","","","1","0","0","0","0","0","0","2","0","1","","","","N","","","","","","","","","",""
"2012105590","","2","0","0","0","0","0","0","0","0","1","0","","02","10","2012","2","40.50351","-80.222405","","11","0","1","0","0","0","0","0","0","1","0","0","0","","","1","","0","","40 30:12.636","2","0","80 13:20.658","4","0","0","0","2213","0","0","0","N","0","0","0","2","02213","1","","1.0","","9","N","N","","0","","0","0","0","","0","N","","2","1","0","0","0","0","0","2","0","2","","","","N","","","","","","","","","",""
"2012106341","","1","0","0","0","0","0","0","0","0","1","0","","02","10","2012","1","40.396579","-79.807846","","11","0","0","0","0","0","1","0","0","","0","0","0","","","2","","3","","40 23:47.686","","2","79 48:28.245","4","0","0","0","2111","0","0","0","N","0","0","0","2","02111","1","","1.0","","1","N","N","","0","","0","0","0","","0","","","2","2","0","0","0","1","0","2","1","2","","","","N","","","","","","","","","",""
"2012106793","","0","0","0","0","0","0","0","0","0","7","0","","02","10","2012","4","40.587789","-80.096485","","11","0","0","0","0","0","0","0","0","2","0","0","0","","","1","","0","","40 35:16.039","2","0","80 05:47.345","4","0","0","0","2481","0","0","0","N","0","0","0","1","02481","1","","5.0","","1","N","N","","1","","0","0","0","","0","N","","1","1","0","0","0","0","0","2","0","1","","","","N","","","","","","","","","",""
"2012105309","","0","0","0","0","0","0","0","0","0","1","0","","02","10","2012","1","40.340774","-80.06363","","11","0","0","0","0","0","0","0","0","1","0","0","0","","","0","","0","","40 20:26.787","2","0","80 03:49.068","0","0","0","0","2123","0","0","0","N","0","0","0","4","02123","0","","1.0","","1","N","N","","1","","0","0","1","","0","N","","3","0","0","0","0","0","0","2","1","3","","","","N","","","","","","","","","",""
"2012105460","","1","0","0","0","0","0","0","0","0","4","0","","02","10","2012","2","40.473115","-79.959183","","11","0","0","0","0","0","1","1","0","2","0","0","0","","","0","","1","","40 28:23.214","1","0","79 57:33.058","0","0","0","0","2301","0","0","0","N","0","0","0","2","02301","0","","1.0","","1","N","N","","1","","0","0","0","","0","Y","","2","0","0","0","0","0","0","2","0","2","","","","N","","","","","","","","","",""
"2012107898","","1","0","0","0","0","0","0","0","0","4","0","","02","10","2012","1","40.454014","-79.952635","","11","0","0","0","0","0","0","0","0","2","0","0","0","","","0","","1","","40 27:14.452","3","0","79 57:09.486","0","0","0","0","2301","0","0","0","N","0","0","0","5","02301","0","","1.0","","9","N","N","","1","","0","0","0","","0","N","","2","0","0","0","0","0","0","2","0","2","","","","N","","","","","","","","","",""
"2012105591","","2","0","0","0","0","0","0","0","0","4","0","","02","10","2012","3","40.516312","-80.197355","","11","0","0","0","0","0","1","0","0","2","0","0","0","","","1","","2","","40 30:58.723","1","0","80 11:50.478","8","0","0","0","2213","0","0","0","N","0","0","0","2","02213","0","","1.0","","1","N","N","","0","","0","0","0","","3","N","","2","1","0","0","0","1","0","2","0","2","","","","N","","","","","","","","","",""
"2012107138","","3","0","0","0","0","0","0","0","0","5","0","","02","10","2012","6","40.455031","-80.009204","","11","0","0","0","0","0","0","0","0","","0","0","0","","","0","","0","","40 27:18.111","","0","80 00:33.134","0","0","0","0","2301","0","0","0","N","0","0","0","1","02301","0","","1.0","","1","N","N","","0","","0","0","0","","0","","","3","0","0","0","0","0","0","2","0","3","","","","N","","","","","","","","","",""
"2012105592","","2","0","0","0","0","0","0","0","0","4","0","","02","10","2012","5","40.50149","-80.221982","","11","0","0","0","0","0","1","0","0","","0","0","0","","","2","","0","","40 30:05.364","","0","80 13:19.134","4","0","0","0","2213","0","0","0","N","0","0","0","2","02213","2","","1.0","","1","N","N","","0","","0","0","0","","0","","","2","2","0","0","0","0","0","2","0","2","","","","N","","","","","","","","","",""
"2012105807","","1","0","0","0","0","0","0","0","0","4","0","","02","10","2012","2","40.635992","-79.938584","","11","0","0","0","0","0","1","0","0","1","0","0","0","","","0","","2","","40 38:09.571","5","0","79 56:18.902","9","0","0","0","2217","0","0","0","N","0","0","0","2","02505","0","","1.0","","1","N","N","","0","","0","0","1","","0","Y","","2","0","0","0","0","0","1","2","0","2","","","","N","","","","","","","","","",""
"2012105873","","2","0","0","0","0","0","0","0","0","5","0","","02","10","2012","2","40.440857","-79.8347","","11","0","0","0","0","0","0","0","0","","0","0","0","","","1","","0","","40 26:27.086","","0","79 50:04.921","4","0","0","0","2419","0","0","0","N","0","0","0","3","68B03","1","","1.0","","1","N","N","","0","","0","0","0","","0","","","2","1","0","0","0","0","0","2","0","2","","","","N","","","","","","","","","",""
"2012105259","","1","0","0","0","0","0","0","0","0","99","0","","02","10","2012","5","40.519473","-79.853387","","11","0","0","0","0","0","0","0","0","","0","0","0","","","0","","0","","40 31:10.104","","0","79 51:12.192","0","0","0","0","2112","0","0","0","N","0","0","0","1","68D02","0","","1.0","","1","N","N","","0","","0","0","0","","0","","","1","0","0","0","0","0","0","2","0","1","","","","N","","","","","","","","","",""
"2012107224","","1","0","0","0","0","0","0","0","0","99","0","","02","10","2012","6","40.442757","-79.813096","","11","0","0","0","0","0","0","0","0","","0","0","0","","","0","","0","","40 26:33.925","","0","79 48:47.147","0","0","0","0","2124","0","0","0","N","0","0","0","1","68B03","0","","1.0","","1","N","N","","0","","0","0","0","","0","","","1","0","0","0","0","0","0","2","0","1","","","","N","","","","","","","","","",""
"2012105133","","0","0","0","0","0","0","0","0","0","7","0","","02","10","2012","7","40.27557","-79.837998","","11","0","0","0","0","0","0","0","0","2","0","0","0","","","0","","2","","40 16:32.051","2","0","79 50:16.792","0","0","0","0","2105","0","0","0","Y","0","0","0","1","02105","0","","2.0","","1","N","N","","0","","0","0","1","","0","Y","","1","0","0","0","0","0","0","1","0","1","","","","N","","","","","","","","","",""
"2012104989","","1","0","0","0","0","0","0","0","0","4","0","","02","10","2012","7","40.392662","-80.079166","","11","0","0","0","0","0","0","0","0","","0","0","0","","","0","","0","","40 23:33.583","","0","80 04:44.997","0","0","0","0","2117","0","0","0","N","0","0","0","2","02117","0","","1.0","","9","N","N","","0","","0","0","1","","0","","","2","0","0","0","0","0","0","2","0","2","","","","N","","","","","","","","","",""
"2012105809","","1","0","0","0","0","0","0","0","0","7","0","","02","10","2012","2","40.496318","-79.7817","","11","0","1","0","0","0","0","0","0","","0","0","0","","","1","","0","","40 29:46.744","","0","79 46:54.120","8","0","0","0","2466","0","0","0","N","0","0","0","2","02466","0","","2.0","","1","N","N","","0","","0","0","0","","0","","","1","1","0","0","0","1","0","2","0","1","","","","N","","","","","","","","","",""
"2012107447","","1","0","0","0","0","0","0","0","0","4","0","","02","10","2012","7","40.517759","-80.162001","","11","1","0","0","0","0","0","0","0","1","0","0","0","","","0","","1","","40 31:03.933","4","0","80 09:43.203","0","0","0","0","2420","0","0","0","","0","0","0","3","02420","0","","1.0","","1","","","","1","","0","0","0","","2","Y","","2","0","0","0","0","0","0","2","0","2","","","","N","","","","","","","","","",""
"2012106416","","1","0","0","0","0","0","0","0","0","4","0","","02","10","2012","3","40.40158","-79.983504","","11","0","0","0","0","0","0","0","0","","0","0","0","","","0","","0","","40 24:05.688","","0","79 59:00.614","0","0","0","0","2301","0","0","0","N","0","0","0","1","02301","0","","1.0","","1","N","N","","0","","0","0","1","","0","","","2","0","0","0","0","0","0","2","0","2","","","","N","","","","","","","","","",""
"2012107226","","2","0","0","0","0","0","0","0","0","4","0","","02","10","2012","6","40.454368","-79.947669","","11","0","0","0","0","1","0","0","0","","0","0","0","","","0","","1","","40 27:15.726","","0","79 56:51.608","0","0","0","0","2301","0","0","0","N","0","0","0","2","02301","0","","1.0","","1","N","N","","0","","0","0","0","","2","","","2","0","0","0","0","0","0","2","0","2","","","","N","","","","","","","","","",""
"2012105810","","1","0","0","0","0","0","0","0","0","1","1","","02","10","2012","2","40.356795","-79.910873","","11","0","0","0","0","0","1","0","0","2","0","1","0","","","1","","0","","40 21:24.462","3","0","79 54:39.143","8","0","0","0","2473","0","0","0","N","0","0","0","5","02473","0","","1.0","","1","N","N","","0","","0","0","2","","0","Y","","4","1","0","0","0","1","0","2","0","4","","","","N","","","","","","","","","",""
"2012107370","","1","0","0","0","0","0","0","0","0","99","0","","02","10","2012","6","40.340783","-80.171494","","11","0","0","0","0","0","1","0","0","","0","0","0","","","0","","10","","40 20:26.820","","0","80 10:17.379","0","0","0","0","2119","0","0","0","N","0","0","0","1","02119","0","","1.0","","1","N","N","","0","","0","0","0","","0","","","1","0","0","0","0","0","0","2","0","1","","","","N","","","","","","","","","",""
"2012106630","","1","0","0","0","0","0","0","0","0","7","0","","02","10","2012","4","40.289334","-79.957721","","11","0","1","0","0","0","0","0","0","5","0","0","0","","","1","","0","","40 17:21.601","5","0","79 57:27.797","3","0","0","0","2440","0","0","0","N","0","0","0","1","02440","0","","5.0","","1","N","N","","0","","1","0","0","","0","N","","1","1","0","0","0","0","0","2","0","1","","","","N","","","","","","","","","",""
"2012104992","","2","0","0","0","0","0","0","0","0","4","0","","02","10","2012","7","40.459738","-79.907173","","11","0","1","0","0","0","1","0","0","3","0","0","0","","","0","","2","","40 27:35.058","1","0","79 54:25.822","0","0","0","0","2301","0","0","0","N","0","0","0","5","02301","0","","1.0","","9","N","N","","0","","0","0","1","","3","Y","","3","0","0","0","0","0","0","2","0","3","","","","N","","","","","","","","","",""
"2012104978","","1","0","0","0","0","0","0","0","0","7","0","","02","10","2012","6","40.390017","-79.832153","","11","0","0","0","0","1","0","0","0","1","0","0","0","","","0","","0","","40 23:24.060","4","0","79 49:55.752","0","0","0","0","2111","0","0","0","N","0","0","0","1","02111","0","","2.0","","1","N","N","","0","","0","0","0","","0","N","","1","0","0","0","0","0","0","2","0","1","","","","N","","","","","","","","","",""
"2012107299","","2","0","0","0","0","0","0","0","0","4","0","","02","10","2012","6","40.396268","-80.046366","","11","0","0","0","0","0","0","1","0","2","0","0","0","","","1","","2","","40 23:46.564","2","0","80 02:46.917","4","0","0","0","2109","0","0","0","N","0","0","0","3","02109","1","","1.0","","1","N","N","","0","","0","0","0","","3","Y","","2","1","0","0","0","0","0","2","0","2","","","","N","","","","","","","","","",""
"2012105137","","1","0","0","0","0","0","0","0","0","7","0","","02","10","2012","1","40.283174","-79.983965","","11","0","0","0","0","0","0","0","0","3","0","0","0","","","0","","0","","40 16:59.427","4","0","79 59:02.273","9","0","0","0","2219","0","0","0","N","0","0","0","1","02219","0","","2.0","","1","N","N","","0","","0","0","0","","0","N","","1","0","0","0","0","0","1","2","0","1","","","","N","","","","","","","","","",""
"2012107450","","2","0","0","0","0","0","0","0","0","4","0","","02","10","2012","4","40.446494","-79.848378","","11","0","0","0","0","0","1","0","0","","0","0","0","","","0","","2","","40 26:47.378","","0","79 50:54.160","0","0","0","0","2419","0","0","0","N","0","0","0","2","02419","0","","1.0","","1","N","N","","0","","0","0","0","","1","","","2","0","0","0","0","0","0","2","0","2","","","","N","","","","","","","","","",""
"2012104911","","1","0","0","0","0","0","0","0","0","2","0","","02","10","2012","7","40.529044","-80.035128","","11","0","0","0","0","0","0","1","0","1","0","0","0","","","1","","0","","40 31:44.559","5","0","80 02:06.459","8","0","0","0","2116","0","0","0","N","0","0","0","2","02116","0","","1.0","","9","N","N","","0","","0","0","0","","0","Y","","2","1","0","0","0","1","0","2","1","2","","","","N","","","","","","","","","",""
"2012105125","","1","0","0","0","0","0","0","0","0","1","0","","02","10","2012","7","40.360769","-79.982277","","11","0","0","0","0","1","0","0","0","","0","0","0","","","0","","3","","40 21:38.769","","0","79 58:56.198","0","0","0","0","2476","0","0","0","N","0","0","0","2","02476","0","","1.0","","9","N","N","","1","","0","0","0","","0","","","2","0","0","0","0","0","0","2","0","2","","","","N","","","","","","","","","",""
"2012106352","","1","0","0","0","0","0","0","0","0","1","0","","02","10","2012","1","40.394569","-80.066153","","11","0","0","0","0","0","0","1","0","","0","0","0","","","0","","2","","40 23:40.447","","7","80 03:58.152","0","0","0","0","2117","0","0","0","N","0","0","0","2","02117","0","","1.0","","1","N","N","","0","","0","0","1","","2","","","2","0","0","0","0","0","0","2","0","2","","","","N","","","","","","","","","",""
"2012107163","","0","0","0","0","0","0","0","0","0","7","0","","02","10","2012","6","40.493125","-80.047087","","11","0","0","0","0","0","0","0","0","","0","0","0","","","1","","0","","40 29:35.250","","0","80 02:49.513","3","0","0","1","2404","0","0","0","N","0","0","0","1","02404","0","","2.0","","1","N","N","","0","","1","0","0","","0","","","1","1","0","0","0","0","0","2","0","1","","","","N","","","","","","","","","",""
"2012107303","","1","0","0","0","0","0","0","0","0","1","0","","02","10","2012","6","40.468672","-79.962301","","11","0","0","0","0","0","0","0","0","2","0","0","0","","","1","","10","","40 28:07.220","5","3","79 57:44.282","4","0","0","0","2301","0","0","0","N","0","0","0","3","02301","1","","1.0","","1","N","N","","1","","0","0","1","","0","N","","3","1","0","0","0","0","0","2","0","3","","","","N","","","","","","","","","",""
"2012105127","","1","0","0","0","0","0","0","0","0","7","0","","02","10","2012","7","40.673686","-80.116262","","11","0","0","0","0","0","0","0","0","","0","0","0","","","0","","2","","40 40:25.269","","0","80 06:58.543","0","0","0","0","2212","0","0","0","N","0","0","0","1","02505","0","","2.0","","9","N","N","","0","","0","0","0","","0","","","1","0","0","0","0","0","0","2","0","1","","","","N","","","","","","","","","",""