"CRN","ARRIVAL_TM","AUTOMOBILE_COUNT","BELTED_DEATH_COUNT","BELTED_SUSP_SERIOUS_INJ_COUNT","BICYCLE_COUNT","BICYCLE_DEATH_COUNT","BICYCLE_SUSP_SERIOUS_INJ_COUNT","BUS_COUNT","CHLDPAS_DEATH_COUNT","CHLDPAS_SUSP_SERIOUS_INJ_COUNT","COLLISION_TYPE","COMM_VEH_COUNT","CONS_ZONE_SPD_LIM","COUNTY","CRASH_MONTH","CRASH_YEAR","DAY_OF_WEEK","DEC_LATITUDE","DEC_LONGITUDE","DISPATCH_TM","DISTRICT","DRIVER_COUNT_16YR","DRIVER_COUNT_17YR","DRIVER_COUNT_18YR","DRIVER_COUNT_19YR","DRIVER_COUNT_20YR","DRIVER_COUNT_50_64YR","DRIVER_COUNT_65_74YR","DRIVER_COUNT_75PLUS","EST_HRS_CLOSED","FATAL_COUNT","HEAVY_TRUCK_COUNT","HORSE_BUGGY_COUNT","HOUR_OF_DAY","ILLUMINATION","INJURY_COUNT","INTERSECTION_RELATED","INTERSECT_TYPE","LANE_CLOSED","LATITUDE","LN_CLOSE_DIR","LOCATION_TYPE","LONGITUDE","MAX_SEVERITY_LEVEL","MCYCLE_DEATH_COUNT","MCYCLE_SUSP_SERIOUS_INJ_COUNT","MOTORCYCLE_COUNT","MUNICIPALITY","NONMOTR_COUNT","NONMOTR_DEATH_COUNT","NONMOTR_SUSP_SERIOUS_INJ_COUNT","NTFY_HIWY_MAINT","PED_COUNT","PED_DEATH_COUNT","PED_SUSP_SERIOUS_INJ_COUNT","PERSON_COUNT","POLICE_AGCY","POSSIBLE_INJ_COUNT","RDWY_SURF_TYPE_CD","RELATION_TO_ROAD","ROADWAY_CLEARED","ROAD_CONDITION","SCH_BUS_IND","SCH_ZONE_IND","SECONDARY_CRASH","SMALL_TRUCK_COUNT","SPEC_JURIS_CD","SUSP_MINOR_INJ_COUNT","SUSP_SERIOUS_INJ_COUNT","SUV_COUNT","TCD_FUNC_CD","TCD_TYPE","TFC_DETOUR_IND","TIME_OF_DAY","TOTAL_UNITS","TOT_INJ_COUNT","UNBELTED_OCC_COUNT","UNB_DEATH_COUNT","UNB_SUSP_SERIOUS_INJ_COUNT","UNK_INJ_DEG_COUNT","UNK_INJ_PER_COUNT","URBAN_RURAL","VAN_COUNT","VEHICLE_COUNT","WEATHER1","WEATHER2","WORKERS_PRES","WORK_ZONE_IND","WORK_ZONE_LOC","WORK_ZONE_TYPE","WZ_CLOSE_DETOUR","WZ_FLAGGER","WZ_LAW_OFFCR_IND","WZ_LN_CLOSURE","WZ_MOVING","WZ_OTHER","WZ_SHLDER_MDN","WZ_WORKERS_INJ_KILLED"
"2012112517","0912","1","0","0","0","0","0","0","0","0","7","0","","02","10","2012","4","40.523031","-79.818232","0859","11","0","0","0","0","0","0","0","0","2","0","0","0","","","1","","0","","40 31:22.911","4","0","79 49:05.636","4","0","0","0","2466","0","0","0","N","0","0","0","2","68T02","1","","2.0","","9","N","N","","0","","0","0","1","","0","N","","2","1","0","0","0","0","0","2","0","2","","","","N","","","","","","","","","",""
"2012112666","0935","1","0","0","0","0","0","0","0","0","7","0","","02","10","2012","4","40.608559","-80.056306","0932","11","0","0","0","0","0","0","0","0","1","0","0","0","","","0","","0","","40 36:30.814","5","0","80 03:22.701","0","0","0","0","2108","0","0","0","N","0","0","0","1","02108","0","","5.0","","9","N","N","","0","","0","0","0","","0","Y","","1","0","0","0","0","0","0","2","0","1","","","","N","","","","","","","","","",""
"2012112457","0636","0","0","0","0","0","0","0","0","0","8","0","","02","11","2012","5","40.458613","-79.908014","0636","11","0","0","0","0","0","1","0","0","","0","0","0","","","1","","1","","40 27:31.005","","0","79 54:28.849","8","0","0","0","2301","1","0","0","N","1","0","0","2","02301","0","","1.0","","1","N","N","","0","","0","0","1","","2","","","2","1","0","0","0","1","0","2","0","1","","","","N","","","","","","","","","",""
"2012111180","1615","2","0","0","0","0","0","0","0","0","1","0","","02","11","2012","3","40.461578","-79.967126","1612","11","0","0","0","0","1","0","0","0","1","0","0","0","","","2","","1","","40 27:41.680","2","0","79 58:01.653","4","0","0","0","2301","0","0","0","N","0","0","0","4","02301","2","","1.0","","1","N","N","","0","","0","0","0","","2","N","","2","2","0","0","0","0","0","2","0","2","","","","N","","","","","","","","","",""
"2012113420","0920","2","0","0","0","0","0","0","0","0","1","0","","02","11","2012","2","40.436185","-79.972864","0911","11","0","0","0","0","0","0","0","0","","0","0","0","","","0","","2","","40 26:10.266","","0","79 58:22.309","0","0","0","0","2301","0","0","0","N","0","0","0","3","02301","0","","1.0","","1","N","N","","0","","0","0","0","","1","","","2","0","1","0","0","0","0","2","0","2","","","","N","","","","","","","","","",""
"2012112603","2212","1","0","0","0","0","0","0","0","0","2","0","","02","11","2012","2","40.475702","-80.098963","2212","11","0","1","0","0","0","0","0","0","2","0","0","0","","","0","","1","","40 28:32.527","2","0","80 05:56.266","0","0","0","0","2126","0","0","0","N","0","0","0","2","02126","0","","1.0","","1","N","N","","0","","0","0","1","","2","N","","2","0","0","0","0","0","0","2","0","2","","","","N","","","","","","","","","",""
"2012113436","1158","1","0","0","0","0","0","0","0","0","4","0","","02","11","2012","2","40.555104","-79.809478","1158","11","0","0","0","0","0","0","0","0","1","0","0","0","","","0","","5","","40 33:18.374","2","0","79 48:34.122","0","0","0","0","2121","0","0","0","N","0","0","0","2","02121","0","","1.0","","1","N","N","","0","","0","0","1","","4","N","","2","0","0","0","0","0","0","2","0","2","","","","N","","","","","","","","","",""
"2012111243","1526","1","0","0","0","0","0","0","0","0","7","0","","02","10","2012","7","40.490873","-79.882751","1508","11","0","0","1","0","0","0","0","0","","0","0","0","","","0","","0","","40 29:27.144","","0","79 52:57.904","0","0","0","0","2112","0","0","0","N","0","0","0","1","68D02","0","","4.0","","1","N","N","","0","","0","0","0","","0","","","1","0","0","0","0","0","0","2","0","1","","","","N","","","","","","","","","",""
"2012112394","1131","2","0","0","0","0","0","0","0","0","4","0","","02","11","2012","5","40.371773","-80.082575","1128","11","0","0","0","0","0","1","1","0","","0","0","0","","","0","","2","","40 22:18.382","","0","80 04:57.270","0","0","0","0","2117","0","0","0","N","0","0","0","2","02117","0","","1.0","","1","N","","","0","","0","0","0","","3","","","2","0","0","0","0","0","0","2","0","2","","","","N","","","","","","","","","",""
"2012111104","1240","1","0","0","0","0","0","0","0","0","7","0","","02","11","2012","6","40.396495","-80.008744","1240","11","0","0","0","0","0","1","0","0","","0","0","0","","","0","","0","","40 23:47.382","","0","80 00:31.478","0","0","0","0","2301","0","0","0","N","0","0","0","1","02301","0","","2.0","","1","N","N","","0","","0","0","0","","0","","","1","0","0","0","0","0","0","2","0","1","","","","N","","","","","","","","","",""
"2012113437","0926","1","0","0","0","0","0","0","0","0","1","1","","02","11","2012","2","40.291409","-79.914412","0921","11","0","0","0","0","0","2","0","0","","0","1","0","","","0","","0","","40 17:29.073","","0","79 54:51.882","0","0","0","0","2440","0","0","0","N","0","0","0","2","02440","0","","1.0","","1","N","N","","0","","0","0","0","","0","","","2","0","0","0","0","0","0","2","0","2","","","","N","","","","","","","","","",""
"2012112619","0720","1","0","0","0","0","0","0","0","0","99","0","","02","11","2012","2","40.238297","-79.864139","0658","11","0","0","0","0","0","0","0","0","","0","0","0","","","0","","0","","40 14:17.870","","0","79 51:50.901","0","0","0","0","2204","0","0","0","N","0","0","0","1","02204","0","","1.0","","1","N","N","","0","","0","0","0","","0","","","1","0","0","0","0","0","0","1","0","1","","","","N","","","","","","","","","",""
"2012111038","0111","1","0","0","0","0","0","0","0","0","2","0","","02","11","2012","3","40.484224","-79.907886","0111","11","0","0","0","0","0","0","0","0","","0","0","0","","","0","","1","","40 29:03.206","","0","79 54:28.391","9","0","0","0","2301","0","0","0","N","0","0","0","2","02301","0","","1.0","","1","N","N","","0","","0","0","0","","2","","","2","0","0","0","0","0","1","2","0","2","","","","N","","","","","","","","","",""
"2012112539","1313","2","0","0","0","0","0","0","0","0","1","0","","02","11","2012","5","40.331457","-79.844433","1309","11","0","0","0","0","0","0","0","1","","0","0","0","","","1","","0","","40 19:53.244","","0","79 50:39.959","4","0","0","0","2304","0","0","0","N","0","0","0","2","02304","1","","1.0","","1","N","N","","0","","0","0","0","","2","","","2","1","0","0","0","0","0","2","0","2","","","","N","","","","","","","","","",""
"2012111185","2230","2","0","0","0","0","0","0","0","0","1","0","","02","11","2012","6","40.46832","-80.128039","2226","11","0","0","0","0","0","0","1","0","2","0","0","0","","","1","","0","","40 28:05.953","6","0","80 07:40.940","2","0","0","0","2115","0","0","0","N","0","0","0","2","02115","0","","1.0","","1","N","N","","0","","0","1","0","","0","Y","","2","1","1","0","0","0","0","2","0","2","","","","N","","","","","","","","","",""
"2012112001","2313","1","0","0","0","0","0","0","0","0","5","0","","02","11","2012","4","40.439565","-79.897603","2303","11","0","0","0","0","0","0","0","0","2","0","0","0","","","0","","0","","40 26:22.434","7","0","79 53:51.370","0","0","0","0","2301","0","0","0","N","0","0","0","1","02301","0","","6.0","","1","N","N","","0","","0","0","1","","0","N","","2","0","1","0","0","0","0","2","0","2","","","","N","","","","","","","","","",""
"2012112397","1828","1","0","0","0","0","0","0","0","0","4","0","","02","11","2012","5","40.489479","-79.819853","1828","11","0","0","0","0","0","2","0","0","","0","0","0","","","1","","1","","40 29:22.124","","0","79 49:11.470","8","0","0","0","2113","0","0","0","N","0","0","0","3","02113","0","","1.0","","1","N","N","","1","","0","0","0","","3","","","2","1","0","0","0","1","0","2","0","2","","","","N","","","","","","","","","",""
"2012112540","1435","1","0","0","0","0","0","0","0","0","1","0","","02","11","2012","2","40.453625","-79.760558","1429","11","0","0","0","1","0","0","0","1","","0","0","0","","","1","","0","","40 27:13.050","","0","79 45:38.008","8","0","0","0","2446","0","0","0","N","0","0","0","3","02446","0","","1.0","","1","Y","N","","0","","0","0","0","","0","","","2","1","0","0","0","1","0","2","1","2","","","","N","","","","","","","","","",""
"2012111107","0848","0","0","0","0","0","0","0","0","0","7","0","","02","11","2012","3","40.280735","-79.909443","0845","11","0","0","0","0","0","0","0","0","3","0","0","0","","","3","","0","","40 16:50.646","5","0","79 54:33.994","4","0","0","0","2440","0","0","0","N","0","0","0","3","02440","3","","2.0","","2","N","N","","1","","0","0","0","","0","Y","","1","3","0","0","0","0","0","2","0","1","","","","N","","","","","","","","","",""
"2012111174","1715","0","0","0","0","0","0","0","0","0","1","0","","02","11","2012","3","40.445414","-80.009602","1709","11","0","0","0","0","0","0","0","0","1","0","0","0","","","1","","10","","40 26:43.491","2","99","80 00:34.566","8","0","0","0","2301","0","0","0","N","0","0","0","4","02301","0","","4.0","","1","N","N","","0","","0","0","1","","0","N","","2","1","0","0","0","1","0","2","1","2","","","","N","","","","","","","","","",""
"2012111186","1829","1","0","0","0","0","0","0","0","0","8","0","","02","11","2012","6","40.345111","-80.027313","1826","11","0","0","0","0","0","0","0","0","2","0","0","0","","","1","","0","","40 20:42.400","3","0","80 01:38.327","3","0","0","0","2407","1","0","0","N","1","0","0","2","02407","0","","1.0","","1","N","N","","0","","1","0","0","","0","N","","2","1","0","0","0","0","0","2","0","1","","","","N","","","","","","","","","",""
"2012112610","0550","1","0","0","0","0","0","0","0","0","1","0","","02","11","2012","3","40.541053","-79.804163","0548","11","0","0","0","0","0","0","0","0","","0","0","0","","","0","","2","","40 32:27.791","","0","79 48:14.988","0","0","0","0","2418","0","0","0","N","0","0","0","2","02418","0","","1.0","","1","N","N","","0","","0","0","0","","2","","","2","0","0","0","0","0","0","2","1","2","","","","N","","","","","","","","","",""
"2012111877","0524","1","0","0","0","0","0","0","0","0","99","0","","02","11","2012","3","40.519473","-79.853387","0458","11","0","0","0","0","0","1","0","0","","0","0","0","","","0","","0","","40 31:10.104","","0","79 51:12.192","0","0","0","0","2112","0","0","0","N","0","0","0","1","68D02","0","","1.0","","1","N","N","","0","","0","0","0","","0","","","1","0","0","0","0","0","0","2","0","1","","","","N","","","","","","","","","",""
"2012113510","0558","1","0","0","0","0","0","0","0","0","1","1","","02","10","2012","6","40.415745","-80.059695","0547","11","0","0","0","0","0","0","0","0","3","0","1","0","","","1","","0","","40 24:56.682","3","0","80 03:34.903","4","0","0","0","2435","0","0","0","Y","0","0","0","3","68B03","1","","1.0","","1","N","N","","1","","0","0","0","","0","N","","3","1","0","0","0","0","0","2","0","3","","","","N","","","","","","","","","",""
"2012113826","1011","1","0","0","0","0","0","0","0","0","1","0","","02","11","2012","3","40.326006","-79.793457","1010","11","0","0","0","1","0","1","0","0","1","0","0","0","","","1","","2","","40 19:33.622","4","0","79 47:36.446","4","0","0","0","2477","0","0","0","N","0","0","0","2","02477","1","","1.0","","1","N","N","","1","","0","0","0","","0","N","","2","1","0","0","0","0","0","2","0","2","","","","N","","","","","","","","","",""
"2012113218","2146","1","0","0","0","0","0","0","0","0","1","0","","02","11","2012","6","40.356789","-79.978625","2146","11","1","0","0","0","0","0","0","0","1","0","0","0","","","4","","2","","40 21:24.440","4","0","79 58:43.050","8","0","0","0","2476","0","0","0","N","0","0","0","8","02476","0","","1.0","","1","N","N","","0","","0","0","0","","0","N","","2","4","0","0","0","4","1","2","1","2","","","","N","","","","","","","","","",""
"2012111044","1800","1","0","0","0","0","0","0","0","0","2","0","","02","11","2012","5","40.255314","-79.85241","1754","11","0","1","0","0","0","1","0","0","2","0","0","0","","","1","","5","","40 15:19.131","7","0","79 51:08.677","8","0","0","0","2105","0","0","0","N","0","0","0","2","02105","0","","1.0","","9","N","N","","1","","0","0","0","","0","Y","","2","1","0","0","0","1","0","1","0","2","","","","N","","","","","","","","","",""
"2012112613","1743","2","0","0","0","0","0","0","0","0","4","0","","02","11","2012","2","40.434313","-79.968506","1741","11","0","0","0","0","0","1","0","0","","0","0","0","","","0","","0","","40 26:03.526","","7","79 58:06.621","0","0","0","0","2301","0","0","0","N","0","0","0","1","02301","0","","6.0","","1","N","N","","0","","0","0","1","","0","","","3","0","0","0","0","0","0","2","0","3","","","","N","","","","","","","","","",""
"2012113430","1058","3","0","0","0","0","0","0","0","0","1","0","","02","11","2012","2","40.331734","-79.945722","1056","11","0","0","0","0","0","0","0","0","1","0","0","0","","","2","","0","","40 19:54.241","1","0","79 56:44.600","4","0","0","0","2454","0","0","0","N","0","0","0","3","02454","2","","1.0","","1","N","N","","0","","0","0","0","","2","N","","3","2","1","0","0","0","0","2","0","3","","","","N","","","","","","","","","",""
"2012113511","2050","1","0","0","0","0","0","0","0","0","1","0","","02","11","2012","6","40.433904","-79.988255","2040","11","0","0","1","0","0","0","0","0","1","0","0","0","","","1","","0","","40 26:02.053","3","0","79 59:17.718","3","0","0","0","2301","0","0","0","N","0","0","0","3","68B03","0","","1.0","","1","N","N","","0","","1","0","1","","0","N","","2","1","0","0","0","0","0","2","0","2","","","","N","","","","","","","","","",""
"2012113827","1251","1","0","0","0","0","0","0","0","0","5","0","","02","11","2012","3","40.467056","-79.825766","1251","11","0","0","0","0","0","0","0","0","1","0","0","0","","","0","","0","","40 28:01.400","4","0","79 49:32.758","0","0","0","0","2113","0","0","0","N","0","0","0","3","02113","0","","1.0","","1","N","N","","0","","0","0","1","","0","N","","2","0","0","0","0","0","0","2","0","2","","","","N","","","","","","","","","",""
"2012113512","1649","1","0","0","0","0","0","0","0","0","7","0","","02","11","2012","3","40.454168","-80.18105","1640","11","0","0","0","0","0","0","0","1","","0","0","0","","","0","","0","","40 27:15.003","","0","80 10:51.780","0","0","0","0","2214","0","0","0","N","0","0","0","1","68B03","0","","2.0","","1","N","N","","0","","0","0","0","","0","","","1","0","0","0","0","0","0","2","0","1","","","","N","","","","","","","","","",""
"2012112615","1514","2","0","0","0","0","0","0","0","0","4","0","","02","11","2012","6","40.452824","-79.981496","1506","11","0","0","0","0","0","0","0","0","","0","0","0","","","0","","1","","40 27:10.166","","0","79 58:53.385","0","0","0","0","2301","0","0","0","N","0","0","0","3","02301","0","","1.0","","1","N","N","","0","","0","0","0","","3","","","2","0","0","0","0","0","0","2","0","2","","","","N","","","","","","","","","",""
"2012111129","1603","1","0","0","0","0","0","0","0","0","7","0","","02","10","2012","1","40.402026","-79.83406","1555","11","0","0","0","0","0","0","0","0","","0","0","0","","","1","","2","","40 24:07.293","","0","79 50:02.616","4","0","0","0","2425","0","0","0","N","0","0","0","1","02425","1","","5.0","","9","N","N","","0","","0","0","0","","3","","","1","1","1","0","0","0","0","2","0","1","","","","N","","","","","","","","","",""
"2012113446","0915","0","0","0","0","0","0","0","0","0","1","0","90","02","11","2012","5","40.632713","-80.058916","0912","11","0","0","0","0","0","1","0","0","","0","0","0","","","0","","0","","40 37:57.767","","0","80 03:32.097","0","0","0","0","2216","0","0","0","N","0","0","0","2","02505","0","","1.0","","1","N","N","","0","","0","0","2","","0","","","2","0","0","0","0","0","0","2","0","2","","","N","Y","3","1","","","N","Y","","","",""
"2012113513","1742","1","0","0","0","0","0","0","0","0","99","0","","02","11","2012","4","40.582185","-80.098273","1731","11","0","0","0","0","0","1","0","0","","0","0","0","","","0","","0","","40 34:55.867","","0","80 05:53.784","0","0","0","0","2481","0","0","0","N","0","0","0","1","68B03","0","","1.0","","1","N","N","","0","","0","0","0","","0","","","1","0","0","0","0","0","0","2","0","1","","","","N","","","","","","","","","",""
"2012112024","0213","3","0","0","0","0","0","0","0","0","5","0","","02","11","2012","5","40.345943","-79.863854","0213","11","0","0","0","0","0","0","0","0","1","0","0","0","","","0","","0","","40 20:45.394","5","0","79 51:49.875","0","0","0","0","2304","0","0","0","N","0","0","0","1","02304","0","","4.0","","1","N","N","","0","","0","0","0","","0","Y","","3","0","0","0","0","0","0","2","0","3","","","","N","","","","","","","","","",""
"2012115854","0135","1","0","0","0","0","0","0","0","0","2","0","","02","11","2012","6","40.421673","-79.797854","0133","11","0","0","0","0","0","0","0","0","","0","0","0","","","2","","2","","40 25:18.022","","0","79 47:52.274","3","0","0","0","2446","0","0","0","N","0","0","0","3","02446","1","","1.0","","1","N","N","","0","","1","0","1","","3","","","2","2","0","0","0","0","0","2","0","2","","","","N","","","","","","","","","",""
"2012114350","1640","0","0","0","0","0","0","0","0","0","5","0","","02","11","2012","4","40.556844","-79.973177","1630","11","1","0","0","0","0","0","0","0","1","0","1","0","","","2","","0","","40 33:24.640","1","1","79 58:23.437","4","0","0","0","2207","0","0","0","N","0","0","0","3","02207","2","","1.0","","1","N","N","","0","","0","0","0","","0","Y","","2","2","0","0","0","0","0","2","1","2","","","","N","","","","","","","","","",""
"2012114413","0111","1","0","0","0","0","0","0","0","0","7","0","","02","11","2012","2","40.493976","-79.94381","0110","11","0","0","0","0","0","0","0","0","1","0","0","0","","","0","","0","","40 29:38.313","1","0","79 56:37.717","9","0","0","0","2430","0","0","0","N","0","0","0","1","02430","0","","1.0","","1","N","N","","0","","0","0","0","","0","N","","1","0","0","0","0","0","1","2","0","1","","","","N","","","","","","","","","",""
"2012116685","0640","1","0","0","0","0","0","0","0","0","7","0","","02","11","2012","2","40.395716","-79.839119","0638","11","0","0","0","1","0","0","0","0","","0","0","0","","","0","","2","","40 23:44.578","","0","79 50:20.828","0","0","0","0","2425","0","0","0","N","0","0","0","2","02425","0","","5.0","","1","N","N","","0","","0","0","0","","3","","","1","0","0","0","0","0","0","2","0","1","","","","N","","","","","","","","","",""
"2012116000","0855","0","0","0","0","0","0","0","0","0","7","0","","02","11","2012","7","40.402879","-80.106492","0830","11","0","0","0","0","0","0","0","0","","0","0","0","","","0","","0","","40 24:10.363","","0","80 06:23.372","0","0","0","0","2102","0","0","0","Y","0","0","0","1","68B03","0","","1.0","","1","N","N","","0","","0","0","1","","0","","","1","0","0","0","0","0","0","2","0","1","","","","N","","","","","","","","","",""
"2012114546","1826","1","0","0","0","0","0","0","0","0","99","0","55","02","11","2012","3","40.643869","-80.022766","1808","11","0","0","0","0","0","0","0","0","9","0","0","0","","","0","","0","","40 38:37.930","3","0","80 01:21.957","0","0","0","0","2216","0","0","0","N","0","0","0","1","68T02","0","","1.0","","1","N","N","","0","","0","0","0","","0","N","","1","0","0","0","0","0","0","2","0","1","","","Y","Y","4","1","N","N","N","Y","Y","N","N",""
"2012116001","1340","0","0","0","0","0","0","0","0","0","99","0","","02","11","2012","7","40.426916","-80.290214","1332","11","0","0","0","0","0","0","0","0","","0","1","0","","","0","","0","","40 25:36.899","","0","80 17:24.771","0","0","0","0","2214","0","0","0","N","0","0","0","2","68B03","0","","1.0","","1","N","N","","0","","0","0","0","","0","","","1","0","0","0","0","0","0","1","0","1","","","","N","","","","","","","","","",""
"2012114559","1730","2","0","0","0","0","0","0","0","0","2","0","","02","11","2012","4","40.387335","-79.983867","1719","11","0","0","0","0","0","0","0","0","","0","0","0","","","1","","1","","40 23:14.406","","0","79 59:01.921","3","0","0","0","2301","0","0","0","N","0","0","0","2","02301","0","","1.0","","1","N","N","","0","","1","0","0","","2","","","2","1","0","0","0","0","0","2","0","2","","","","N","","","","","","","","","",""
"2012114630","1607","1","0","0","0","0","0","0","0","0","1","0","","02","11","2012","4","40.475529","-79.848493","1558","11","0","0","0","0","0","0","0","0","","0","0","0","","","1","","1","","40 28:31.904","","0","79 50:54.576","8","0","0","0","2113","0","0","0","N","0","0","0","3","02113","0","","1.0","","1","N","N","","0","","0","0","0","","2","","","2","1","0","0","0","1","0","2","1","2","","","","N","","","","","","","","","",""
"2012115242","1309","0","0","0","1","0","0","0","0","0","8","0","","02","11","2012","7","40.501339","-79.726115","1307","11","0","0","0","0","0","0","0","0","","0","0","0","","","1","","1","","40 30:04.820","","0","79 43:34.014","8","0","0","0","2466","1","0","0","N","0","0","0","2","02466","0","","1.0","","1","N","N","","1","","0","0","0","","3","","","2","1","0","0","0","1","0","2","0","1","","","","N","","","","","","","","","",""
"2012115857","0222","1","0","0","0","0","0","0","0","0","7","0","","02","11","2012","1","40.465899","-80.033987","0218","11","0","0","0","0","0","0","0","0","1","0","0","0","","","0","","0","","40 27:57.238","1","0","80 02:02.352","0","0","0","0","2301","0","0","0","N","0","0","0","2","02301","0","","3.0","","1","N","N","","0","","0","0","0","","0","N","","1","0","0","0","0","0","0","2","0","1","","","","N","","","","","","","","","",""
"2012116690","1513","1","0","0","0","0","0","0","0","0","4","0","","02","11","2012","3","40.425185","-79.921809","1509","11","0","0","0","0","0","1","0","0","","0","0","0","","","2","","0","","40 25:30.666","","0","79 55:18.512","3","0","0","0","2301","0","0","0","N","0","0","0","2","02301","0","","1.0","","1","N","N","","0","","2","0","1","","0","","","2","2","0","0","0","0","0","2","0","2","","","","N","","","","","","","","","",""
"2012112016","0220","1","0","0","0","0","0","0","0","0","4","0","","02","11","2012","5","40.448652","-80.002304","0215","11","0","0","0","0","0","0","0","0","","0","0","0","","","0","","1","","40 26:55.147","","0","80 00:08.294","0","0","0","0","2301","0","0","0","N","0","0","0","3","02301","0","","1.0","","1","N","N","","0","","0","0","1","","2","","","2","0","0","0","0","0","0","2","0","2","","","","N","","","","","","","","","",""
"2012115858","1158","0","0","0","0","0","0","1","0","0","5","1","","02","11","2012","7","40.43651","-79.963936","1151","11","0","0","0","0","1","0","0","0","","0","0","0","","","3","","2","","40 26:11.436","","0","79 57:50.169","2","0","0","0","2301","0","0","0","N","0","0","0","15","02503","0","","1.0","","1","N","N","","0","","2","1","1","","0","","","2","3","1","0","1","0","0","2","0","2","","","","N","","","","","","","","","",""
"2012116693","1525","0","0","0","0","0","0","0","0","0","4","0","","02","11","2012","3","40.429923","-79.929158","1515","11","0","0","0","0","0","0","0","0","","0","0","0","","","1","","0","","40 25:47.722","","0","79 55:44.968","8","0","0","0","2301","0","0","0","","0","0","0","4","02301","0","","1.0","","1","","","","1","","0","0","0","","0","","","2","1","0","0","0","1","0","2","1","2","","","","N","","","","","","","","","",""
"2012114563","1628","1","0","0","0","0","0","0","0","0","1","0","","02","11","2012","4","40.390756","-80.049364","1624","11","0","0","0","0","0","0","0","0","3","0","0","0","","","1","","0","","40 23:26.721","5","0","80 02:57.710","4","0","0","0","2109","0","0","0","N","0","0","0","4","02109","1","","1.0","","1","N","N","","0","","0","0","1","","0","Y","","2","1","0","0","0","0","0","2","0","2","","","","N","","","","","","","","","",""
"2012112018","2317","1","0","0","0","0","0","0","0","0","1","0","99","02","11","2012","4","40.443199","-79.992628","2310","11","0","0","0","0","0","0","0","1","","0","0","0","","","0","","0","","40 26:35.517","","0","79 59:33.461","0","0","0","0","2301","0","0","0","N","0","0","0","4","02301","0","","1.0","","1","N","N","","1","","0","0","0","","0","","","2","0","0","0","0","0","0","2","0","2","","","Y","Y","1","2","","","N","Y","","","Y",""
"2012116149","1818","1","0","0","0","0","0","0","0","0","1","0","","02","11","2012","5","40.423729","-80.030597","1800","11","0","0","0","0","0","0","0","0","1","0","0","0","","","0","","0","","40 25:25.424","4","0","80 01:50.148","0","0","0","0","2301","0","0","0","N","0","0","0","2","68B03","0","","1.0","","1","N","N","","0","","0","0","1","","0","N","","2","0","0","0","0","0","0","2","0","2","","","","N","","","","","","","","","",""
"2012115861","0335","1","0","0","0","0","0","0","0","0","7","0","","02","11","2012","1","40.393817","-79.934693","0329","11","0","0","0","0","0","1","0","0","2","0","0","0","","","0","","0","","40 23:37.741","2","1","79 56:04.893","0","0","0","0","2301","0","0","0","N","0","0","0","1","02301","0","","3.0","","1","N","N","","0","","0","0","0","","0","N","","1","0","0","0","0","0","0","2","0","1","","","","N","","","","","","","","","",""
"2012115112","1916","1","0","0","0","0","0","0","0","0","1","0","","02","11","2012","5","40.411489","-80.075846","1908","11","0","0","0","0","0","1","0","0","","0","0","0","","","2","","6","","40 24:41.361","","2","80 04:33.046","4","0","0","0","2117","0","0","0","N","0","0","0","2","68B03","1","","1.0","","1","N","N","","0","","0","0","1","","0","","","2","2","0","0","0","1","0","2","0","2","","","","N","","","","","","","","","",""
"2012116680","1428","2","0","0","0","0","0","0","0","0","2","0","","02","11","2012","3","40.464269","-79.824238","1421","11","0","0","0","1","0","0","0","0","","0","0","0","","","0","","0","","40 27:51.369","","0","79 49:27.257","0","0","0","0","2113","0","0","0","N","0","0","0","2","02113","0","","1.0","","1","N","N","","0","","0","0","0","","0","","","2","0","0","0","0","0","0","2","0","2","","","","N","","","","","","","","","",""
"2012116695","1900","2","0","0","0","0","0","0","0","0","4","0","","02","11","2012","6","40.543896","-80.035882","1855","11","0","0","0","1","0","0","0","0","","0","0","0","","","1","","2","","40 32:38.024","","0","80 02:09.175","3","0","0","0","2116","0","0","0","N","0","0","0","3","02116","0","","1.0","","1","N","N","","0","","1","0","0","","0","","","2","1","0","0","0","0","0","2","0","2","","","","N","","","","","","","","","",""
"2012115184","0000","1","0","0","0","0","0","0","0","0","1","0","","02","8","2012","5","40.450991","-80.028026","0000","11","0","1","0","0","0","0","0","0","","0","0","0","","","1","","0","","40 27:03.567","","2","80 01:40.894","4","0","0","0","2301","0","0","0","N","0","0","0","3","00000","1","","7.0","","1","N","N","","0","","0","0","1","","0","","","2","1","0","0","0","0","0","2","0","2","","","","N","","","","","","","","","",""
"2012116150","1015","1","0","0","0","0","0","0","0","0","4","0","","02","11","2012","6","40.430341","-79.957597","1005","11","0","0","0","0","0","1","0","0","1","0","0","0","","","2","","0","","40 25:49.226","3","0","79 57:27.350","4","0","0","0","2301","0","0","0","Y","0","0","0","3","68B03","2","","1.0","","1","N","N","","0","","0","0","1","","0","N","","2","2","0","0","0","0","0","2","0","2","","","","N","","","","","","","","","",""
"2012116086","2003","0","0","0","0","0","0","0","0","0","8","0","","02","11","2012","1","40.461055","-79.909788","1959","11","0","0","0","0","0","0","0","0","","0","0","0","","","1","","1","","40 27:39.798","","0","79 54:35.236","2","0","0","0","2301","1","0","1","N","1","0","1","2","02301","0","","1.0","","1","N","N","","0","","0","1","1","","2","","","2","1","0","0","0","0","1","2","0","1","","","","N","","","","","","","","","",""