"CRN","ARRIVAL_TM","AUTOMOBILE_COUNT","BELTED_DEATH_COUNT","BELTED_SUSP_SERIOUS_INJ_COUNT","BICYCLE_COUNT","BICYCLE_DEATH_COUNT","BICYCLE_SUSP_SERIOUS_INJ_COUNT","BUS_COUNT","CHLDPAS_DEATH_COUNT","CHLDPAS_SUSP_SERIOUS_INJ_COUNT","COLLISION_TYPE","COMM_VEH_COUNT","CONS_ZONE_SPD_LIM","COUNTY","CRASH_MONTH","CRASH_YEAR","DAY_OF_WEEK","DEC_LATITUDE","DEC_LONGITUDE","DISPATCH_TM","DISTRICT","DRIVER_COUNT_16YR","DRIVER_COUNT_17YR","DRIVER_COUNT_18YR","DRIVER_COUNT_19YR","DRIVER_COUNT_20YR","DRIVER_COUNT_50_64YR","DRIVER_COUNT_65_74YR","DRIVER_COUNT_75PLUS","EST_HRS_CLOSED","FATAL_COUNT","HEAVY_TRUCK_COUNT","HORSE_BUGGY_COUNT","HOUR_OF_DAY","ILLUMINATION","INJURY_COUNT","INTERSECTION_RELATED","INTERSECT_TYPE","LANE_CLOSED","LATITUDE","LN_CLOSE_DIR","LOCATION_TYPE","LONGITUDE","MAX_SEVERITY_LEVEL","MCYCLE_DEATH_COUNT","MCYCLE_SUSP_SERIOUS_INJ_COUNT","MOTORCYCLE_COUNT","MUNICIPALITY","NONMOTR_COUNT","NONMOTR_DEATH_COUNT","NONMOTR_SUSP_SERIOUS_INJ_COUNT","NTFY_HIWY_MAINT","PED_COUNT","PED_DEATH_COUNT","PED_SUSP_SERIOUS_INJ_COUNT","PERSON_COUNT","POLICE_AGCY","POSSIBLE_INJ_COUNT","RDWY_SURF_TYPE_CD","RELATION_TO_ROAD","ROADWAY_CLEARED","ROAD_CONDITION","SCH_BUS_IND","SCH_ZONE_IND","SECONDARY_CRASH","SMALL_TRUCK_COUNT","SPEC_JURIS_CD","SUSP_MINOR_INJ_COUNT","SUSP_SERIOUS_INJ_COUNT","SUV_COUNT","TCD_FUNC_CD","TCD_TYPE","TFC_DETOUR_IND","TIME_OF_DAY","TOTAL_UNITS","TOT_INJ_COUNT","UNBELTED_OCC_COUNT","UNB_DEATH_COUNT","UNB_SUSP_SERIOUS_INJ_COUNT","UNK_INJ_DEG_COUNT","UNK_INJ_PER_COUNT","URBAN_RURAL","VAN_COUNT","VEHICLE_COUNT","WEATHER1","WEATHER2","WORKERS_PRES","WORK_ZONE_IND","WORK_ZONE_LOC","WORK_ZONE_TYPE","WZ_CLOSE_DETOUR","WZ_FLAGGER","WZ_LAW_OFFCR_IND","WZ_LN_CLOSURE","WZ_MOVING","WZ_OTHER","WZ_SHLDER_MDN","WZ_WORKERS_INJ_KILLED"
"2012116151","1845","1","0","0","0","0","0","0","0","0","1","0","","02","11","2012","6","40.451302","-80.169673","1842","11","0","0","0","0","0","0","0","0","","0","0","0","","","0","","0","","40 27:04.686","","0","80 10:10.821","0","0","0","0","2115","0","0","0","N","0","0","0","3","68B03","0","","1.0","","1","N","N","","1","","0","0","0","","0","","","2","0","0","0","0","0","0","2","0","2","","","","N","","","","","","","","","",""
"2012115946","1058","0","0","0","0","0","0","0","0","0","7","0","","02","11","2012","1","40.486004","-79.959204","1054","11","0","0","0","0","0","0","0","0","","0","0","0","","","0","","0","","40 29:09.616","","0","79 57:33.134","0","0","0","0","2118","0","0","0","N","0","0","0","1","02118","0","","4.0","","1","N","N","","0","","0","0","1","","0","","","1","0","0","0","0","0","0","2","0","1","","","","N","","","","","","","","","",""
"2012115252","0000","2","0","0","0","0","0","0","0","0","4","0","","02","7","2012","2","40.433699","-79.927576","0000","11","0","0","0","0","0","0","0","1","","0","0","0","","","0","","0","","40 26:01.316","","7","79 55:39.273","0","0","0","0","2301","0","0","0","N","0","0","0","2","00000","0","","1.0","","1","N","N","","0","","0","0","0","","0","","","2","0","0","0","0","0","0","2","0","2","","","","N","","","","","","","","","",""
"2012115937","1013","0","0","0","0","0","0","0","0","0","7","0","","02","11","2012","5","40.642546","-80.123207","1013","11","0","0","0","0","0","0","1","0","","0","0","0","","","1","","0","","40 38:33.165","","0","80 07:23.545","4","0","0","0","2212","0","0","0","N","0","0","0","1","02505","1","","2.0","","1","N","N","","0","","0","0","0","","0","","","1","1","1","0","0","0","0","1","1","1","","","","N","","","","","","","","","",""
"2012115950","1647","2","0","0","0","0","0","0","0","0","1","0","","02","11","2012","7","40.353946","-79.914901","1645","11","0","0","1","0","0","0","0","0","1","0","0","0","","","1","","2","","40 21:14.207","4","0","79 54:53.644","4","0","0","0","2473","0","0","0","N","0","0","0","5","02473","1","","1.0","","1","N","N","","0","","0","0","0","","2","N","","2","1","1","0","0","0","0","2","0","2","","","","N","","","","","","","","","",""
"2012115268","0700","1","0","0","0","0","0","0","0","0","4","0","","02","11","2012","6","40.469833","-79.963717","0655","11","0","0","0","0","0","2","0","0","","0","0","0","","","1","","2","","40 28:11.397","","0","79 57:49.382","8","0","0","0","2301","0","0","0","N","0","0","0","3","02301","0","","1.0","","1","N","N","","1","","0","0","1","","3","","","3","1","0","0","0","1","0","2","0","3","","","","N","","","","","","","","","",""
"2012115256","0130","1","0","0","0","0","0","0","0","0","1","0","","02","11","2012","1","40.345461","-79.814254","0126","11","0","0","0","0","0","0","0","0","","0","0","0","","","0","","0","","40 20:43.659","","0","79 48:51.314","0","0","0","0","2477","0","0","0","N","0","0","0","1","02477","0","","2.0","","1","N","N","","0","","0","0","1","","0","","","2","0","0","0","0","0","0","2","0","2","","","","N","","","","","","","","","",""
"2012116094","0350","1","0","0","0","0","0","0","0","0","7","0","","02","11","2012","2","40.66334","-80.074191","0348","11","0","0","0","0","0","0","0","0","","0","0","0","","","0","","0","","40 39:48.024","","0","80 04:27.087","0","0","0","0","2212","0","0","0","N","0","0","0","1","02505","0","","2.0","","1","N","N","","0","","0","0","0","","0","","","1","0","0","0","0","0","0","2","0","1","","","","N","","","","","","","","","",""
"2012116706","1654","2","0","0","0","0","0","0","0","0","5","0","","02","11","2012","3","40.398399","-80.02616","1634","11","0","0","0","0","0","0","0","0","1","0","0","0","","","0","","0","","40 23:54.235","2","0","80 01:34.177","0","0","0","0","2301","0","0","0","N","0","0","0","3","02301","0","","1.0","","1","N","N","","0","","0","0","1","","0","N","","3","0","0","0","0","0","0","2","0","3","","","","N","","","","","","","","","",""
"2012115271","0000","2","0","0","0","0","0","0","0","0","1","0","","02","9","2012","4","40.463727","-79.902688","0000","11","0","0","0","0","0","1","0","0","","0","0","0","","","1","","2","","40 27:49.417","","0","79 54:09.676","3","0","0","0","2301","0","0","0","","0","0","0","3","00000","0","","1.0","","1","","","","0","","1","0","0","","0","","","2","1","0","0","0","0","0","2","0","2","","","","N","","","","","","","","","",""
"2012115274","0746","1","0","0","0","0","0","1","0","0","4","1","","02","11","2012","6","40.477149","-80.066197","0745","11","0","0","0","0","0","1","0","0","","0","0","0","","","0","","2","","40 28:37.737","","0","80 03:58.310","0","0","0","0","2122","0","0","0","N","0","0","0","3","02122","0","","1.0","","1","Y","N","","0","","0","0","0","","2","","","2","0","0","0","0","0","0","2","0","2","","","","N","","","","","","","","","",""
"2012114579","1923","0","0","0","1","0","0","0","0","0","8","0","","02","11","2012","4","40.446335","-79.955571","1918","11","0","0","0","0","0","0","0","0","1","0","0","0","","","1","","1","","40 26:46.806","2","0","79 57:20.055","3","0","0","0","2301","1","0","0","N","0","0","0","2","02301","0","","1.0","","1","N","N","","0","","1","0","1","","0","Y","","2","1","0","0","0","0","0","2","0","1","","","","N","","","","","","","","","",""
"2012115340","1625","2","0","0","0","0","0","0","0","0","5","0","","02","11","2012","6","40.437837","-79.954276","1619","11","0","0","0","0","0","0","0","0","","0","0","0","","","0","","2","","40 26:16.213","","0","79 57:15.393","0","0","0","0","2301","0","0","0","N","0","0","0","3","02301","0","","1.0","","1","N","N","","0","","0","0","0","","0","","","2","0","0","0","0","0","0","2","0","2","","","","N","","","","","","","","","",""
"2012116098","1309","1","0","0","0","0","0","0","0","0","1","0","","02","11","2012","1","40.519908","-79.942503","1304","11","0","0","0","0","0","1","1","0","1","0","0","0","","","0","","0","","40 31:11.668","2","0","79 56:33.010","0","0","0","0","2118","0","0","0","N","0","0","0","3","02118","0","","1.0","","1","N","N","","0","","0","0","1","","0","N","","2","0","0","0","0","0","0","2","0","2","","","","N","","","","","","","","","",""
"2012116786","1120","1","0","0","0","0","0","0","0","0","7","0","","02","11","2012","6","40.44199","-80.008963","1107","11","0","0","0","0","0","0","0","0","1","0","0","0","","","0","","0","","40 26:31.164","2","3","80 00:32.266","0","0","0","0","2301","0","0","0","N","0","0","0","1","68B03","0","","5.0","","1","N","N","","0","","0","0","0","","0","N","","1","0","0","0","0","0","0","2","0","1","","","","N","","","","","","","","","",""
"2012116956","1829","0","0","0","0","0","0","0","0","0","4","0","","02","11","2012","3","40.352092","-80.01087","1829","11","0","0","0","0","0","1","0","0","","0","0","0","","","1","","2","","40 21:07.532","","0","80 00:39.133","4","0","0","0","2476","0","0","0","N","0","0","0","7","02476","1","","1.0","","1","N","N","","0","","0","0","0","","3","","","2","1","0","0","0","0","0","2","2","2","","","","N","","","","","","","","","",""
"2012116787","2332","2","0","0","0","0","0","0","0","0","1","0","","02","11","2012","4","40.434304","-80.11058","2318","11","0","0","0","0","0","0","0","0","","0","0","0","","","1","","0","","40 26:03.495","","0","80 06:38.089","4","0","0","0","2115","0","0","0","N","0","0","0","2","68B03","1","","1.0","","1","N","N","","0","","0","0","0","","0","","","2","1","0","0","0","0","0","2","0","2","","","","N","","","","","","","","","",""
"2012112789","1856","2","0","0","0","0","0","0","0","0","1","0","","02","11","2012","5","40.617173","-79.945922","1852","11","0","1","0","0","0","0","0","0","","0","0","0","","","2","","0","","40 37:01.821","","0","79 56:45.318","4","0","0","0","2217","0","0","0","N","0","0","0","7","02505","2","","1.0","","1","N","N","","0","","0","0","0","","0","","","2","2","0","0","0","0","0","2","0","2","","","","N","","","","","","","","","",""
"2012116788","2353","0","0","0","0","0","0","0","0","0","1","0","","02","11","2012","6","40.429378","-79.956524","2300","11","0","0","0","0","0","0","0","0","","0","0","0","","","0","","3","","40 25:45.760","","2","79 57:23.485","0","0","0","0","2301","0","0","0","N","0","0","0","2","68B03","0","","1.0","","1","N","N","","0","","0","0","2","","4","","","2","0","0","0","0","0","0","2","0","2","","","","N","","","","","","","","","",""
"2012116101","0557","0","0","0","0","0","0","0","0","0","7","0","","02","11","2012","1","40.395303","-79.89435","0557","11","0","0","0","0","0","0","0","0","1","0","0","0","","","2","","0","","40 23:43.090","5","0","79 53:39.660","4","0","0","0","2448","0","0","0","N","0","0","0","3","02448","2","","2.0","","1","N","N","","0","","0","0","1","","0","N","","1","2","0","0","0","0","0","2","0","1","","","","N","","","","","","","","","",""
"2012116713","1517","2","0","0","0","0","0","0","0","0","1","0","","02","11","2012","3","40.415923","-79.847541","1515","11","0","0","0","1","0","0","0","0","1","0","0","0","","","0","","2","","40 24:57.323","4","0","79 50:51.147","0","0","0","0","2431","0","0","0","N","0","0","0","2","02431","0","","1.0","","1","N","N","","0","","0","0","0","","2","N","","2","0","0","0","0","0","0","2","0","2","","","","N","","","","","","","","","",""
"2012116789","0531","1","0","0","0","0","0","0","0","0","7","0","","02","11","2012","2","40.432135","-80.139344","0521","11","0","0","0","0","0","0","0","0","","0","0","0","","","0","","0","","40 25:55.685","","0","80 08:21.640","0","0","0","0","2115","0","0","0","N","0","0","0","1","68B03","0","","2.0","","1","N","N","","0","","0","0","0","","0","","","1","0","0","0","0","0","0","2","0","1","","","","N","","","","","","","","","",""
"2012116959","1820","1","0","0","0","0","0","0","0","0","2","0","","02","11","2012","3","40.443882","-79.938809","1813","11","0","0","0","0","0","0","0","0","","0","0","0","","","1","","2","","40 26:37.974","","0","79 56:19.714","4","0","0","0","2301","0","0","0","N","0","0","0","4","02301","1","","1.0","","1","N","N","","0","","0","0","0","","2","","","2","1","0","0","0","0","0","2","1","2","","","","N","","","","","","","","","",""
"2012115081","0035","1","0","0","0","0","0","0","0","0","7","0","","02","11","2012","6","40.460075","-79.92805","0030","11","0","0","0","0","0","1","0","0","1","0","0","0","","","0","","1","","40 27:36.270","1","0","79 55:40.980","0","0","0","0","2301","0","0","0","N","0","0","0","1","02301","0","","2.0","","1","N","N","","0","","0","0","0","","3","N","","1","0","1","0","0","0","0","2","0","1","","","","N","","","","","","","","","",""
"2012116648","0932","0","0","0","0","0","0","0","0","0","1","0","","02","11","2012","3","40.375534","-79.796728","0930","11","0","0","0","0","0","1","0","0","1","0","0","0","","","0","","2","","40 22:31.923","4","0","79 47:48.221","0","0","0","0","2111","0","0","0","N","0","0","0","3","02111","0","","1.0","","1","N","N","","1","","0","0","1","","2","Y","","2","0","0","0","0","0","0","2","0","2","","","","N","","","","","","","","","",""
"2012116103","2310","1","0","0","0","0","0","0","0","0","1","0","","02","11","2012","5","40.316533","-79.829135","2306","11","0","0","0","0","0","1","0","0","2","0","0","0","","","1","","0","","40 18:59.520","4","0","79 49:44.887","4","0","0","0","2469","0","0","0","N","0","0","0","3","02469","1","","1.0","","1","N","N","","1","","0","0","0","","0","Y","","2","1","0","0","0","0","0","2","0","2","","","","N","","","","","","","","","",""
"2012112792","2000","0","0","0","0","0","0","0","0","0","7","0","","02","11","2012","5","40.285119","-79.841842","1950","11","0","0","0","0","0","0","0","0","1","0","0","0","","","2","","0","","40 17:06.430","4","0","79 50:30.632","4","0","0","0","2443","0","0","0","N","0","0","0","2","02443","2","","5.0","","1","N","N","","0","","0","0","0","","0","N","","1","2","0","0","0","0","0","2","1","1","","","","N","","","","","","","","","",""
"2012115082","0024","2","0","0","0","0","0","0","0","0","5","0","","02","11","2012","6","40.518202","-80.16628","0024","11","0","0","0","0","0","0","0","0","","0","0","0","","","0","","0","","40 31:05.527","","0","80 09:58.607","0","0","0","0","2420","0","0","0","N","0","0","0","1","02420","0","","6.0","","1","N","N","","0","","0","0","0","","0","","","2","0","0","0","0","0","0","2","0","2","","","","N","","","","","","","","","",""
"2012115882","1136","1","0","0","0","0","0","0","0","0","1","0","","02","11","2012","1","40.367964","-79.779834","1133","11","0","0","0","1","0","2","0","0","","0","0","0","","","2","","1","","40 22:04.670","","0","79 46:47.401","8","0","0","0","2111","0","0","0","N","0","0","0","4","02111","0","","1.0","","1","N","N","","1","","0","0","1","","0","","","3","2","0","0","0","2","0","2","0","3","","","","N","","","","","","","","","",""
"2012116717","2154","1","0","0","0","0","0","0","0","0","7","0","","02","11","2012","5","40.458475","-80.112339","2151","11","0","0","0","0","0","0","0","0","1","0","0","0","","","0","","0","","40 27:30.510","2","0","80 06:44.420","0","0","0","0","2115","0","0","0","N","0","0","0","1","02115","0","","4.0","","1","N","N","","0","","0","0","0","","0","N","","1","0","0","0","0","0","0","2","0","1","","","","N","","","","","","","","","",""
"2012115204","0000","1","0","0","0","0","0","0","0","0","1","0","","02","8","2012","3","40.416178","-79.925486","0000","11","0","0","0","0","0","0","0","0","","0","0","0","","","1","","0","","40 24:58.240","","7","79 55:31.750","8","0","0","0","2301","0","0","0","N","0","0","0","2","00000","0","","1.0","","1","N","N","","0","","0","0","1","","0","","","2","1","0","0","0","1","1","2","0","2","","","","N","","","","","","","","","",""
"2012115966","1520","2","0","0","0","0","0","0","0","0","4","0","","02","11","2012","1","40.413472","-80.042753","1510","11","0","0","0","0","0","0","0","0","","0","0","0","","","0","","1","","40 24:48.499","","0","80 02:33.910","0","0","0","0","2301","0","0","0","N","0","0","0","2","02301","0","","1.0","","1","N","N","","0","","0","0","0","","3","","","2","0","0","0","0","0","0","2","0","2","","","","N","","","","","","","","","",""
"2012116718","1734","4","0","0","0","0","0","0","0","0","1","0","","02","11","2012","4","40.456732","-80.181625","1729","11","0","0","0","0","0","3","0","0","1","0","0","0","","","1","","0","","40 27:24.236","3","0","80 10:53.849","4","0","0","0","2213","0","0","0","N","0","0","0","5","02213","1","","1.0","","1","N","N","","0","","0","0","0","","0","Y","","4","1","0","0","0","0","0","2","0","4","","","","N","","","","","","","","","",""
"2012115217","0000","2","0","0","0","0","0","0","0","0","4","0","","02","9","2012","1","40.4561","-80.015346","0000","11","0","0","0","0","0","1","0","0","","0","0","0","","","1","","2","","40 27:21.960","","0","80 00:55.245","4","0","0","0","2301","0","0","0","N","0","0","0","2","00000","1","","1.0","","1","N","N","","0","","0","0","0","","2","","","2","1","0","0","0","0","1","2","0","2","","","","N","","","","","","","","","",""
"2012115284","0907","1","0","0","0","0","0","0","0","0","1","0","","02","11","2012","6","40.414913","-79.752202","0907","11","0","0","0","0","0","0","0","0","","0","0","0","","","1","","0","","40 24:53.686","","0","79 45:07.927","8","0","0","0","2446","0","0","0","N","0","0","0","4","02446","0","","1.0","","1","N","N","","1","","0","0","0","","0","","","2","1","0","0","0","1","0","2","0","2","","","","N","","","","","","","","","",""
"2012115085","0216","1","0","0","0","0","0","0","0","0","7","0","","02","11","2012","6","40.481715","-79.953198","0216","11","0","0","0","0","0","0","0","0","2","0","0","0","","","2","","0","","40 28:54.174","7","0","79 57:11.512","3","0","0","0","2301","0","0","0","N","0","0","0","2","02301","0","","2.0","","1","Y","N","","0","","1","0","0","","0","Y","","2","2","2","0","0","1","0","2","1","2","","","","N","","","","","","","","","",""
"2012115897","1045","1","0","0","0","0","0","0","0","0","1","0","","02","11","2012","2","40.404256","-80.055558","1040","11","0","0","0","0","0","0","1","1","","0","0","0","","","0","","0","","40 24:15.321","","0","80 03:20.008","0","0","0","0","2117","0","0","0","N","0","0","0","2","02117","0","","1.0","","1","N","N","","0","","0","0","1","","0","","","2","0","0","0","0","0","0","2","0","2","","","","N","","","","","","","","","",""
"2012116653","0756","1","0","0","0","0","0","0","0","0","1","0","","02","11","2012","3","40.439944","-80.078313","0752","11","0","0","0","0","0","0","0","0","2","0","0","0","","","0","","0","","40 26:23.799","4","0","80 04:41.927","0","0","0","0","2421","0","0","0","N","0","0","0","2","02421","0","","1.0","","1","N","N","","1","","0","0","0","","0","N","","2","0","0","0","0","0","0","2","0","2","","","","N","","","","","","","","","",""
"2012116719","1341","1","0","0","0","0","0","0","0","0","7","0","","02","11","2012","2","40.395983","-80.042088","1340","11","0","0","0","0","1","0","0","0","","0","0","0","","","0","","2","","40 23:45.538","","0","80 02:31.516","0","0","0","0","2422","0","0","0","N","0","0","0","4","02422","0","","5.0","","1","N","N","","0","","0","0","0","","0","","","1","0","0","0","0","0","0","2","0","1","","","","N","","","","","","","","","",""
"2012116108","2318","2","0","0","0","0","0","0","0","0","1","0","","02","11","2012","1","40.429267","-79.999168","2315","11","0","0","0","0","1","0","0","0","","0","0","0","","","0","","1","","40 25:45.362","","3","79 59:57.003","0","0","0","0","2301","0","0","0","N","0","0","0","2","02301","0","","1.0","","1","N","N","","0","","0","0","0","","2","","","2","0","0","0","0","0","0","2","0","2","","","","N","","","","","","","","","",""
"2012116655","1056","2","0","0","0","0","0","0","0","0","1","0","","02","11","2012","3","40.479279","-79.872844","1054","11","0","0","0","0","0","2","0","0","","0","0","0","","","0","","0","","40 28:45.404","","0","79 52:22.238","0","0","0","0","2113","0","0","0","N","0","0","0","2","02113","0","","1.0","","1","N","N","","0","","0","0","0","","0","","","2","0","0","0","0","0","0","2","0","2","","","","N","","","","","","","","","",""
"2012115287","1455","1","0","0","0","0","0","0","0","0","4","0","","02","11","2012","5","40.530544","-80.010914","1455","11","0","0","0","0","0","1","0","1","1","0","0","0","","","1","","0","","40 31:49.959","4","0","80 00:39.290","8","0","0","0","2116","0","0","0","N","0","0","0","2","02116","0","","1.0","","1","N","N","","1","","0","0","0","","2","N","","2","1","0","0","0","1","0","2","0","2","","","","N","","","","","","","","","",""
"2012116110","0019","4","0","0","0","0","0","0","0","0","99","0","","02","11","2012","2","40.394803","-79.99734","0014","11","0","0","0","0","0","2","0","0","2","0","0","0","","","3","","0","","40 23:41.289","2","0","79 59:50.425","4","0","0","0","2301","0","0","0","N","0","0","0","25","02301","3","","1.0","","1","N","N","","1","","0","0","4","","0","Y","","9","3","2","0","0","0","0","2","0","9","","","","N","","","","","","","","","",""
"2012115088","0313","0","0","0","0","0","0","0","0","0","7","0","","02","11","2012","6","40.404449","-80.019053","0312","11","0","0","0","0","0","0","0","0","3","0","0","0","","","0","","0","","40 24:16.015","5","0","80 01:08.589","0","0","0","0","2301","0","0","0","N","0","0","0","1","02301","0","","4.0","","1","N","N","","0","","0","0","1","","0","Y","","1","0","0","0","0","0","0","2","0","1","","","","N","","","","","","","","","",""
"2012115353","1630","1","0","0","0","0","0","0","0","0","6","1","","02","11","2012","6","40.458287","-79.918666","1609","11","0","0","0","0","0","0","0","0","1","0","1","0","","","0","","0","","40 27:29.834","3","7","79 55:07.197","0","0","0","0","2301","0","0","0","N","0","0","0","5","02301","0","","1.0","","1","N","N","","0","","0","0","0","","0","N","","2","0","0","0","0","0","0","2","0","2","","","","N","","","","","","","","","",""
"2012116657","1123","1","0","0","0","0","0","0","0","0","7","0","","02","11","2012","3","40.406438","-79.829926","1120","11","0","0","0","0","0","0","1","0","","0","0","0","","","1","","1","","40 24:23.178","","0","79 49:47.732","8","0","0","0","2467","0","0","0","N","0","0","0","1","02467","0","","5.0","","1","N","N","","0","","0","0","0","","0","","","1","1","0","0","0","1","0","2","0","1","","","","N","","","","","","","","","",""
"2012112801","2130","2","0","0","0","0","0","0","0","0","6","0","","02","11","2012","4","40.450834","-79.983647","2113","11","0","0","1","0","0","1","0","0","","0","0","0","","","1","","1","","40 27:03.002","","0","79 59:01.129","8","0","0","0","2301","0","0","0","N","0","0","0","5","02301","0","","1.0","","1","N","N","","1","","0","0","0","","0","","","3","1","0","0","0","1","0","2","0","3","","","","N","","","","","","","","","",""
"2012115903","1251","1","0","0","0","0","0","0","0","0","4","0","","02","11","2012","5","40.345747","-79.949528","1250","11","0","0","0","0","0","0","0","1","1","0","0","0","","","1","","0","","40 20:44.690","2","7","79 56:58.300","8","0","0","0","2473","0","0","0","N","0","0","0","3","02473","0","","1.0","","1","N","N","","0","","0","0","1","","3","Y","","2","1","0","0","0","1","1","2","0","2","","","","N","","","","","","","","","",""
"2012114398","1707","1","0","0","0","0","0","0","0","0","4","0","","02","11","2012","4","40.438031","-79.916137","1705","11","0","0","0","0","0","2","0","0","","0","0","0","","","0","","10","","40 26:16.911","","0","79 54:58.093","0","0","0","0","2301","0","0","0","N","0","0","0","2","02301","0","","1.0","","1","N","N","","0","","0","0","1","","0","","","2","0","0","0","0","0","0","2","0","2","","","","N","","","","","","","","","",""
"2012115972","1617","0","0","0","0","0","0","0","0","0","1","0","","02","11","2012","4","40.368499","-79.779226","1613","11","0","0","0","0","0","0","1","0","2","0","0","0","","","1","","0","","40 22:06.597","2","0","79 46:45.214","8","0","0","0","2111","0","0","0","N","0","0","0","2","02111","0","","1.0","","1","N","N","","1","","0","0","1","","0","N","","2","1","0","0","0","1","0","2","0","2","","","","N","","","","","","","","","",""
"2012116113","0500","0","0","0","0","0","0","0","0","0","7","0","","02","11","2012","1","40.397935","-80.02291","0458","11","0","0","0","0","0","0","0","0","1","0","0","0","","","0","","0","","40 23:52.566","7","0","80 01:22.476","0","0","0","0","2301","0","0","0","N","0","0","0","2","02301","0","","5.0","","1","N","N","","1","","0","0","1","","0","N","","2","0","0","0","0","0","0","2","0","2","","","","N","","","","","","","","","",""
"2012115904","0953","2","0","0","0","0","0","0","0","0","4","0","","02","11","2012","1","40.448652","-80.002304","0951","11","0","0","0","0","0","1","0","0","","0","0","0","","","0","","1","","40 26:55.147","","0","80 00:08.294","0","0","0","0","2301","0","0","0","N","0","0","0","5","02301","0","","1.0","","1","N","N","","0","","0","0","0","","2","","","2","0","0","0","0","0","0","2","0","2","","","","N","","","","","","","","","",""
"2012114612","2245","1","0","0","0","0","0","0","0","0","7","0","","02","11","2012","4","40.357617","-79.957491","2243","11","0","0","0","0","0","0","0","0","3","0","0","0","","","0","","0","","40 21:27.422","6","0","79 57:26.966","0","0","0","0","2403","0","0","0","N","0","0","0","1","02403","0","","5.0","","1","N","N","","0","","0","0","0","","0","Y","","1","0","0","0","0","0","0","2","0","1","","","","N","","","","","","","","","",""
"2012112059","1734","1","0","0","0","0","0","0","0","0","99","0","","02","11","2012","3","40.661131","-79.71991","1715","11","0","0","0","0","0","0","0","0","","0","0","0","","","0","","0","","40 39:40.070","","0","79 43:11.676","0","0","0","0","2106","0","0","0","N","0","0","0","1","68D02","0","","1.0","","1","N","N","","0","","0","0","0","","0","","","1","0","0","0","0","0","0","2","0","1","","","","N","","","","","","","","","",""
"2012115836","0714","2","0","0","0","0","0","0","0","0","4","0","","02","11","2012","6","40.352045","-79.8205","0711","11","0","0","0","0","0","1","1","0","2","0","0","0","","","1","","1","","40 21:07.362","7","0","79 49:13.800","8","0","0","0","2477","0","0","0","N","0","0","0","2","02477","0","","1.0","","1","N","N","","0","","0","0","0","","3","Y","","2","1","0","0","0","1","0","2","0","2","","","","N","","","","","","","","","",""
"2012116660","2210","1","0","0","0","0","0","0","0","0","5","0","","02","11","2012","6","40.66734","-80.096368","2206","11","0","0","0","0","0","1","0","0","","0","0","0","","","0","","2","","40 40:02.423","","0","80 05:46.925","0","0","0","0","2212","0","0","0","N","0","0","0","2","02505","0","","1.0","","1","N","N","","0","","0","0","1","","2","","","2","0","0","0","0","0","0","2","0","2","","","","N","","","","","","","","","",""
"2012115294","1145","0","0","0","0","0","0","0","0","0","2","0","","02","11","2012","6","40.396248","-79.98478","1140","11","0","0","0","0","0","0","0","0","","0","0","0","","","0","","1","","40 23:46.492","","0","79 59:05.208","0","0","0","0","2301","0","0","0","N","0","0","0","1","02301","0","","2.0","","1","N","N","","0","","0","0","2","","0","","","3","0","0","0","0","0","0","2","0","2","","","","N","","","","","","","","","",""
"2012116662","1215","2","0","0","0","0","0","0","0","0","4","0","","02","11","2012","2","40.42867","-79.989821","1210","11","0","0","0","0","0","0","0","0","","0","0","0","","","0","","1","","40 25:43.212","","0","79 59:23.356","0","0","0","0","2301","0","0","0","N","0","0","0","2","02301","0","","1.0","","1","N","N","","0","","0","0","0","","3","","","2","0","0","0","0","0","0","2","0","2","","","","N","","","","","","","","","",""
"2012115228","0823","1","0","0","0","0","0","0","0","0","1","0","25","02","11","2012","6","40.344603","-79.884492","0817","11","0","0","0","0","0","1","0","0","2","0","0","0","","","1","","0","","40 20:40.570","3","3","79 53:04.170","8","0","0","0","2433","0","0","0","N","0","0","0","3","02433","0","","1.0","","1","N","N","","0","","0","0","2","","0","N","","3","1","0","0","0","1","0","2","0","3","","","Y","Y","4","1","","","N","","","","",""
"2012116049","0310","2","0","0","0","0","0","0","0","0","1","0","","02","11","2012","1","40.413828","-80.045117","0309","11","0","0","0","0","0","0","0","0","1","0","0","0","","","0","","0","","40 24:49.779","2","0","80 02:42.421","0","0","0","0","2435","0","0","0","N","0","0","0","2","02435","0","","1.0","","1","N","N","","0","","0","0","0","","0","N","","2","0","0","0","0","0","0","2","0","2","","","","N","","","","","","","","","",""
"2012114601","1805","2","0","0","0","0","0","0","0","0","1","0","","02","10","2012","5","40.474536","-79.971494","1802","11","0","0","0","0","0","0","0","0","1","0","0","0","","","0","","5","","40 28:28.330","4","8","79 58:17.378","0","0","0","0","2445","0","0","0","N","0","0","0","2","02445","0","","1.0","","9","N","N","","0","","0","0","0","","7","N","","2","0","1","0","0","0","0","2","0","2","","","","N","","","","","","","","","",""
"2012116129","0351","0","0","0","0","0","0","0","0","0","7","0","","02","11","2012","1","40.449353","-79.992661","0350","11","0","0","0","0","0","0","0","0","2","0","0","0","","","0","","0","","40 26:57.669","1","3","79 59:33.579","0","0","0","0","2301","0","0","0","N","0","0","0","1","02301","0","","2.0","","1","N","N","","0","","0","0","1","","0","N","","1","0","0","0","0","0","0","2","0","1","","","","N","","","","","","","","","",""