"CRN","ARRIVAL_TM","AUTOMOBILE_COUNT","BELTED_DEATH_COUNT","BELTED_SUSP_SERIOUS_INJ_COUNT","BICYCLE_COUNT","BICYCLE_DEATH_COUNT","BICYCLE_SUSP_SERIOUS_INJ_COUNT","BUS_COUNT","CHLDPAS_DEATH_COUNT","CHLDPAS_SUSP_SERIOUS_INJ_COUNT","COLLISION_TYPE","COMM_VEH_COUNT","CONS_ZONE_SPD_LIM","COUNTY","CRASH_MONTH","CRASH_YEAR","DAY_OF_WEEK","DEC_LATITUDE","DEC_LONGITUDE","DISPATCH_TM","DISTRICT","DRIVER_COUNT_16YR","DRIVER_COUNT_17YR","DRIVER_COUNT_18YR","DRIVER_COUNT_19YR","DRIVER_COUNT_20YR","DRIVER_COUNT_50_64YR","DRIVER_COUNT_65_74YR","DRIVER_COUNT_75PLUS","EST_HRS_CLOSED","FATAL_COUNT","HEAVY_TRUCK_COUNT","HORSE_BUGGY_COUNT","HOUR_OF_DAY","ILLUMINATION","INJURY_COUNT","INTERSECTION_RELATED","INTERSECT_TYPE","LANE_CLOSED","LATITUDE","LN_CLOSE_DIR","LOCATION_TYPE","LONGITUDE","MAX_SEVERITY_LEVEL","MCYCLE_DEATH_COUNT","MCYCLE_SUSP_SERIOUS_INJ_COUNT","MOTORCYCLE_COUNT","MUNICIPALITY","NONMOTR_COUNT","NONMOTR_DEATH_COUNT","NONMOTR_SUSP_SERIOUS_INJ_COUNT","NTFY_HIWY_MAINT","PED_COUNT","PED_DEATH_COUNT","PED_SUSP_SERIOUS_INJ_COUNT","PERSON_COUNT","POLICE_AGCY","POSSIBLE_INJ_COUNT","RDWY_SURF_TYPE_CD","RELATION_TO_ROAD","ROADWAY_CLEARED","ROAD_CONDITION","SCH_BUS_IND","SCH_ZONE_IND","SECONDARY_CRASH","SMALL_TRUCK_COUNT","SPEC_JURIS_CD","SUSP_MINOR_INJ_COUNT","SUSP_SERIOUS_INJ_COUNT","SUV_COUNT","TCD_FUNC_CD","TCD_TYPE","TFC_DETOUR_IND","TIME_OF_DAY","TOTAL_UNITS","TOT_INJ_COUNT","UNBELTED_OCC_COUNT","UNB_DEATH_COUNT","UNB_SUSP_SERIOUS_INJ_COUNT","UNK_INJ_DEG_COUNT","UNK_INJ_PER_COUNT","URBAN_RURAL","VAN_COUNT","VEHICLE_COUNT","WEATHER1","WEATHER2","WORKERS_PRES","WORK_ZONE_IND","WORK_ZONE_LOC","WORK_ZONE_TYPE","WZ_CLOSE_DETOUR","WZ_FLAGGER","WZ_LAW_OFFCR_IND","WZ_LN_CLOSURE","WZ_MOVING","WZ_OTHER","WZ_SHLDER_MDN","WZ_WORKERS_INJ_KILLED"
"2012115840","2123","2","0","0","0","0","0","0","0","0","5","0","","02","11","2012","7","40.524095","-79.841777","2119","11","0","0","0","0","0","0","0","0","1","0","0","0","","","0","","0","","40 31:26.743","1","0","79 50:30.397","0","0","0","0","2451","0","0","0","N","0","0","0","1","02451","0","","1.0","","1","N","N","","0","","0","0","0","","0","N","","2","0","0","0","0","0","0","2","0","2","","","","N","","","","","","","","","",""
"2012114403","1017","1","0","0","0","0","0","0","0","0","4","0","","02","11","2012","3","40.556211","-80.01987","1015","11","0","0","0","0","0","1","0","1","","0","0","0","","","0","","0","","40 33:22.360","","7","80 01:11.532","0","0","0","0","2108","0","0","0","N","0","0","0","2","02108","0","","1.0","","1","N","N","","0","","0","0","1","","2","","","2","0","0","0","0","0","0","2","0","2","","","","N","","","","","","","","","",""
"2012116130","0601","0","0","0","0","0","0","0","0","0","7","0","","02","11","2012","1","40.390698","-79.949453","0553","11","0","0","0","0","0","0","0","0","1","0","0","0","","","1","","0","","40 23:26.514","6","0","79 56:58.032","4","0","0","0","2403","0","0","0","N","0","0","0","1","02403","1","","5.0","","1","N","N","","1","","0","0","0","","0","N","","1","1","0","0","0","0","0","2","0","1","","","","N","","","","","","","","","",""
"2012115842","0033","2","0","0","0","0","0","0","0","0","4","0","","02","11","2012","1","40.447425","-79.942471","0032","11","0","0","0","0","0","0","0","0","2","0","0","0","","","1","","1","","40 26:50.730","4","0","79 56:32.895","8","0","0","0","2301","0","0","0","N","0","0","0","5","02301","0","","1.0","","1","N","N","","0","","0","0","0","","2","N","","2","1","0","0","0","1","0","2","0","2","","","","N","","","","","","","","","",""
"2012116664","1142","1","0","0","0","0","0","1","0","0","4","1","","02","11","2012","3","40.439925","-79.994182","1140","11","0","0","0","0","0","1","0","0","1","0","0","0","","","0","","3","","40 26:23.730","3","0","79 59:39.055","9","0","0","0","2301","0","0","0","N","0","0","0","6","02503","0","","1.0","","1","N","N","","0","","0","0","0","","2","N","","2","0","0","0","0","0","1","2","0","2","","","","N","","","","","","","","","",""
"2012114404","1208","1","0","0","0","0","0","0","0","0","7","0","","02","11","2012","3","40.582393","-80.061276","1203","11","0","0","0","0","0","0","0","1","1","0","0","0","","","0","","0","","40 34:56.614","3","0","80 03:40.594","0","0","0","0","2108","0","0","0","N","0","0","0","1","02108","0","","4.0","","1","N","N","","0","","0","0","0","","0","N","","1","0","0","0","0","0","0","2","0","1","","","","N","","","","","","","","","",""
"2012114405","0217","1","0","0","0","0","0","0","0","0","7","0","","02","11","2012","2","40.293006","-80.030794","0213","11","0","0","0","0","0","0","0","0","1","0","0","0","","","0","","0","","40 17:34.822","1","0","80 01:50.859","0","0","0","0","2407","0","0","0","N","0","0","0","1","02407","0","","4.0","","1","N","N","","0","","0","0","0","","0","N","","1","0","1","0","0","0","0","2","0","1","","","","N","","","","","","","","","",""
"2012115298","1210","1","0","0","0","0","0","0","0","0","4","0","","02","11","2012","6","40.400319","-80.04362","1200","11","0","0","0","0","0","0","1","1","","0","0","0","","","0","","0","","40 24:01.147","","0","80 02:37.032","0","0","0","0","2301","0","0","0","N","0","0","0","3","02301","0","","1.0","","1","N","N","","0","","0","0","0","","0","","","2","0","0","0","0","0","0","2","1","2","","","","N","","","","","","","","","",""
"2012115911","1259","1","0","0","0","0","0","0","0","0","1","0","","02","11","2012","3","40.375464","-79.796798","1255","11","0","0","0","0","0","1","0","1","2","0","0","0","","","1","","1","","40 22:31.671","3","0","79 47:48.472","8","0","0","0","2111","0","0","0","N","0","0","0","4","02111","0","","1.0","","1","N","N","","1","","0","0","0","","2","N","","2","1","0","0","0","1","0","2","0","2","","","","N","","","","","","","","","",""
"2012114406","2054","1","0","0","0","0","0","0","0","0","1","0","","02","11","2012","2","40.331135","-80.052911","2052","11","1","1","0","0","0","0","0","0","","0","0","0","","","0","","0","","40 19:52.085","","0","80 03:10.478","0","0","0","0","2407","0","0","0","N","0","0","0","3","02407","0","","1.0","","1","N","N","","0","","0","0","0","","0","","","2","0","0","0","0","0","0","2","1","2","","","","N","","","","","","","","","",""
"2012116053","1941","2","0","0","0","0","0","0","0","0","2","0","","02","11","2012","7","40.397671","-80.106105","1939","11","0","0","0","0","0","1","0","0","2","0","0","0","","","1","","2","","40 23:51.616","3","0","80 06:21.977","4","0","0","0","2102","0","0","0","N","0","0","0","3","02102","1","","1.0","","1","N","N","","0","","0","0","0","","0","N","","2","1","1","0","0","0","0","2","0","2","","","","N","","","","","","","","","",""
"2012116667","1235","1","0","0","0","0","0","0","0","0","2","0","","02","11","2012","3","40.444359","-79.812906","1219","11","0","0","0","0","0","1","0","1","1","0","0","0","","","0","","0","","40 26:39.692","3","0","79 48:46.461","0","0","0","0","2113","0","0","0","N","0","0","0","2","02113","0","","1.0","","1","N","N","","1","","0","0","0","","0","N","","2","0","0","0","0","0","0","2","0","2","","","","N","","","","","","","","","",""
"2012114407","1917","0","0","0","0","0","0","0","0","0","7","0","","02","11","2012","4","40.293006","-80.030794","1913","11","0","0","0","0","0","1","0","0","1","0","0","0","","","1","","2","","40 17:34.822","2","0","80 01:50.859","4","0","0","0","2407","0","0","0","N","0","0","0","2","02407","1","","1.0","","1","N","N","","0","","0","0","1","","2","Y","","1","1","0","0","0","0","0","2","0","1","","","","N","","","","","","","","","",""
"2012115300","0000","2","0","0","0","0","0","0","0","0","4","0","","02","9","2012","7","40.432611","-79.927474","0000","11","0","0","0","0","0","0","0","1","","0","0","0","","","1","","0","","40 25:57.401","","0","79 55:38.906","4","0","0","0","2301","0","0","0","N","0","0","0","2","00000","1","","2.0","","1","N","N","","0","","0","0","0","","3","","","2","1","0","0","0","0","1","2","0","2","","","","N","","","","","","","","","",""
"2012116122","2229","0","0","0","0","0","0","0","0","0","7","0","","02","11","2012","7","40.505","-79.724","2229","11","0","0","0","0","0","0","0","0","1","0","0","0","","","0","","0","","40 30:18.000","1","0","79 43:26.400","0","0","0","0","2466","0","0","0","N","0","0","0","1","02466","0","","2.0","","1","N","N","","1","","0","0","0","","0","N","","1","0","0","0","0","0","0","2","0","1","","","","N","","","","","","","","","",""
"2012116134","0304","1","0","0","0","0","0","0","0","0","7","0","","02","11","2012","2","40.425131","-79.774397","0302","11","0","0","0","1","0","0","0","0","2","0","0","0","","","4","","0","","40 25:30.470","5","0","79 46:27.830","8","0","0","0","2446","0","0","0","N","0","0","0","5","02446","0","","5.0","","1","N","N","","0","","0","0","0","","0","Y","","1","4","0","0","0","4","0","2","0","1","","","","N","","","","","","","","","",""
"2012114622","0635","0","0","0","0","0","0","0","0","0","7","1","","02","11","2012","4","40.411246","-80.162242","0630","11","0","0","0","0","0","0","0","0","3","0","1","0","","","0","","0","","40 24:40.487","6","0","80 09:44.071","0","0","0","0","2102","0","0","0","Y","0","0","0","1","02102","0","","2.0","","1","N","N","","0","","0","0","0","","0","Y","","1","0","0","0","0","0","0","1","0","1","","","","N","","","","","","","","","",""
"2012112019","0635","3","0","0","0","0","0","0","0","0","1","0","","02","11","2012","4","40.39423","-79.936475","0628","11","0","0","0","0","0","1","0","1","2","0","0","0","","","0","","6","","40 23:39.229","4","0","79 56:11.311","0","0","0","0","2301","0","0","0","N","0","0","0","4","02301","0","","1.0","","1","N","N","","0","","0","0","0","","0","N","","3","0","0","0","0","0","0","2","0","3","","","","N","","","","","","","","","",""
"2012114408","1621","1","0","0","0","0","0","0","0","0","7","0","","02","11","2012","5","40.337064","-80.023383","1615","11","0","0","0","0","0","0","1","0","","0","0","0","","","1","","3","","40 20:13.430","","0","80 01:24.178","4","0","0","0","2407","0","0","0","N","0","0","0","1","02407","1","","4.0","","1","N","N","","0","","0","0","0","","4","","","1","1","0","0","0","0","0","2","0","1","","","","N","","","","","","","","","",""
"2012115160","0848","0","0","0","0","0","0","0","0","0","99","0","","02","11","2012","4","40.657439","-80.083148","0831","11","0","0","0","0","0","0","0","0","","0","0","0","","","0","","0","","40 39:26.782","","0","80 04:59.331","0","0","0","0","2212","0","0","0","N","0","0","0","1","68T02","0","","1.0","","1","N","N","","0","","0","0","1","","0","","","1","0","0","0","0","0","0","2","0","1","","","","N","","","","","","","","","",""
"2012115172","0747","2","0","0","0","0","0","0","0","0","1","0","","02","11","2012","3","40.396553","-79.771169","0744","11","0","0","0","0","0","1","0","0","1","0","0","0","","","1","","0","","40 23:47.589","1","0","79 46:16.210","8","0","0","0","2446","0","0","0","N","0","0","0","2","02446","0","","1.0","","1","N","N","","0","","0","0","0","","0","N","","2","1","0","0","0","1","0","2","0","2","","","","N","","","","","","","","","",""
"2012116669","0845","1","0","0","0","0","0","0","0","0","4","0","","02","11","2012","3","40.403036","-80.093378","0845","11","0","0","0","0","0","0","1","0","2","0","0","0","","","0","","2","","40 24:10.929","6","0","80 05:36.162","0","0","0","0","2415","0","0","0","N","0","0","0","2","02415","0","","1.0","","1","N","N","","1","","0","0","0","","3","N","","2","0","1","0","0","0","0","2","0","2","","","","N","","","","","","","","","",""
"2012114409","0309","0","0","0","0","0","0","0","0","0","7","0","","02","11","2012","6","40.338784","-80.022644","0307","11","0","0","0","0","0","0","0","0","1","0","0","0","","","0","","0","","40 20:19.622","5","0","80 01:21.520","0","0","0","0","2407","0","0","0","N","0","0","0","1","02407","0","","4.0","","1","N","N","","0","","0","0","1","","0","Y","","1","0","0","0","0","0","0","2","0","1","","","","N","","","","","","","","","",""
"2012116058","1255","1","0","0","0","0","0","0","0","0","7","0","","02","11","2012","3","40.327243","-80.12366","1250","11","0","0","0","0","0","0","0","0","","0","0","0","","","0","","2","","40 19:38.074","","0","80 07:25.176","9","0","0","0","2119","0","0","0","N","0","0","0","2","02119","0","","2.0","","1","N","N","","0","","0","0","0","","0","","","1","0","0","0","0","0","2","2","0","1","","","","N","","","","","","","","","",""
"2012112021","0219","0","0","0","0","0","0","0","0","0","7","0","","02","11","2012","5","40.394773","-79.997246","0214","11","0","0","0","0","0","0","0","0","","0","0","0","","","0","","0","","40 23:41.181","","0","79 59:50.085","0","0","0","0","2301","0","0","0","N","0","0","0","1","02301","0","","1.0","","2","N","N","","0","","0","0","1","","0","","","1","0","0","0","0","0","0","2","0","1","","","","N","","","","","","","","","",""
"2012115850","2345","0","0","0","0","0","0","0","0","0","4","0","","02","11","2012","7","40.590305","-79.948233","2343","11","0","1","0","0","0","0","0","0","1","0","0","0","","","0","","1","","40 35:25.098","1","0","79 56:53.639","0","0","0","0","2207","0","0","0","N","0","0","0","2","02207","0","","1.0","","1","N","N","","0","","0","0","2","","2","N","","2","0","0","0","0","0","0","2","0","2","","","","N","","","","","","","","","",""
"2012115916","1025","2","0","0","0","0","0","0","0","0","4","0","","02","11","2012","1","40.452349","-79.983949","1015","11","0","0","0","0","0","0","0","0","1","0","0","0","","","1","","1","","40 27:08.456","2","0","79 59:02.216","4","0","0","0","2301","0","0","0","N","0","0","0","4","02301","1","","1.0","","1","N","N","","0","","0","0","0","","3","N","","2","1","0","0","0","0","0","2","0","2","","","","N","","","","","","","","","",""
"2012114410","1828","1","0","0","0","0","0","0","0","0","1","0","","02","11","2012","6","40.340308","-80.053095","1819","11","0","0","0","0","0","1","0","0","","0","0","0","","","0","","0","","40 20:25.107","","0","80 03:11.143","0","0","0","0","2407","0","0","0","N","0","0","0","4","02407","0","","1.0","","1","N","N","","0","","0","0","2","","0","","","3","0","0","0","0","0","0","2","0","3","","","","N","","","","","","","","","",""
"2012116060","1320","1","0","0","0","0","0","0","0","0","5","1","","02","11","2012","5","40.550877","-80.218922","1320","11","0","0","0","0","0","0","0","0","1","0","1","0","","","1","","0","","40 33:03.157","1","0","80 13:08.120","3","0","0","0","2103","0","0","0","N","0","0","0","2","02103","0","","1.0","","1","N","N","","0","","1","0","0","","0","N","","2","1","0","0","0","0","0","2","0","2","","","","N","","","","","","","","","",""
"2012114411","2036","2","0","0","0","0","0","0","0","0","4","0","","02","11","2012","6","40.342985","-80.035207","2034","11","0","0","0","0","1","0","0","0","","0","0","0","","","0","","2","","40 20:34.746","","0","80 02:06.745","0","0","0","0","2407","0","0","0","N","0","0","0","3","02407","0","","1.0","","1","N","N","","0","","0","0","0","","2","","","2","0","0","0","0","0","0","2","0","2","","","","N","","","","","","","","","",""
"2012115986","1302","0","0","0","0","0","0","0","0","0","2","0","","02","11","2012","6","40.391218","-80.039225","1300","11","0","0","0","0","0","1","0","0","","0","0","0","","","1","","0","","40 23:28.386","","0","80 02:21.211","3","0","0","0","2422","0","0","0","N","0","0","0","2","02422","0","","1.0","","1","N","N","","1","","1","0","2","","2","","","3","1","0","0","0","0","0","2","0","3","","","","N","","","","","","","","","",""
"2012115852","2253","1","0","0","0","0","0","0","0","0","4","0","","02","11","2012","7","40.344821","-79.836416","2251","11","0","0","0","0","0","0","0","0","2","0","0","0","","","1","","2","","40 20:41.355","1","0","79 50:11.097","8","0","0","0","2304","0","0","0","N","0","0","0","2","02304","0","","1.0","","1","N","N","","1","","0","0","0","","3","Y","","2","1","0","0","0","1","0","2","0","2","","","","N","","","","","","","","","",""
"2012115918","0933","1","0","0","0","0","0","0","0","0","1","0","","02","11","2012","1","40.432665","-79.893959","0930","11","0","0","0","0","0","1","0","0","","0","0","0","","","0","","0","","40 25:57.594","","0","79 53:38.252","0","0","0","0","2463","0","0","0","N","0","0","0","3","02463","0","","1.0","","1","N","N","","2","","0","0","0","","0","","","3","0","0","0","0","0","0","2","0","3","","","","N","","","","","","","","","",""
"2012114412","1810","2","0","0","0","0","0","0","0","0","1","0","","02","11","2012","7","40.299323","-80.047228","1806","11","0","0","0","0","0","0","0","0","","0","0","0","","","1","","0","","40 17:57.562","","0","80 02:50.020","4","0","0","0","2407","0","0","0","N","0","0","0","2","02407","1","","1.0","","1","N","N","","0","","0","0","0","","0","","","3","1","0","0","0","0","0","2","1","3","","","","N","","","","","","","","","",""
"2012116063","1057","0","0","0","0","0","0","0","0","0","7","0","","02","11","2012","7","40.40424","-80.065429","1054","11","0","0","0","0","0","0","0","0","2","0","0","0","","","1","","0","","40 24:15.264","2","0","80 03:55.544","4","0","0","0","2117","0","0","0","N","0","0","0","2","02117","1","","5.0","","1","N","N","","0","","0","0","0","","0","N","","1","1","2","0","0","0","0","2","1","1","","","","N","","","","","","","","","",""
"2012116935","1603","1","0","0","0","0","0","0","0","0","7","0","","02","11","2012","2","40.587886","-79.881731","1550","11","0","0","0","0","0","1","0","0","","0","0","0","","","0","","0","","40 35:16.388","","0","79 52:54.232","0","0","0","0","2209","0","0","0","N","0","0","0","1","68T02","0","","2.0","","1","N","N","","0","","0","0","0","","0","","","1","0","1","0","0","0","0","2","0","1","","","","N","","","","","","","","","",""
"2012116346","0153","0","0","0","0","0","0","0","0","0","7","0","","02","11","2012","1","40.345208","-80.023791","0148","11","0","0","0","0","0","0","0","0","","0","0","0","","","0","","0","","40 20:42.748","","0","80 01:25.647","0","0","0","0","2407","0","0","0","N","0","0","0","1","02407","0","","4.0","","1","N","N","","0","","0","0","1","","0","","","1","0","0","0","0","0","0","2","0","1","","","","N","","","","","","","","","",""
"2012114156","2015","2","0","0","0","0","0","0","0","0","1","0","","02","11","2012","2","40.448328","-80.017102","1950","11","0","0","0","1","0","0","0","0","1","0","0","0","","","0","","0","","40 26:53.982","2","2","80 01:01.568","9","0","0","0","2301","0","0","0","N","0","0","0","3","68B03","0","","1.0","","9","N","N","","0","","0","0","0","","0","N","","2","0","0","0","0","0","1","2","0","2","","","","N","","","","","","","","","",""
"2012114231","0845","1","0","0","0","0","0","0","0","0","5","0","","02","11","2012","4","40.382188","-80.044044","0845","11","0","0","0","0","0","0","0","0","1","0","0","0","","","0","","0","","40 22:55.875","1","0","80 02:38.558","0","0","0","0","2109","0","0","0","N","0","0","0","2","02109","0","","1.0","","1","N","N","","0","","0","0","1","","0","N","","2","0","1","0","0","0","0","2","0","2","","","","N","","","","","","","","","",""
"2012116347","2124","3","0","0","0","0","0","0","0","0","4","0","","02","11","2012","1","40.333419","-80.046458","2122","11","0","0","0","0","0","0","0","0","","0","0","0","","","1","","0","","40 20:00.308","","0","80 02:47.248","4","0","0","0","2407","0","0","0","Y","0","0","0","1","02407","1","","1.0","","1","N","N","","0","","0","0","1","","0","","","4","1","1","0","0","0","0","2","0","4","","","","N","","","","","","","","","",""
"2012114096","2239","2","0","0","0","0","0","0","0","0","1","0","","02","10","2012","1","40.531348","-79.984315","2235","11","0","0","0","0","0","0","0","0","2","0","0","0","","","0","","0","","40 31:52.852","6","0","79 59:03.534","0","0","0","0","2118","0","0","0","N","0","0","0","1","02118","0","","1.0","","1","N","N","","0","","0","0","0","","0","Y","","2","0","0","0","0","0","0","2","0","2","","","","N","","","","","","","","","",""
"2012114157","1757","2","0","0","0","0","0","0","0","0","1","0","","02","11","2012","3","40.442349","-79.763017","1746","11","0","0","0","0","0","1","0","0","","0","0","0","","","0","","0","","40 26:32.458","","0","79 45:46.861","9","0","0","0","2446","0","0","0","N","0","0","0","2","68B03","0","","1.0","","1","N","N","","0","","0","0","0","","0","","","2","0","0","0","0","0","1","2","0","2","","","","N","","","","","","","","","",""
"2012116348","2028","0","0","0","0","0","0","0","0","0","1","0","","02","11","2012","2","40.348519","-80.052367","2021","11","0","0","0","0","0","1","0","1","1","0","0","0","","","1","","1","","40 20:54.668","2","0","80 03:08.521","8","0","0","0","2407","0","0","0","N","0","0","0","3","02407","0","","1.0","","9","N","N","","0","","0","0","0","","2","N","","2","1","0","0","0","1","0","2","2","2","","","","N","","","","","","","","","",""
"2012114081","1911","1","0","0","0","0","0","0","0","0","1","0","","02","11","2012","2","40.461381","-79.863097","1907","11","0","0","0","0","0","0","0","0","2","0","0","0","","","2","","1","","40 27:40.973","3","0","79 51:47.149","4","0","0","0","2113","0","0","0","N","0","0","0","2","02113","1","","1.0","","9","N","N","","1","","0","0","0","","2","N","","2","2","0","0","0","1","0","2","0","2","","","","N","","","","","","","","","",""
"2012115603","1808","2","0","0","0","0","0","0","0","0","1","0","","02","11","2012","5","40.420072","-80.033224","1756","11","0","0","1","0","0","2","0","0","","0","0","0","","","0","","0","","40 25:12.260","","0","80 01:59.605","0","0","0","0","2301","0","0","0","N","0","0","0","4","68B03","0","","1.0","","1","N","N","","0","","0","0","1","","0","","","3","0","0","0","0","0","0","2","0","3","","","","N","","","","","","","","","",""
"2012116349","1839","1","0","0","0","0","0","0","0","0","1","0","","02","11","2012","3","40.299062","-80.029812","1833","11","0","0","0","0","0","0","0","0","","0","0","0","","","0","","3","","40 17:56.623","","0","80 01:47.323","0","0","0","0","2407","0","0","0","N","0","0","0","2","02407","0","","1.0","","1","N","N","","1","","0","0","0","","0","","","2","0","0","0","0","0","0","2","0","2","","","","N","","","","","","","","","",""
"2012114082","1810","1","0","0","0","0","0","0","0","0","1","0","","02","11","2012","3","40.516981","-80.00451","1807","11","0","0","0","0","0","0","0","0","","0","0","0","","","0","","0","","40 31:01.131","","0","80 00:16.236","0","0","0","0","2116","0","0","0","N","0","0","0","2","02116","0","","1.0","","1","N","N","","0","","0","0","1","","0","","","2","0","0","0","0","0","0","2","0","2","","","","N","","","","","","","","","",""
"2012115604","0706","3","0","0","0","0","0","0","0","0","4","0","","02","11","2012","6","40.420204","-80.05005","0649","11","0","0","0","0","0","0","0","0","1","0","0","0","","","1","","6","","40 25:12.734","3","2","80 03:00.181","3","0","0","0","2435","0","0","0","N","0","0","0","3","68B03","0","","1.0","","1","N","N","","0","","1","0","0","","4","N","","3","1","0","0","0","0","0","2","0","3","","","","N","","","","","","","","","",""
"2012116350","0737","0","0","0","0","0","0","0","0","0","1","0","","02","11","2012","6","40.338723","-80.000491","0733","11","0","0","0","0","0","0","0","0","","0","0","0","","","0","","0","","40 20:19.402","","0","80 00:01.767","0","0","0","0","2407","0","0","0","N","0","0","0","2","02407","0","","1.0","","2","N","N","","1","","0","0","1","","0","","","2","0","0","0","0","0","0","2","0","2","","","","N","","","","","","","","","",""
"2012114084","1841","1","0","0","0","0","0","0","0","0","8","0","","02","11","2012","2","40.38108","-80.094781","1836","11","0","0","0","0","0","1","0","0","1","0","0","0","","","1","","2","","40 22:51.887","1","0","80 05:41.212","3","0","0","0","2102","1","0","0","N","1","0","0","2","02102","0","","1.0","","9","N","N","","0","","1","0","0","","2","N","","2","1","0","0","0","0","0","2","0","1","","","","N","","","","","","","","","",""
"2012114634","0150","2","0","0","0","0","0","0","0","0","4","0","","02","11","2012","5","40.452966","-80.039423","0145","11","0","0","0","0","0","0","0","0","2","0","0","0","","","5","","2","","40 27:10.676","7","0","80 02:21.924","2","0","0","0","2301","0","0","0","N","0","0","0","5","02301","2","","1.0","","1","N","N","","0","","2","1","0","","2","Y","","2","5","2","0","1","0","0","2","0","2","","","","N","","","","","","","","","",""
"2012116351","1448","1","0","0","0","0","0","0","0","0","4","0","","02","11","2012","7","40.329029","-80.061355","1443","11","0","0","0","0","0","0","0","1","2","0","0","0","","","2","","2","","40 19:44.504","4","0","80 03:40.878","4","0","0","0","2407","0","0","0","N","0","0","0","2","02407","2","","1.0","","1","N","N","","0","","0","0","1","","3","N","","2","2","0","0","0","0","0","2","0","2","","","","N","","","","","","","","","",""
"2012114085","1800","2","0","0","0","0","0","0","0","0","4","0","","02","11","2012","3","40.457404","-79.896284","1749","11","0","0","0","0","0","1","0","0","","0","0","0","","","1","","1","","40 27:26.654","","0","79 53:46.622","8","0","0","0","2301","0","0","0","N","0","0","0","2","02301","0","","1.0","","1","N","N","","0","","0","0","0","","2","","","2","1","0","0","0","1","0","2","0","2","","","","N","","","","","","","","","",""
"2012114223","0736","0","0","0","0","0","0","0","0","0","99","0","","02","11","2012","4","40.353208","-79.788833","0728","11","0","0","0","0","0","1","0","0","","0","0","0","","","0","","0","","40 21:11.547","","0","79 47:19.798","0","0","0","0","2477","0","0","0","N","0","0","0","1","02477","0","","1.0","","1","N","N","","0","","0","0","1","","0","","","1","0","0","0","0","0","0","2","0","1","","","","N","","","","","","","","","",""
"2012116287","1348","2","0","0","0","0","0","0","0","0","4","0","","02","11","2012","1","40.510313","-80.094577","1345","11","1","0","1","0","0","0","0","0","","0","0","0","","","0","","2","","40 30:37.127","","7","80 05:40.476","0","0","0","0","2429","0","0","0","N","0","0","0","4","02215","0","","1.0","","1","N","N","","0","","0","0","0","","0","","","2","0","0","0","0","0","0","2","0","2","","","","N","","","","","","","","","",""
"2012114101","2130","0","0","0","0","0","0","0","0","0","4","0","","02","11","2012","3","40.467658","-79.916437","2120","11","0","0","0","0","1","0","0","0","2","0","0","0","","","2","","1","","40 28:03.568","3","0","79 54:59.173","8","0","0","0","2301","0","0","0","N","0","0","0","3","02301","0","","1.0","","1","N","N","","0","","0","0","2","","3","N","","2","2","1","0","0","2","0","2","0","2","","","","N","","","","","","","","","",""
"2012115690","1053","2","0","0","0","0","0","0","0","0","2","0","","02","11","2012","7","40.453796","-79.82443","1049","11","0","0","0","0","0","1","0","0","2","0","0","0","","","2","","0","","40 27:13.666","5","0","79 49:27.949","3","0","0","0","2113","0","0","0","N","0","0","0","2","02113","1","","1.0","","1","N","N","","0","","1","0","0","","0","Y","","2","2","1","0","0","0","0","2","0","2","","","","N","","","","","","","","","",""
"2012116225","0851","2","0","0","0","0","0","0","0","0","1","0","","02","11","2012","5","40.525513","-79.840596","0848","11","0","0","0","0","0","1","1","0","","0","0","0","","","0","","1","","40 31:31.845","","0","79 50:26.145","0","0","0","0","2451","0","0","0","N","0","0","0","2","02451","0","","1.0","","1","N","N","","0","","0","0","0","","2","","","2","0","0","0","0","0","0","2","0","2","","","","N","","","","","","","","","",""
"2012115545","0053","1","0","0","0","0","0","0","0","0","7","1","","02","11","2012","2","40.468458","-80.203856","0053","11","0","0","0","0","0","0","0","0","","0","0","0","","","0","","0","","40 28:06.447","","0","80 12:13.880","9","0","0","0","2203","0","0","0","N","0","0","0","2","02501","0","","5.0","","1","N","N","","0","","0","0","0","","0","","","1","0","0","0","0","0","1","2","0","1","","","","N","","","","","","","","","",""
"2012114919","0537","1","0","0","0","0","0","0","0","0","7","0","","02","10","2012","5","40.474606","-80.006204","0520","11","0","0","0","0","0","0","0","0","2","0","0","0","","","0","","0","","40 28:28.583","1","0","80 00:22.334","9","0","0","0","2301","0","0","0","N","0","0","0","1","68B03","0","","4.0","","1","N","N","","0","","0","0","0","","0","N","","1","0","0","0","0","0","1","2","0","1","","","","N","","","","","","","","","",""
"2012114091","2239","2","0","0","0","0","0","0","0","0","1","0","","02","11","2012","6","40.538205","-79.962407","2237","11","0","0","0","0","0","0","0","1","1","0","0","0","","","0","","0","","40 32:17.539","1","0","79 57:44.665","0","0","0","0","2118","0","0","0","N","0","0","0","2","02118","0","","1.0","","1","N","N","","0","","0","0","0","","0","N","","2","0","0","0","0","0","0","2","0","2","","","","N","","","","","","","","","",""
"2012114920","0342","1","0","0","0","0","0","0","0","0","7","0","","02","10","2012","1","40.566046","-80.090029","0317","11","0","0","0","0","1","0","0","0","","0","0","0","","","0","","0","","40 33:57.766","","0","80 05:24.103","0","0","0","0","2481","0","0","0","N","0","0","0","4","68B03","0","","2.0","","9","N","N","","0","","0","0","0","","0","","","1","0","0","0","0","0","0","2","0","1","","","","N","","","","","","","","","",""