"CRN","ARRIVAL_TM","AUTOMOBILE_COUNT","BELTED_DEATH_COUNT","BELTED_SUSP_SERIOUS_INJ_COUNT","BICYCLE_COUNT","BICYCLE_DEATH_COUNT","BICYCLE_SUSP_SERIOUS_INJ_COUNT","BUS_COUNT","CHLDPAS_DEATH_COUNT","CHLDPAS_SUSP_SERIOUS_INJ_COUNT","COLLISION_TYPE","COMM_VEH_COUNT","CONS_ZONE_SPD_LIM","COUNTY","CRASH_MONTH","CRASH_YEAR","DAY_OF_WEEK","DEC_LATITUDE","DEC_LONGITUDE","DISPATCH_TM","DISTRICT","DRIVER_COUNT_16YR","DRIVER_COUNT_17YR","DRIVER_COUNT_18YR","DRIVER_COUNT_19YR","DRIVER_COUNT_20YR","DRIVER_COUNT_50_64YR","DRIVER_COUNT_65_74YR","DRIVER_COUNT_75PLUS","EST_HRS_CLOSED","FATAL_COUNT","HEAVY_TRUCK_COUNT","HORSE_BUGGY_COUNT","HOUR_OF_DAY","ILLUMINATION","INJURY_COUNT","INTERSECTION_RELATED","INTERSECT_TYPE","LANE_CLOSED","LATITUDE","LN_CLOSE_DIR","LOCATION_TYPE","LONGITUDE","MAX_SEVERITY_LEVEL","MCYCLE_DEATH_COUNT","MCYCLE_SUSP_SERIOUS_INJ_COUNT","MOTORCYCLE_COUNT","MUNICIPALITY","NONMOTR_COUNT","NONMOTR_DEATH_COUNT","NONMOTR_SUSP_SERIOUS_INJ_COUNT","NTFY_HIWY_MAINT","PED_COUNT","PED_DEATH_COUNT","PED_SUSP_SERIOUS_INJ_COUNT","PERSON_COUNT","POLICE_AGCY","POSSIBLE_INJ_COUNT","RDWY_SURF_TYPE_CD","RELATION_TO_ROAD","ROADWAY_CLEARED","ROAD_CONDITION","SCH_BUS_IND","SCH_ZONE_IND","SECONDARY_CRASH","SMALL_TRUCK_COUNT","SPEC_JURIS_CD","SUSP_MINOR_INJ_COUNT","SUSP_SERIOUS_INJ_COUNT","SUV_COUNT","TCD_FUNC_CD","TCD_TYPE","TFC_DETOUR_IND","TIME_OF_DAY","TOTAL_UNITS","TOT_INJ_COUNT","UNBELTED_OCC_COUNT","UNB_DEATH_COUNT","UNB_SUSP_SERIOUS_INJ_COUNT","UNK_INJ_DEG_COUNT","UNK_INJ_PER_COUNT","URBAN_RURAL","VAN_COUNT","VEHICLE_COUNT","WEATHER1","WEATHER2","WORKERS_PRES","WORK_ZONE_IND","WORK_ZONE_LOC","WORK_ZONE_TYPE","WZ_CLOSE_DETOUR","WZ_FLAGGER","WZ_LAW_OFFCR_IND","WZ_LN_CLOSURE","WZ_MOVING","WZ_OTHER","WZ_SHLDER_MDN","WZ_WORKERS_INJ_KILLED"
"2012115051","","1","0","0","0","0","0","0","0","0","7","0","","02","11","2012","5","40.451881","-80.027655","2314","11","0","0","0","0","0","0","0","0","","0","0","0","","3","0","","0","","40 27:06.772","","0","80 01:39.558","0","0","0","0","2301","0","0","0","N","0","0","0","0","02301","0","","4.0","","1","N","N","","0","","0","0","0","","0","","","1","0","0","0","0","0","0","2","0","1","","","","N","","","","","","","","","",""
"2012115814","","2","0","0","0","0","0","0","0","0","1","0","","02","11","2012","5","40.537603","-79.835709","1545","11","0","0","0","0","0","0","0","0","","0","0","0","","1","0","","0","","40 32:15.369","","0","79 50:08.551","0","0","0","0","2208","0","0","0","N","0","0","0","2","02208","0","","1.0","","1","N","N","","0","","0","0","0","","0","","","2","0","0","0","0","0","0","2","0","2","","","","N","","","","","","","","","",""
"2012100183","","1","0","0","0","0","0","0","0","0","7","0","","02","8","2012","2","40.411005","-79.868829","2337","11","0","0","0","0","0","1","0","0","","0","0","0","","2","0","","1","","40 24:39.618","","0","79 52:07.784","0","0","0","0","2449","0","0","0","N","0","0","0","1","02449","0","","4.0","","1","N","N","","0","","0","0","0","","0","","","1","0","0","0","0","0","0","2","0","1","","","","N","","","","","","","","","",""
"2012101634","","1","0","0","0","0","0","0","0","0","7","0","","02","10","2012","5","40.485071","-79.781506","0227","11","0","0","0","0","0","0","0","0","2","0","0","0","","3","0","","0","","40 29:06.255","5","0","79 46:53.421","0","0","0","0","2466","0","0","0","N","0","0","0","1","02466","0","","5.0","","1","N","N","","0","","0","0","0","","0","N","","1","0","0","0","0","0","0","2","0","1","","","","N","","","","","","","","","",""
"2012100119","","1","0","0","0","0","0","0","0","0","99","0","","02","10","2012","7","40.32495","-79.985545","1327","11","0","0","1","0","0","0","0","0","2","0","0","0","","1","0","","1","","40 19:29.820","2","0","79 59:07.962","0","0","0","0","2219","0","0","0","N","0","0","0","2","02219","0","","1.0","","1","N","N","","0","","0","0","1","","3","N","","2","0","0","0","0","0","0","2","0","2","","","","N","","","","","","","","","",""
"2012101821","","2","0","0","0","0","0","0","0","0","4","0","","02","10","2012","6","40.44007","-80.225633","1513","11","0","0","0","0","0","1","1","0","","0","0","0","","1","2","","0","","40 26:24.251","","0","80 13:32.280","4","0","0","0","2214","0","0","0","N","0","0","0","3","02214","2","","1.0","","1","N","N","","0","","0","0","0","","0","","","2","2","0","0","0","0","0","2","0","2","","","","N","","","","","","","","","",""
"2012099702","","2","0","0","0","0","0","0","0","0","1","0","","02","10","2012","6","40.442885","-80.02484","1719","11","0","0","0","0","0","0","0","0","","0","0","0","","4","0","","0","","40 26:34.387","","0","80 01:29.423","0","0","0","0","2301","0","0","0","N","0","0","0","2","02301","0","","1.0","","1","N","N","","0","","0","0","0","","0","","","2","0","0","0","0","0","0","2","0","2","","","","N","","","","","","","","","",""
"2012100551","","0","0","0","0","0","0","0","0","0","2","0","","02","10","2012","3","40.48742","-79.918426","1231","11","0","0","0","0","0","0","0","0","","0","0","0","","1","0","","10","","40 29:14.711","","0","79 55:06.332","0","0","0","0","2301","0","0","0","N","0","0","0","2","02301","0","","1.0","","1","N","N","","2","","0","0","0","","2","","","2","0","0","0","0","0","0","2","0","2","","","","N","","","","","","","","","",""
"2012101758","","2","0","0","0","0","0","0","0","0","7","0","","02","10","2012","7","40.521934","-80.005364","1130","11","0","0","0","0","0","0","0","0","","0","0","0","","1","1","","2","","40 31:18.962","","7","80 00:19.311","4","0","0","0","2116","0","0","0","","0","0","0","2","02116","1","","4.0","","1","","","","0","","0","0","0","","2","","","2","1","0","0","0","0","0","2","0","2","","","","N","","","","","","","","","",""
"2012100345","","2","0","0","0","0","0","0","0","0","1","0","","02","10","2012","5","40.390199","-79.94948","2242","11","0","0","0","0","0","0","0","0","3","0","0","0","","3","1","","0","","40 23:24.716","4","0","79 56:58.127","4","0","0","0","2403","0","0","0","N","0","0","0","1","02403","1","","2.0","","1","N","N","","0","","0","0","0","","0","N","","2","1","0","0","0","0","0","2","0","2","","","","N","","","","","","","","","",""
"2012101219","","2","0","0","0","0","0","0","0","0","4","0","","02","10","2012","4","40.352092","-79.851009","2023","11","0","0","0","1","0","1","0","0","1","0","0","0","","3","1","","1","","40 21:07.531","4","0","79 51:03.632","8","0","0","0","2304","0","0","0","N","0","0","0","2","02304","0","","1.0","","1","N","N","","0","","0","0","0","","2","N","","2","1","0","0","0","1","0","2","0","2","","","","N","","","","","","","","","",""
"2012099717","","1","0","0","0","0","0","0","0","0","8","0","","02","10","2012","7","40.442424","-79.999945","1934","11","0","0","0","0","0","1","0","0","","0","0","0","","3","1","","1","","40 26:32.726","","0","79 59:59.802","3","0","0","0","2301","1","0","0","N","1","0","0","2","02301","0","","1.0","","1","N","N","","0","","1","0","0","","2","","","2","1","0","0","0","0","0","2","0","1","","","","N","","","","","","","","","",""
"2012099782","","1","0","0","0","0","0","0","0","0","2","1","","02","10","2012","1","40.429286","-79.999241","0453","11","0","0","0","0","0","0","0","0","","0","1","0","","3","1","","1","","40 25:45.428","","3","79 59:57.266","3","0","0","0","2301","0","0","0","Y","0","0","0","1","02301","0","","3.0","","1","N","N","","0","","1","0","0","","2","","","2","1","1","0","0","0","0","2","0","2","","","","N","","","","","","","","","",""
"2012101234","","1","0","0","0","0","0","0","0","0","1","0","","02","9","2012","7","40.518394","-80.166801","0121","11","0","0","0","0","0","0","0","0","","0","0","0","","3","0","","1","","40 31:06.220","","0","80 10:00.483","0","0","0","0","2420","0","0","0","N","0","0","0","1","02420","0","","1.0","","1","N","N","","0","","0","0","0","","2","","","2","0","0","0","0","0","0","2","0","1","","","","N","","","","","","","","","",""
"2012098958","","2","0","0","0","0","0","0","0","0","4","0","","02","10","2012","5","40.45041","-79.948748","1603","11","0","0","0","0","0","0","0","1","","0","0","0","","1","0","","1","","40 27:01.476","","0","79 56:55.492","0","0","0","0","2301","0","0","0","","0","0","0","2","02301","0","","1.0","","1","","","","0","","0","0","0","","2","","","2","0","0","0","0","0","0","2","0","2","","","","N","","","","","","","","","",""
"2012101761","","1","0","0","0","0","0","0","0","0","4","0","","02","10","2012","2","40.597126","-79.930321","1250","11","0","0","0","0","0","1","0","0","2","0","0","0","","1","1","","2","","40 35:49.652","2","0","79 55:49.157","8","0","0","0","2207","0","0","0","N","0","0","0","2","02207","0","","1.0","","1","N","N","","0","","0","0","0","","0","Y","","2","1","0","0","0","1","0","1","1","2","","","","N","","","","","","","","","",""
"2012099707","","2","0","0","0","0","0","0","0","0","1","0","","02","10","2012","7","","","1524","11","0","0","0","0","0","0","1","0","","0","0","0","","1","0","","0","","","","0","","0","0","0","0","2446","0","0","0","N","0","0","0","4","02446","0","","1.0","","1","N","N","","0","","0","0","0","","0","","","2","0","4","0","0","0","0","1","0","2","","","","N","","","","","","","","","",""
"2012099785","","1","0","0","0","0","0","0","0","0","2","1","","02","10","2012","1","40.414439","-79.989352","0739","11","0","0","0","0","0","0","0","0","3","0","0","0","","2","0","","0","","40 24:51.980","4","0","79 59:21.667","0","0","0","0","2301","0","0","0","N","0","0","0","2","02301","0","","1.0","","1","N","N","","1","","0","0","0","","0","N","","2","0","0","0","0","0","0","2","0","2","","","","N","","","","","","","","","",""
"2012099850","","2","0","0","0","0","0","0","0","0","1","0","","02","10","2012","1","40.508147","-80.081273","0954","11","0","0","0","0","0","1","0","0","","0","0","0","","1","0","","0","","40 30:29.329","","7","80 04:52.582","0","0","0","0","2405","0","0","0","N","0","0","0","5","02215","0","","1.0","","1","N","N","","0","","0","0","0","","0","","","2","0","0","0","0","0","0","2","0","2","","","","N","","","","","","","","","",""
"2012100349","","2","0","0","0","0","0","0","0","0","1","0","","02","10","2012","2","40.567535","-79.983196","1626","11","0","0","1","0","0","1","0","0","","0","0","0","","1","1","","2","","40 34:03.126","","0","79 58:59.505","4","0","0","0","2207","0","0","0","N","0","0","0","2","02207","1","","1.0","","1","N","N","","0","","0","0","0","","0","","","2","1","0","0","0","0","0","2","0","2","","","","N","","","","","","","","","",""
"2012099786","","2","0","0","0","0","0","0","0","0","1","0","","02","10","2012","7","40.414917","-79.874354","0658","11","0","0","0","0","0","0","0","0","","0","0","0","","2","1","","0","","40 24:53.701","","0","79 52:27.674","4","0","0","0","2463","0","0","0","","0","0","0","1","02463","1","","6.0","","1","N","N","","0","","0","0","0","","0","","","2","1","0","0","0","0","0","2","0","2","","","","N","","","","","","","","","",""
"2012099646","","0","0","0","0","0","0","0","0","0","99","0","","02","10","2012","5","40.254748","-79.847556","2155","11","0","0","0","0","0","0","0","0","1","0","0","0","","3","1","","0","","40 15:17.093","5","0","79 50:51.203","3","0","0","1","2105","0","0","0","N","0","0","0","1","02105","0","","5.0","","1","N","N","","0","","1","0","0","","0","N","","1","1","0","0","0","0","0","1","0","1","","","","N","","","","","","","","","",""
"2012100488","","2","0","0","0","0","0","0","0","0","1","0","","02","10","2012","3","40.378748","-79.805203","0656","11","0","0","0","0","0","0","0","0","2","0","0","0","","3","1","","0","","40 22:43.491","6","0","79 48:18.731","4","0","0","0","2111","0","0","0","N","0","0","0","2","02111","1","","1.0","","1","N","N","","0","","0","0","0","","0","N","","2","1","1","0","0","0","0","2","0","2","","","","N","","","","","","","","","",""
"2012099577","","1","0","0","0","0","0","0","0","0","2","0","","02","10","2012","7","40.431503","-79.973903","0452","11","0","0","0","0","0","1","0","0","3","0","0","0","","3","2","","0","","40 25:53.411","2","3","79 58:26.049","8","0","0","0","2301","0","0","0","N","0","0","0","2","02301","0","","1.0","","9","N","N","","1","","0","0","0","","0","Y","","2","2","0","0","0","2","0","2","0","2","","","","N","","","","","","","","","",""
"2012100416","","1","0","0","0","0","0","0","0","0","1","0","","02","10","2012","2","40.49454","-79.904837","0144","11","0","0","0","0","1","0","0","0","","0","0","0","","3","0","","0","","40 29:40.345","","0","79 54:17.413","0","0","0","0","2401","0","0","0","N","0","0","0","2","68D02","0","","1.0","","1","N","N","","1","","0","0","0","","0","","","2","0","0","0","0","0","0","2","0","2","","","","N","","","","","","","","","",""
"2012099788","","1","0","0","0","0","0","0","0","0","8","0","","02","10","2012","5","40.413872","-79.987858","1751","11","0","0","0","0","0","1","0","0","","0","0","0","","1","1","","0","","40 24:49.939","","0","79 59:16.288","3","0","0","0","2447","1","0","0","N","1","0","0","2","02447","0","","1.0","","1","N","N","","0","","1","0","0","","0","","","2","1","0","0","0","0","0","2","0","1","","","","N","","","","","","","","","",""
"2012100573","","1","0","0","0","0","0","0","0","0","8","0","","02","10","2012","3","40.402867","-80.060416","1129","11","0","0","0","0","0","0","1","0","1","0","0","0","","1","1","","2","","40 24:10.321","1","0","80 03:37.496","2","0","0","0","2117","1","0","1","N","1","0","1","2","02117","0","","2.0","","1","N","N","","0","","0","1","0","","3","N","","2","1","0","0","0","0","0","2","0","1","","","","N","","","","","","","","","",""
"2012099649","","2","0","0","0","0","0","1","0","0","5","1","","02","10","2012","7","40.446779","-79.950564","1410","11","0","0","0","0","0","0","0","0","","0","0","0","","1","2","","1","","40 26:48.404","","0","79 57:02.030","4","0","0","0","2301","0","0","0","N","0","0","0","5","02503","1","","1.0","","1","N","N","","0","","0","0","0","","2","","","3","2","0","0","0","1","0","2","0","3","","","","N","","","","","","","","","",""
"2012100355","","1","0","0","0","0","0","0","0","0","7","0","","02","10","2012","2","40.463698","-79.713624","0204","11","0","0","0","1","0","0","0","0","","0","0","0","","2","0","","0","","40 27:49.312","","0","79 42:49.046","0","0","0","0","2466","0","0","0","N","0","0","0","1","02466","0","","5.0","","1","N","N","","0","","0","0","0","","0","","","1","0","0","0","0","0","0","2","0","1","","","","N","","","","","","","","","",""
"2012100563","","1","0","0","1","0","0","0","0","0","8","0","","02","10","2012","3","40.437293","-79.998763","1315","11","0","0","0","0","0","0","0","0","","0","0","0","","1","1","","2","","40 26:14.254","","0","79 59:55.545","8","0","0","0","2301","1","0","0","N","0","0","0","2","02301","0","","9.0","","1","N","N","","0","","0","0","0","","0","","","2","1","0","0","0","1","1","2","0","1","","","","N","","","","","","","","","",""
"2012099803","","2","0","0","0","0","0","0","0","0","1","0","","02","8","2012","3","40.631158","-79.882139","0730","11","0","0","0","0","0","2","0","0","","0","0","0","","1","0","","0","","40 37:52.168","","0","79 52:55.700","0","0","0","0","2220","0","0","0","N","0","0","0","3","02220","0","","1.0","","1","N","N","","0","","0","0","1","","7","","","3","0","0","0","0","0","0","2","0","3","","","","N","","","","","","","","","",""
"2012101242","","3","0","0","0","0","0","0","0","0","5","0","","02","10","2012","5","40.419635","-79.933808","0317","11","0","0","0","0","1","0","0","0","","0","0","0","","3","0","","0","","40 25:10.686","","0","79 56:01.708","0","0","0","0","2301","0","0","0","N","0","0","0","1","02301","0","","1.0","","1","N","N","","0","","0","0","0","","0","","","3","0","1","0","0","0","0","2","0","3","","","","N","","","","","","","","","",""
"2012099728","","1","0","0","0","0","0","0","0","0","7","0","","02","10","2012","7","40.459747","-80.017205","2056","11","0","0","0","0","0","0","0","0","1","0","0","0","","3","0","","0","","40 27:35.089","2","0","80 01:01.938","0","0","0","0","2301","0","0","0","N","0","0","0","1","02301","0","","2.0","","1","N","N","","0","","0","0","0","","0","N","","1","0","0","0","0","0","0","2","0","1","","","","N","","","","","","","","","",""
"2012099794","","1","0","0","0","0","0","0","0","0","4","1","","02","10","2012","6","40.569036","-79.798321","1322","11","0","0","0","0","0","0","1","0","3","1","1","0","","1","1","","1","","40 34:08.528","5","2","79 47:53.955","1","0","0","0","2206","0","0","0","N","0","0","0","3","02206","0","2","1.0","","1","N","N","","0","0","1","0","0","","2","Y","","2","1","0","0","0","0","0","2","0","2","","","","N","","","","","","","","","",""
"2012100566","","0","0","0","0","0","0","0","0","0","8","0","30","02","10","2012","2","40.511393","-80.101022","0724","11","0","0","0","0","0","0","0","0","1","0","0","0","","5","1","","1","","40 30:41.015","1","0","80 06:03.678","3","0","0","0","2429","1","0","0","N","1","0","0","2","02215","0","","1.0","","1","N","N","","0","","1","0","1","","2","Y","","2","1","0","0","0","0","0","2","0","1","","","N","Y","4","1","","","N","","","","Y",""
"2012096982","","0","0","0","0","0","0","0","0","0","7","1","","02","9","2012","3","40.401613","-79.778823","0550","11","0","0","0","0","0","1","0","0","","0","1","0","","3","0","","0","","40 24:05.807","","0","79 46:43.763","0","0","0","0","2453","0","0","0","N","0","0","0","1","02453","0","","5.0","","1","N","N","","0","","0","0","0","","0","","","1","0","0","0","0","0","0","2","0","1","","","","N","","","","","","","","","",""
"2012099170","","0","0","0","0","0","0","0","0","0","7","0","","02","10","2012","6","40.506941","-79.812461","0019","11","0","0","0","0","0","0","0","0","2","0","0","0","","3","0","","0","","40 30:24.988","1","0","79 48:44.860","0","0","0","0","2113","0","0","0","N","0","0","0","1","02113","0","","5.0","","1","N","N","","0","","0","0","1","","0","N","","1","0","0","0","0","0","0","2","0","1","","","","N","","","","","","","","","",""
"2012101776","","3","0","0","0","0","0","0","0","0","4","0","","02","10","2012","6","40.325453","-79.892451","0909","11","0","0","0","0","0","1","0","0","2","0","0","0","","1","1","","0","","40 19:31.630","1","0","79 53:32.823","4","0","0","0","2433","0","0","0","N","0","0","0","1","02433","1","","4.0","","1","N","N","","0","","0","0","1","","0","N","","4","1","0","0","0","0","0","2","0","4","","","","N","","","","","","","","","",""
"2012098891","","0","0","0","0","0","0","0","0","0","7","0","","02","10","2012","5","40.379302","-80.16387","0635","11","0","0","0","0","0","0","0","0","1","0","0","0","","3","1","","0","","40 22:45.487","3","0","80 09:49.933","4","0","0","0","2119","0","0","0","N","0","0","0","2","02119","1","","4.0","","1","N","N","","0","","0","0","0","","0","N","","1","1","2","0","0","0","0","2","1","1","","","","N","","","","","","","","","",""
"2012099046","","2","0","0","0","0","0","0","0","0","1","0","","02","10","2012","4","40.511906","-79.947183","1821","11","0","0","0","0","0","0","0","0","","0","0","0","","1","0","","3","","40 30:42.860","","0","79 56:49.859","0","0","0","0","2118","0","0","0","N","0","0","0","2","02118","0","","1.0","","1","N","N","","0","","0","0","0","","3","","","2","0","0","0","0","0","0","2","0","2","","","","N","","","","","","","","","",""
"2012100363","","1","0","0","0","0","0","0","0","0","7","0","","02","10","2012","6","40.473289","-79.817898","0307","11","0","0","0","0","0","0","0","0","1","0","0","0","","3","1","","0","","40 28:23.840","3","0","79 49:04.432","8","0","0","0","2113","0","0","0","N","0","0","0","3","02113","0","","2.0","","1","N","N","","0","","0","0","0","","0","N","","1","1","0","0","0","1","0","2","0","1","","","","N","","","","","","","","","",""
"2012098892","","1","0","0","0","0","0","0","0","0","1","0","","02","10","2012","5","40.34837","-79.944808","0919","11","0","0","0","0","0","1","0","0","1","0","0","0","","1","0","","5","","40 20:54.133","2","0","79 56:41.310","0","0","0","0","2473","0","0","0","N","0","0","0","5","02473","0","","1.0","","1","N","N","","1","","0","0","0","","4","N","","2","0","0","0","0","0","0","2","0","2","","","","N","","","","","","","","","",""
"2012098906","","0","0","0","0","0","0","0","0","0","4","0","","02","10","2012","4","40.372761","-79.976296","1345","11","0","0","0","0","0","0","0","0","","0","0","0","","1","0","","0","","40 22:21.939","","0","79 58:34.665","0","0","0","0","2413","0","0","0","","0","0","0","2","02413","0","","6.0","","1","","","","0","","0","0","1","","0","","","2","0","0","0","0","0","0","2","1","2","","","","N","","","","","","","","","",""
"2012099590","","1","0","0","0","0","0","0","0","0","1","0","","02","10","2012","3","40.485599","-79.910791","1257","11","0","0","0","0","0","1","1","0","2","0","0","0","","1","0","","3","","40 29:08.156","1","2","79 54:38.846","0","0","0","0","2301","0","0","0","N","0","0","0","3","02301","0","","1.0","","1","N","N","","1","","0","0","1","","0","Y","","3","0","0","0","0","0","0","2","0","3","","","","N","","","","","","","","","",""
"2012099883","","2","0","0","0","0","0","0","0","0","4","0","","02","10","2012","1","40.449771","-79.935001","1755","11","0","0","0","0","0","0","0","0","1","0","0","0","","1","0","","2","","40 26:59.175","2","0","79 56:06.003","0","0","0","0","2301","0","0","0","N","0","0","0","2","02301","0","","1.0","","9","N","N","","0","","0","0","0","","3","N","","2","0","0","0","0","0","0","2","0","2","","","","N","","","","","","","","","",""
"2012099736","","2","0","0","0","0","0","0","0","0","1","0","","02","10","2012","7","40.535683","-79.970534","2207","11","0","0","0","0","0","1","0","0","1","0","0","0","","3","1","","1","","40 32:08.460","2","0","79 58:13.924","8","0","0","0","2118","0","0","0","N","0","0","0","5","02118","0","","1.0","","1","N","N","","0","","0","0","0","","2","N","","2","1","0","0","0","1","0","2","0","2","","","","N","","","","","","","","","",""
"2012101780","","1","0","0","0","0","0","0","0","0","4","0","","02","10","2012","5","40.480468","-79.841637","1237","11","0","1","0","0","0","0","0","1","1","0","0","0","","1","1","","1","","40 28:49.684","1","0","79 50:29.893","8","0","0","0","2113","0","0","0","N","0","0","0","2","02113","0","","1.0","","1","N","N","","1","","0","0","0","","3","N","","2","1","0","0","0","1","0","2","0","2","","","","N","","","","","","","","","",""
"2012100366","","0","0","0","0","0","0","0","0","0","4","0","","02","10","2012","1","40.437428","-79.979527","1600","11","0","1","0","0","0","0","0","0","","0","0","0","","1","0","","1","","40 26:14.740","","0","79 58:46.297","0","0","0","0","2301","0","0","0","N","0","0","0","3","02301","0","","1.0","","9","N","N","","0","","0","0","2","","3","","","2","0","3","0","0","0","0","2","0","2","","","","N","","","","","","","","","",""
"2012099737","","0","0","0","0","0","0","0","0","0","7","0","","02","10","2012","7","40.461278","-80.054519","2215","11","0","0","0","0","0","0","0","0","","0","0","0","","3","0","","0","","40 27:40.600","","3","80 03:16.270","0","0","0","0","2301","0","0","0","N","0","0","0","2","02301","0","","5.0","","1","N","N","","0","","0","0","0","","0","","","2","0","0","0","0","0","0","2","1","1","","","","N","","","","","","","","","",""
"2012099050","","1","0","0","0","0","0","0","0","0","4","0","","02","10","2012","3","40.560345","-80.006925","1437","11","0","0","0","0","0","1","0","0","2","0","0","0","","1","1","","0","","40 33:37.242","5","0","80 00:24.930","4","0","0","0","2108","0","0","0","N","0","0","0","2","02108","1","","1.0","","9","N","N","","1","","0","0","0","","0","Y","","2","1","0","0","0","0","0","2","0","2","","","","N","","","","","","","","","",""
"2012100585","","2","0","0","0","0","0","0","0","0","2","0","","02","10","2012","3","40.465697","-79.9571","1518","11","0","0","0","0","0","1","0","0","1","0","0","0","","1","1","","2","","40 27:56.509","1","0","79 57:25.560","4","0","0","1","2301","0","0","0","N","0","0","0","2","02301","1","","1.0","","1","N","N","","0","","0","0","0","","3","Y","","3","1","0","0","0","0","0","2","0","3","","","","N","","","","","","","","","",""
"2012100367","","0","0","0","0","0","0","0","0","0","4","0","","02","10","2012","2","40.454014","-79.952635","2318","11","0","0","0","1","0","0","0","0","2","0","0","0","","3","0","","2","","40 27:14.452","4","0","79 57:09.486","0","0","0","0","2301","0","0","0","N","0","0","0","3","02301","0","","1.0","","1","N","N","","1","","0","0","1","","0","N","","2","0","0","0","0","0","0","2","0","2","","","","N","","","","","","","","","",""
"2012099802","","0","0","0","0","0","0","0","0","0","7","0","","02","10","2012","5","40.318623","-79.78573","0044","11","0","0","0","0","0","0","0","0","2","0","0","0","","3","0","","0","","40 19:07.042","5","0","79 47:08.628","0","0","0","0","2477","0","0","0","N","0","0","0","1","02477","0","","2.0","","1","N","N","","1","","0","0","0","","0","Y","","1","0","0","0","0","0","0","1","0","1","","","","N","","","","","","","","","",""
"2012099051","","1","0","0","0","0","0","0","0","0","1","0","","02","9","2012","1","40.448068","-80.162487","2120","11","0","0","0","0","0","0","0","0","1","0","0","0","","3","0","","1","","40 26:53.043","2","0","80 09:44.953","0","0","0","0","2115","0","0","0","N","0","0","0","8","02115","0","","1.0","","1","N","N","","0","","0","0","1","","2","N","","2","0","0","0","0","0","0","2","0","2","","","","N","","","","","","","","","",""
"2012101782","","0","0","0","0","0","0","0","0","0","8","0","","02","10","2012","5","40.404911","-79.934654","1237","11","0","0","0","0","0","1","0","0","","0","0","0","","1","1","","0","","40 24:17.679","","0","79 56:04.754","3","0","0","0","2301","1","0","0","N","1","0","0","2","02301","0","","1.0","","1","N","N","","1","","1","0","0","","0","","","2","1","0","0","0","0","0","2","0","1","","","","N","","","","","","","","","",""
"2012099739","","1","0","0","0","0","0","0","0","0","7","0","","02","10","2012","6","40.420943","-79.852119","0152","11","0","0","0","0","0","0","0","0","","0","0","0","","2","1","","0","","40 25:15.393","","0","79 51:07.629","3","0","0","0","2431","0","0","0","N","0","0","0","1","02431","0","","4.0","","1","N","N","","0","","1","0","0","","0","","","1","1","1","0","0","0","0","2","0","1","","","","N","","","","","","","","","",""
"2012099052","","1","0","0","0","0","0","0","0","0","1","0","","02","10","2012","3","40.452053","-80.133863","1432","11","0","0","0","0","0","0","0","0","1","0","0","0","","1","1","","1","","40 27:07.390","4","0","80 08:01.906","8","0","0","0","2115","0","0","0","N","0","0","0","3","02115","0","","1.0","","1","N","N","","1","","0","0","0","","2","N","","2","1","0","0","0","1","0","2","0","2","","","","N","","","","","","","","","",""
"2012100518","","1","0","0","0","0","0","0","0","0","4","0","","02","10","2012","2","40.455259","-79.941605","1422","11","0","0","0","0","0","0","0","0","","0","0","0","","1","1","","0","","40 27:18.934","","0","79 56:29.777","8","0","0","0","2301","0","0","0","N","0","0","0","3","02301","0","","1.0","","1","N","N","","1","","0","0","0","","0","","","2","1","2","0","0","1","0","2","0","2","","","","N","","","","","","","","","",""
"2012100370","","1","0","0","0","0","0","0","0","0","8","0","","02","10","2012","2","40.456574","-79.939691","2310","11","0","0","0","0","0","0","0","0","3","0","0","0","","3","2","","1","","40 27:23.665","3","0","79 56:22.888","3","0","0","0","2301","1","0","0","N","1","0","0","2","02301","0","","5.0","","1","N","N","","0","","1","0","0","","2","Y","","2","2","0","0","0","1","0","2","0","1","","","","N","","","","","","","","","",""
"2012099741","","1","0","0","0","0","0","0","0","0","7","0","","02","10","2012","7","40.315524","-80.092988","0654","11","0","0","0","0","0","0","0","0","1","0","0","0","","5","0","","2","","40 18:55.885","3","0","80 05:34.756","0","0","0","0","2123","0","0","0","N","0","0","0","1","02123","0","","2.0","","9","N","N","","0","","0","0","0","","0","N","","1","0","0","0","0","0","0","2","0","1","","","","N","","","","","","","","","",""
"2012101785","","0","0","0","0","0","0","0","0","0","4","0","","02","10","2012","6","40.447062","-79.947299","1159","11","0","0","0","0","0","1","0","0","","0","0","0","","1","0","","1","","40 26:49.423","","0","79 56:50.276","0","0","0","0","2301","0","0","0","N","0","0","0","2","02301","0","","1.0","","1","N","N","","1","","0","0","1","","2","","","2","0","0","0","0","0","0","2","0","2","","","","N","","","","","","","","","",""
"2012099820","","2","0","0","0","0","0","0","0","0","4","0","","02","10","2012","1","40.421943","-79.92884","1128","11","0","0","0","0","0","0","0","0","","0","0","0","","1","0","","1","","40 25:18.994","","0","79 55:43.824","0","0","0","0","2301","0","0","0","N","0","0","0","5","02301","0","","1.0","","1","N","N","","0","","0","0","0","","3","","","2","0","0","0","0","0","0","2","0","2","","","","N","","","","","","","","","",""
"2012098915","","0","0","0","0","0","0","0","0","0","7","0","","02","10","2012","5","40.335851","-79.851884","1437","11","0","0","0","0","0","0","0","0","","0","0","0","","1","0","","2","","40 20:09.062","","0","79 51:06.783","0","0","0","0","2304","0","0","0","N","0","0","0","1","02304","0","","2.0","","1","N","N","","0","","0","0","1","","2","","","1","0","1","0","0","0","0","2","0","1","","","","N","","","","","","","","","",""