"CRN","ARRIVAL_TM","AUTOMOBILE_COUNT","BELTED_DEATH_COUNT","BELTED_SUSP_SERIOUS_INJ_COUNT","BICYCLE_COUNT","BICYCLE_DEATH_COUNT","BICYCLE_SUSP_SERIOUS_INJ_COUNT","BUS_COUNT","CHLDPAS_DEATH_COUNT","CHLDPAS_SUSP_SERIOUS_INJ_COUNT","COLLISION_TYPE","COMM_VEH_COUNT","CONS_ZONE_SPD_LIM","COUNTY","CRASH_MONTH","CRASH_YEAR","DAY_OF_WEEK","DEC_LATITUDE","DEC_LONGITUDE","DISPATCH_TM","DISTRICT","DRIVER_COUNT_16YR","DRIVER_COUNT_17YR","DRIVER_COUNT_18YR","DRIVER_COUNT_19YR","DRIVER_COUNT_20YR","DRIVER_COUNT_50_64YR","DRIVER_COUNT_65_74YR","DRIVER_COUNT_75PLUS","EST_HRS_CLOSED","FATAL_COUNT","HEAVY_TRUCK_COUNT","HORSE_BUGGY_COUNT","HOUR_OF_DAY","ILLUMINATION","INJURY_COUNT","INTERSECTION_RELATED","INTERSECT_TYPE","LANE_CLOSED","LATITUDE","LN_CLOSE_DIR","LOCATION_TYPE","LONGITUDE","MAX_SEVERITY_LEVEL","MCYCLE_DEATH_COUNT","MCYCLE_SUSP_SERIOUS_INJ_COUNT","MOTORCYCLE_COUNT","MUNICIPALITY","NONMOTR_COUNT","NONMOTR_DEATH_COUNT","NONMOTR_SUSP_SERIOUS_INJ_COUNT","NTFY_HIWY_MAINT","PED_COUNT","PED_DEATH_COUNT","PED_SUSP_SERIOUS_INJ_COUNT","PERSON_COUNT","POLICE_AGCY","POSSIBLE_INJ_COUNT","RDWY_SURF_TYPE_CD","RELATION_TO_ROAD","ROADWAY_CLEARED","ROAD_CONDITION","SCH_BUS_IND","SCH_ZONE_IND","SECONDARY_CRASH","SMALL_TRUCK_COUNT","SPEC_JURIS_CD","SUSP_MINOR_INJ_COUNT","SUSP_SERIOUS_INJ_COUNT","SUV_COUNT","TCD_FUNC_CD","TCD_TYPE","TFC_DETOUR_IND","TIME_OF_DAY","TOTAL_UNITS","TOT_INJ_COUNT","UNBELTED_OCC_COUNT","UNB_DEATH_COUNT","UNB_SUSP_SERIOUS_INJ_COUNT","UNK_INJ_DEG_COUNT","UNK_INJ_PER_COUNT","URBAN_RURAL","VAN_COUNT","VEHICLE_COUNT","WEATHER1","WEATHER2","WORKERS_PRES","WORK_ZONE_IND","WORK_ZONE_LOC","WORK_ZONE_TYPE","WZ_CLOSE_DETOUR","WZ_FLAGGER","WZ_LAW_OFFCR_IND","WZ_LN_CLOSURE","WZ_MOVING","WZ_OTHER","WZ_SHLDER_MDN","WZ_WORKERS_INJ_KILLED"
"2012099743","","1","0","0","0","0","0","0","0","0","1","0","","02","10","2012","7","40.376263","-80.097848","0655","11","0","0","0","0","0","0","0","0","","0","0","0","","5","2","","2","","40 22:34.548","","0","80 05:52.254","4","0","0","0","2102","0","0","0","N","0","0","0","6","02102","2","","1.0","","9","N","N","","0","","0","0","0","","0","","","2","2","0","0","0","0","0","2","1","2","","","","N","","","","","","","","","",""
"2012100522","","0","0","0","0","0","0","0","0","0","7","0","","02","10","2012","3","40.4532","-79.992708","0917","11","0","0","0","0","0","0","0","0","1","0","0","0","","1","1","","1","","40 27:11.520","3","3","79 59:33.748","4","0","0","0","2301","0","0","0","N","0","0","0","1","02301","1","","2.0","","1","N","N","","0","","0","0","1","","0","N","","1","1","0","0","0","0","0","2","0","1","","","","N","","","","","","","","","",""
"2012099821","","0","0","0","0","0","0","0","0","0","99","0","","02","10","2012","1","40.62678","-80.034011","1034","11","0","0","0","0","0","0","1","0","1","0","0","0","","1","0","","2","","40 37:36.407","4","0","80 02:02.441","0","0","0","0","2216","0","0","0","N","0","0","0","1","02505","0","","1.0","","1","N","N","","0","","0","0","1","","0","N","","1","0","1","0","0","0","0","1","0","1","","","","N","","","","","","","","","",""
"2012099534","","2","0","0","0","0","0","0","0","0","5","0","","02","10","2012","6","40.43778","-79.972856","2313","11","0","0","0","1","0","0","0","0","2","0","0","0","","3","1","","2","","40 26:16.008","4","0","79 58:22.281","8","0","0","0","2301","0","0","0","N","0","0","0","3","02301","0","","2.0","","1","N","N","","0","","0","0","2","","2","N","","4","1","0","0","0","1","0","2","0","4","","","","N","","","","","","","","","",""
"2012098916","","2","0","0","0","0","0","0","0","0","4","0","","02","10","2012","5","40.433037","-80.029231","1510","11","0","0","0","0","1","1","0","0","","0","0","0","","1","0","","1","","40 25:58.933","","0","80 01:45.231","0","0","0","0","2301","0","0","0","N","0","0","0","3","02301","0","","1.0","","1","N","N","","0","","0","0","0","","3","","","2","0","0","0","0","0","0","2","0","2","","","","N","","","","","","","","","",""
"2012101397","","1","0","0","0","0","0","0","0","0","8","0","","02","10","2012","4","40.456934","-79.998833","1231","11","0","0","0","0","0","0","0","0","","0","0","0","","1","1","","1","","40 27:24.964","","0","79 59:55.797","4","0","0","0","2301","1","0","0","N","1","0","0","2","02301","1","","1.0","","9","N","N","","0","","0","0","0","","2","","","2","1","0","0","0","0","0","2","0","1","","","","N","","","","","","","","","",""
"2012099601","","1","0","0","0","0","0","0","0","0","7","0","","02","10","2012","7","40.426425","-79.993154","0847","11","0","0","0","0","0","0","0","0","","0","0","0","","1","1","","2","","40 25:35.130","","0","79 59:35.354","3","0","0","0","2301","0","0","0","N","0","0","0","4","02301","0","","2.0","","9","N","N","","0","","1","0","0","","0","","","1","1","0","0","0","0","0","2","0","1","","","","N","","","","","","","","","",""
"2012101197","","1","0","0","0","0","0","0","0","0","6","0","","02","9","2012","4","40.5734","-79.777438","1957","11","0","0","0","0","0","0","0","0","","0","0","0","","1","0","","0","","40 34:24.239","","0","79 46:38.777","0","0","0","0","2104","0","0","0","N","0","0","0","3","02104","0","","1.0","","1","N","N","","1","","0","0","0","","0","","","2","0","3","0","0","0","0","2","0","2","","","","N","","","","","","","","","",""
"2012099536","","1","0","0","0","0","0","0","0","0","1","0","","02","10","2012","6","40.43248","-79.958509","2321","11","0","0","0","0","1","0","0","0","","0","0","0","","3","2","","7","","40 25:56.929","","2","79 57:30.633","4","0","0","0","2301","0","0","0","N","0","0","0","4","02301","2","","4.0","","1","N","N","","0","","0","0","1","","3","","","2","2","0","0","0","0","0","2","0","2","","","","N","","","","","","","","","",""
"2012100390","","1","0","0","0","0","0","0","0","0","7","0","","02","10","2012","3","40.42571","-79.911301","0313","11","0","0","0","0","0","0","0","0","1","0","0","0","","3","0","","0","","40 25:32.556","3","4","79 54:40.685","0","0","0","0","2301","0","0","0","N","0","0","0","1","02301","0","","2.0","","1","N","N","","0","","0","0","0","","0","N","","1","0","0","0","0","0","0","2","0","1","","","","N","","","","","","","","","",""
"2012100512","","1","0","0","0","0","0","0","0","0","4","0","","02","10","2012","3","40.434605","-79.766478","0741","11","0","0","0","0","0","0","0","0","1","0","0","0","","1","0","","2","","40 26:04.578","6","0","79 45:59.320","0","0","0","0","2446","0","0","0","N","0","0","0","2","02446","0","","1.0","","1","N","N","","0","","0","0","1","","2","N","","2","0","0","0","0","0","0","2","0","2","","","","N","","","","","","","","","",""
"2012098853","","3","0","0","0","0","0","0","0","0","1","0","","02","10","2012","5","40.410351","-80.084154","0733","11","0","0","0","0","0","0","0","0","","0","0","0","","1","0","","1","","40 24:37.263","","0","80 05:02.954","0","0","0","0","2415","0","0","0","N","0","0","0","3","02415","0","","1.0","","1","N","N","","0","","0","0","0","","0","","","3","0","0","0","0","0","0","2","0","3","","","","N","","","","","","","","","",""
"2012099538","","1","0","0","0","0","0","0","0","0","4","0","","02","10","2012","7","40.449472","-80.002558","0146","11","0","0","0","0","0","0","0","0","1","0","0","0","","3","1","","1","","40 26:58.099","1","0","80 00:09.210","4","0","0","0","2301","0","0","0","N","0","0","0","4","02301","1","","1.0","","1","N","N","","0","","0","0","1","","1","Y","","2","1","0","0","0","0","0","2","0","2","","","","N","","","","","","","","","",""
"2012101200","","1","0","0","0","0","0","0","0","0","4","0","","02","10","2012","3","40.446298","-79.731235","1806","11","0","1","0","0","0","0","0","0","","0","0","0","","1","1","","2","","40 26:46.672","","0","79 43:52.446","4","0","0","0","2446","0","0","0","N","0","0","0","3","02446","1","","1.0","","1","N","N","","1","","0","0","0","","0","","","2","1","0","0","0","0","0","2","0","2","","","","N","","","","","","","","","",""
"2012099605","","0","0","0","0","0","0","0","0","0","4","0","","02","10","2012","7","40.45362","-79.915337","0942","11","0","0","0","0","0","0","0","1","2","0","0","0","","1","2","","1","","40 27:13.032","4","0","79 54:55.213","4","0","0","0","2301","0","0","0","N","0","0","0","4","02301","2","","1.0","","9","N","N","","0","","0","0","2","","2","Y","","2","2","0","0","0","0","0","2","0","2","","","","N","","","","","","","","","",""
"2012101340","","1","0","0","0","0","0","0","0","0","1","2","55","02","9","2012","5","40.48624","-80.008687","1223","11","0","0","0","0","0","1","0","0","","0","2","0","","1","1","","0","","40 29:10.464","","0","80 00:31.273","8","0","0","0","2301","0","0","0","N","0","0","0","3","68B03","0","","1.0","","1","N","N","","0","","0","0","0","","8","","","3","1","0","0","0","1","0","2","0","3","","","Y","Y","4","2","N","N","N","N","Y","N","N",""
"2012101065","","2","0","0","0","0","0","0","0","0","4","0","","02","10","2012","4","40.572128","-80.023504","0900","11","0","0","0","0","0","0","0","0","2","0","0","0","","1","2","","1","","40 34:19.660","7","0","80 01:24.616","8","0","0","0","2108","0","0","0","N","0","0","0","2","02108","0","","1.0","","1","N","N","","0","","0","0","0","","2","Y","","2","2","0","0","0","2","0","2","0","2","","","","N","","","","","","","","","",""
"2012099540","","1","0","0","0","0","0","0","0","0","4","0","","02","10","2012","7","40.4385","-79.961171","0018","11","0","0","0","0","0","0","0","0","2","0","0","0","","3","0","","1","","40 26:18.601","3","0","79 57:40.215","0","0","0","0","2301","0","0","0","N","0","0","0","3","02301","0","","1.0","","1","N","N","","0","","0","0","1","","1","Y","","2","0","0","0","0","0","0","2","0","2","","","","N","","","","","","","","","",""
"2012101341","","0","0","0","0","0","0","0","0","0","7","0","","02","9","2012","7","40.44093","-80.156579","1146","11","0","0","0","0","0","0","0","0","1","0","0","0","","1","1","","0","","40 26:27.347","4","0","80 09:23.684","4","0","0","0","2115","0","0","0","N","0","0","0","2","68B03","1","","3.0","","1","N","N","","0","","0","0","1","","0","N","","1","1","0","0","0","0","0","2","0","1","","","","N","","","","","","","","","",""
"2012100599","","1","0","0","0","0","0","0","0","0","7","0","","02","10","2012","3","40.470121","-79.847397","1422","11","0","0","0","0","0","0","0","0","2","0","0","0","","1","1","","0","","40 28:12.437","5","0","79 50:50.629","4","0","0","0","2113","0","0","0","Y","0","0","0","1","02113","1","","5.0","","1","N","N","","0","","0","0","0","","0","Y","","1","1","1","0","0","0","0","2","0","1","","","","N","","","","","","","","","",""
"2012101066","","0","0","0","0","0","0","0","0","0","5","0","","02","9","2012","4","40.339006","-80.051589","1459","11","0","0","0","0","0","0","0","0","1","0","0","0","","1","1","","0","","40 20:20.420","4","0","80 03:05.720","8","0","0","0","2407","0","0","0","N","0","0","0","2","02407","0","","1.0","","1","N","N","","1","","0","0","1","","0","N","","2","1","0","0","0","1","0","2","0","2","","","","N","","","","","","","","","",""
"2012101873","","1","0","0","0","0","0","0","0","0","4","0","","02","10","2012","6","40.362301","-79.826096","1718","11","1","0","0","0","0","0","0","0","1","0","0","0","","1","1","","1","","40 21:44.283","1","0","79 49:33.947","3","0","0","0","2111","0","0","0","N","0","0","0","3","02111","0","","1.0","","1","N","N","","1","","1","0","0","","2","Y","","2","1","0","0","0","0","0","2","0","2","","","","N","","","","","","","","","",""
"2012099607","","2","0","0","0","0","0","0","0","0","1","0","","02","10","2012","7","40.495734","-80.055924","1013","11","0","0","0","0","0","1","1","0","1","0","0","0","","1","0","","0","","40 29:44.642","4","0","80 03:21.326","0","0","0","0","2404","0","0","0","N","0","0","0","2","02404","0","","1.0","","1","N","N","","0","","0","0","0","","0","Y","","2","0","0","0","0","0","0","2","0","2","","","","N","","","","","","","","","",""
"2012099621","","1","0","0","0","0","0","0","0","0","1","0","","02","10","2012","7","40.461848","-79.905689","1235","11","0","0","0","0","0","1","0","0","1","0","0","0","","1","0","","0","","40 27:42.652","1","0","79 54:20.480","0","0","0","0","2301","0","0","0","N","0","0","0","2","02301","0","","1.0","","1","N","N","","0","","0","0","1","","0","Y","","2","0","0","0","0","0","0","2","0","2","","","","N","","","","","","","","","",""
"2012100536","","2","0","0","0","0","0","0","0","0","1","0","","02","10","2012","3","40.44515","-79.998989","1040","11","0","0","0","0","0","1","0","1","","0","0","0","","1","1","","2","","40 26:42.540","","0","79 59:56.360","8","0","0","0","2301","0","0","0","N","0","0","0","3","02301","0","","1.0","","1","N","N","","0","","0","0","0","","2","","","2","1","0","0","0","1","0","2","0","2","","","","N","","","","","","","","","",""
"2012101342","","1","0","0","0","0","0","0","0","0","1","0","","02","9","2012","5","40.494173","-80.276241","1425","11","0","0","0","0","0","1","1","0","2","0","0","0","","1","2","","0","","40 29:39.024","3","0","80 16:34.468","8","0","0","0","2203","0","0","0","N","0","0","0","2","68B03","0","","1.0","","1","N","N","","0","","0","0","1","","0","N","","2","2","0","0","0","2","0","2","0","2","","","","N","","","","","","","","","",""
"2012101067","","0","0","0","0","0","0","0","0","0","7","0","","02","10","2012","4","40.377636","-80.012808","1449","11","0","1","0","0","0","0","0","0","1","0","0","0","","1","0","","0","","40 22:39.489","3","0","80 00:46.108","0","0","0","0","2416","0","0","0","N","0","0","0","3","02416","0","","2.0","","1","N","N","","1","","0","0","0","","0","N","","1","0","0","0","0","0","0","2","0","1","","","","N","","","","","","","","","",""
"2012101874","","2","0","0","0","0","0","0","0","0","5","0","","02","10","2012","6","40.391214","-80.010367","1700","11","0","0","0","0","0","0","0","0","1","0","0","0","","1","1","","0","","40 23:28.370","5","0","80 00:37.321","4","0","0","0","2301","0","0","0","N","0","0","0","1","02301","1","","1.0","","1","N","N","","0","","0","0","0","","0","Y","","2","1","1","0","0","0","0","2","0","2","","","","N","","","","","","","","","",""
"2012099544","","1","0","0","0","0","0","0","0","0","7","0","","02","10","2012","7","40.431833","-79.981725","0329","11","0","0","0","0","0","0","0","0","","0","0","0","","3","0","","0","","40 25:54.600","","0","79 58:54.210","0","0","0","0","2301","0","0","0","N","0","0","0","2","02301","0","","9.0","","1","N","N","","0","","0","0","0","","0","","","1","0","0","0","0","0","0","2","0","1","","","","N","","","","","","","","","",""
"2012101344","","2","0","0","0","0","0","0","0","0","1","0","","02","9","2012","4","40.438202","-80.012474","0616","11","0","0","0","0","0","1","0","0","1","0","0","0","","3","0","","0","","40 26:17.527","3","4","80 00:44.906","0","0","0","0","2301","0","0","0","N","0","0","0","3","68B03","0","","1.0","","1","N","N","","0","","0","0","0","","0","N","","3","0","0","0","0","0","0","2","1","3","","","","N","","","","","","","","","",""
"2012099832","","1","0","0","0","0","0","0","0","0","4","0","","02","10","2012","1","40.631875","-79.965176","0959","11","0","0","0","0","0","0","1","0","","0","0","0","","1","0","","0","","40 37:54.749","","0","79 57:54.635","0","0","0","0","2217","0","0","0","N","0","0","0","5","02505","0","","1.0","","1","N","N","","0","","0","0","0","","0","","","2","0","0","0","0","0","0","1","1","2","","","","N","","","","","","","","","",""
"2012101798","","1","0","0","0","0","0","0","0","0","4","0","","02","10","2012","6","40.338079","-79.806773","1323","11","0","0","0","0","1","0","1","0","","0","0","0","","1","0","","0","","40 20:17.083","","0","79 48:24.384","0","0","0","0","2477","0","0","0","N","0","0","0","2","02477","0","","1.0","","1","N","N","","1","","0","0","0","","2","","","2","0","0","0","0","0","0","2","0","2","","","","N","","","","","","","","","",""
"2012099757","","1","0","0","0","0","0","0","0","0","99","0","","02","10","2012","1","40.457428","-80.029776","0226","11","0","0","0","0","0","0","0","0","","0","0","0","","6","0","","10","","40 27:26.742","","0","80 01:47.192","9","0","0","0","2301","0","0","0","N","0","0","0","1","02301","0","","9.0","","1","N","N","","0","","0","0","0","","0","","","1","0","0","0","0","0","1","2","0","1","","","","N","","","","","","","","","",""
"2012101345","","1","0","0","0","0","0","0","0","0","99","0","","02","9","2012","7","40.364814","-80.118753","2208","11","0","0","0","0","1","0","0","0","","0","0","0","","2","0","","0","","40 21:53.329","","0","80 07:07.510","0","0","0","0","2102","0","0","0","N","0","0","0","2","68B03","0","","1.0","","1","N","N","","0","","0","0","0","","0","","","1","0","0","0","0","0","0","2","0","1","","","","N","","","","","","","","","",""
"2012100604","","0","0","0","0","0","0","1","0","0","4","1","","02","10","2012","3","40.463884","-79.931574","1657","11","0","0","0","0","0","1","0","0","","0","0","0","","1","2","","2","","40 27:49.982","","7","79 55:53.666","8","0","0","0","2301","0","0","0","N","0","0","0","8","02301","0","","1.0","","1","Y","N","","0","","0","0","0","","0","","","2","2","0","0","0","2","0","2","1","2","","","","N","","","","","","","","","",""
"2012100314","","1","0","0","0","0","0","0","0","0","7","0","","02","10","2012","2","40.400064","-79.937626","1750","11","0","0","0","0","0","0","0","0","","0","0","0","","1","0","","10","","40 24:00.230","","3","79 56:15.453","0","0","0","0","2301","0","0","0","","0","0","0","1","02301","0","","3.0","","1","","","","0","","0","0","0","","0","","","1","0","1","0","0","0","0","2","0","1","","","","N","","","","","","","","","",""
"2012101347","","1","0","0","0","0","0","0","0","0","7","0","","02","10","2012","5","40.419285","-80.103515","1610","11","0","0","0","0","0","1","0","0","1","0","0","0","","1","1","","0","","40 25:09.427","2","0","80 06:12.654","3","0","0","0","2115","0","0","0","Y","0","0","0","1","68B03","0","","4.0","","1","N","N","","0","","1","0","0","","0","N","","1","1","0","0","0","0","0","2","0","1","","","","N","","","","","","","","","",""
"2012099773","","0","0","0","0","0","0","0","0","0","2","0","","02","10","2012","1","40.47152","-79.926282","0538","11","0","0","0","0","0","0","0","0","3","0","0","0","","3","2","","1","","40 28:17.472","7","0","79 55:34.615","8","0","0","0","2301","0","0","0","N","0","0","0","3","02301","0","","1.0","","1","N","N","","0","","0","0","2","","2","N","","2","2","0","0","0","2","0","2","0","2","","","","N","","","","","","","","","",""
"2012101348","","0","0","0","0","0","0","0","0","0","4","0","","02","10","2012","6","40.423179","-80.104354","0800","11","0","0","0","0","0","0","0","0","","0","0","0","","1","2","","0","","40 25:23.445","","0","80 06:15.673","8","0","0","0","2115","0","0","0","N","0","0","0","3","68B03","0","","1.0","","1","N","N","","0","","0","0","3","","0","","","3","2","0","0","0","2","0","2","0","3","","","","N","","","","","","","","","",""
"2012101411","","2","0","0","0","0","0","0","0","0","5","0","","02","10","2012","5","40.434798","-79.859132","0736","11","0","0","0","0","0","0","1","0","","0","0","0","","1","0","","0","","40 26:05.272","","0","79 51:32.875","0","0","0","0","2431","0","0","0","N","0","0","0","1","02431","0","","1.0","","1","N","N","","0","","0","0","0","","0","","","2","0","0","0","0","0","0","2","0","2","","","","N","","","","","","","","","",""
"2012100335","","2","0","0","0","0","0","0","0","0","1","0","","02","10","2012","2","40.522327","-80.084116","1409","11","0","0","0","0","0","1","0","0","","0","0","0","","1","0","","2","","40 31:20.377","","0","80 05:02.817","0","0","0","0","2211","0","0","0","N","0","0","0","2","02215","0","","1.0","","1","N","N","","0","","0","0","0","","0","","","2","0","0","0","0","0","0","2","0","2","","","","N","","","","","","","","","",""
"2012099774","","1","0","0","0","0","0","0","0","0","4","1","","02","10","2012","7","40.629237","-79.933239","1045","11","0","0","0","0","0","1","0","0","1","0","1","0","","1","1","","2","","40 37:45.252","1","0","79 55:59.662","8","0","0","0","2217","0","0","0","N","0","0","0","3","02505","0","","1.0","","1","N","N","","0","","0","0","0","","0","N","","2","1","0","0","0","1","0","2","0","2","","","","N","","","","","","","","","",""
"2012101349","","1","0","0","0","0","0","0","0","0","7","0","","02","10","2012","7","40.51983","-80.060378","0834","11","0","0","0","0","0","0","0","0","","0","0","0","","1","0","","0","","40 31:11.387","","0","80 03:37.362","0","0","0","0","2116","0","0","0","N","0","0","0","1","68B03","0","","4.0","","9","N","N","","0","","0","0","0","","0","","","1","0","0","0","0","0","0","2","0","1","","","","N","","","","","","","","","",""
"2012099710","","2","0","0","0","0","0","0","0","0","1","0","","02","10","2012","4","40.494241","-79.860247","0012","11","0","0","0","0","0","0","0","0","","0","0","0","","3","0","","0","","40 29:39.269","","0","79 51:36.888","0","0","0","0","2408","0","0","0","","0","0","0","2","02408","0","","2.0","","1","N","N","","0","","0","0","0","","0","","","2","0","1","0","0","0","0","2","0","2","","","","N","","","","","","","","","",""
"2012100544","","1","0","0","0","0","0","0","0","0","7","0","","02","10","2012","3","40.635764","-79.763844","1036","11","0","0","0","0","0","0","0","0","2","0","0","0","","1","0","","0","","40 38:08.751","6","0","79 45:49.838","0","0","0","0","2202","0","0","0","N","0","0","0","2","02202","0","","4.0","","1","N","N","","0","","0","0","0","","0","N","","1","0","0","0","0","0","0","1","0","1","","","","N","","","","","","","","","",""
"2012101350","","0","0","0","0","0","0","0","0","0","7","0","","02","10","2012","2","40.494981","-80.012742","0955","11","0","0","0","0","0","0","0","0","","0","0","0","","1","1","","0","","40 29:41.931","","0","80 00:45.870","8","0","0","0","2301","0","0","0","N","0","0","0","2","68B03","0","","4.0","","1","N","N","","0","","0","0","1","","0","","","1","1","0","0","0","1","0","2","0","1","","","","N","","","","","","","","","",""
"2012101351","","1","0","0","0","0","0","0","0","0","1","0","","02","10","2012","2","40.376783","-80.101211","1716","11","0","0","0","0","0","1","0","0","","0","0","0","","1","0","","0","","40 22:36.419","","0","80 06:04.358","0","0","0","0","2102","0","0","0","N","0","0","0","2","68B03","0","","1.0","","1","N","N","","0","","0","0","0","","0","","","2","0","0","0","0","0","0","2","1","2","","","","N","","","","","","","","","",""
"2012101352","","2","0","0","0","0","0","0","0","0","1","0","","02","10","2012","4","40.429781","-80.027969","0953","11","0","0","0","1","0","1","0","0","","0","0","0","","1","0","","0","","40 25:47.210","","0","80 01:40.688","0","0","0","0","2301","0","0","0","N","0","0","0","5","68B03","0","","1.0","","1","N","N","","0","","0","0","1","","0","","","3","0","0","0","0","0","0","2","0","3","","","","N","","","","","","","","","",""
"2012101416","","2","0","0","0","0","0","0","0","0","1","0","","02","10","2012","4","40.655207","-80.087059","1418","11","0","0","0","0","0","0","0","0","","0","0","0","","1","0","","0","","40 39:18.746","","0","80 05:13.411","0","0","0","0","2212","0","0","0","N","0","0","0","2","02505","0","","1.0","","9","N","N","","0","","0","0","0","","2","","","2","0","0","0","0","0","0","2","0","2","","","","N","","","","","","","","","",""
"2012098872","","1","0","0","0","0","0","0","0","0","4","0","","02","10","2012","5","40.448684","-79.89975","0940","11","0","0","0","0","0","0","1","0","2","0","0","0","","1","0","","2","","40 26:55.262","4","0","79 53:59.100","0","0","0","0","2301","0","0","0","N","0","0","0","2","02301","0","","1.0","","1","N","N","","0","","0","0","1","","3","N","","2","0","0","0","0","0","0","2","0","2","","","","N","","","","","","","","","",""
"2012099700","","1","0","0","0","0","0","0","0","0","4","0","","02","10","2012","7","40.446176","-80.009633","1705","11","0","0","0","0","0","0","1","0","","0","0","0","","1","1","","2","","40 26:46.233","","0","80 00:34.678","8","0","0","0","2301","0","0","0","N","0","0","0","3","02301","0","","1.0","","1","N","N","","0","","0","0","1","","2","","","2","1","0","0","0","1","0","2","0","2","","","","N","","","","","","","","","",""
"2012100753","","0","0","0","0","0","0","0","0","0","99","0","","02","10","2012","1","40.601603","-79.933326","0621","11","0","0","0","0","0","1","0","0","","0","0","0","","2","0","","0","","40 36:05.769","","0","79 55:59.975","0","0","0","0","2207","0","0","0","N","0","0","0","1","68T02","0","","1.0","","1","N","N","","0","","0","0","1","","0","","","1","0","0","0","0","0","0","2","0","1","","","","N","","","","","","","","","",""
"2012097031","","1","0","0","0","0","0","0","0","0","7","0","","02","9","2012","1","40.461295","-79.985045","0532","11","0","0","0","0","0","0","0","0","","0","0","0","","3","0","","1","","40 27:40.662","","0","79 59:06.162","0","0","0","0","2301","0","0","0","","0","0","0","1","02301","0","","9.0","","1","","","","0","","0","0","0","","0","","","1","0","0","0","0","0","0","2","0","1","","","","N","","","","","","","","","",""
"2012096336","","1","0","0","0","0","0","1","0","0","1","2","","02","9","2012","2","40.489138","-79.933017","1423","11","0","0","0","0","0","2","0","0","","0","1","0","","1","1","","0","","40 29:20.897","","0","79 55:58.862","8","0","0","0","2301","0","0","0","N","0","0","0","3","02301","0","","1.0","","1","Y","N","","0","","0","0","0","","2","","","3","1","0","0","0","1","0","2","0","3","","","","N","","","","","","","","","",""
"2012097173","","2","0","0","0","0","0","0","0","0","4","0","","02","10","2012","2","40.491603","-80.061178","0730","11","0","0","0","0","0","1","1","0","1","0","0","0","","1","0","","1","","40 29:29.771","2","0","80 03:40.240","0","0","0","0","2404","0","0","0","N","0","0","0","2","02404","0","","1.0","","1","N","N","","0","","0","0","0","","2","N","","2","0","0","0","0","0","0","2","0","2","","","","N","","","","","","","","","",""
"2012096969","","1","0","0","0","0","0","0","0","0","2","0","","02","9","2012","1","40.290188","-79.884865","0230","11","0","0","0","0","0","1","0","0","","0","0","0","","3","0","","0","","40 17:24.676","","0","79 53:05.514","0","0","0","0","2302","0","0","0","N","0","0","0","1","02302","0","","6.0","","9","N","N","","0","","0","0","1","","0","","","2","0","0","0","0","0","0","2","0","2","","","","N","","","","","","","","","",""
"2012099156","","2","0","0","0","0","0","0","0","0","4","0","","02","10","2012","5","40.423011","-79.957261","2023","11","1","0","0","0","0","0","0","0","","0","0","0","","6","0","","0","","40 25:22.840","","7","79 57:26.140","0","0","0","0","2301","0","0","0","N","0","0","0","3","02301","0","","1.0","","1","N","N","","0","","0","0","0","","3","","","2","0","0","0","0","0","0","2","0","2","","","","N","","","","","","","","","",""
"2012096210","","0","0","0","0","0","0","1","0","0","8","1","","02","9","2012","5","40.452508","-79.94994","1611","11","0","0","0","0","0","1","0","0","","0","0","0","","1","1","","1","","40 27:09.028","","2","79 56:59.784","4","0","0","0","2301","1","0","0","N","1","0","0","2","02503","1","","1.0","","9","N","N","","0","","0","0","0","","1","","","2","1","0","0","0","0","0","2","0","1","","","","N","","","","","","","","","",""
"2012099929","","0","0","0","0","0","0","0","0","0","1","1","","02","10","2012","6","40.438914","-79.757871","1248","11","0","0","0","0","0","0","1","0","","0","1","0","","1","1","","3","","40 26:20.090","","2","79 45:28.337","4","0","0","0","2446","0","0","0","N","0","0","0","2","68T09","1","","1.0","","1","N","N","","0","","0","0","1","","4","","","2","1","0","0","0","0","0","2","0","2","","","","N","","","","","","","","","",""
"2012096211","","1","0","0","0","0","0","0","0","0","4","0","","02","9","2012","4","40.548721","-79.838129","1645","11","0","0","0","0","0","1","1","0","","0","0","0","","1","0","","2","","40 32:55.396","","0","79 50:17.265","0","0","0","0","2208","0","0","0","N","0","0","0","2","02208","0","","1.0","","1","N","N","","0","","0","0","0","","3","","","2","0","0","0","0","0","0","2","1","2","","","","N","","","","","","","","","",""
"2012097928","","1","0","0","0","0","0","0","0","0","7","0","","02","10","2012","4","40.444447","-80.028901","0237","11","0","0","0","0","0","0","0","0","","0","0","0","","3","1","","2","","40 26:40.010","","0","80 01:44.045","4","0","0","0","2301","0","0","0","N","0","0","0","1","02301","1","","7.0","","1","N","N","","0","","0","0","0","","2","","","1","1","0","0","0","0","0","2","0","1","","","","N","","","","","","","","","",""
"2012096212","","2","0","0","0","0","0","0","0","0","2","0","","02","9","2012","5","40.452681","-79.91037","1752","11","0","0","0","0","0","1","0","0","","0","0","0","","1","1","","1","","40 27:09.653","","0","79 54:37.332","4","0","0","0","2301","0","0","0","N","0","0","0","3","02301","1","","1.0","","9","N","N","","0","","0","0","0","","2","","","2","1","0","0","0","0","0","2","0","2","","","","N","","","","","","","","","",""