"CRN","ARRIVAL_TM","AUTOMOBILE_COUNT","BELTED_DEATH_COUNT","BELTED_SUSP_SERIOUS_INJ_COUNT","BICYCLE_COUNT","BICYCLE_DEATH_COUNT","BICYCLE_SUSP_SERIOUS_INJ_COUNT","BUS_COUNT","CHLDPAS_DEATH_COUNT","CHLDPAS_SUSP_SERIOUS_INJ_COUNT","COLLISION_TYPE","COMM_VEH_COUNT","CONS_ZONE_SPD_LIM","COUNTY","CRASH_MONTH","CRASH_YEAR","DAY_OF_WEEK","DEC_LATITUDE","DEC_LONGITUDE","DISPATCH_TM","DISTRICT","DRIVER_COUNT_16YR","DRIVER_COUNT_17YR","DRIVER_COUNT_18YR","DRIVER_COUNT_19YR","DRIVER_COUNT_20YR","DRIVER_COUNT_50_64YR","DRIVER_COUNT_65_74YR","DRIVER_COUNT_75PLUS","EST_HRS_CLOSED","FATAL_COUNT","HEAVY_TRUCK_COUNT","HORSE_BUGGY_COUNT","HOUR_OF_DAY","ILLUMINATION","INJURY_COUNT","INTERSECTION_RELATED","INTERSECT_TYPE","LANE_CLOSED","LATITUDE","LN_CLOSE_DIR","LOCATION_TYPE","LONGITUDE","MAX_SEVERITY_LEVEL","MCYCLE_DEATH_COUNT","MCYCLE_SUSP_SERIOUS_INJ_COUNT","MOTORCYCLE_COUNT","MUNICIPALITY","NONMOTR_COUNT","NONMOTR_DEATH_COUNT","NONMOTR_SUSP_SERIOUS_INJ_COUNT","NTFY_HIWY_MAINT","PED_COUNT","PED_DEATH_COUNT","PED_SUSP_SERIOUS_INJ_COUNT","PERSON_COUNT","POLICE_AGCY","POSSIBLE_INJ_COUNT","RDWY_SURF_TYPE_CD","RELATION_TO_ROAD","ROADWAY_CLEARED","ROAD_CONDITION","SCH_BUS_IND","SCH_ZONE_IND","SECONDARY_CRASH","SMALL_TRUCK_COUNT","SPEC_JURIS_CD","SUSP_MINOR_INJ_COUNT","SUSP_SERIOUS_INJ_COUNT","SUV_COUNT","TCD_FUNC_CD","TCD_TYPE","TFC_DETOUR_IND","TIME_OF_DAY","TOTAL_UNITS","TOT_INJ_COUNT","UNBELTED_OCC_COUNT","UNB_DEATH_COUNT","UNB_SUSP_SERIOUS_INJ_COUNT","UNK_INJ_DEG_COUNT","UNK_INJ_PER_COUNT","URBAN_RURAL","VAN_COUNT","VEHICLE_COUNT","WEATHER1","WEATHER2","WORKERS_PRES","WORK_ZONE_IND","WORK_ZONE_LOC","WORK_ZONE_TYPE","WZ_CLOSE_DETOUR","WZ_FLAGGER","WZ_LAW_OFFCR_IND","WZ_LN_CLOSURE","WZ_MOVING","WZ_OTHER","WZ_SHLDER_MDN","WZ_WORKERS_INJ_KILLED"
"2012097177","","1","0","0","0","0","0","0","0","0","8","0","","02","10","2012","2","40.437609","-79.99648","1052","11","0","0","0","0","0","0","0","1","1","0","0","0","","1","1","","1","","40 26:15.392","1","0","79 59:47.328","3","0","0","0","2301","1","0","0","N","1","0","0","3","02301","0","","1.0","","1","N","N","","0","","1","0","0","","2","Y","","2","1","2","0","0","0","0","2","0","1","","","","N","","","","","","","","","",""
"2012099864","","2","0","0","0","0","0","0","0","0","1","0","","02","10","2012","1","40.396218","-79.998194","1610","11","0","0","0","0","0","0","0","0","","0","0","0","","1","0","","1","","40 23:46.384","","0","79 59:53.499","0","0","0","0","2301","0","0","0","N","0","0","0","5","02301","0","","1.0","","9","N","N","","0","","0","0","0","","2","","","2","0","0","0","0","0","0","2","0","2","","","","N","","","","","","","","","",""
"2012099159","","1","0","0","0","0","0","0","0","0","99","0","","02","10","2012","4","40.645261","-80.070637","2343","11","0","0","1","0","0","0","0","0","2","0","0","0","","2","0","","0","","40 38:42.941","2","0","80 04:14.293","0","0","0","0","2212","0","0","0","N","0","0","0","2","02505","0","","1.0","","1","N","N","","0","","0","0","0","","0","N","","1","0","0","0","0","0","0","2","0","1","","","","N","","","","","","","","","",""
"2012099931","","2","0","0","0","0","0","0","0","0","2","0","","02","10","2012","1","40.474604","-80.005178","1740","11","0","0","0","0","0","1","0","0","1","0","0","0","","1","1","","1","","40 28:28.574","2","0","80 00:18.642","8","0","0","0","2301","0","0","0","N","0","0","0","2","02301","0","","1.0","","9","N","N","","0","","0","0","0","","2","N","","2","1","0","0","0","1","0","2","0","2","","","","N","","","","","","","","","",""
"2012097036","","1","0","0","0","0","0","0","0","0","7","0","","02","9","2012","1","40.358509","-79.902323","0356","11","0","0","0","0","0","0","0","0","","0","0","0","","3","0","","0","","40 21:30.631","","0","79 54:08.362","0","0","0","0","2473","0","0","0","N","0","0","0","1","02473","0","","5.0","","9","N","N","","0","","0","0","0","","0","","","1","0","0","0","0","0","0","2","0","1","","","","N","","","","","","","","","",""
"2012101442","","2","0","0","0","0","0","0","0","0","1","0","","02","10","2012","4","40.344174","-79.883736","1600","11","0","0","0","0","0","1","1","0","","0","0","0","","1","1","","1","","40 20:39.026","","0","79 53:01.449","4","0","0","0","2433","0","0","0","N","0","0","0","2","02433","1","","1.0","","1","N","N","","0","","0","0","0","","2","","","2","1","1","0","0","0","0","2","0","2","","","","N","","","","","","","","","",""
"2012099932","","0","0","0","0","0","0","0","0","0","99","0","","02","10","2012","5","40.395531","-79.888018","1743","11","0","0","0","0","0","0","0","0","","0","0","0","","1","0","","2","","40 23:43.911","","0","79 53:16.864","0","0","0","0","2473","0","0","0","N","0","0","0","1","02473","0","","1.0","","1","N","N","","1","","0","0","1","","3","","","2","0","1","0","0","0","0","2","0","2","","","","N","","","","","","","","","",""
"2012096279","","1","0","0","0","0","0","0","0","0","4","0","","02","9","2012","5","40.397498","-80.044052","1716","11","0","0","0","0","0","0","0","1","1","0","0","0","","1","0","","0","","40 23:50.992","4","0","80 02:38.587","0","0","0","0","2422","0","0","0","N","0","0","0","4","02422","0","","1.0","","9","N","N","","0","","0","0","1","","0","N","","2","0","0","0","0","0","0","2","0","2","","","","N","","","","","","","","","",""
"2012096343","","1","0","0","0","0","0","0","0","0","7","0","","02","9","2012","6","40.522549","-80.174736","0810","11","0","0","0","1","0","0","0","0","","0","0","0","","1","0","","10","","40 31:21.175","","0","80 10:29.050","0","0","0","0","2420","0","0","0","N","0","0","0","1","02420","0","","5.0","","1","N","N","","0","","0","0","0","","0","","","1","0","0","0","0","0","0","2","0","1","","","","N","","","","","","","","","",""
"2012096975","","2","0","0","0","0","0","0","0","0","1","0","","02","9","2012","7","40.397095","-79.809711","2129","11","0","0","0","0","0","1","0","0","2","0","0","0","","2","2","","0","","40 23:49.541","3","0","79 48:34.958","8","0","0","0","2111","0","0","0","N","0","0","0","3","02111","0","","1.0","","1","N","N","","0","","0","0","0","","0","Y","","3","2","0","0","0","2","0","2","1","3","","","","N","","","","","","","","","",""
"2012098551","","1","0","0","0","0","0","0","0","0","1","0","","02","10","2012","3","40.458876","-80.17216","1357","11","0","0","0","0","0","0","0","0","","0","0","0","","1","3","","1","","40 27:31.955","","0","80 10:19.776","4","0","0","0","2213","0","0","0","N","0","0","0","5","02213","1","","1.0","","9","N","N","","0","","0","0","0","","2","","","2","3","1","0","0","2","0","2","1","2","","","","N","","","","","","","","","",""
"2012097932","","1","0","0","0","0","0","0","0","0","7","0","","02","10","2012","4","40.410092","-80.015896","0230","11","0","0","0","0","0","0","0","0","1","0","0","0","","3","0","","0","","40 24:36.332","2","0","80 00:57.224","0","0","0","0","2301","0","0","0","N","0","0","0","0","02301","0","","4.0","","1","N","N","","0","","0","0","0","","0","N","","1","0","0","0","0","0","0","2","0","1","","","","N","","","","","","","","","",""
"2012096429","","2","0","0","0","0","0","0","0","0","4","0","","02","9","2012","6","40.458795","-79.908588","1725","11","0","0","0","0","0","1","0","0","","0","0","0","","1","0","","0","","40 27:31.662","","7","79 54:30.916","0","0","0","0","2301","0","0","0","N","0","0","0","2","02301","0","","1.0","","1","N","N","","0","","0","0","0","","0","","","2","0","0","0","0","0","0","2","0","2","","","","N","","","","","","","","","",""
"2012097180","","1","0","0","0","0","0","0","0","0","5","1","","02","10","2012","2","40.438761","-79.997342","1125","11","0","0","0","0","0","2","0","0","","0","1","0","","1","0","","1","","40 26:19.539","","0","79 59:50.431","0","0","0","0","2301","0","0","0","N","0","0","0","2","02301","0","","1.0","","1","N","N","","0","","0","0","0","","2","","","2","0","0","0","0","0","0","2","0","2","","","","N","","","","","","","","","",""
"2012099935","","1","0","0","0","0","0","0","0","0","1","0","","02","9","2012","4","40.388702","-79.773718","1725","11","0","0","0","0","0","2","0","0","","0","0","0","","1","3","","0","","40 23:19.327","","0","79 46:25.385","4","0","0","0","2111","0","0","0","N","0","0","0","3","02111","3","","1.0","","1","N","N","","0","","0","0","2","","0","","","3","3","0","0","0","0","0","2","0","3","","","","N","","","","","","","","","",""
"2012099227","","1","0","0","0","0","0","0","0","0","4","0","","02","10","2012","5","40.310553","-79.826666","1435","11","0","0","0","0","0","1","1","0","","0","0","0","","1","1","","5","","40 18:37.992","","0","79 49:35.996","8","0","0","0","2105","0","0","0","N","0","0","0","3","02105","0","","1.0","","1","N","N","","1","","0","0","0","","2","","","2","1","0","0","0","1","0","2","0","2","","","","N","","","","","","","","","",""
"2012096976","","1","0","0","0","0","0","0","0","0","4","0","","02","9","2012","2","40.372988","-79.792768","1625","11","0","0","0","0","0","0","0","0","2","0","0","0","","1","0","","2","","40 22:22.756","4","0","79 47:33.966","0","0","0","0","2111","0","0","0","N","0","0","0","3","02111","0","","1.0","","1","N","N","","0","","0","0","0","","3","N","","2","0","1","0","0","0","0","2","1","2","","","","N","","","","","","","","","",""
"2012097039","","2","0","0","0","0","0","0","0","0","2","0","","02","9","2012","1","40.46713","-79.9058","0637","11","0","0","0","0","0","0","0","0","1","0","0","0","","5","0","","0","","40 28:01.668","1","0","79 54:20.880","0","0","0","0","2301","0","0","0","N","0","0","0","1","02301","0","","6.0","","1","N","N","","0","","0","0","0","","0","N","","2","0","0","0","0","0","0","2","0","2","","","","N","","","","","","","","","",""
"2012099164","","1","0","0","0","0","0","0","0","0","2","0","","02","10","2012","5","40.4106","-79.728747","1955","11","0","0","0","0","0","0","1","0","4","1","0","0","","3","5","","0","","40 24:38.160","5","0","79 43:43.490","1","0","0","0","2446","0","0","0","N","0","0","0","6","02446","1","2","1.0","","1","N","N","","0","0","0","1","1","","0","Y","","2","5","2","1","1","3","0","2","0","2","","","","N","","","","","","","","","",""
"2012099936","","0","0","0","0","0","0","0","0","0","7","0","","02","9","2012","3","40.493751","-80.03792","1957","11","0","0","0","0","0","1","0","0","1","0","0","0","","2","0","","10","","40 29:37.503","1","0","80 02:16.512","0","0","0","0","2116","0","0","0","N","0","0","0","1","02116","0","","5.0","","1","N","N","","0","","0","0","0","","8","N","","1","0","0","0","0","0","0","2","1","1","","","","N","","","","","","","","","",""
"2012099228","","1","0","0","0","0","0","0","0","0","1","0","","02","10","2012","6","40.384878","-79.913288","0708","11","0","0","1","0","0","0","0","0","2","0","0","0","","5","0","","2","","40 23:05.560","1","0","79 54:47.836","0","0","0","0","2448","0","0","0","N","0","0","0","4","02448","0","","1.0","","1","N","N","","0","","0","0","1","","0","Y","","2","0","0","0","0","0","0","2","0","2","","","","N","","","","","","","","","",""
"2012097040","","1","0","0","0","0","0","0","0","0","7","0","","02","9","2012","7","40.460165","-80.001784","0400","11","0","0","0","0","0","0","0","0","2","0","0","0","","3","1","","0","","40 27:36.595","5","0","80 00:06.421","4","0","0","0","2301","0","0","0","N","0","0","0","1","02301","1","","5.0","","1","N","N","","0","","0","0","0","","0","Y","","1","1","0","0","0","0","0","2","0","1","","","","N","","","","","","","","","",""
"2012097851","","0","0","0","0","0","0","0","0","0","99","0","","02","10","2012","2","40.604434","-79.937621","1216","11","0","0","0","0","0","0","0","1","","0","0","0","","1","0","","0","","40 36:15.963","","0","79 56:15.435","0","0","0","0","2207","0","0","0","N","0","0","0","2","68T02","0","","1.0","","1","N","N","","0","","0","0","1","","0","","","1","0","0","0","0","0","0","2","0","1","","","","N","","","","","","","","","",""
"2012097865","","1","0","0","0","0","0","0","0","0","8","0","","02","9","2012","5","40.457404","-79.896284","2145","11","0","0","0","0","0","0","0","0","1","0","0","0","","3","1","","1","","40 27:26.654","1","0","79 53:46.622","3","0","0","0","2301","1","0","0","N","1","0","0","2","02301","0","","1.0","","9","N","N","","0","","1","0","0","","2","N","","2","1","0","0","0","0","1","2","0","1","","","","N","","","","","","","","","",""
"2012097182","","0","0","0","1","0","0","0","0","0","4","0","","02","10","2012","2","40.437066","-79.970663","1125","11","0","0","0","0","0","0","0","0","","0","0","0","","1","1","","0","","40 26:13.437","","0","79 58:14.386","3","0","0","0","2301","1","0","0","N","0","0","0","2","02301","0","","5.0","","1","N","N","","0","","1","0","0","","0","","","2","1","0","0","0","0","0","2","1","1","","","","N","","","","","","","","","",""
"2012096432","","1","0","0","0","0","0","0","0","0","8","0","","02","9","2012","6","40.411658","-79.942818","1759","11","0","0","0","0","0","0","0","0","","0","0","0","","1","1","","2","","40 24:41.968","","0","79 56:34.144","4","0","0","0","2301","1","0","0","N","1","0","0","3","02301","1","","1.0","","1","N","N","","0","","0","0","0","","3","","","2","1","0","0","0","0","0","2","0","1","","","","N","","","","","","","","","",""
"2012097867","","1","0","0","0","0","0","0","0","0","1","0","","02","9","2012","5","40.614391","-79.941324","2149","11","0","0","0","0","0","0","0","0","","0","0","0","","2","1","","0","","40 36:51.807","","0","79 56:28.767","8","0","0","0","2207","0","0","0","N","0","0","0","2","02207","0","","1.0","","1","N","N","","0","","0","0","1","","0","","","2","1","0","0","0","1","0","2","0","2","","","","N","","","","","","","","","",""
"2012096433","","2","0","0","0","0","0","0","0","0","1","0","","02","9","2012","5","40.57323","-80.037011","1426","11","0","0","0","0","1","0","1","0","","0","0","0","","1","0","","1","","40 34:23.627","","0","80 02:13.238","0","0","0","0","2108","0","0","0","N","0","0","0","3","02108","0","","1.0","","9","N","N","","0","","0","0","0","","2","","","2","0","0","0","0","0","0","2","0","2","","","","N","","","","","","","","","",""
"2012097184","","1","0","0","0","0","0","0","0","0","5","0","","02","10","2012","2","40.428511","-79.982106","1115","11","0","0","0","0","0","0","0","0","","0","0","0","","1","0","","0","","40 25:42.639","","0","79 58:55.581","0","0","0","0","2301","0","0","0","N","0","0","0","1","02301","0","","1.0","","1","N","N","","0","","0","0","0","","0","","","2","0","0","0","0","0","0","2","0","2","","","","N","","","","","","","","","",""
"2012099167","","0","0","0","0","0","0","0","0","0","8","0","","02","10","2012","3","40.415765","-79.987257","2154","11","0","0","0","0","0","0","0","0","1","0","0","0","","3","1","","0","","40 24:56.754","5","0","79 59:14.124","4","0","0","0","2447","1","0","0","N","1","0","0","2","02447","1","","1.0","","1","N","N","","0","","0","0","1","","0","Y","","2","1","1","0","0","0","0","2","0","1","","","","N","","","","","","","","","",""
"2012099939","","1","0","0","0","0","0","0","0","0","8","0","","02","10","2012","1","40.461142","-79.94808","1908","11","0","0","0","0","0","0","0","0","1","0","0","0","","3","1","","1","","40 27:40.111","3","0","79 56:53.088","8","0","0","0","2301","1","0","0","N","1","0","0","2","02301","0","","1.0","","9","N","N","","0","","0","0","0","","2","Y","","2","1","0","0","0","1","0","2","0","1","","","","N","","","","","","","","","",""
"2012096221","","2","0","0","0","0","0","0","0","0","4","0","","02","9","2012","5","40.454952","-79.994507","1911","11","0","0","0","0","0","0","0","0","","0","0","0","","4","0","","1","","40 27:17.828","","0","79 59:40.225","0","0","0","0","2301","0","0","0","N","0","0","0","2","02301","0","","1.0","","9","N","N","","0","","0","0","0","","0","","","2","0","0","0","0","0","0","2","0","2","","","","N","","","","","","","","","",""
"2012096980","","2","0","0","0","0","0","0","0","0","1","0","","02","9","2012","5","40.441146","-79.713189","1542","11","0","0","0","1","0","0","0","0","2","0","0","0","","1","1","","0","","40 26:28.126","4","0","79 42:47.481","8","0","0","0","2446","0","0","0","N","0","0","0","2","02446","0","","1.0","","9","N","N","","0","","0","0","0","","0","N","","2","1","0","0","0","1","0","2","0","2","","","","N","","","","","","","","","",""
"2012099954","","0","0","0","0","0","0","0","0","0","5","0","","02","9","2012","5","40.380974","-79.814779","1736","11","0","0","0","0","1","0","0","0","2","0","0","0","","1","0","","0","","40 22:51.508","4","7","79 48:53.203","0","0","0","0","2111","0","0","0","N","0","0","0","4","02111","0","","1.0","","1","N","N","","1","","0","0","2","","0","N","","3","0","2","0","0","0","0","2","0","3","","","","N","","","","","","","","","",""
"2012096286","","0","0","0","0","0","0","0","0","0","7","0","","02","5","2012","2","40.426847","-80.030772","2237","11","0","0","0","0","0","0","0","0","","0","0","0","","3","0","","0","","40 25:36.648","","0","80 01:50.778","0","0","0","0","2301","0","0","0","N","0","0","0","1","68B03","0","","3.0","","1","N","N","","1","","0","0","0","","0","","","1","0","1","0","0","0","0","2","0","1","","","","N","","","","","","","","","",""
"2012097938","","1","0","0","0","0","0","0","0","0","4","0","","02","10","2012","4","40.460658","-79.922717","0459","11","0","0","0","0","0","1","0","0","","0","0","0","","3","0","","1","","40 27:38.370","","0","79 55:21.780","0","0","0","0","2301","0","0","0","N","0","0","0","2","02301","0","","1.0","","1","N","N","","0","","0","0","0","","1","","","2","0","0","0","0","0","0","2","1","2","","","","N","","","","","","","","","",""
"2012096287","","2","0","0","0","0","0","0","0","0","1","0","55","02","9","2012","4","40.428648","-79.934803","2157","11","0","0","0","0","1","1","0","0","1","0","0","0","","3","1","","0","","40 25:43.132","3","0","79 56:05.290","4","0","0","0","2301","0","0","0","N","0","0","0","3","68B03","1","","1.0","","1","N","N","","1","","0","0","0","","0","N","","3","1","1","0","0","0","0","2","0","3","","","Y","Y","2","1","N","N","N","Y","N","N","N",""
"2012097122","","1","0","0","0","0","0","0","0","0","7","0","","02","9","2012","5","40.319641","-80.008003","1511","11","0","0","0","0","0","0","0","1","","0","0","0","","1","0","","12","","40 19:10.707","","0","80 00:28.810","0","0","0","0","2219","0","0","0","N","0","0","0","1","02501","0","","2.0","","9","Y","N","","0","","0","0","0","","0","","","1","0","0","0","0","0","0","2","0","1","","","","N","","","","","","","","","",""
"2012098692","","1","0","0","0","0","0","0","0","0","1","0","","02","10","2012","4","40.444202","-80.028173","1731","11","0","0","0","0","0","0","0","0","3","0","0","0","","1","0","","1","","40 26:39.126","3","0","80 01:41.424","0","0","0","0","2301","0","0","0","N","0","0","0","5","02301","0","","1.0","","1","N","N","","1","","0","0","1","","2","N","","3","0","0","0","0","0","0","2","0","3","","","","N","","","","","","","","","",""
"2012098747","","1","0","0","0","0","0","0","0","0","7","0","","02","10","2012","4","40.493751","-80.03792","0216","11","0","0","0","0","0","0","0","0","","0","0","0","","2","0","","2","","40 29:37.503","","0","80 02:16.512","0","0","0","0","2116","0","0","0","N","0","0","0","1","02116","0","","5.0","","1","N","N","","0","","0","0","0","","3","","","1","0","0","0","0","0","0","2","0","1","","","","N","","","","","","","","","",""
"2012096574","","2","0","0","0","0","0","0","0","0","2","0","","02","9","2012","7","40.449819","-79.929656","0125","11","0","0","0","0","0","0","0","0","1","0","0","0","","3","0","","1","","40 26:59.348","3","0","79 55:46.761","0","0","0","0","2301","0","0","0","N","0","0","0","2","02301","0","","1.0","","1","N","N","","0","","0","0","0","","2","N","","2","0","0","0","0","0","0","2","0","2","","","","N","","","","","","","","","",""
"2012096588","","0","0","0","0","0","0","0","0","0","1","0","","02","9","2012","7","40.504467","-79.834108","0200","11","0","0","0","0","0","0","0","0","3","0","0","0","","3","0","","0","","40 30:16.080","7","7","79 50:02.790","9","0","0","0","2468","0","0","0","N","0","0","0","1","02468","0","","1.0","","1","N","N","","1","","0","0","1","","0","Y","","3","0","1","0","0","0","1","2","1","3","","","","N","","","","","","","","","",""
"2012096288","","0","0","0","0","0","0","0","0","0","7","0","","02","9","2012","5","40.44033","-80.187297","1705","11","0","0","0","0","0","0","1","0","2","0","0","0","","1","0","","0","","40 26:25.187","3","0","80 11:14.268","0","0","0","0","2214","0","0","0","N","0","0","0","1","68B03","0","","2.0","","9","N","N","","0","","0","0","0","","0","N","","1","0","0","0","0","0","0","1","1","1","","","","N","","","","","","","","","",""
"2012097059","","1","0","0","0","0","0","0","0","0","1","0","","02","7","2012","7","40.430701","-80.025875","0452","11","0","0","0","0","0","0","0","0","","0","0","0","","3","0","","7","","40 25:50.523","","2","80 01:33.150","9","0","0","0","2301","0","0","0","N","0","0","0","2","68B03","0","","2.0","","1","N","N","","0","","0","0","0","","0","","","2","0","0","0","0","0","1","2","1","2","","","","N","","","","","","","","","",""
"2012097188","","1","0","0","0","0","0","0","0","0","0","0","","02","9","2012","1","40.668064","-79.725404","0333","11","0","0","0","0","0","1","0","0","1","0","0","0","","2","0","","0","","40 40:05.030","7","0","79 43:31.456","0","0","0","0","2202","0","0","0","N","0","0","0","1","02202","0","","1.0","","1","N","N","","0","","0","0","0","","0","N","","1","0","0","0","0","0","0","1","0","1","","","","N","","","","","","","","","",""
"2012096225","","2","0","0","0","0","0","0","0","0","1","0","","02","9","2012","5","40.604977","-79.756319","0825","11","0","0","0","0","0","0","0","0","1","0","0","0","","3","4","","0","","40 36:17.917","4","0","79 45:22.750","4","0","0","0","2464","0","0","0","N","0","0","0","9","02464","4","","1.0","","9","N","N","","0","","0","0","1","","0","Y","","3","4","0","0","0","0","3","2","0","3","","","","N","","","","","","","","","",""
"2012097060","","1","0","0","0","0","0","0","0","0","7","0","","02","9","2012","1","40.355014","-80.116391","1942","11","0","0","0","0","0","0","0","0","1","0","0","0","","3","1","","0","","40 21:18.052","1","2","80 06:59.007","8","0","0","0","2119","0","0","0","N","0","0","0","1","68B03","0","","4.0","","1","N","N","","0","","0","0","0","","0","N","","1","1","1","0","0","1","0","2","0","1","","","","N","","","","","","","","","",""
"2012097124","","0","0","0","0","0","0","0","0","0","8","0","","02","9","2012","5","40.486678","-79.891521","1402","11","0","0","0","0","0","0","0","1","","0","0","0","","1","1","","0","","40 29:12.040","","0","79 53:29.476","4","0","0","0","2301","1","0","0","N","1","0","0","2","02301","1","","4.0","","1","N","N","","0","","0","0","0","","0","","","2","1","0","0","0","0","0","2","1","1","","","","N","","","","","","","","","",""
"2012098761","","1","0","0","0","0","0","0","0","0","7","0","","02","10","2012","5","40.48101","-79.939773","0223","11","0","0","0","0","0","0","0","0","","0","0","0","","3","0","","1","","40 28:51.636","","0","79 56:23.182","0","0","0","0","2301","0","0","0","N","0","0","0","1","02301","0","","5.0","","1","N","N","","0","","0","0","0","","0","","","1","0","0","0","0","0","0","2","0","1","","","","N","","","","","","","","","",""
"2012097191","","0","0","0","0","0","0","0","0","0","7","0","","02","10","2012","2","40.4295","-79.982689","1220","11","0","0","0","0","0","0","0","0","2","0","0","0","","1","1","","1","","40 25:46.200","2","0","79 58:57.680","3","0","0","0","2301","0","0","0","N","0","0","0","2","02301","0","","1.0","","1","N","N","","0","","1","0","0","","3","Y","","1","1","0","0","0","0","0","2","1","1","","","","N","","","","","","","","","",""
"2012098762","","0","0","0","0","0","0","0","0","0","7","0","","02","9","2012","7","40.384848","-79.878716","2335","11","0","0","0","0","0","0","0","0","1","0","0","0","","3","1","","1","","40 23:05.452","5","0","79 52:43.377","4","0","0","0","2473","0","0","0","N","0","0","0","1","02473","1","","5.0","","1","N","N","","1","","0","0","0","","0","N","","1","1","0","0","0","0","0","2","0","1","","","","N","","","","","","","","","",""
"2012101458","","3","0","0","0","0","0","0","0","0","5","0","","02","10","2012","3","40.458664","-79.938247","1235","11","0","0","0","0","0","0","0","0","","0","0","0","","1","0","","0","","40 27:31.190","","0","79 56:17.689","0","0","0","0","2301","0","0","0","N","0","0","0","1","02301","0","","1.0","","1","N","N","","0","","0","0","0","","0","","","3","0","0","0","0","0","0","2","0","3","","","","N","","","","","","","","","",""
"2012099173","","0","0","0","0","0","0","0","0","0","4","1","","02","10","2012","5","40.340909","-79.964878","0504","11","0","0","0","0","0","2","0","0","1","0","0","0","","3","0","","6","","40 20:27.274","1","2","79 57:53.560","0","0","0","0","2454","0","0","0","N","0","0","0","2","02454","0","","1.0","","1","N","N","","2","","0","0","0","","3","N","","2","0","0","0","0","0","0","2","0","2","","","","N","","","","","","","","","",""
"2012099959","","0","0","0","0","0","0","1","0","0","8","1","","02","10","2012","1","40.373219","-79.846985","1922","11","0","0","0","0","0","0","0","0","","0","0","0","","4","1","","1","","40 22:23.588","","0","79 50:49.146","8","0","0","0","2303","1","0","0","N","1","0","0","2","02303","0","","1.0","","1","N","N","","0","","0","0","0","","3","","","2","1","0","0","0","1","0","2","0","1","","","","N","","","","","","","","","",""
"2012097732","","2","0","0","0","0","0","0","0","0","2","0","","02","10","2012","3","40.597006","-80.113754","1017","11","0","0","0","0","1","0","0","0","1","0","0","0","","1","2","","0","","40 35:49.221","2","0","80 06:49.513","4","0","0","0","2481","0","0","0","N","0","0","0","2","02481","2","","1.0","","9","N","N","","0","","0","0","0","","8","N","","2","2","0","0","0","0","0","1","0","2","","","","N","","","","","","","","","",""
"2012099949","","0","0","0","0","0","0","0","0","0","7","0","","02","10","2012","1","40.229685","-79.855484","1541","11","0","0","0","0","0","0","0","0","3","0","0","0","","1","0","","0","","40 13:46.866","2","0","79 51:19.741","0","0","0","0","2204","0","0","0","N","0","0","0","1","02204","0","","5.0","","9","N","N","","0","","0","0","1","","0","N","","1","0","1","0","0","0","0","1","0","1","","","","N","","","","","","","","","",""
"2012101461","","2","0","0","0","0","0","0","0","0","4","0","","02","10","2012","5","40.449158","-79.901337","1316","11","0","0","0","0","0","1","0","0","","0","0","0","","1","0","","1","","40 26:56.970","","0","79 54:04.812","0","0","0","0","2301","0","0","0","N","0","0","0","2","02301","0","","1.0","","1","N","N","","0","","0","0","0","","2","","","2","0","0","0","0","0","0","2","0","2","","","","N","","","","","","","","","",""
"2012099178","","1","0","0","0","0","0","0","0","0","7","0","","02","10","2012","6","40.548721","-79.838129","0317","11","0","0","0","0","0","0","1","0","1","0","0","0","","3","0","","2","","40 32:55.396","5","0","79 50:17.265","0","0","0","0","2208","0","0","0","N","0","0","0","1","02208","0","","5.0","","1","N","N","","0","","0","0","0","","0","N","","1","0","1","0","0","0","0","2","0","1","","","","N","","","","","","","","","",""
"2012099964","","2","0","0","0","0","0","0","0","0","6","0","","02","9","2012","4","40.387643","-79.836692","2125","11","0","0","0","0","1","0","0","0","2","0","0","0","","3","0","","3","","40 23:15.514","5","0","79 50:12.091","0","0","0","0","2111","0","0","0","N","0","0","0","2","02111","0","","1.0","","1","N","N","","0","","0","0","0","","3","Y","","2","0","0","0","0","0","0","2","0","2","","","","N","","","","","","","","","",""
"2012096990","","1","0","0","0","0","0","0","0","0","4","0","","02","9","2012","1","40.454076","-79.996814","2004","11","0","0","0","0","0","0","0","0","2","0","0","0","","3","1","","1","","40 27:14.672","3","0","79 59:48.532","4","0","0","0","2301","0","0","0","N","0","0","0","3","02301","1","","1.0","","1","N","N","","0","","0","0","1","","2","N","","2","1","0","0","0","0","0","2","0","2","","","","N","","","","","","","","","",""
"2012096377","","2","0","0","0","0","0","0","0","0","5","0","","02","9","2012","6","40.338068","-79.835859","0704","11","0","0","0","0","0","0","0","0","","0","0","0","","1","0","","0","","40 20:17.044","","0","79 50:09.092","9","0","0","0","2304","0","0","0","N","0","0","0","1","02304","0","","4.0","","1","N","N","","0","","0","0","0","","0","","","2","0","0","0","0","0","1","2","0","2","","","","N","","","","","","","","","",""
"2012099965","","1","0","0","0","0","0","0","0","0","7","0","","02","10","2012","1","40.467888","-80.074161","1923","11","0","0","0","0","0","0","0","0","2","0","0","0","","3","0","","2","","40 28:04.396","6","0","80 04:26.979","0","0","0","0","2444","0","0","0","N","0","0","0","3","02444","0","","5.0","","9","N","N","","0","","0","0","0","","3","Y","","1","0","0","0","0","0","0","2","0","1","","","","N","","","","","","","","","",""