"CRN","ARRIVAL_TM","AUTOMOBILE_COUNT","BELTED_DEATH_COUNT","BELTED_SUSP_SERIOUS_INJ_COUNT","BICYCLE_COUNT","BICYCLE_DEATH_COUNT","BICYCLE_SUSP_SERIOUS_INJ_COUNT","BUS_COUNT","CHLDPAS_DEATH_COUNT","CHLDPAS_SUSP_SERIOUS_INJ_COUNT","COLLISION_TYPE","COMM_VEH_COUNT","CONS_ZONE_SPD_LIM","COUNTY","CRASH_MONTH","CRASH_YEAR","DAY_OF_WEEK","DEC_LATITUDE","DEC_LONGITUDE","DISPATCH_TM","DISTRICT","DRIVER_COUNT_16YR","DRIVER_COUNT_17YR","DRIVER_COUNT_18YR","DRIVER_COUNT_19YR","DRIVER_COUNT_20YR","DRIVER_COUNT_50_64YR","DRIVER_COUNT_65_74YR","DRIVER_COUNT_75PLUS","EST_HRS_CLOSED","FATAL_COUNT","HEAVY_TRUCK_COUNT","HORSE_BUGGY_COUNT","HOUR_OF_DAY","ILLUMINATION","INJURY_COUNT","INTERSECTION_RELATED","INTERSECT_TYPE","LANE_CLOSED","LATITUDE","LN_CLOSE_DIR","LOCATION_TYPE","LONGITUDE","MAX_SEVERITY_LEVEL","MCYCLE_DEATH_COUNT","MCYCLE_SUSP_SERIOUS_INJ_COUNT","MOTORCYCLE_COUNT","MUNICIPALITY","NONMOTR_COUNT","NONMOTR_DEATH_COUNT","NONMOTR_SUSP_SERIOUS_INJ_COUNT","NTFY_HIWY_MAINT","PED_COUNT","PED_DEATH_COUNT","PED_SUSP_SERIOUS_INJ_COUNT","PERSON_COUNT","POLICE_AGCY","POSSIBLE_INJ_COUNT","RDWY_SURF_TYPE_CD","RELATION_TO_ROAD","ROADWAY_CLEARED","ROAD_CONDITION","SCH_BUS_IND","SCH_ZONE_IND","SECONDARY_CRASH","SMALL_TRUCK_COUNT","SPEC_JURIS_CD","SUSP_MINOR_INJ_COUNT","SUSP_SERIOUS_INJ_COUNT","SUV_COUNT","TCD_FUNC_CD","TCD_TYPE","TFC_DETOUR_IND","TIME_OF_DAY","TOTAL_UNITS","TOT_INJ_COUNT","UNBELTED_OCC_COUNT","UNB_DEATH_COUNT","UNB_SUSP_SERIOUS_INJ_COUNT","UNK_INJ_DEG_COUNT","UNK_INJ_PER_COUNT","URBAN_RURAL","VAN_COUNT","VEHICLE_COUNT","WEATHER1","WEATHER2","WORKERS_PRES","WORK_ZONE_IND","WORK_ZONE_LOC","WORK_ZONE_TYPE","WZ_CLOSE_DETOUR","WZ_FLAGGER","WZ_LAW_OFFCR_IND","WZ_LN_CLOSURE","WZ_MOVING","WZ_OTHER","WZ_SHLDER_MDN","WZ_WORKERS_INJ_KILLED"
"2012097130","","2","0","0","0","0","0","0","0","0","4","0","","02","10","2012","2","40.452571","-79.926607","0844","11","0","0","0","0","0","0","0","0","1","0","0","0","","1","0","","1","","40 27:09.255","6","0","79 55:35.785","0","0","0","0","2301","0","0","0","N","0","0","0","2","02301","0","","1.0","","1","N","N","","0","","0","0","0","","3","N","","2","0","0","0","0","0","0","2","0","2","","","","N","","","","","","","","","",""
"2012097949","","2","0","0","0","0","0","0","0","0","1","0","","02","8","2012","3","40.425648","-79.91087","1116","11","0","0","0","0","0","0","0","1","","0","0","0","","1","3","","0","","40 25:32.332","","4","79 54:39.132","4","0","0","0","2301","0","0","0","N","0","0","0","5","68B03","3","","1.0","","1","N","N","","0","","0","0","1","","0","","","3","3","0","0","0","0","0","2","0","3","","","","N","","","","","","","","","",""
"2012101463","","2","0","0","0","0","0","0","0","0","4","0","","02","10","2012","4","40.542347","-80.012081","1327","11","0","0","0","0","0","0","0","0","","0","0","0","","1","0","","0","","40 32:32.450","","0","80 00:43.490","0","0","0","0","2116","0","0","0","N","0","0","0","2","02116","0","","1.0","","9","N","N","","0","","0","0","0","","0","","","2","0","0","0","0","0","0","2","0","2","","","","N","","","","","","","","","",""
"2012097739","","2","0","0","0","0","0","0","0","0","2","0","","02","10","2012","3","40.460221","-79.842652","1813","11","0","0","0","0","0","0","0","0","","0","0","0","","1","1","","5","","40 27:36.794","","0","79 50:33.548","4","0","0","0","2113","0","0","0","N","0","0","0","3","02113","1","","1.0","","1","N","N","","0","","0","0","0","","2","","","2","1","0","0","0","0","0","2","0","2","","","","N","","","","","","","","","",""
"2012096233","","2","0","0","0","0","0","0","0","0","1","0","","02","9","2012","5","40.650586","-80.04082","1525","11","0","1","0","0","0","0","0","0","","0","0","0","","1","1","","0","","40 39:02.110","","0","80 02:26.952","4","0","0","0","2216","0","0","0","N","0","0","0","3","02505","1","","1.0","","9","N","N","","0","","0","0","0","","3","","","2","1","0","0","0","0","0","2","0","2","","","","N","","","","","","","","","",""
"2012096992","","2","0","0","0","0","0","0","0","0","5","0","","02","9","2012","1","40.444202","-80.028173","2027","11","0","0","0","0","0","1","0","0","1","0","0","0","","3","1","","1","","40 26:39.126","4","3","80 01:41.424","4","0","0","0","2301","0","0","0","N","0","0","0","4","02301","1","","1.0","","1","N","N","","0","","0","0","0","","2","Y","","2","1","1","0","0","0","0","2","0","2","","","","N","","","","","","","","","",""
"2012097950","","1","0","0","0","0","0","0","0","0","1","0","","02","9","2012","1","40.441137","-80.185651","0940","11","0","0","0","0","0","1","0","0","1","0","0","0","","1","3","","0","","40 26:28.093","4","0","80 11:08.342","4","0","0","0","2214","0","0","0","N","0","0","0","3","68B03","3","","1.0","","1","N","N","","1","","0","0","0","","0","N","","2","3","1","0","0","0","0","2","0","2","","","","N","","","","","","","","","",""
"2012097005","","0","0","0","0","0","0","0","0","0","4","0","","02","9","2012","5","40.366914","-79.828776","1819","11","0","0","0","0","0","0","0","0","2","0","0","0","","1","1","","2","","40 22:00.890","1","0","79 49:43.593","4","0","0","1","2111","0","0","0","N","0","0","0","3","02111","1","","1.0","","1","N","N","","0","","0","0","0","","3","N","","2","1","0","0","0","0","0","2","1","2","","","","N","","","","","","","","","",""
"2012097132","","1","0","0","0","0","0","0","0","0","7","0","","02","10","2012","2","40.496014","-80.007929","0840","11","0","0","0","0","0","0","0","0","1","0","0","0","","1","0","","1","","40 29:45.651","3","0","80 00:28.545","0","0","0","0","2301","0","0","0","N","0","0","0","1","02301","0","","3.0","","1","N","N","","0","","0","0","0","","3","N","","1","0","0","0","0","0","0","2","0","1","","","","N","","","","","","","","","",""
"2012097148","","0","0","0","0","0","0","0","0","0","8","0","","02","9","2012","4","40.477149","-80.066197","2025","11","0","0","0","0","0","0","0","0","1","0","0","0","","3","1","","2","","40 28:37.737","7","0","80 03:58.310","8","0","0","0","2122","1","0","0","N","1","0","0","2","02122","0","","1.0","","1","N","N","","0","","0","0","1","","1","N","","2","1","0","0","0","1","0","2","0","1","","","","N","","","","","","","","","",""
"2012096994","","0","0","0","0","0","0","0","0","0","8","0","","02","9","2012","2","40.370202","-79.829095","1450","11","0","0","0","0","0","0","1","0","2","0","0","0","","1","1","","2","","40 22:12.727","5","0","79 49:44.742","3","0","0","0","2111","1","0","0","N","1","0","0","3","02111","0","","1.0","","1","N","N","","0","","1","0","1","","0","Y","","2","1","0","0","0","0","0","2","0","1","","","","N","","","","","","","","","",""
"2012097006","","1","0","0","0","0","0","0","0","0","2","0","","02","9","2012","5","40.631598","-79.960576","1657","11","0","1","0","0","0","0","0","0","2","0","0","0","","1","1","","0","","40 37:53.751","7","0","79 57:38.074","2","0","0","0","2217","0","0","0","N","0","0","0","2","02505","0","","1.0","","9","N","N","","0","","0","1","1","","0","N","","2","1","0","0","0","0","0","2","0","2","","","","N","","","","","","","","","",""
"2012099969","","1","0","0","0","0","0","0","0","0","1","0","","02","10","2012","1","40.411014","-80.005933","1915","11","0","0","0","0","0","0","0","1","2","0","0","0","","3","1","","1","","40 24:39.651","2","0","80 00:21.360","3","0","0","0","2301","0","0","0","N","0","0","0","2","02301","0","","1.0","","9","N","N","","0","","1","0","1","","4","N","","2","1","0","0","0","0","1","2","0","2","","","","N","","","","","","","","","",""
"2012097742","","1","0","0","0","0","0","0","0","0","7","0","","02","10","2012","3","40.46094","-79.869055","1543","11","0","0","0","0","0","1","0","0","","0","0","0","","1","1","","0","","40 27:39.383","","0","79 52:08.598","8","0","0","0","2113","0","0","0","N","0","0","0","1","02113","0","","5.0","","1","N","N","","0","","0","0","0","","0","","","1","1","1","0","0","1","0","2","0","1","","","","N","","","","","","","","","",""
"2012096384","","0","0","0","0","0","0","0","0","0","1","0","","02","9","2012","6","40.3544","-79.978909","1205","11","0","0","0","0","0","1","0","0","","0","0","0","","1","0","","0","","40 21:15.839","","0","79 58:44.072","0","0","0","0","2476","0","0","0","N","0","0","0","2","02476","0","","1.0","","1","N","N","","2","","0","0","0","","0","","","2","0","0","0","0","0","0","2","0","2","","","","N","","","","","","","","","",""
"2012101469","","1","0","0","0","0","0","0","0","0","7","0","","02","10","2012","2","40.428698","-79.988591","2219","11","0","0","0","0","0","0","0","0","","0","0","0","","3","0","","1","","40 25:43.313","","0","79 59:18.929","0","0","0","0","2301","0","0","0","N","0","0","0","1","02301","0","","5.0","","1","N","N","","0","","0","0","0","","2","","","1","0","0","0","0","0","0","2","0","1","","","","N","","","","","","","","","",""
"2012097138","","0","0","0","0","0","0","0","0","0","1","0","","02","10","2012","2","40.550652","-80.099131","0840","11","0","0","0","0","0","0","0","0","1","0","0","0","","1","1","","0","","40 33:02.347","4","0","80 05:56.872","4","0","0","0","2215","0","0","0","N","0","0","0","2","02215","1","","1.0","","1","N","N","","1","","0","0","1","","0","N","","2","1","0","0","0","0","0","2","0","2","","","","N","","","","","","","","","",""
"2012096252","","0","0","0","0","0","0","0","0","0","7","0","","02","9","2012","5","40.390069","-79.972981","0246","11","0","0","0","0","0","0","0","0","","0","0","0","","3","0","","0","","40 23:24.248","","0","79 58:22.731","0","0","0","0","2403","0","0","0","N","0","0","0","1","02403","0","","5.0","","1","N","N","","0","","0","0","1","","0","","","1","0","0","0","0","0","0","2","0","1","","","","N","","","","","","","","","",""
"2012099973","","1","0","0","0","0","0","0","0","0","7","0","","02","10","2012","1","40.478739","-79.932869","0137","11","0","0","0","0","0","0","0","0","4","0","0","0","","3","0","","0","","40 28:43.460","6","0","79 55:58.328","0","0","0","0","2301","0","0","0","N","0","0","0","1","02301","0","","5.0","","1","N","N","","0","","0","0","0","","0","Y","","1","0","0","0","0","0","0","2","0","1","","","","N","","","","","","","","","",""
"2012097890","","1","0","0","0","0","0","0","0","0","1","0","","02","10","2012","3","40.450708","-79.905788","2112","11","0","0","0","0","0","1","0","0","2","0","0","0","","3","0","","2","","40 27:02.547","1","0","79 54:20.835","0","0","0","0","2301","0","0","0","N","0","0","0","2","02301","0","","1.0","","1","N","N","","0","","0","0","0","","0","N","","2","0","0","0","0","0","0","2","1","2","","","","N","","","","","","","","","",""
"2012097141","","1","0","0","0","0","0","0","0","0","5","0","","02","10","2012","2","40.391952","-80.015198","0733","11","0","0","0","0","0","0","0","0","","0","0","0","","1","0","","2","","40 23:31.027","","0","80 00:54.712","0","0","0","0","2301","0","0","0","","0","0","0","2","02301","0","","1.0","","1","","","","1","","0","0","0","","0","","","2","0","0","0","0","0","0","2","0","2","","","","N","","","","","","","","","",""
"2012097957","","2","0","0","0","0","0","0","0","0","4","0","","02","9","2012","1","40.599126","-79.768834","1328","11","0","0","0","0","0","2","0","0","3","0","0","0","","1","1","","0","","40 35:56.853","1","0","79 46:07.801","3","0","0","1","2104","0","0","0","N","0","0","0","6","68D02","0","","1.0","","1","N","N","","0","","1","0","0","","0","N","","3","1","0","0","0","0","0","2","0","3","","","","N","","","","","","","","","",""
"2012099896","","1","0","0","0","0","0","0","0","0","7","0","","02","7","2012","6","40.491197","-79.874773","0439","11","0","0","0","0","0","0","0","0","2","0","0","0","","3","1","","0","","40 29:28.308","1","0","79 52:29.181","3","0","0","0","2112","0","0","0","N","0","0","0","1","68D02","0","","5.0","","1","N","N","","0","","1","0","0","","0","Y","","1","1","1","0","0","0","0","2","0","1","","","","N","","","","","","","","","",""
"2012099975","","1","0","0","0","0","0","0","0","0","7","0","","02","10","2012","1","40.34966","-79.861021","0404","11","0","0","1","0","0","0","0","0","2","0","0","0","","3","1","","2","","40 20:58.776","2","0","79 51:39.675","4","0","0","0","2304","0","0","0","N","0","0","0","1","02304","1","","5.0","","1","N","N","","0","","0","0","0","","0","N","","1","1","1","0","0","0","0","2","0","1","","","","N","","","","","","","","","",""
"2012097001","","2","0","0","0","0","0","0","0","0","1","0","","02","9","2012","1","40.419699","-79.993713","1810","11","0","0","0","0","0","0","0","0","","0","0","0","","1","0","","0","","40 25:10.916","","0","79 59:37.366","9","0","0","0","2301","0","0","0","N","0","0","0","2","02301","0","","4.0","","1","N","N","","0","","0","0","0","","0","","","2","0","0","0","0","0","1","2","0","2","","","","N","","","","","","","","","",""
"2012101491","","1","0","0","0","0","0","0","0","0","4","0","","02","10","2012","5","40.430529","-79.79243","1429","11","0","0","1","0","0","0","0","0","","0","0","0","","1","0","","2","","40 25:49.904","","0","79 47:32.748","0","0","0","0","2446","0","0","0","N","0","0","0","3","02446","0","","1.0","","1","N","N","","1","","0","0","0","","2","","","2","0","0","0","0","0","0","2","0","2","","","","N","","","","","","","","","",""
"2012096406","","0","0","0","0","0","0","0","0","0","8","0","","02","9","2012","6","40.378541","-80.030633","1544","11","1","0","0","0","0","0","0","0","1","0","0","0","","1","1","","0","","40 22:42.747","5","0","80 01:50.278","4","0","0","0","2109","1","0","0","N","1","0","0","2","02109","1","","1.0","","1","N","N","","0","","0","0","1","","0","Y","","2","1","0","0","0","0","0","2","0","1","","","","N","","","","","","","","","",""
"2012097158","","0","0","0","0","0","0","1","0","0","5","1","25","02","9","2012","4","40.350109","-79.873361","1400","11","0","0","0","0","0","2","0","0","","0","0","0","","1","1","","2","","40 21:00.392","","0","79 52:24.098","4","0","0","0","2304","0","0","0","N","0","0","0","13","02503","1","","1.0","","1","N","N","","1","","0","0","0","","0","","","2","1","0","0","0","0","0","2","0","2","","","N","Y","8","1","","","N","","","Y","",""
"2012097016","","1","1","0","0","0","0","0","0","0","7","0","","02","9","2012","1","40.513714","-79.951273","0215","11","0","0","0","0","0","0","0","0","4","1","0","0","","3","1","","0","","40 30:49.370","5","0","79 57:04.583","1","0","0","0","2118","0","0","0","N","0","0","0","2","02118","1","2","4.0","","1","N","N","","0","0","0","0","0","","0","Y","","1","1","1","0","0","0","0","2","0","1","","","","N","","","","","","","","","",""
"2012096394","","0","0","0","0","0","0","0","0","0","5","0","","02","9","2012","4","40.541141","-79.790619","1506","11","0","0","0","0","0","0","0","0","","0","0","0","","1","0","","10","","40 32:28.108","","0","79 47:26.228","0","0","0","0","2462","0","0","0","N","0","0","0","2","02462","0","","1.0","","9","N","N","","0","","0","0","1","","0","","","2","0","0","0","0","0","0","2","1","2","","","","N","","","","","","","","","",""
"2012099980","","1","0","0","0","0","0","0","0","0","7","0","","02","10","2012","1","40.512958","-80.026211","2108","11","0","0","0","0","0","0","0","0","","0","0","0","","3","0","","0","","40 30:46.648","","0","80 01:34.359","0","0","0","0","2474","0","0","0","N","0","0","0","1","02474","0","","5.0","","1","N","","","0","","0","0","0","","0","","","1","0","0","0","0","0","0","2","0","1","","","","N","","","","","","","","","",""
"2012096248","","1","0","0","0","0","0","0","0","0","5","1","","02","9","2012","4","40.384132","-79.995479","0705","11","0","0","0","0","0","0","1","0","","0","1","0","","1","0","","2","","40 23:02.876","","0","79 59:43.724","0","0","0","0","2301","0","0","0","N","0","0","0","2","02301","0","","1.0","","1","N","N","","0","","0","0","0","","0","","","2","0","0","0","0","0","0","2","0","2","","","","N","","","","","","","","","",""
"2012096323","","0","0","0","0","0","0","0","0","0","7","0","","02","9","2012","5","40.260936","-79.865786","1435","11","0","1","0","0","0","0","0","0","","0","0","0","","1","0","","0","","40 15:39.369","","0","79 51:56.829","0","0","0","0","2105","0","0","0","N","0","0","0","1","02105","0","","2.0","","9","N","N","","1","","0","0","0","","0","","","1","0","0","0","0","0","0","1","0","1","","","","N","","","","","","","","","",""
"2012097162","","1","0","0","0","0","0","0","0","0","2","0","","02","9","2012","1","40.422468","-79.864034","1257","11","0","0","0","0","0","1","0","0","2","0","0","0","","1","0","","1","","40 25:20.885","6","0","79 51:50.522","0","0","0","0","2411","0","0","0","N","0","0","0","4","02411","0","","1.0","","1","N","N","","0","","0","0","2","","3","Y","","3","0","0","0","0","0","0","2","0","3","","","","N","","","","","","","","","",""
"2012101497","","2","0","0","0","0","0","0","0","0","1","0","","02","10","2012","5","40.486781","-79.804624","1523","11","0","0","0","0","0","0","0","1","","0","0","0","","1","0","","0","","40 29:12.413","","0","79 48:16.648","0","0","0","0","2113","0","0","0","N","0","0","0","2","02113","0","","1.0","","1","N","N","","0","","0","0","0","","0","","","2","0","1","0","0","0","0","2","0","2","","","","N","","","","","","","","","",""
"2012096324","","2","0","0","0","0","0","0","0","0","1","0","","02","9","2012","4","40.43357","-79.783359","1026","11","0","0","0","0","0","0","1","0","1","0","0","0","","1","2","","2","","40 26:00.852","4","0","79 47:00.092","8","0","0","0","2446","0","0","0","N","0","0","0","2","02446","0","","1.0","","1","N","N","","0","","0","0","0","","2","N","","2","2","0","0","0","2","0","2","0","2","","","","N","","","","","","","","","",""
"2012101498","","2","0","0","0","0","0","0","0","0","4","0","","02","10","2012","5","40.463586","-79.824112","1641","11","0","0","0","0","0","0","1","0","","0","0","0","","1","1","","0","","40 27:48.911","","7","79 49:26.803","8","0","0","0","2113","0","0","0","N","0","0","0","4","02113","0","","1.0","","1","N","N","","0","","0","0","0","","0","","","2","1","0","0","0","1","0","2","0","2","","","","N","","","","","","","","","",""
"2012100618","","3","0","0","0","0","0","0","0","0","1","0","","02","9","2012","6","40.574391","-80.016529","1843","11","0","0","1","1","0","0","0","0","2","0","0","0","","1","1","","1","","40 34:27.807","1","0","80 00:59.504","4","0","0","0","2108","0","0","0","N","0","0","0","4","02108","1","","1.0","","1","N","N","","0","","0","0","0","","0","N","","3","1","0","0","0","0","0","2","0","3","","","","N","","","","","","","","","",""
"2012096265","","1","0","0","0","0","0","0","0","0","7","0","","02","9","2012","6","40.379601","-79.809412","0231","11","0","0","0","0","0","0","0","0","1","0","0","0","","3","1","","2","","40 22:46.563","2","0","79 48:33.883","3","0","0","0","2111","0","0","0","N","0","0","0","1","02111","0","","2.0","","9","N","N","","0","","1","0","0","","3","N","","1","1","0","0","0","0","0","2","0","1","","","","N","","","","","","","","","",""
"2012100619","","2","0","0","0","0","0","0","0","0","1","0","","02","10","2012","2","40.610444","-80.053622","1147","11","0","0","0","0","0","0","0","0","","0","0","0","","1","0","","0","","40 36:37.598","","0","80 03:13.038","0","0","0","0","2108","0","0","0","N","0","0","0","2","02108","0","","1.0","","9","N","N","","0","","0","0","0","","0","","","2","0","0","0","0","0","0","2","0","2","","","","N","","","","","","","","","",""
"2012101501","","2","0","0","0","0","0","0","0","0","4","0","","02","10","2012","5","40.436579","-79.955532","1727","11","0","0","0","1","0","0","1","0","","0","0","0","","1","0","","1","","40 26:11.684","","0","79 57:19.915","0","0","0","0","2301","0","0","0","N","0","0","0","3","02301","0","","1.0","","1","N","N","","0","","0","0","0","","3","","","2","0","0","0","0","0","0","2","0","2","","","","N","","","","","","","","","",""
"2012100620","","2","0","0","0","0","0","0","0","0","1","0","","02","10","2012","3","40.338497","-80.026089","1147","11","0","0","0","0","0","0","0","1","","0","0","0","","1","1","","1","","40 20:18.589","","0","80 01:33.920","4","0","0","0","2407","0","0","0","N","0","0","0","3","02407","1","","1.0","","1","N","N","","0","","0","0","0","","2","","","2","1","0","0","0","0","0","2","0","2","","","","N","","","","","","","","","",""
"2012099146","","3","0","0","0","0","0","0","0","0","1","0","","02","10","2012","5","40.43047","-79.710711","1932","11","0","0","0","0","0","1","0","0","","0","0","0","","3","0","","0","","40 25:49.691","","0","79 42:38.561","0","0","0","1","2446","0","0","0","N","0","0","0","5","02446","0","","1.0","","1","N","N","","0","","0","0","0","","2","","","5","0","4","0","0","0","0","2","1","5","","","","N","","","","","","","","","",""
"2012096330","","1","0","0","0","0","0","0","0","0","7","0","","02","9","2012","4","40.550499","-79.965089","1140","11","0","0","0","0","0","0","0","0","3","0","0","0","","1","1","","0","","40 33:01.796","6","0","79 57:54.319","3","0","0","0","2118","0","0","0","N","0","0","0","1","02118","0","","5.0","","9","N","N","","0","","1","0","0","","0","Y","","1","1","0","0","0","0","0","2","0","1","","","","N","","","","","","","","","",""
"2012100621","","1","0","0","0","0","0","0","0","0","7","0","","02","10","2012","6","40.355583","-80.021281","2012","11","0","0","1","0","0","0","0","0","","0","0","0","","3","0","","0","","40 21:20.098","","0","80 01:16.611","0","0","0","0","2407","0","0","0","N","0","0","0","1","02407","0","","4.0","","1","N","N","","0","","0","0","0","","0","","","1","0","0","0","0","0","0","2","0","1","","","","N","","","","","","","","","",""
"2012097773","","2","0","0","0","0","0","0","0","0","1","0","","02","10","2012","2","40.49437","-79.904854","1647","11","0","0","0","0","0","0","0","0","2","0","0","0","","1","0","","0","","40 29:39.731","1","0","79 54:17.473","0","0","0","0","2401","0","0","0","N","0","0","0","4","68D02","0","","1.0","","1","N","N","","0","","0","0","0","","0","N","","2","0","0","0","0","0","0","2","0","2","","","","N","","","","","","","","","",""
"2012097169","","2","0","0","0","0","0","0","0","0","1","0","","02","9","2012","1","40.542818","-79.799393","0357","11","0","0","0","0","0","0","0","0","","0","0","0","","3","0","","0","","40 32:34.144","","0","79 47:57.814","9","0","0","0","2418","0","0","0","N","0","0","0","1","02418","0","","6.0","","1","N","N","","0","","0","0","1","","0","","","3","0","0","0","0","0","1","2","0","3","","","","N","","","","","","","","","",""
"2012100622","","0","0","0","0","0","0","0","0","0","1","0","","02","10","2012","1","40.319528","-80.02695","1924","11","0","0","0","0","0","0","0","0","","0","0","0","","3","1","","1","","40 19:10.301","","0","80 01:37.019","8","0","0","0","2407","0","0","0","N","0","0","0","3","02407","0","","1.0","","1","N","N","","1","","0","0","0","","2","","","2","1","0","0","0","1","0","2","1","2","","","","N","","","","","","","","","",""
"2012101432","","1","0","0","0","0","0","0","0","0","4","0","","02","10","2012","5","40.438481","-79.983848","0935","11","0","0","0","0","0","0","0","0","","0","0","0","","1","0","","0","","40 26:18.531","","7","79 59:01.852","0","0","0","0","2301","0","0","0","N","0","0","0","3","02301","0","","1.0","","1","N","N","","1","","0","0","0","","0","","","2","0","0","0","0","0","0","2","0","2","","","","N","","","","","","","","","",""
"2012099990","","1","0","0","0","0","0","0","0","0","7","0","","02","10","2012","1","","","2335","11","0","0","0","0","0","0","0","0","","0","0","0","","3","0","","0","","","","0","","9","0","0","0","2449","0","0","0","N","0","0","0","1","02449","0","","2.0","","9","N","N","","0","","0","0","0","","1","","","1","0","0","0","0","0","1","1","0","1","","","","N","","","","","","","","","",""
"2012099149","","2","0","0","0","0","0","0","0","0","1","0","","02","10","2012","5","40.423853","-79.962195","1940","11","0","0","0","0","0","0","0","0","","0","0","0","","6","0","","3","","40 25:25.870","","0","79 57:43.901","0","0","0","0","2301","0","0","0","N","0","0","0","4","02301","0","","1.0","","1","N","N","","0","","0","0","0","","4","","","2","0","0","0","0","0","0","2","0","2","","","","N","","","","","","","","","",""
"2012101506","","2","0","0","0","0","0","0","0","0","4","0","","02","10","2012","4","40.565276","-80.038251","1225","11","0","0","1","0","1","0","0","0","","0","0","0","","1","0","","0","","40 33:54.992","","0","80 02:17.705","0","0","0","0","2108","0","0","0","N","0","0","0","3","02108","0","","5.0","","9","N","N","","0","","0","0","0","","0","","","2","0","0","0","0","0","0","2","0","2","","","","N","","","","","","","","","",""
"2012097029","","1","0","0","0","0","0","0","0","0","8","0","","02","9","2012","5","40.406414","-79.826549","2116","11","0","0","0","0","0","0","0","0","2","0","0","0","","3","1","","0","","40 24:23.090","4","0","79 49:35.576","2","0","0","0","2467","1","0","1","N","1","0","1","2","02467","0","","1.0","","9","N","N","","0","","0","1","0","","0","Y","","2","1","0","0","0","0","0","2","0","1","","","","N","","","","","","","","","",""
"2012096334","","0","0","0","0","0","0","0","0","0","7","0","","02","9","2012","1","40.366931","-79.890349","0154","11","0","0","0","0","0","0","0","0","","0","0","0","","3","0","","3","","40 22:00.953","","0","79 53:25.255","0","0","0","0","2473","0","0","0","N","0","0","0","1","02473","0","","2.0","","1","N","N","","1","","0","0","0","","0","","","1","0","0","0","0","0","0","2","0","1","","","","N","","","","","","","","","",""
"2012097921","","1","0","0","0","0","0","0","0","0","7","0","","02","9","2012","5","40.549379","-79.840016","2030","11","0","0","0","0","0","1","0","0","2","0","0","0","","3","1","","10","","40 32:57.766","3","0","79 50:24.056","3","0","0","0","2208","0","0","0","N","0","0","0","1","02208","0","","2.0","","9","N","N","","0","","1","0","0","","0","Y","","1","1","0","0","0","0","0","2","0","1","","","","N","","","","","","","","","",""
"2012096967","","1","0","0","0","0","0","0","0","0","7","0","","02","9","2012","1","40.519013","-79.860507","1445","11","0","1","0","0","0","0","0","0","","0","0","0","","1","1","","0","","40 31:08.448","","0","79 51:37.825","4","0","0","0","2112","0","0","0","N","0","0","0","1","02112","1","","5.0","","9","N","N","","0","","0","0","0","","0","","","1","1","0","0","0","0","0","2","0","1","","","","N","","","","","","","","","",""
"2012096335","","1","0","0","0","0","0","0","0","0","2","0","","02","9","2012","6","40.494383","-79.747626","0647","11","1","0","0","0","0","0","0","1","2","0","0","0","","5","2","","2","","40 29:39.780","2","0","79 44:51.452","8","0","0","0","2466","0","0","0","N","0","0","0","2","02466","0","","1.0","","9","N","N","","1","","0","0","0","","3","Y","","2","2","0","0","0","2","0","2","0","2","","","","N","","","","","","","","","",""
"2012098730","","2","0","0","0","0","0","0","0","0","4","0","","02","10","2012","4","40.489479","-79.819853","2104","11","0","1","0","0","0","1","0","0","","0","0","0","","3","0","","1","","40 29:22.124","","0","79 49:11.470","0","0","0","0","2113","0","0","0","N","0","0","0","2","02113","0","","1.0","","1","N","N","","0","","0","0","0","","3","","","2","0","0","0","0","0","0","2","0","2","","","","N","","","","","","","","","",""
"2012097316","","1","0","0","0","0","0","0","0","0","7","0","","02","9","2012","4","40.553573","-79.815202","2330","11","0","0","0","0","0","0","0","0","2","0","0","0","","3","1","","0","","40 33:12.862","2","0","79 48:54.726","8","0","0","0","2208","0","0","0","N","0","0","0","1","68D02","0","","4.0","","9","N","N","","0","","0","0","0","","0","N","","1","1","1","0","0","1","0","2","0","1","","","","N","","","","","","","","","",""
"2012097516","","1","0","0","0","0","0","0","0","0","1","0","","02","9","2012","5","40.435053","-79.966824","1959","11","1","0","0","0","0","0","0","0","2","0","0","0","","3","0","","0","","40 26:06.190","3","0","79 58:00.568","0","0","0","0","2301","0","0","0","N","0","0","0","4","68B03","0","","1.0","","9","N","N","","0","","0","0","1","","0","N","","2","0","0","0","0","0","0","2","0","2","","","","N","","","","","","","","","",""
"2012098731","","1","0","0","0","0","0","0","0","0","5","1","","02","10","2012","4","40.455067","-80.013872","2046","11","0","0","1","0","0","0","0","0","","0","1","0","","3","0","","0","","40 27:18.241","","0","80 00:49.939","0","0","0","0","2301","0","0","0","N","0","0","0","1","02301","0","","1.0","","1","N","N","","0","","0","0","1","","0","","","3","0","1","0","0","0","0","2","0","3","","","","N","","","","","","","","","",""
"2012097517","","0","0","0","0","0","0","0","0","0","1","1","","02","9","2012","6","40.426035","-79.898086","1024","11","0","0","0","0","0","1","0","0","","0","1","0","","1","0","","0","","40 25:33.726","","0","79 53:53.108","0","0","0","0","2301","0","0","0","N","0","0","0","2","68B03","0","","1.0","","1","N","N","","0","","0","0","0","","0","","","2","0","0","0","0","0","0","2","1","2","","","","N","","","","","","","","","",""
"2012096769","","1","0","0","0","0","0","0","0","0","7","0","55","02","9","2012","2","40.644869","-80.032195","1611","11","0","0","1","0","0","0","0","0","2","0","0","0","","1","1","","0","","40 38:41.529","3","0","80 01:55.903","8","0","0","0","2216","0","0","0","N","0","0","0","1","68T02","0","","3.0","","1","N","N","","0","","0","0","0","","0","N","","1","1","0","0","0","1","0","2","0","1","","","N","Y","8","1","N","N","N","N","N","Y","N",""