"CRN","ARRIVAL_TM","AUTOMOBILE_COUNT","BELTED_DEATH_COUNT","BELTED_SUSP_SERIOUS_INJ_COUNT","BICYCLE_COUNT","BICYCLE_DEATH_COUNT","BICYCLE_SUSP_SERIOUS_INJ_COUNT","BUS_COUNT","CHLDPAS_DEATH_COUNT","CHLDPAS_SUSP_SERIOUS_INJ_COUNT","COLLISION_TYPE","COMM_VEH_COUNT","CONS_ZONE_SPD_LIM","COUNTY","CRASH_MONTH","CRASH_YEAR","DAY_OF_WEEK","DEC_LATITUDE","DEC_LONGITUDE","DISPATCH_TM","DISTRICT","DRIVER_COUNT_16YR","DRIVER_COUNT_17YR","DRIVER_COUNT_18YR","DRIVER_COUNT_19YR","DRIVER_COUNT_20YR","DRIVER_COUNT_50_64YR","DRIVER_COUNT_65_74YR","DRIVER_COUNT_75PLUS","EST_HRS_CLOSED","FATAL_COUNT","HEAVY_TRUCK_COUNT","HORSE_BUGGY_COUNT","HOUR_OF_DAY","ILLUMINATION","INJURY_COUNT","INTERSECTION_RELATED","INTERSECT_TYPE","LANE_CLOSED","LATITUDE","LN_CLOSE_DIR","LOCATION_TYPE","LONGITUDE","MAX_SEVERITY_LEVEL","MCYCLE_DEATH_COUNT","MCYCLE_SUSP_SERIOUS_INJ_COUNT","MOTORCYCLE_COUNT","MUNICIPALITY","NONMOTR_COUNT","NONMOTR_DEATH_COUNT","NONMOTR_SUSP_SERIOUS_INJ_COUNT","NTFY_HIWY_MAINT","PED_COUNT","PED_DEATH_COUNT","PED_SUSP_SERIOUS_INJ_COUNT","PERSON_COUNT","POLICE_AGCY","POSSIBLE_INJ_COUNT","RDWY_SURF_TYPE_CD","RELATION_TO_ROAD","ROADWAY_CLEARED","ROAD_CONDITION","SCH_BUS_IND","SCH_ZONE_IND","SECONDARY_CRASH","SMALL_TRUCK_COUNT","SPEC_JURIS_CD","SUSP_MINOR_INJ_COUNT","SUSP_SERIOUS_INJ_COUNT","SUV_COUNT","TCD_FUNC_CD","TCD_TYPE","TFC_DETOUR_IND","TIME_OF_DAY","TOTAL_UNITS","TOT_INJ_COUNT","UNBELTED_OCC_COUNT","UNB_DEATH_COUNT","UNB_SUSP_SERIOUS_INJ_COUNT","UNK_INJ_DEG_COUNT","UNK_INJ_PER_COUNT","URBAN_RURAL","VAN_COUNT","VEHICLE_COUNT","WEATHER1","WEATHER2","WORKERS_PRES","WORK_ZONE_IND","WORK_ZONE_LOC","WORK_ZONE_TYPE","WZ_CLOSE_DETOUR","WZ_FLAGGER","WZ_LAW_OFFCR_IND","WZ_LN_CLOSURE","WZ_MOVING","WZ_OTHER","WZ_SHLDER_MDN","WZ_WORKERS_INJ_KILLED"
"2012097518","","1","0","0","0","0","0","0","0","0","7","0","","02","9","2012","6","40.43587","-79.978343","1256","11","0","0","0","0","0","0","0","0","2","0","0","0","","1","0","","0","","40 26:09.133","4","0","79 58:42.034","0","0","0","0","2301","0","0","0","N","0","0","0","2","68B03","0","","4.0","","1","N","N","","0","","0","0","0","","0","N","","2","0","0","0","0","0","0","2","0","1","","","","N","","","","","","","","","",""
"2012096782","","1","0","0","0","0","0","0","0","0","4","0","","02","9","2012","7","40.393846","-80.050865","1815","11","0","0","0","0","0","1","0","0","","0","0","0","","1","0","","1","","40 23:37.845","","0","80 03:03.114","0","0","0","0","2109","0","0","0","N","0","0","0","4","02109","0","","1.0","","1","N","N","","0","","0","0","2","","3","","","3","0","1","0","0","0","0","2","0","3","","","","N","","","","","","","","","",""
"2012098069","","1","0","0","0","0","0","0","0","0","2","0","","02","9","2012","2","40.40224","-80.099708","1215","11","0","0","1","0","0","1","0","0","","0","0","0","","1","1","","0","","40 24:08.063","","0","80 05:58.950","8","0","0","1","2102","0","0","0","N","0","0","0","2","02102","0","","1.0","","1","N","N","","0","","0","0","0","","0","","","2","1","0","0","0","1","0","2","0","2","","","","N","","","","","","","","","",""
"2012096770","","1","0","0","0","0","0","0","0","0","99","0","","02","9","2012","6","40.553706","-79.835473","2231","11","0","0","0","0","0","0","0","0","1","0","0","0","","2","0","","0","","40 33:13.340","4","0","79 50:07.704","0","0","0","0","2208","0","0","0","N","0","0","0","3","68T02","0","","1.0","","1","N","N","","0","","0","0","0","","0","N","","1","0","0","0","0","0","0","2","0","1","","","","N","","","","","","","","","",""
"2012098071","","2","0","0","0","0","0","0","0","0","2","0","","02","10","2012","4","40.422643","-79.960416","0903","11","0","0","0","0","0","0","0","0","","0","0","0","","1","2","","0","","40 25:21.516","","7","79 57:37.496","3","0","0","0","2301","0","0","0","N","0","0","0","2","02301","0","","1.0","","1","N","N","","0","","2","0","0","","2","","","2","2","0","0","0","0","0","2","0","2","","","","N","","","","","","","","","",""
"2012095886","","0","0","0","0","0","0","0","0","0","7","1","40","02","9","2012","4","40.642856","-80.014022","0054","11","0","0","0","0","0","0","1","0","9","0","1","0","","2","0","","0","","40 38:34.280","3","0","80 00:50.478","0","0","0","0","2216","0","0","0","N","0","0","0","1","68T02","0","","2.0","","9","N","N","","0","","0","0","0","","8","N","","1","0","0","0","0","0","0","2","0","1","","","Y","Y","4","1","N","N","Y","Y","N","N","N",""
"2012096710","","2","0","0","0","0","0","0","0","0","4","0","","02","9","2012","7","40.43805","-79.993342","0820","11","0","0","0","0","0","1","0","0","2","0","0","0","","1","1","","1","","40 26:16.980","5","0","79 59:36.031","4","0","0","0","2301","0","0","0","N","0","0","0","3","02301","1","","1.0","","1","N","N","","0","","0","0","1","","3","Y","","3","1","1","0","0","0","0","2","0","3","","","","N","","","","","","","","","",""
"2012098737","","0","0","0","1","0","0","0","0","0","8","0","","02","10","2012","4","40.448933","-80.000739","1957","11","0","0","0","0","0","0","0","0","","0","0","0","","3","1","","1","","40 26:56.157","","0","80 00:02.660","4","0","0","0","2301","1","0","0","N","0","0","0","2","02301","1","","1.0","","1","N","N","","0","","0","0","1","","2","","","2","1","0","0","0","0","0","2","0","1","","","","N","","","","","","","","","",""
"2012095887","","0","0","0","0","0","0","0","0","0","99","0","","02","9","2012","3","40.276841","-79.951244","2127","11","0","0","0","0","0","1","0","0","","0","0","0","","2","0","","0","","40 16:36.626","","0","79 57:04.480","0","0","0","0","2440","0","0","0","N","0","0","0","2","68T09","0","","1.0","","1","N","N","","0","","0","0","1","","0","","","1","0","0","0","0","0","0","1","0","1","","","","N","","","","","","","","","",""
"2012095953","","0","0","0","0","0","0","0","0","0","7","0","","02","9","2012","4","40.659022","-79.786193","0756","11","0","0","0","0","0","1","0","0","2","0","0","0","","1","1","","0","","40 39:32.479","5","0","79 47:10.294","3","0","0","0","2202","0","0","0","N","0","0","0","1","02202","0","","4.0","","1","N","N","","1","","1","0","0","","0","N","","1","1","0","0","0","0","0","1","0","1","","","","N","","","","","","","","","",""
"2012096714","","1","0","0","0","0","0","0","0","0","6","0","","02","9","2012","5","40.650688","-80.041028","0808","11","0","0","0","0","0","0","1","0","1","0","0","0","08","","0","","2","","40 39:02.475","3","0","80 02:27.701","0","0","0","0","2216","0","0","0","N","0","0","0","3","02505","0","","1.0","","9","N","N","","0","","0","0","0","3","3","N","0808","2","0","0","0","0","0","0","2","1","2","","","","N","","","","","","","","","",""
"2012098160","","1","0","0","0","0","0","0","0","0","8","0","","02","10","2012","4","40.442378","-79.951686","1531","11","0","0","0","0","0","0","0","0","1","0","0","0","15","","1","","1","","40 26:32.560","1","0","79 57:06.070","4","0","0","0","2301","1","0","0","N","1","0","0","2","02301","1","","1.0","","1","N","N","","0","","0","0","0","3","2","N","1526","2","1","1","0","0","0","0","2","0","1","","","","N","","","","","","","","","",""
"2012097463","","0","0","0","0","0","0","0","0","0","7","0","","02","9","2012","1","40.478541","-79.753294","0035","11","0","0","0","0","0","0","0","0","1","0","0","0","00","","0","","0","","40 28:42.749","6","0","79 45:11.858","0","0","0","0","2466","0","0","0","N","0","0","0","1","02466","0","","2.0","","1","N","N","","0","","0","0","1","0","0","Y","0030","1","0","0","0","0","0","0","2","0","1","","","","N","","","","","","","","","",""
"2012098742","","1","0","0","0","0","0","0","0","0","7","0","","02","10","2012","2","40.519425","-79.808413","2227","11","0","0","0","0","0","0","0","0","","0","0","0","22","","1","","0","","40 31:09.930","","0","79 48:30.286","4","0","0","0","2466","0","0","0","N","0","0","0","1","02466","1","","5.0","","1","N","N","","0","","0","0","0","0","0","","2227","1","1","0","0","0","0","0","2","0","1","","","","N","","","","","","","","","",""
"2012096584","","0","0","0","0","0","0","0","0","0","7","0","","02","9","2012","7","40.461578","-79.967126","0250","11","0","0","0","0","0","0","0","0","","0","0","0","02","","0","","5","","40 27:41.680","","3","79 58:01.653","0","0","0","0","2301","0","0","0","N","0","0","0","1","02301","0","","5.0","","1","N","N","","0","","0","0","1","3","2","","0250","1","0","0","0","0","0","0","2","0","1","","","","N","","","","","","","","","",""
"2012098162","","1","0","0","0","0","0","0","0","0","7","0","","02","9","2012","4","40.501107","-80.043236","2214","11","0","1","0","0","0","0","0","0","1","0","0","0","22","","0","","0","","40 30:03.985","2","0","80 02:35.649","0","0","0","0","2116","0","0","0","N","0","0","0","1","02116","0","","2.0","","9","N","N","","0","","0","0","0","0","0","N","2214","1","0","0","0","0","0","0","2","0","1","","","","N","","","","","","","","","",""
"2012097199","","0","0","0","0","0","0","0","0","0","1","0","","02","9","2012","1","40.408317","-79.89416","2107","11","0","0","0","0","0","1","0","0","2","0","0","0","21","","2","","2","","40 24:29.942","1","0","79 53:38.975","4","0","0","0","2448","0","0","0","N","0","0","0","4","02448","2","","1.0","","1","N","N","","0","","0","0","1","3","2","N","2107","2","2","0","0","0","0","0","2","1","2","","","","N","","","","","","","","","",""
"2012098078","","1","0","0","0","0","0","0","0","0","8","0","","02","10","2012","4","40.37122","-80.032818","0704","11","0","0","0","0","0","0","0","0","1","0","0","0","07","","1","","2","","40 22:16.392","1","0","80 01:58.146","4","0","0","0","2109","1","0","0","N","1","0","0","2","02109","1","","1.0","","1","N","N","","0","","0","0","0","0","0","Y","0704","2","1","0","0","0","0","0","2","0","1","","","","N","","","","","","","","","",""
"2012095959","","0","0","0","0","0","0","0","0","0","7","0","","02","9","2012","4","40.420884","-80.05337","0945","11","0","0","0","0","0","0","0","0","","0","0","0","09","","0","","1","","40 25:15.184","","0","80 03:12.132","0","0","0","0","2435","0","0","0","N","0","0","0","1","02435","0","","5.0","","9","N","N","","0","","0","0","0","3","2","","0945","1","0","0","0","0","0","0","2","1","1","","","","N","","","","","","","","","",""
"2012095960","","1","0","0","0","0","0","0","0","0","1","0","","02","9","2012","5","40.463668","-79.705456","0917","11","0","0","0","0","0","1","0","0","","0","0","0","09","","1","","1","","40 27:49.204","","0","79 42:19.641","4","0","0","0","2466","0","0","0","N","0","0","0","2","02466","1","","1.0","","1","N","N","","1","","0","0","0","3","2","","0915","2","1","0","0","0","0","0","2","0","2","","","","N","","","","","","","","","",""
"2012097468","","0","0","0","0","0","0","1","0","0","4","1","","02","9","2012","1","40.483052","-80.035433","0053","11","0","0","0","0","0","2","0","0","","0","0","0","00","","0","","1","","40 28:58.987","","0","80 02:07.558","0","0","0","0","2301","0","0","0","N","0","0","0","3","02503","0","","1.0","","1","N","N","","0","","0","0","0","3","1","","0053","2","0","0","0","0","0","0","2","1","2","","","","N","","","","","","","","","",""
"2012097480","","1","0","0","0","0","0","0","0","0","7","0","","02","9","2012","7","40.315416","-80.006131","0638","11","0","0","0","0","0","0","0","0","","0","0","0","06","","0","","10","","40 18:55.497","","7","80 00:22.071","9","0","0","0","2219","0","0","0","N","0","0","0","1","02501","0","","5.0","","1","N","N","","0","","0","0","0","0","0","","0638","1","0","0","0","0","0","1","2","0","1","","","","N","","","","","","","","","",""
"2012097469","","2","0","0","0","0","0","0","0","0","4","0","","02","10","2012","2","40.48742","-79.918426","2342","11","0","0","0","0","0","0","0","0","","0","0","0","23","","1","","2","","40 29:14.711","","0","79 55:06.332","8","0","0","0","2301","0","0","0","N","0","0","0","2","02301","0","","1.0","","1","N","N","","0","","0","0","0","3","2","","2340","2","1","0","0","0","1","0","2","0","2","","","","N","","","","","","","","","",""
"2012096794","","1","0","0","0","0","0","0","0","0","7","0","","02","9","2012","7","40.530208","-79.919133","2350","11","0","0","0","0","0","0","0","0","2","0","0","0","23","","0","","0","","40 31:48.747","7","0","79 55:08.879","9","0","0","0","2112","0","0","0","N","0","0","0","1","02112","0","","5.0","","1","N","N","","0","","0","0","0","0","0","Y","2350","1","0","0","0","0","0","1","2","0","1","","","","N","","","","","","","","","",""
"2012097470","","1","0","0","0","0","0","0","0","0","4","0","","02","9","2012","7","40.547744","-80.028523","1530","11","0","0","0","0","0","1","0","0","","0","0","0","15","","0","","0","","40 32:51.879","","0","80 01:42.681","0","0","0","0","2116","0","0","0","N","0","0","0","2","02116","0","","1.0","","1","N","N","","0","","0","0","1","0","0","","1530","2","0","0","0","0","0","0","2","0","2","","","","N","","","","","","","","","",""
"2012096856","","1","0","0","0","0","0","0","0","0","5","0","","02","9","2012","7","40.541302","-80.012669","1314","11","0","0","0","0","0","0","0","0","1","0","0","0","13","","2","","0","","40 32:28.687","2","0","80 00:45.608","4","0","0","0","2116","0","0","0","N","0","0","0","2","02116","1","","1.0","","1","N","N","","0","","0","0","1","0","0","N","1313","2","2","0","0","0","1","0","2","0","2","","","","N","","","","","","","","","",""
"2012097484","","0","0","0","0","0","0","0","0","0","1","0","","02","10","2012","2","40.415444","-79.924874","0639","11","0","0","0","0","0","0","0","0","2","0","0","0","06","","1","","2","","40 24:55.598","1","0","79 55:29.546","4","0","0","0","2301","0","0","0","N","0","0","0","2","02301","1","","1.0","","1","N","N","","0","","0","0","2","2","2","N","0630","2","1","1","0","0","0","1","2","0","2","","","","N","","","","","","","","","",""
"2012098826","","0","0","0","0","0","0","0","0","0","7","0","","02","9","2012","5","40.478831","-80.043122","0035","11","0","0","0","0","0","0","0","0","","0","0","0","00","","0","","2","","40 28:43.792","","3","80 02:35.239","9","0","0","0","2122","0","0","0","N","0","0","0","1","02122","0","","3.0","","9","N","N","","0","","0","0","1","0","0","","0035","1","0","0","0","0","0","1","2","0","1","","","","N","","","","","","","","","",""
"2012095837","","1","0","0","0","0","0","0","0","0","1","0","","02","9","2012","5","40.425816","-79.902234","1159","11","0","0","0","0","0","1","0","0","","0","0","0","11","","1","","0","","40 25:32.938","","4","79 54:08.043","4","0","0","0","2301","0","0","0","N","0","0","0","2","68B03","1","","1.0","","1","N","N","","0","","0","0","1","0","0","","1155","2","1","0","0","0","0","0","2","0","2","","","","N","","","","","","","","","",""
"2012096736","","0","0","0","0","0","0","0","0","0","7","0","","02","9","2012","5","40.665428","-79.994344","1810","11","0","0","0","0","0","0","0","0","2","0","0","0","18","","0","","0","","40 39:55.540","2","0","79 59:39.640","0","0","0","0","2216","0","0","0","Y","0","0","0","1","02505","0","","2.0","","9","N","N","","1","","0","0","0","0","0","N","1800","1","0","0","0","0","0","0","1","0","1","","","","N","","","","","","","","","",""
"2012096858","","1","0","0","0","0","0","0","0","0","1","0","","02","9","2012","7","40.542594","-80.011692","1435","11","0","0","1","0","0","0","0","0","1","0","0","0","14","","0","","0","","40 32:33.340","4","0","80 00:42.090","0","0","0","0","2116","0","0","0","N","0","0","0","5","02116","0","","1.0","","1","N","N","","0","","0","0","2","0","0","N","1440","3","0","0","0","0","0","0","2","0","3","","","","N","","","","","","","","","",""
"2012095838","","1","0","0","0","0","0","1","0","0","1","1","","02","9","2012","3","40.54948","-80.119758","1552","11","0","0","0","0","0","0","0","0","","0","0","0","15","","0","","7","","40 32:58.128","","2","80 07:11.130","0","0","0","0","2215","0","0","0","N","0","0","0","2","68B03","0","","1.0","","1","Y","N","","0","","0","0","0","0","0","","1551","2","0","0","0","0","0","0","2","0","2","","","","N","","","","","","","","","",""
"2012096724","","1","0","0","0","0","0","0","0","0","7","0","","02","9","2012","7","40.548612","-80.183919","2224","11","0","1","0","0","0","0","0","0","2","0","0","0","22","","1","","0","","40 32:55.003","1","0","80 11:02.108","4","0","0","0","2427","0","0","0","N","0","0","0","1","02427","1","","5.0","","9","N","N","","0","","0","0","0","0","0","Y","2224","1","1","0","0","0","0","0","2","0","1","","","","N","","","","","","","","","",""
"2012098829","","2","0","0","0","0","0","0","0","0","5","0","","02","10","2012","4","40.442716","-80.024396","1315","11","0","0","0","0","0","0","0","0","","0","0","0","13","","0","","0","","40 26:33.776","","0","80 01:27.825","0","0","0","0","2301","0","0","0","N","0","0","0","6","02301","0","","1.0","","1","N","N","","0","","0","0","0","0","0","","1315","2","0","0","0","0","0","0","2","0","2","","","","N","","","","","","","","","",""
"2012098752","","0","0","0","0","0","0","0","0","0","7","0","","02","10","2012","4","40.520287","-80.038044","2342","11","0","0","0","0","0","0","0","0","4","0","0","0","23","","1","","10","","40 31:13.033","5","0","80 02:16.958","3","0","0","0","2474","0","0","0","N","0","0","0","1","02474","0","","2.0","","1","N","N","","1","","1","0","0","0","0","Y","2341","1","1","0","0","0","0","0","2","0","1","","","","N","","","","","","","","","",""
"2012095981","","3","0","0","0","0","0","0","0","0","1","0","99","02","9","2012","5","40.436044","-79.994493","1409","11","0","0","0","0","0","1","0","0","","0","0","0","13","","2","","7","","40 26:09.758","","3","79 59:40.176","4","0","0","0","2301","0","0","0","N","0","0","0","3","02301","2","","1.0","","9","N","N","","0","","0","0","0","0","0","","1330","3","2","0","0","0","0","0","2","0","3","","","U","Y","4","1","","","N","Y","","","",""
"2012097487","","1","0","0","0","0","0","0","0","0","7","0","","02","9","2012","7","40.391831","-79.934752","0317","11","0","0","0","0","0","0","0","0","2","0","0","0","03","","0","","0","","40 23:30.590","1","0","79 56:05.107","9","0","0","0","2301","0","0","0","N","0","0","0","1","02301","0","","5.0","","1","N","N","","0","","0","0","0","0","0","N","0317","1","0","0","0","0","0","1","2","0","1","","","","N","","","","","","","","","",""
"2012096799","","2","0","0","0","0","0","0","0","0","5","0","","02","9","2012","1","","","0131","11","0","0","0","0","0","0","0","0","1","0","0","0","01","","0","","0","","","2","0","","0","0","0","0","2301","0","0","0","N","0","0","0","2","02301","0","","1.0","","1","N","N","","0","","0","0","0","0","0","N","0125","2","0","0","0","0","0","0","1","0","2","","","","N","","","","","","","","","",""
"2012098753","","2","0","0","0","0","0","0","0","0","4","0","","02","9","2012","5","40.470591","-79.925235","0100","11","0","0","0","0","0","0","0","0","1","0","0","0","01","","0","","0","","40 28:14.129","2","0","79 55:30.845","0","0","0","0","2301","0","0","0","N","0","0","0","1","02301","0","","6.0","","9","N","N","","0","","0","0","1","0","0","N","0100","3","0","0","0","0","0","0","2","0","3","","","","N","","","","","","","","","",""
"2012096580","","0","0","0","0","0","0","0","0","0","1","0","","02","9","2012","7","40.46583","-79.931495","0147","11","0","0","0","0","0","0","0","0","","0","0","0","01","","0","","0","","40 27:56.988","","0","79 55:53.382","0","0","0","0","2301","0","0","0","N","0","0","0","3","02301","0","","1.0","","1","N","N","","0","","0","0","1","0","0","","0140","2","0","0","0","0","0","0","2","1","2","","","","N","","","","","","","","","",""
"2012096595","","2","0","0","0","0","0","0","0","0","1","0","","02","9","2012","6","40.358083","-80.031357","2042","11","0","0","0","0","0","0","0","0","","0","0","0","20","","0","","0","","40 21:29.098","","0","80 01:52.885","0","0","0","0","2416","0","0","0","N","0","0","0","1","02416","0","","1.0","","1","N","N","","0","","0","0","0","3","8","","2042","2","0","0","0","0","0","0","2","0","2","","","","N","","","","","","","","","",""
"2012095968","","1","0","0","0","0","0","0","0","0","4","0","","02","9","2012","5","40.462475","-79.924362","1231","11","0","0","0","0","0","2","0","0","","0","0","0","12","","0","","1","","40 27:44.910","","0","79 55:27.703","0","0","0","0","2301","0","0","0","N","0","0","0","2","02301","0","","1.0","","1","N","N","","1","","0","0","0","3","3","","1231","2","0","0","0","0","0","0","2","0","2","","","","N","","","","","","","","","",""
"2012096457","","0","0","0","0","0","0","0","0","0","1","0","","02","9","2012","6","40.453163","-80.111029","1253","11","0","0","0","0","0","1","1","0","","0","0","0","12","","3","","0","","40 27:11.388","","0","80 06:39.704","4","0","0","0","2115","0","0","0","N","0","0","0","6","68B03","3","","1.0","","1","N","N","","1","","0","0","1","0","0","","1250","2","3","0","0","0","0","0","2","0","2","","","","N","","","","","","","","","",""
"2012096581","","0","0","0","0","0","0","0","0","0","7","0","","02","9","2012","7","40.448627","-80.024021","0105","11","0","0","0","0","0","0","0","0","2","0","0","0","01","","1","","5","","40 26:55.057","4","0","80 01:26.475","4","0","0","0","2301","0","0","0","N","0","0","0","1","02301","1","","5.0","","1","N","N","","0","","0","0","1","3","2","N","0100","1","1","0","0","0","0","0","2","0","1","","","","N","","","","","","","","","",""
"2012096659","","0","0","0","0","0","0","0","0","0","7","0","","02","9","2012","7","40.526984","-79.769784","0633","11","0","0","0","0","0","0","0","0","","0","0","0","06","","1","","0","","40 31:37.142","","0","79 46:11.222","4","0","0","0","2466","0","0","0","N","0","0","0","2","02466","1","","5.0","","1","N","N","","0","","0","0","1","0","0","","0633","1","1","0","0","0","0","0","2","0","1","","","","N","","","","","","","","","",""
"2012096740","","2","0","0","0","0","0","0","0","0","4","0","","02","9","2012","7","40.636956","-79.940778","1533","11","0","0","0","0","0","1","0","1","1","0","0","0","15","","3","","1","","40 38:13.040","7","7","79 56:26.800","8","0","0","0","2217","0","0","0","N","0","0","0","6","02505","0","","1.0","","1","N","N","","0","","0","0","1","3","3","Y","1533","3","3","0","0","0","3","0","2","0","3","","","","N","","","","","","","","","",""
"2012096801","","0","0","0","0","0","0","0","0","0","0","0","","02","9","2012","1","40.396105","-79.997097","0150","11","0","0","0","0","0","0","0","0","","0","0","0","01","","2","","2","","40 23:45.978","","0","79 59:49.549","3","0","0","0","2301","0","0","0","N","0","0","0","3","02301","0","","4.0","","9","N","N","","0","","2","0","1","0","0","","0145","1","2","2","0","0","0","1","2","0","1","","","","N","","","","","","","","","",""
"2012097209","","1","0","0","0","0","0","0","0","0","1","0","","02","9","2012","1","40.428596","-79.977639","0215","11","0","0","0","0","1","0","0","0","","0","0","0","02","","1","","10","","40 25:42.947","","0","79 58:39.500","4","0","0","0","2301","0","0","0","N","0","0","0","5","02301","1","","1.0","","1","N","N","","0","","0","0","2","0","0","","0211","3","1","1","0","0","0","0","2","0","3","","","","N","","","","","","","","","",""
"2012095906","","1","0","0","0","0","0","0","0","0","7","0","","02","9","2012","4","40.526455","-80.048405","1421","11","0","0","0","0","0","1","0","0","1","0","0","0","14","","1","","3","","40 31:35.238","5","0","80 02:54.257","8","0","0","0","2116","0","0","0","N","0","0","0","1","02116","0","","2.0","","9","N","N","","0","","0","0","0","0","0","N","1420","1","1","0","0","0","1","0","2","0","1","","","","N","","","","","","","","","",""
"2012096660","","0","0","0","0","0","0","0","0","0","7","0","","02","9","2012","5","40.518995","-79.860223","1320","11","0","0","0","0","0","1","0","0","2","0","0","0","13","","0","","0","","40 31:08.382","6","0","79 51:36.802","0","0","0","0","2112","0","0","0","N","0","0","0","3","02112","0","","5.0","","9","N","N","","1","","0","0","0","0","0","Y","1320","1","0","3","0","0","0","0","2","0","1","","","","N","","","","","","","","","",""
"2012098756","","2","0","0","0","0","0","0","0","0","6","0","","02","9","2012","4","40.519969","-80.064219","0002","11","0","0","0","0","0","0","0","0","2","0","0","0","00","","2","","2","","40 31:11.887","5","0","80 03:51.189","4","0","0","0","2215","0","0","0","N","0","0","0","2","02215","2","","1.0","","9","N","N","","0","","0","0","0","3","3","N","0002","2","2","0","0","0","0","0","2","0","2","","","","N","","","","","","","","","",""
"2012097290","","1","0","0","0","0","0","0","0","0","7","0","","02","9","2012","5","40.565816","-80.089981","1700","11","0","0","0","0","0","0","0","0","","0","0","0","17","","0","","0","","40 33:56.937","","0","80 05:23.930","0","0","0","0","2481","0","0","0","N","0","0","0","1","68B03","0","","2.0","","9","N","N","","0","","0","0","0","0","0","","1708","1","0","0","0","0","0","0","2","0","1","","","","N","","","","","","","","","",""
"2012095985","","1","0","0","0","0","0","0","0","0","4","0","","02","9","2012","6","40.489486","-79.90355","1719","11","0","0","0","0","0","0","0","0","1","0","0","0","17","","1","","2","","40 29:22.151","3","0","79 54:12.781","4","0","0","0","2401","0","0","0","N","0","0","0","3","02401","1","","1.0","","1","N","N","","0","","0","0","1","0","0","N","1719","2","1","0","0","0","0","0","2","0","2","","","","N","","","","","","","","","",""
"2012097491","","1","0","0","0","0","0","0","0","0","7","0","","02","9","2012","7","40.435528","-80.012619","0213","11","0","0","0","0","0","0","0","0","2","0","0","0","02","","2","","0","","40 26:07.900","4","0","80 00:45.430","8","0","0","0","2301","0","0","0","N","0","0","0","3","02301","0","","5.0","","1","N","N","","0","","0","0","0","3","2","N","0213","1","2","0","0","0","2","1","2","0","1","","","","N","","","","","","","","","",""
"2012096803","","2","0","0","0","0","0","0","0","0","1","0","","02","9","2012","7","40.366458","-80.037139","2330","11","0","1","0","0","0","0","1","0","","0","0","0","23","","1","","0","","40 21:59.248","","0","80 02:13.700","4","0","0","0","2109","0","0","0","N","0","0","0","5","02109","1","","1.0","","9","N","N","","0","","0","0","0","0","0","","2330","2","1","0","0","0","0","0","2","0","2","","","","N","","","","","","","","","",""
"2012098025","","1","0","0","0","0","0","0","0","0","7","0","","02","9","2012","1","40.22551","-79.852979","0335","11","0","0","0","0","0","0","0","0","1","0","0","0","03","","1","","2","","40 13:31.836","2","0","79 51:10.723","4","0","0","0","2204","0","0","0","Y","0","0","0","1","02204","1","","3.0","","9","N","N","","0","","0","0","0","3","3","N","0320","1","1","0","0","0","0","0","2","0","1","","","","N","","","","","","","","","",""
"2012097291","","1","0","0","0","0","0","0","0","0","1","0","","02","9","2012","5","40.421105","-80.045841","2116","11","0","0","0","0","0","0","1","0","","0","0","0","21","","1","","6","","40 25:15.978","","2","80 02:45.027","4","0","0","0","2435","0","0","0","N","0","0","0","2","68B03","1","","1.0","","1","N","N","","0","","0","0","1","3","4","","2114","2","1","0","0","0","0","0","2","0","2","","","","N","","","","","","","","","",""
"2012097413","","1","0","0","0","0","0","0","0","0","7","0","","02","9","2012","1","40.609839","-79.9492","1923","11","0","0","0","0","0","0","0","0","","0","0","0","19","","0","","0","","40 36:35.419","","2","79 56:57.119","0","0","0","0","2207","0","0","0","N","0","0","0","2","68T02","0","","3.0","","1","N","N","","0","","0","0","0","0","0","","1919","1","0","0","0","0","0","0","2","0","1","","","","N","","","","","","","","","",""
"2012096804","","2","0","0","0","0","0","0","0","0","7","0","","02","9","2012","1","40.410578","-80.015335","0303","11","0","0","0","0","0","0","0","0","3","0","0","0","02","","3","","0","","40 24:38.081","7","0","80 00:55.205","2","0","0","0","2301","0","0","0","N","0","0","0","3","02301","1","","4.0","","1","N","N","","0","","1","1","0","0","0","Y","0255","2","3","2","0","1","0","0","2","0","2","","","","N","","","","","","","","","",""
"2012098026","","2","0","0","0","0","0","0","0","0","1","0","","02","10","2012","4","40.478831","-80.043122","0543","11","0","0","0","0","0","0","0","0","","0","0","0","05","","1","","10","","40 28:43.792","","0","80 02:35.239","4","0","0","0","2301","0","0","0","N","0","0","0","2","02301","1","","1.0","","1","N","N","","0","","0","0","0","0","0","","0543","2","1","0","0","0","0","0","2","0","2","","","","N","","","","","","","","","",""
"2012097292","","1","0","0","0","0","0","0","0","0","1","0","","02","9","2012","6","40.613091","-80.094991","1650","11","0","0","0","0","0","1","0","0","","0","0","0","16","","0","","0","","40 36:47.129","","0","80 05:41.968","0","0","0","0","2481","0","0","0","N","0","0","0","2","68B03","0","","1.0","","1","N","N","","1","","0","0","0","0","0","","1650","2","0","0","0","0","0","0","2","0","2","","","","N","","","","","","","","","",""
"2012095987","","1","0","0","0","0","0","0","0","0","1","0","","02","9","2012","3","40.458548","-79.70793","1731","11","0","0","0","0","0","0","0","0","","0","0","0","17","","0","","0","","40 27:30.773","","0","79 42:28.548","0","0","0","0","2466","0","0","0","N","0","0","0","4","02466","0","","1.0","","1","N","N","","0","","0","0","1","0","0","","1730","3","0","0","0","0","0","0","2","1","3","","","","N","","","","","","","","","",""