"CRN","ARRIVAL_TM","AUTOMOBILE_COUNT","BELTED_DEATH_COUNT","BELTED_SUSP_SERIOUS_INJ_COUNT","BICYCLE_COUNT","BICYCLE_DEATH_COUNT","BICYCLE_SUSP_SERIOUS_INJ_COUNT","BUS_COUNT","CHLDPAS_DEATH_COUNT","CHLDPAS_SUSP_SERIOUS_INJ_COUNT","COLLISION_TYPE","COMM_VEH_COUNT","CONS_ZONE_SPD_LIM","COUNTY","CRASH_MONTH","CRASH_YEAR","DAY_OF_WEEK","DEC_LATITUDE","DEC_LONGITUDE","DISPATCH_TM","DISTRICT","DRIVER_COUNT_16YR","DRIVER_COUNT_17YR","DRIVER_COUNT_18YR","DRIVER_COUNT_19YR","DRIVER_COUNT_20YR","DRIVER_COUNT_50_64YR","DRIVER_COUNT_65_74YR","DRIVER_COUNT_75PLUS","EST_HRS_CLOSED","FATAL_COUNT","HEAVY_TRUCK_COUNT","HORSE_BUGGY_COUNT","HOUR_OF_DAY","ILLUMINATION","INJURY_COUNT","INTERSECTION_RELATED","INTERSECT_TYPE","LANE_CLOSED","LATITUDE","LN_CLOSE_DIR","LOCATION_TYPE","LONGITUDE","MAX_SEVERITY_LEVEL","MCYCLE_DEATH_COUNT","MCYCLE_SUSP_SERIOUS_INJ_COUNT","MOTORCYCLE_COUNT","MUNICIPALITY","NONMOTR_COUNT","NONMOTR_DEATH_COUNT","NONMOTR_SUSP_SERIOUS_INJ_COUNT","NTFY_HIWY_MAINT","PED_COUNT","PED_DEATH_COUNT","PED_SUSP_SERIOUS_INJ_COUNT","PERSON_COUNT","POLICE_AGCY","POSSIBLE_INJ_COUNT","RDWY_SURF_TYPE_CD","RELATION_TO_ROAD","ROADWAY_CLEARED","ROAD_CONDITION","SCH_BUS_IND","SCH_ZONE_IND","SECONDARY_CRASH","SMALL_TRUCK_COUNT","SPEC_JURIS_CD","SUSP_MINOR_INJ_COUNT","SUSP_SERIOUS_INJ_COUNT","SUV_COUNT","TCD_FUNC_CD","TCD_TYPE","TFC_DETOUR_IND","TIME_OF_DAY","TOTAL_UNITS","TOT_INJ_COUNT","UNBELTED_OCC_COUNT","UNB_DEATH_COUNT","UNB_SUSP_SERIOUS_INJ_COUNT","UNK_INJ_DEG_COUNT","UNK_INJ_PER_COUNT","URBAN_RURAL","VAN_COUNT","VEHICLE_COUNT","WEATHER1","WEATHER2","WORKERS_PRES","WORK_ZONE_IND","WORK_ZONE_LOC","WORK_ZONE_TYPE","WZ_CLOSE_DETOUR","WZ_FLAGGER","WZ_LAW_OFFCR_IND","WZ_LN_CLOSURE","WZ_MOVING","WZ_OTHER","WZ_SHLDER_MDN","WZ_WORKERS_INJ_KILLED"
"2012096554","","2","0","0","0","0","0","0","0","0","6","0","","02","9","2012","6","40.446621","-79.893602","2042","11","0","0","0","0","0","0","1","0","","0","0","0","20","","0","","2","","40 26:47.835","","0","79 53:36.967","0","0","0","0","2301","0","0","0","N","0","0","0","7","02301","0","","1.0","","1","N","N","","0","","0","0","0","3","3","","2040","2","0","0","0","0","0","0","2","0","2","","","","N","","","","","","","","","",""
"2012098130","","1","0","0","0","0","0","0","0","0","7","0","","02","10","2012","4","40.413672","-80.073476","1147","11","0","0","0","0","0","0","0","0","","0","0","0","11","","2","","0","","40 24:49.219","","0","80 04:24.515","3","0","0","0","2301","0","0","0","N","0","0","0","2","02301","0","","4.0","","1","N","N","","0","","2","0","0","0","0","","1147","1","2","2","0","0","0","0","2","0","1","","","","N","","","","","","","","","",""
"2012098724","","1","0","0","0","0","0","0","0","0","0","0","","02","9","2012","3","40.523765","-80.071929","2124","11","0","1","0","0","0","0","0","0","1","0","0","0","21","","0","","0","","40 31:25.554","5","0","80 04:18.945","0","0","0","0","2215","0","0","0","N","0","0","0","1","02215","0","","1.0","","9","N","N","","0","","0","0","0","0","0","N","2123","1","0","0","0","0","0","0","2","0","1","","","","N","","","","","","","","","",""
"2012097449","","3","0","0","0","0","0","0","0","0","1","0","","02","10","2012","2","40.434275","-79.750168","1728","11","0","0","0","0","0","2","0","0","","0","0","0","17","","0","","0","","40 26:03.390","","0","79 45:00.604","0","0","0","0","2446","0","0","0","N","0","0","0","3","02446","0","","1.0","","1","N","N","","0","","0","0","0","0","0","","1728","3","0","0","0","0","0","0","2","0","3","","","","N","","","","","","","","","",""
"2012095944","","2","0","0","0","0","0","0","0","0","1","0","","02","9","2012","5","40.343446","-79.969908","0929","11","0","0","0","0","0","1","0","0","","0","0","0","09","","1","","0","","40 20:36.404","","0","79 58:11.667","8","0","0","0","2403","0","0","0","N","0","0","0","6","02403","0","","1.0","","9","N","N","","0","","0","0","0","3","2","","0929","2","1","0","0","0","1","0","2","0","2","","","","N","","","","","","","","","",""
"2012096776","","3","0","0","0","0","0","0","0","0","4","0","","02","9","2012","7","40.439585","-80.005091","1906","11","0","0","0","0","0","0","1","0","","0","0","0","19","","1","","1","","40 26:22.506","","0","80 00:18.329","4","0","0","0","2301","0","0","0","N","0","0","0","3","02301","1","","1.0","","1","N","N","","0","","0","0","0","3","2","","1905","3","1","0","0","0","0","0","2","0","3","","","","N","","","","","","","","","",""
"2012098052","","2","0","0","0","0","0","0","0","0","4","0","","02","10","2012","3","40.450559","-79.93008","1353","11","0","0","0","0","0","0","1","0","","0","0","0","13","","0","","1","","40 27:02.012","","0","79 55:48.288","0","0","0","0","2301","0","0","0","N","0","0","0","2","02301","0","","1.0","","1","N","N","","0","","0","0","0","3","3","","1350","2","0","0","0","0","0","0","2","0","2","","","","N","","","","","","","","","",""
"2012097514","","0","0","0","0","0","0","0","0","0","7","0","","02","8","2012","3","40.439399","-80.010263","2101","11","0","0","0","0","0","0","0","0","1","0","0","0","21","","0","","7","","40 26:21.837","3","3","80 00:36.946","0","0","0","0","2301","0","0","0","N","0","0","0","1","68B03","0","","2.0","","1","N","N","","0","","0","0","1","0","0","N","2130","1","0","0","0","0","0","0","2","0","1","","","","N","","","","","","","","","",""
"2012097515","","0","0","0","0","0","0","0","0","0","7","0","","02","9","2012","5","40.442403","-79.821261","1700","11","0","0","0","0","0","0","0","0","1","0","0","0","16","","1","","0","","40 26:32.652","4","0","79 49:16.539","4","0","0","0","2113","0","0","0","N","0","0","0","2","68B03","1","","4.0","","9","N","N","","1","","0","0","0","0","0","N","1638","1","1","0","0","0","0","0","2","0","1","","","","N","","","","","","","","","",""
"2012127719","","1","0","0","0","0","0","0","0","0","5","0","","02","12","2012","3","40.432121","-80.052454","1501","11","0","0","0","0","0","0","0","0","","0","0","0","14","","0","","0","","40 25:55.636","","0","80 03:08.836","0","0","0","0","2301","0","0","0","N","0","0","0","2","02301","0","","1.0","","9","N","N","","0","","0","0","1","0","0","","1455","2","0","0","0","0","0","0","2","0","2","","","","N","","","","","","","","","",""
"2012097597","","1","0","0","0","0","0","0","0","0","4","0","","02","9","2012","4","40.540872","-80.036029","0852","11","0","0","0","0","0","0","0","0","1","0","0","0","08","","2","","1","","40 32:27.139","5","0","80 02:09.705","4","0","0","0","2116","0","0","0","N","0","0","0","3","02116","1","","1.0","","9","N","N","","0","","0","0","1","3","2","Y","0852","2","2","0","0","0","1","1","2","0","2","","","","N","","","","","","","","","",""
"2012126838","","1","0","0","0","0","0","0","0","0","1","0","","02","12","2012","7","40.347627","-79.83256","2211","11","0","0","0","0","0","1","0","0","1","0","0","0","22","","1","","1","","40 20:51.457","2","0","79 49:57.216","8","0","0","0","2304","0","0","0","N","0","0","0","2","02304","0","","1.0","","9","N","N","","1","","0","0","0","3","2","N","2211","2","1","0","0","0","1","0","2","0","2","","","","N","","","","","","","","","",""
"2012126915","","1","0","0","0","0","0","0","0","0","7","0","","02","12","2012","6","40.505745","-79.988623","1358","11","0","0","0","0","0","0","0","0","1","0","0","0","13","","2","","0","","40 30:20.682","6","0","79 59:19.042","3","0","0","0","2116","0","0","0","N","0","0","0","3","02116","1","","5.0","","1","N","N","","0","","1","0","0","0","0","Y","1358","1","2","3","0","0","0","0","2","0","1","","","","N","","","","","","","","","",""
"2012097598","","2","0","0","0","0","0","0","0","0","1","0","","02","10","2012","3","40.514878","-79.744802","0718","11","0","1","0","0","0","0","0","0","","0","0","0","07","","0","","0","","40 30:53.560","","0","79 44:41.287","0","0","0","0","2466","0","0","0","N","0","0","0","1","02466","0","","1.0","","9","N","N","","0","","0","0","0","0","0","","0715","2","0","0","0","0","0","0","2","0","2","","","","N","","","","","","","","","",""
"2012128333","","0","0","0","0","0","0","0","0","0","7","1","","02","12","2012","3","40.588325","-79.885834","2225","11","0","0","0","0","0","0","0","0","6","0","1","0","22","","0","","0","","40 35:17.971","3","0","79 53:09.004","0","0","0","0","2209","0","0","0","N","0","0","0","1","02209","0","","2.0","","1","N","N","","0","","0","0","0","0","0","Y","2225","1","0","0","0","0","0","0","1","0","1","","","","N","","","","","","","","","",""
"2012126140","","2","0","0","0","0","0","0","0","0","4","0","","02","12","2012","5","40.440947","-80.034735","1714","11","0","0","0","0","0","0","0","0","3","0","0","0","17","","1","","1","","40 26:27.410","7","0","80 02:05.045","8","0","0","0","2301","0","0","0","N","0","0","0","6","02301","0","","1.0","","1","N","N","","0","","0","0","0","3","1","Y","1710","3","1","0","0","0","1","0","2","0","3","","","","N","","","","","","","","","",""
"2012126215","","2","0","0","0","0","0","0","0","0","4","0","55","02","11","2012","3","40.427656","-79.924419","2010","11","0","0","0","0","0","0","0","0","2","0","0","0","20","","2","","0","","40 25:39.561","3","4","79 55:27.907","4","0","0","0","2301","0","0","0","N","0","0","0","3","68B03","2","","1.0","","1","N","N","","0","","0","0","0","0","0","N","2010","2","2","1","0","0","0","0","2","0","2","","","N","Y","4","1","N","N","N","N","N","N","Y",""
"2012128334","","2","0","0","0","0","0","0","0","0","1","0","","02","12","2012","1","40.304346","-80.03057","1601","11","0","0","0","1","0","0","0","0","1","0","0","0","16","","0","","2","","40 18:15.644","5","0","80 01:50.052","0","0","0","0","2407","0","0","0","N","0","0","0","2","02407","0","","1.0","","1","N","N","","0","","0","0","0","0","0","N","1601","2","0","0","0","0","0","0","2","0","2","","","","N","","","","","","","","","",""
"2012126216","","2","0","0","0","0","0","0","0","0","1","0","","02","12","2012","5","40.429096","-80.029503","1805","11","0","0","0","0","0","0","0","0","","0","0","0","17","","1","","0","","40 25:44.747","","0","80 01:46.211","8","0","0","0","2301","0","0","0","N","0","0","0","2","68B03","0","","1.0","","1","N","N","","0","","0","0","0","0","0","","1757","2","1","0","0","0","1","0","2","0","2","","","","N","","","","","","","","","",""
"2012096910","","2","0","0","0","0","0","0","0","0","4","0","","02","9","2012","3","40.367373","-79.818574","1457","11","0","0","0","0","0","1","0","1","2","0","0","0","14","","2","","2","","40 22:02.544","2","0","79 49:06.866","3","0","0","0","2111","0","0","0","N","0","0","0","2","02111","1","","1.0","","1","N","N","","0","","1","0","0","0","0","N","1454","2","2","0","0","0","0","0","2","0","2","","","","N","","","","","","","","","",""
"2012126841","","2","0","0","0","0","0","0","0","0","4","0","","02","12","2012","7","40.437428","-79.979527","2319","11","0","0","0","0","0","0","0","0","","0","0","0","23","","0","","1","","40 26:14.740","","0","79 58:46.297","0","0","0","0","2301","0","0","0","N","0","0","0","4","02301","0","","1.0","","1","N","N","","0","","0","0","0","3","3","","2319","2","0","0","0","0","0","0","2","0","2","","","","N","","","","","","","","","",""
"2012126217","","1","0","0","0","0","0","0","0","0","1","1","","02","12","2012","6","40.441554","-80.157834","1509","11","0","0","0","0","1","1","0","0","","0","1","0","15","","0","","0","","40 26:29.596","","0","80 09:28.202","0","0","0","0","2115","0","0","0","N","0","0","0","2","68B03","0","","1.0","","9","N","N","","0","","0","0","0","0","0","","1508","2","0","0","0","0","0","0","2","0","2","","","","N","","","","","","","","","",""
"2012127648","","2","0","0","0","0","0","0","0","0","1","0","","02","12","2012","3","40.421891","-80.004197","0855","11","0","0","0","0","0","0","0","0","","0","0","0","08","","1","","0","","40 25:18.809","","4","80 00:15.110","4","0","0","0","2301","0","0","0","N","0","0","0","2","02301","1","","1.0","","9","N","N","","0","","0","0","0","0","0","","0854","2","1","0","0","0","0","0","2","0","2","","","","N","","","","","","","","","",""
"2012127724","","0","0","0","0","0","0","0","0","0","7","0","","02","12","2012","3","40.596016","-80.143803","1349","11","0","0","0","0","0","0","0","0","","0","0","0","13","","0","","0","","40 35:45.656","","0","80 08:37.692","0","0","0","0","2481","0","0","0","N","0","0","0","1","02481","0","","5.0","","9","N","N","","1","","0","0","0","0","0","","1347","1","0","1","0","0","0","0","1","0","1","","","","N","","","","","","","","","",""
"2012128469","","1","0","0","0","0","0","0","0","0","99","0","","02","12","2012","1","40.59419","-79.903427","0325","11","0","0","0","0","0","0","0","0","","0","0","0","03","","0","","0","","40 35:39.085","","0","79 54:12.336","0","0","0","0","2209","0","0","0","N","0","0","0","1","68T02","0","","1.0","","1","N","N","","0","","0","0","0","0","0","","0321","1","0","0","0","0","0","0","1","0","1","","","","N","","","","","","","","","",""
"2012126218","","2","0","0","0","0","0","0","0","0","1","0","","02","12","2012","6","40.464151","-79.999551","1800","11","0","0","0","0","0","0","0","0","","0","0","0","17","","0","","0","","40 27:50.944","","0","79 59:58.383","0","0","0","0","2301","0","0","0","N","0","0","0","2","68B03","0","","1.0","","9","N","N","","0","","0","0","0","0","0","","1759","2","0","0","0","0","0","0","2","0","2","","","","N","","","","","","","","","",""
"2012096846","","1","0","0","0","0","0","0","0","0","7","0","","02","9","2012","7","40.62384","-80.094705","0748","11","0","0","0","0","0","0","0","0","2","0","0","0","07","","0","","0","","40 37:25.824","5","0","80 05:40.937","0","0","0","0","2212","0","0","0","N","0","0","0","1","02505","0","","2.0","","1","N","N","","0","","0","0","0","0","0","N","0746","1","0","0","0","0","0","0","2","0","1","","","","N","","","","","","","","","",""
"2012127649","","2","0","0","0","0","0","0","0","0","4","0","","02","12","2012","2","40.589885","-80.202502","1125","11","0","0","0","0","0","1","0","0","1","0","0","0","11","","0","","2","","40 35:23.587","4","0","80 12:09.006","0","0","0","0","2480","0","0","0","N","0","0","0","2","02480","0","","1.0","","1","N","N","","0","","0","0","0","3","3","N","1125","2","0","2","0","0","0","0","2","0","2","","","","N","","","","","","","","","",""
"2012126157","","1","0","0","0","0","0","0","0","0","1","0","","02","12","2012","5","40.543108","-80.028363","1830","11","0","0","0","0","0","0","1","1","","0","0","0","99","","2","","0","","40 32:35.189","","0","80 01:42.106","8","0","0","0","2118","0","0","0","N","0","0","0","4","02118","0","","1.0","","1","N","N","","1","","0","0","0","0","0","","9999","3","2","0","0","0","2","0","2","1","3","","","","N","","","","","","","","","",""
"2012126921","","1","0","0","0","0","0","0","0","0","4","0","","02","12","2012","7","40.55268","-80.037959","2212","11","0","0","0","0","0","0","1","0","1","0","0","0","22","","2","","0","","40 33:09.647","2","0","80 02:16.652","4","0","0","0","2116","0","0","0","N","0","0","0","3","02116","2","","1.0","","1","N","N","","1","","0","0","0","0","0","N","2212","2","2","0","0","0","0","0","2","0","2","","","","N","","","","","","","","","",""
"2012128470","","1","0","0","0","0","0","0","0","0","7","0","","02","12","2012","2","40.655303","-80.071857","1843","11","0","0","0","0","0","0","0","0","1","0","0","0","18","","0","","0","","40 39:19.092","4","5","80 04:18.686","0","0","0","0","2212","0","0","0","N","0","0","0","1","68T02","0","","5.0","","9","N","N","","0","","0","0","0","3","2","N","1840","1","0","1","0","0","0","0","2","0","1","","","","N","","","","","","","","","",""
"2012126219","","1","0","0","0","0","0","0","0","0","4","0","45","02","12","2012","7","40.439556","-79.860828","1143","11","0","0","0","0","0","1","0","0","","0","0","0","11","","1","","0","","40 26:22.400","","0","79 51:38.980","8","0","0","0","2419","0","0","0","N","0","0","0","2","68B03","0","","1.0","","1","N","N","","0","","0","0","1","0","0","","1130","2","1","0","0","0","1","0","2","0","2","","","Y","Y","2","2","N","N","N","Y","Y","N","Y",""
"2012126158","","1","0","0","0","0","0","0","0","0","8","0","","02","12","2012","5","40.462819","-79.957327","2022","11","0","0","0","0","0","0","0","0","","0","0","0","20","","1","","1","","40 27:46.148","","0","79 57:26.377","8","0","0","0","2301","1","0","0","N","1","0","0","2","02301","0","","1.0","","1","N","N","","0","","0","0","0","3","2","","2022","2","1","0","0","0","1","0","2","0","1","","","","N","","","","","","","","","",""
"2012128471","","1","0","0","0","0","0","0","0","0","7","0","","02","12","2012","2","40.462502","-79.760771","2030","11","0","0","0","0","0","0","0","0","","0","0","0","20","","0","","0","","40 27:45.008","","0","79 45:38.775","0","0","0","0","2466","0","0","0","N","0","0","0","1","68T02","0","","3.0","","9","N","N","","0","","0","0","0","0","0","","2030","1","0","0","0","0","0","0","2","0","1","","","","N","","","","","","","","","",""
"2012126220","","2","0","0","0","0","0","0","0","0","1","0","","02","12","2012","4","40.444277","-80.009162","1523","11","0","0","1","0","0","1","0","0","2","0","0","0","15","","1","","0","","40 26:39.398","1","3","80 00:32.982","4","0","0","0","2301","0","0","0","N","0","0","0","4","68B03","1","","1.0","","1","N","N","","0","","0","0","1","0","0","N","1523","3","1","0","0","0","0","0","2","0","3","","","","N","","","","","","","","","",""
"2012128537","","1","0","0","0","0","0","0","0","0","7","0","","02","12","2012","5","40.411009","-79.955527","0034","11","0","0","0","0","0","0","0","0","1","0","0","0","00","","0","","0","","40 24:39.633","4","0","79 57:19.897","0","0","0","0","2301","0","0","0","N","0","0","0","2","02301","0","","2.0","","1","N","N","","0","","0","0","0","0","0","N","0032","1","0","0","0","0","0","0","2","0","1","","","","N","","","","","","","","","",""
"2012126160","","0","0","0","0","0","0","0","0","0","5","0","15","02","12","2012","5","40.455518","-79.992714","2120","11","0","0","0","0","0","2","0","0","1","0","0","0","21","","0","","0","","40 27:19.864","2","0","79 59:33.770","0","0","0","0","2301","0","0","0","N","0","0","0","2","02301","0","","1.0","","1","N","N","","0","","0","0","2","0","0","N","2110","2","0","0","0","0","0","0","2","0","2","","","Y","Y","3","1","","","N","Y","","","",""
"2012126221","","2","0","0","0","0","0","0","0","0","1","0","","02","12","2012","4","40.477388","-80.007454","1835","11","0","0","0","0","0","0","0","0","","0","0","0","18","","0","","0","","40 28:38.595","","0","80 00:26.833","0","0","0","0","2301","0","0","0","N","0","0","0","3","68B03","0","","1.0","","1","N","N","","0","","0","0","0","0","0","","1835","2","0","0","0","0","0","0","2","0","2","","","","N","","","","","","","","","",""
"2012127729","","2","0","0","0","0","0","0","0","0","4","0","","02","12","2012","2","40.372988","-79.792768","1443","11","0","1","0","0","0","0","0","1","2","0","0","0","14","","0","","2","","40 22:22.756","6","0","79 47:33.966","0","0","0","0","2111","0","0","0","N","0","0","0","3","02111","0","","1.0","","9","N","N","","0","","0","0","0","3","3","N","1442","2","0","0","0","0","0","0","2","0","2","","","","N","","","","","","","","","",""
"2012097623","","2","0","0","0","0","0","0","0","0","1","0","","02","10","2012","3","40.411014","-80.005933","0933","11","0","0","0","0","0","0","0","0","1","0","0","0","09","","1","","2","","40 24:39.651","1","0","80 00:21.360","8","0","0","0","2301","0","0","0","N","0","0","0","3","02301","0","","1.0","","9","N","N","","0","","0","0","0","3","2","N","0930","2","1","0","0","0","1","1","2","0","2","","","","N","","","","","","","","","",""
"2012126849","","2","0","0","0","0","0","0","0","0","4","0","","02","12","2012","1","40.455584","-79.966241","0205","11","0","0","0","0","0","0","0","0","","0","0","0","02","","0","","1","","40 27:20.104","","0","79 57:58.469","0","0","0","0","2301","0","0","0","N","0","0","0","3","02301","0","","1.0","","1","N","N","","0","","0","0","0","3","2","","0200","2","0","0","0","0","0","0","2","0","2","","","","N","","","","","","","","","",""
"2012096866","","3","0","0","0","0","0","0","0","0","1","0","","02","9","2012","7","40.382956","-79.808406","2028","11","0","0","0","0","1","0","1","0","1","0","0","0","20","","2","","0","","40 22:58.641","5","0","79 48:30.261","3","0","0","0","2424","0","0","0","N","0","0","0","5","02424","1","","1.0","","1","N","N","","1","","1","0","0","0","0","Y","2027","4","2","0","0","0","0","0","2","0","4","","","","N","","","","","","","","","",""
"2012126850","","2","0","0","0","0","0","0","0","0","5","0","","02","12","2012","1","40.437737","-79.986557","0125","11","0","0","1","0","0","0","0","0","","0","0","0","01","","0","","1","","40 26:15.853","","0","79 59:11.605","0","0","0","0","2301","0","0","0","N","0","0","0","3","02301","0","","1.0","","1","N","N","","0","","0","0","0","3","1","","0120","2","0","0","0","0","0","0","2","0","2","","","","N","","","","","","","","","",""
"2012126862","","1","0","0","0","0","0","0","0","0","7","0","","02","12","2012","6","40.543504","-79.807744","0036","11","0","0","0","0","0","0","0","0","1","0","0","0","00","","0","","10","","40 32:36.614","3","0","79 48:27.878","0","0","0","0","2208","0","0","0","N","0","0","0","1","02208","0","","5.0","","1","N","N","","0","","0","0","0","0","0","N","0036","1","0","0","0","0","0","0","2","0","1","","","","N","","","","","","","","","",""
"2012126927","","2","0","0","0","0","0","0","0","0","4","0","","02","12","2012","1","40.438938","-79.765205","1253","11","0","0","0","0","0","0","0","0","1","0","0","0","12","","1","","0","","40 26:20.176","4","0","79 45:54.739","4","0","0","0","2446","0","0","0","N","0","0","0","5","02446","1","","1.0","","1","N","N","","0","","0","0","0","0","0","N","1253","2","1","0","0","0","0","0","2","0","2","","","","N","","","","","","","","","",""
"2012127731","","2","0","0","0","0","0","0","0","0","4","0","","02","12","2012","3","40.46678","-80.034164","1515","11","0","0","0","0","0","1","0","0","2","0","0","0","15","","1","","10","","40 28:00.408","1","0","80 02:02.990","8","0","0","0","2301","0","0","0","N","0","0","0","3","02301","0","","1.0","","1","N","N","","0","","0","0","0","0","0","Y","1515","2","1","0","0","0","1","0","2","0","2","","","","N","","","","","","","","","",""
"2012096867","","2","0","0","0","0","0","0","0","0","1","0","","02","9","2012","5","40.578061","-79.953778","0725","11","0","0","0","0","0","0","0","0","1","0","0","0","07","","1","","2","","40 34:41.021","5","0","79 57:13.600","8","0","0","0","2207","0","0","0","N","0","0","0","3","02207","0","","1.0","","1","N","N","","0","","0","0","1","0","0","N","0725","3","1","0","0","0","1","0","2","0","3","","","","N","","","","","","","","","",""
"2012127732","","1","0","0","0","0","0","0","0","0","6","0","","02","12","2012","3","40.342761","-79.97454","1153","11","0","0","0","0","0","1","0","1","1","0","0","0","11","","1","","2","","40 20:33.939","1","0","79 58:28.344","4","0","0","0","2403","0","0","0","N","0","0","0","3","02403","1","","1.0","","9","N","N","","1","","0","0","0","3","3","N","1153","2","1","0","0","0","0","0","2","0","2","","","","N","","","","","","","","","",""
"2012127669","","1","0","0","0","0","0","0","0","0","4","0","","02","12","2012","3","40.449706","-80.025099","0849","11","0","0","0","0","0","1","0","0","1","0","0","0","08","","2","","1","","40 26:58.940","1","2","80 01:30.356","8","0","0","0","2301","0","0","0","N","0","0","0","5","02301","0","","1.0","","9","N","N","","0","","0","0","0","3","2","N","0845","2","2","0","0","0","2","0","2","0","2","","","","N","","","","","","","","","",""
"2012128478","","0","0","0","0","0","0","0","0","0","2","0","","02","12","2012","3","40.545879","-80.035992","1807","11","0","0","0","1","0","1","0","0","2","0","0","0","18","","1","","2","","40 32:45.165","1","0","80 02:09.570","8","0","0","0","2116","0","0","0","N","0","0","0","2","02116","0","","1.0","","1","N","N","","1","","0","0","1","0","0","N","1806","2","1","0","0","0","1","0","2","0","2","","","","N","","","","","","","","","",""
"2012127135","","1","0","0","0","0","0","0","0","0","4","0","","02","12","2012","7","40.434215","-79.96479","1515","11","0","0","0","0","0","0","0","0","2","0","0","0","15","","0","","0","","40 26:03.174","3","0","79 57:53.245","0","0","0","0","2301","0","0","0","N","0","0","0","2","68B03","0","","1.0","","1","N","N","","0","","0","0","1","0","0","N","1510","2","0","0","0","0","0","0","2","0","2","","","","N","","","","","","","","","",""
"2012126853","","1","0","0","0","0","0","0","0","0","5","1","","02","12","2012","3","40.427089","-79.967117","1911","11","0","0","0","0","1","1","0","0","","0","1","0","19","","0","","1","","40 25:37.519","","0","79 58:01.620","0","0","0","0","2301","0","0","0","N","0","0","0","2","02301","0","","1.0","","9","N","N","","0","","0","0","0","3","2","","1900","2","0","0","0","0","0","0","2","0","2","","","","N","","","","","","","","","",""
"2012126305","","2","0","0","0","0","0","0","0","0","4","0","","02","12","2012","5","40.590305","-79.948233","0740","11","0","0","0","0","0","2","0","0","","0","0","0","07","","0","","2","","40 35:25.098","","0","79 56:53.639","0","0","0","0","2207","0","0","0","N","0","0","0","2","02207","0","","1.0","","1","N","N","","0","","0","0","0","3","2","","0740","2","0","0","0","0","0","0","2","0","2","","","","N","","","","","","","","","",""
"2012097696","","2","0","0","0","0","0","0","0","0","4","0","","02","10","2012","3","40.398971","-80.025229","1412","11","0","0","0","0","0","1","1","0","","0","0","0","14","","0","","0","","40 23:56.294","","0","80 01:30.826","0","0","0","0","2301","0","0","0","N","0","0","0","2","02301","0","","1.0","","1","N","N","","0","","0","0","0","0","0","","1421","2","0","1","0","0","0","0","2","0","2","","","","N","","","","","","","","","",""
"2012126854","","2","0","0","0","0","0","0","0","0","4","0","","02","12","2012","7","40.463723","-80.020439","2355","11","0","0","0","0","0","0","0","0","","0","0","0","23","","1","","0","","40 27:49.402","","0","80 01:13.580","4","0","0","0","2301","0","0","0","N","0","0","0","1","02301","1","","1.0","","9","N","N","","0","","0","0","0","0","0","","2355","2","1","0","0","0","0","0","2","0","2","","","","N","","","","","","","","","",""
"2012128493","","1","0","0","0","0","0","0","0","0","1","0","","02","12","2012","4","40.549973","-80.197435","1500","11","0","0","0","0","0","0","0","1","","0","0","0","15","","2","","0","","40 32:59.902","","0","80 11:50.767","8","0","0","0","2427","0","0","0","N","0","0","0","2","02427","0","","1.0","","1","N","N","","0","","0","0","0","0","0","","1500","2","2","0","0","0","2","0","2","1","2","","","","N","","","","","","","","","",""
"2012126855","","1","0","0","0","0","0","0","0","0","1","0","","02","12","2012","1","40.503299","-79.839441","0204","11","0","0","0","0","0","0","0","0","3","0","0","0","01","","1","","0","","40 30:11.876","6","0","79 50:21.987","4","0","0","0","2113","0","0","0","N","0","0","0","2","02113","1","","2.0","","1","N","N","","0","","0","0","1","0","0","N","0155","2","1","2","0","0","0","0","2","0","2","","","","N","","","","","","","","","",""
"2012127737","","1","0","0","0","0","0","0","0","0","1","0","","02","12","2012","1","40.466188","-79.826144","0212","11","0","0","0","0","0","0","0","0","2","0","0","0","02","","0","","1","","40 27:58.276","4","0","79 49:34.119","0","0","0","0","2113","0","0","0","N","0","0","0","3","02113","0","","1.0","","1","N","N","","0","","0","0","1","3","2","N","0210","2","0","0","0","0","0","0","2","0","2","","","","N","","","","","","","","","",""
"2012128494","","0","0","0","0","0","0","0","0","0","8","0","","02","12","2012","7","40.39626","-79.821249","1842","11","0","0","0","0","0","1","0","0","","0","0","0","18","","1","","0","","40 23:46.537","","0","79 49:16.497","8","0","0","0","2111","1","0","0","N","1","0","0","2","02111","0","","2.0","","1","N","N","","0","","0","0","0","0","0","","1838","2","1","0","0","0","1","0","2","1","1","","","","N","","","","","","","","","",""
"2012126856","","1","0","0","0","0","0","0","0","0","7","0","","02","12","2012","7","40.41324","-79.871072","2353","11","0","0","0","0","0","0","0","0","","0","0","0","23","","0","","2","","40 24:47.664","","0","79 52:15.859","0","0","0","0","2463","0","0","0","N","0","0","0","1","02463","0","","5.0","","1","N","N","","0","","0","0","0","3","3","","2342","1","0","0","0","0","0","0","2","0","1","","","","N","","","","","","","","","",""
"2012126170","","0","0","0","0","0","0","0","0","0","8","0","","02","12","2012","5","40.395939","-80.023056","2209","11","0","0","0","0","0","1","0","0","","0","0","0","22","","1","","0","","40 23:45.380","","0","80 01:23.001","4","0","0","0","2301","1","0","0","N","1","0","0","2","02301","1","","1.0","","1","N","N","","0","","0","0","0","0","0","","2208","2","1","0","0","0","0","1","2","0","1","","","","N","","","","","","","","","",""
"2012096874","","3","0","0","0","0","0","0","0","0","1","0","","02","9","2012","1","40.486982","-79.916261","1241","11","0","1","0","0","0","1","0","1","2","0","0","0","12","","2","","3","","40 29:13.134","4","2","79 54:58.539","8","0","0","0","2301","0","0","0","N","0","0","0","5","02301","0","","1.0","","1","N","N","","0","","0","0","0","0","0","N","1241","3","2","0","0","0","2","0","2","0","3","","","","N","","","","","","","","","",""