"CRN","ARRIVAL_TM","AUTOMOBILE_COUNT","BELTED_DEATH_COUNT","BELTED_SUSP_SERIOUS_INJ_COUNT","BICYCLE_COUNT","BICYCLE_DEATH_COUNT","BICYCLE_SUSP_SERIOUS_INJ_COUNT","BUS_COUNT","CHLDPAS_DEATH_COUNT","CHLDPAS_SUSP_SERIOUS_INJ_COUNT","COLLISION_TYPE","COMM_VEH_COUNT","CONS_ZONE_SPD_LIM","COUNTY","CRASH_MONTH","CRASH_YEAR","DAY_OF_WEEK","DEC_LATITUDE","DEC_LONGITUDE","DISPATCH_TM","DISTRICT","DRIVER_COUNT_16YR","DRIVER_COUNT_17YR","DRIVER_COUNT_18YR","DRIVER_COUNT_19YR","DRIVER_COUNT_20YR","DRIVER_COUNT_50_64YR","DRIVER_COUNT_65_74YR","DRIVER_COUNT_75PLUS","EST_HRS_CLOSED","FATAL_COUNT","HEAVY_TRUCK_COUNT","HORSE_BUGGY_COUNT","HOUR_OF_DAY","ILLUMINATION","INJURY_COUNT","INTERSECTION_RELATED","INTERSECT_TYPE","LANE_CLOSED","LATITUDE","LN_CLOSE_DIR","LOCATION_TYPE","LONGITUDE","MAX_SEVERITY_LEVEL","MCYCLE_DEATH_COUNT","MCYCLE_SUSP_SERIOUS_INJ_COUNT","MOTORCYCLE_COUNT","MUNICIPALITY","NONMOTR_COUNT","NONMOTR_DEATH_COUNT","NONMOTR_SUSP_SERIOUS_INJ_COUNT","NTFY_HIWY_MAINT","PED_COUNT","PED_DEATH_COUNT","PED_SUSP_SERIOUS_INJ_COUNT","PERSON_COUNT","POLICE_AGCY","POSSIBLE_INJ_COUNT","RDWY_SURF_TYPE_CD","RELATION_TO_ROAD","ROADWAY_CLEARED","ROAD_CONDITION","SCH_BUS_IND","SCH_ZONE_IND","SECONDARY_CRASH","SMALL_TRUCK_COUNT","SPEC_JURIS_CD","SUSP_MINOR_INJ_COUNT","SUSP_SERIOUS_INJ_COUNT","SUV_COUNT","TCD_FUNC_CD","TCD_TYPE","TFC_DETOUR_IND","TIME_OF_DAY","TOTAL_UNITS","TOT_INJ_COUNT","UNBELTED_OCC_COUNT","UNB_DEATH_COUNT","UNB_SUSP_SERIOUS_INJ_COUNT","UNK_INJ_DEG_COUNT","UNK_INJ_PER_COUNT","URBAN_RURAL","VAN_COUNT","VEHICLE_COUNT","WEATHER1","WEATHER2","WORKERS_PRES","WORK_ZONE_IND","WORK_ZONE_LOC","WORK_ZONE_TYPE","WZ_CLOSE_DETOUR","WZ_FLAGGER","WZ_LAW_OFFCR_IND","WZ_LN_CLOSURE","WZ_MOVING","WZ_OTHER","WZ_SHLDER_MDN","WZ_WORKERS_INJ_KILLED"
"2012127675","","3","0","0","0","0","0","0","0","0","1","0","","02","12","2012","3","40.660728","-79.983451","0649","11","1","1","0","0","0","1","0","0","2","0","0","0","06","","1","","0","","40 39:38.619","4","0","79 59:00.422","8","0","0","0","2217","0","0","0","N","0","0","0","6","02505","0","","1.0","","9","N","N","","0","","0","0","0","0","0","N","0649","3","1","0","0","0","1","0","1","0","3","","","","N","","","","","","","","","",""
"2012126934","","1","0","0","0","0","0","0","0","0","2","0","","02","12","2012","6","40.628675","-79.941671","1758","11","0","0","0","0","0","2","0","0","2","0","0","0","17","","2","","0","","40 37:43.230","1","0","79 56:30.017","8","0","0","0","2217","0","0","0","N","0","0","0","7","02505","0","","1.0","","1","N","N","","1","","0","0","1","0","0","Y","1758","3","2","0","0","0","2","0","2","0","3","","","","N","","","","","","","","","",""
"2012128483","","1","0","0","0","0","0","0","0","0","7","0","","02","12","2012","4","40.365626","-79.8453","1830","11","0","0","0","0","0","0","0","0","","0","0","0","16","","0","","2","","40 21:56.253","","0","79 50:43.080","0","0","0","0","2303","0","0","0","N","0","0","0","0","02303","0","","5.0","","1","N","N","","0","","0","0","0","0","0","","1630","1","0","0","0","0","0","0","2","0","1","","","","N","","","","","","","","","",""
"2012128497","","2","0","0","0","0","0","0","0","0","1","0","","02","12","2012","4","40.642174","-79.938472","1032","11","0","0","0","0","0","0","1","1","1","0","0","0","10","","1","","1","","40 38:31.825","2","0","79 56:18.498","4","0","0","0","2217","0","0","0","N","0","0","0","3","02505","1","","1.0","","1","N","N","","0","","0","0","0","3","2","N","1032","2","1","0","0","0","0","0","2","0","2","","","","N","","","","","","","","","",""
"2012126870","","1","0","0","0","0","0","0","0","0","1","0","","02","12","2012","5","40.376349","-80.067603","1428","11","0","0","0","0","0","0","0","1","2","0","0","0","14","","1","","0","","40 22:34.856","3","0","80 04:03.370","4","0","0","0","2109","0","0","0","N","0","0","0","4","02109","1","","1.0","","1","N","N","","0","","0","0","1","0","0","N","1425","2","1","0","0","0","0","0","2","0","2","","","","N","","","","","","","","","",""
"2012126172","","0","0","0","0","0","0","0","0","0","4","0","","02","12","2012","5","40.615681","-80.094185","1830","11","0","0","0","0","0","0","1","0","","0","0","0","18","","0","","1","","40 36:56.450","","0","80 05:39.065","0","0","0","0","2481","0","0","0","N","0","0","0","2","02481","0","","1.0","","1","N","N","","0","","0","0","1","3","2","","1828","2","0","0","0","0","0","0","2","1","2","","","","N","","","","","","","","","",""
"2012128484","","1","0","0","0","0","0","0","0","0","4","0","","02","12","2012","4","40.468972","-79.962613","1753","11","0","0","0","0","0","0","0","0","","0","0","0","17","","0","","0","","40 28:08.299","","0","79 57:45.406","0","0","0","0","2301","0","0","0","N","0","0","0","2","02301","0","","1.0","","1","N","N","","1","","0","0","0","0","0","","1748","2","0","0","0","0","0","0","2","0","2","","","","N","","","","","","","","","",""
"2012126173","","0","0","0","0","0","0","0","0","0","7","0","","02","12","2012","2","40.432016","-79.959271","0600","11","0","0","0","0","0","0","0","0","","0","0","0","05","","0","","0","","40 25:55.258","","0","79 57:33.377","0","0","0","0","2301","0","0","0","N","0","0","0","1","02301","0","","5.0","","9","N","N","","0","","0","0","1","3","8","","0555","1","0","0","0","0","0","0","2","0","1","","","","N","","","","","","","","","",""
"2012128499","","1","0","0","0","0","0","0","0","0","8","0","","02","12","2012","4","40.497138","-80.057076","1825","11","0","0","0","0","0","0","1","0","1","0","0","0","18","","1","","0","","40 29:49.696","1","0","80 03:25.473","8","0","0","0","2404","1","0","0","N","1","0","0","2","02404","0","","1.0","","1","N","N","","0","","0","0","0","0","0","Y","1822","2","1","0","0","0","1","0","2","0","1","","","","N","","","","","","","","","",""
"2012097636","","1","0","0","0","0","0","0","0","0","7","0","","02","10","2012","3","40.35196","-80.049836","0805","11","0","0","0","0","0","0","0","0","","0","0","0","08","","1","","0","","40 21:07.056","","0","80 02:59.409","4","0","0","0","2109","0","0","0","N","0","0","0","1","02109","1","","5.0","","9","N","N","","0","","0","0","0","0","0","","0800","1","1","0","0","0","0","0","2","0","1","","","","N","","","","","","","","","",""
"2012098390","","1","0","0","0","0","0","0","0","0","5","0","","02","10","2012","4","40.408398","-80.087351","1645","11","0","0","0","0","0","1","0","0","","0","0","0","16","","1","","0","","40 24:30.234","","0","80 05:14.465","4","0","0","1","2415","0","0","0","N","0","0","0","2","02415","1","","1.0","","1","N","N","","0","","0","0","0","0","0","","1640","2","1","0","0","0","0","0","2","0","2","","","","N","","","","","","","","","",""
"2012097637","","1","0","0","0","0","0","0","0","0","7","0","","02","9","2012","1","40.308805","-79.902185","0655","11","0","0","0","0","0","0","0","0","2","0","0","0","06","","0","","0","","40 18:31.697","6","0","79 54:07.866","0","0","0","0","2440","0","0","0","N","0","0","0","1","02440","0","","5.0","","1","N","N","","0","","0","0","0","0","0","Y","0653","1","0","0","0","0","0","0","2","0","1","","","","N","","","","","","","","","",""
"2012127612","","1","0","0","0","0","0","0","0","0","4","0","","02","12","2012","2","40.413406","-79.906711","1254","11","0","0","0","0","0","1","0","0","2","0","0","0","12","","1","","0","","40 24:48.260","7","7","79 54:24.160","4","0","0","0","2438","0","0","0","N","0","0","0","2","02438","1","","1.0","","9","N","N","","0","","0","0","1","3","3","Y","1254","2","1","0","0","0","0","0","2","0","2","","","","N","","","","","","","","","",""
"2012127744","","2","0","0","0","0","0","0","0","0","4","0","","02","12","2012","3","40.613879","-79.947404","1611","11","0","0","0","0","1","0","0","0","","0","0","0","16","","0","","1","","40 36:49.963","","0","79 56:50.656","0","0","0","0","2207","0","0","0","N","0","0","0","2","02207","0","","1.0","","1","N","N","","0","","0","0","0","3","2","","1608","2","0","0","0","0","0","0","2","0","2","","","","N","","","","","","","","","",""
"2012126939","","1","0","0","0","0","0","0","0","0","1","0","","02","12","2012","6","40.630601","-79.972347","0847","11","0","0","0","0","0","1","0","0","","0","0","0","08","","0","","1","","40 37:50.163","","0","79 58:20.448","0","0","0","0","2217","0","0","0","N","0","0","0","3","02505","0","","1.0","","9","N","N","","0","","0","0","2","0","0","","0846","3","0","0","0","0","0","0","2","0","3","","","","N","","","","","","","","","",""
"2012126952","","1","0","0","0","0","0","0","0","0","4","0","","02","12","2012","4","40.535686","-79.970536","2012","11","0","0","0","0","0","0","0","0","","0","0","0","99","","0","","1","","40 32:08.469","","0","79 58:13.931","0","0","0","0","2118","0","0","0","N","0","0","0","2","02118","0","","1.0","","1","N","N","","1","","0","0","0","3","2","","9999","2","0","0","0","0","0","0","2","0","2","","","","N","","","","","","","","","",""
"2012096881","","0","0","0","0","0","0","0","0","0","0","0","","02","9","2012","1","40.504585","-79.812611","1236","11","0","0","0","0","0","1","0","0","","0","0","0","12","","0","","2","","40 30:16.506","","0","79 48:45.399","0","0","0","0","2113","0","0","0","N","0","0","0","1","02113","0","","5.0","","1","N","N","","1","","0","0","0","0","0","","1236","1","0","0","0","0","0","0","2","0","1","","","","N","","","","","","","","","",""
"2012097706","","1","0","0","0","0","0","0","0","0","4","0","","02","10","2012","2","40.448068","-80.162487","1950","11","0","0","1","0","0","1","0","0","2","0","0","0","19","","1","","1","","40 26:53.043","1","0","80 09:44.953","8","0","0","0","2115","0","0","0","N","0","0","0","6","02115","0","","1.0","","1","N","N","","0","","0","0","0","3","2","N","1949","2","1","2","0","0","1","0","2","1","2","","","","N","","","","","","","","","",""
"2012128503","","0","0","0","0","0","0","0","0","0","4","0","35","02","12","2012","4","40.436185","-79.972864","9999","11","0","0","0","0","0","0","0","0","","0","0","0","10","","1","","2","","40 26:10.266","","0","79 58:22.309","4","0","0","0","2301","0","0","0","N","0","0","0","2","02301","1","","1.0","","1","N","N","","0","","0","0","1","3","2","","1015","2","1","0","0","0","0","0","2","1","2","","","Y","Y","5","3","","","Y","Y","","","",""
"2012126876","","0","0","0","0","0","0","0","0","0","0","0","","02","11","2012","3","40.455631","-79.745117","1154","11","0","0","0","1","0","0","0","0","","0","0","0","11","","0","","0","","40 27:20.272","","0","79 44:42.420","0","0","0","0","2446","0","0","0","","0","0","0","1","02446","0","","2.0","","98","","","","1","","0","0","0","0","0","","1154","1","0","0","0","0","0","0","2","0","1","","","","N","","","","","","","","","",""
"2012127682","","1","0","0","0","0","0","0","0","0","1","0","","02","12","2012","2","40.52542","-80.069798","1549","11","0","0","0","0","0","0","0","0","","0","0","0","15","","0","","1","","40 31:31.513","","0","80 04:11.272","0","0","0","0","2215","0","0","0","N","0","0","0","2","02215","0","","1.0","","9","N","N","","1","","0","0","0","3","2","","1540","2","0","0","0","0","0","0","2","0","2","","","","N","","","","","","","","","",""
"2012128490","","1","0","0","0","0","0","0","0","0","4","0","","02","12","2012","5","40.438869","-79.760496","2142","11","0","0","0","0","0","0","0","0","1","0","0","0","21","","3","","1","","40 26:19.929","6","0","79 45:37.786","4","0","0","0","2446","0","0","0","N","0","0","0","3","02446","3","","1.0","","1","N","N","","0","","0","0","0","3","2","N","2142","2","3","0","0","0","0","0","2","1","2","","","","N","","","","","","","","","",""
"2012126954","","1","0","0","0","0","0","0","0","0","7","0","","02","12","2012","1","40.273244","-79.935048","0439","11","0","0","1","0","0","0","0","0","","0","0","0","04","","0","","0","","40 16:23.677","","0","79 56:06.173","0","0","0","0","2440","0","0","0","N","0","0","0","1","02440","0","","5.0","","9","N","N","","0","","0","0","0","0","0","","0435","1","0","0","0","0","0","0","1","0","1","","","","N","","","","","","","","","",""
"2012126877","","0","0","0","0","0","0","0","0","0","4","0","","02","11","2012","3","40.436889","-79.780966","1348","11","0","0","0","0","0","0","0","1","","0","0","0","13","","2","","0","","40 26:12.799","","0","79 46:51.478","3","0","0","0","2446","0","0","0","","0","0","0","4","02446","1","","1.0","","1","","","","0","","1","0","1","0","0","","1348","2","2","0","0","0","0","0","2","1","2","","","","N","","","","","","","","","",""
"2012126955","","2","0","0","0","0","0","0","0","0","1","0","","02","12","2012","2","40.594696","-79.97781","1722","11","0","0","0","0","0","1","0","0","","0","0","0","17","","1","","0","","40 35:40.904","","0","79 58:40.117","8","0","0","0","2207","0","0","0","N","0","0","0","4","02207","0","","1.0","","1","","N","","0","","0","0","1","0","0","","1719","3","1","0","0","0","1","0","2","0","3","","","","N","","","","","","","","","",""
"2012127761","","1","0","0","0","0","0","0","0","0","1","0","","02","12","2012","3","40.446061","-79.850233","1654","11","0","0","0","0","0","0","0","0","","0","0","0","16","","0","","0","","40 26:45.819","","0","79 51:00.838","0","0","0","0","2419","0","0","0","N","0","0","0","2","02419","0","","1.0","","1","N","N","","0","","0","0","1","3","2","","1650","2","0","0","0","0","0","0","2","0","2","","","","N","","","","","","","","","",""
"2012128506","","2","0","0","0","0","0","0","0","0","1","0","","02","12","2012","4","40.44208","-79.760196","1820","11","0","0","0","0","0","2","0","0","","0","0","0","18","","0","","0","","40 26:31.489","","0","79 45:36.704","0","0","0","0","2446","0","0","0","N","0","0","0","2","02446","0","","1.0","","1","N","N","","0","","0","0","0","0","0","","1820","2","0","0","0","0","0","0","2","0","2","","","","N","","","","","","","","","",""
"2012126808","","1","0","0","0","0","0","0","0","0","4","0","","02","12","2012","4","40.600269","-79.760753","1837","11","0","0","0","0","0","2","0","0","1","0","0","0","18","","0","","1","","40 36:00.968","3","0","79 45:38.711","0","0","0","0","2464","0","0","0","N","0","0","0","3","02464","0","","1.0","","1","N","N","","1","","0","0","0","3","2","Y","1836","2","0","0","0","0","0","0","2","0","2","","","","N","","","","","","","","","",""
"2012126878","","0","0","0","0","0","0","0","0","0","2","0","","02","12","2012","6","40.345183","-79.961394","1736","11","0","0","0","0","0","1","0","0","1","0","0","0","17","","0","","0","","40 20:42.660","2","0","79 57:41.020","0","0","0","0","2473","0","0","0","N","0","0","0","2","02473","0","","1.0","","1","N","N","","0","","0","0","1","0","0","N","1736","2","0","0","0","0","0","0","2","1","2","","","","N","","","","","","","","","",""
"2012126944","","2","0","0","0","0","0","0","0","0","4","0","","02","12","2012","1","40.458587","-79.875184","1452","11","0","0","0","0","0","0","1","0","1","0","0","0","14","","0","","2","","40 27:30.913","4","0","79 52:30.663","0","0","0","0","2301","0","0","0","N","0","0","0","2","02301","0","","1.0","","1","N","N","","0","","0","0","0","0","0","Y","1452","2","0","1","0","0","0","0","2","0","2","","","","N","","","","","","","","","",""
"2012126879","","2","0","0","0","0","0","0","0","0","4","0","","02","12","2012","1","40.438869","-79.760496","0725","11","0","0","0","0","0","1","0","0","","0","0","0","07","","0","","1","","40 26:19.929","","0","79 45:37.786","0","0","0","0","2446","0","0","0","N","0","0","0","4","02446","0","","1.0","","1","N","N","","0","","0","0","0","3","2","","0725","2","0","0","0","0","0","0","2","0","2","","","","N","","","","","","","","","",""
"2012127685","","2","0","0","0","0","0","0","0","0","4","0","","02","12","2012","3","40.452824","-79.981496","1122","11","0","0","0","0","0","0","0","0","","0","0","0","11","","1","","1","","40 27:10.166","","0","79 58:53.385","3","0","0","0","2301","0","0","0","N","0","0","0","3","02301","0","","1.0","","9","N","N","","0","","1","0","0","3","3","","1120","2","1","0","0","0","0","0","2","0","2","","","","N","","","","","","","","","",""
"2012126945","","1","0","0","0","0","0","0","0","0","6","0","","02","12","2012","6","40.362737","-79.983378","2247","11","0","0","0","0","1","1","0","0","2","0","0","0","22","","0","","0","","40 21:45.853","5","0","79 59:00.161","0","0","0","0","2413","0","0","0","N","0","0","0","4","02413","0","","1.0","","1","N","N","","0","","0","0","1","0","0","N","2244","2","0","0","0","0","0","0","2","0","2","","","","N","","","","","","","","","",""
"2012126193","","1","0","0","0","0","0","0","0","0","7","0","","02","12","2012","6","40.435263","-79.985396","0218","11","0","0","0","0","0","0","0","0","1","0","0","0","02","","0","","0","","40 26:06.947","3","0","79 59:07.426","0","0","0","0","2301","0","0","0","N","0","0","0","1","02301","0","","3.0","","1","N","N","","0","","0","0","0","0","0","N","0215","2","0","0","0","0","0","0","2","0","1","","","","N","","","","","","","","","",""
"2012097645","","2","0","0","0","0","0","0","0","0","4","0","","02","10","2012","3","40.436869","-79.896442","1151","11","0","0","0","0","0","0","0","0","","0","0","0","11","","0","","1","","40 26:12.728","","0","79 53:47.191","0","0","0","0","2301","0","0","0","N","0","0","0","2","02301","0","","1.0","","1","N","N","","0","","0","0","0","3","3","","1145","2","0","0","0","0","0","0","2","0","2","","","","N","","","","","","","","","",""
"2012127687","","0","0","0","0","0","0","0","0","0","2","0","","02","12","2012","2","40.481114","-79.973284","1905","11","0","0","0","0","0","0","0","0","","0","0","0","19","","0","","1","","40 28:52.010","","0","79 58:23.822","0","0","0","0","2445","0","0","0","","0","0","0","3","02445","0","","1.0","","9","N","","","0","","0","0","3","0","0","","1905","3","0","1","0","0","0","0","2","0","3","","","","N","","","","","","","","","",""
"2012126946","","1","0","0","0","0","0","0","0","0","1","0","","02","12","2012","2","40.385158","-79.825072","1724","11","0","0","0","0","0","2","0","0","","0","0","0","17","","3","","0","","40 23:06.567","","0","79 49:30.259","4","0","0","0","2111","0","0","0","N","0","0","0","7","02111","3","","1.0","","9","N","N","","0","","0","0","2","0","0","","1722","4","3","1","0","0","0","0","2","1","4","","","","N","","","","","","","","","",""
"2012128509","","0","0","0","0","0","0","0","0","0","4","0","","02","12","2012","4","40.437065","-79.771176","1735","11","0","0","0","0","0","1","1","0","","0","0","0","17","","0","","0","","40 26:13.434","","0","79 46:16.233","0","0","0","0","2446","0","0","0","N","0","0","0","6","02446","0","","1.0","","1","N","N","","0","","0","0","0","3","3","","1735","2","0","0","0","0","0","0","2","2","2","","","","N","","","","","","","","","",""
"2012096069","","1","0","0","0","0","0","1","0","0","5","1","","02","9","2012","5","40.404197","-80.03343","1656","11","0","0","0","0","0","0","0","0","1","0","0","0","16","","0","","0","","40 24:15.109","3","0","80 02:00.348","0","0","0","0","2301","0","0","0","N","0","0","0","2","02301","0","","1.0","","9","Y","N","","0","","0","0","0","0","0","N","1654","2","0","0","0","0","0","0","2","0","2","","","","N","","","","","","","","","",""
"2012127765","","1","0","0","0","0","0","0","0","0","7","0","","02","12","2012","5","40.421486","-80.058069","1410","11","0","0","0","1","0","0","0","0","","0","0","0","14","","0","","0","","40 25:17.350","","0","80 03:29.050","0","0","0","0","2435","0","0","0","N","0","0","0","1","02435","0","","5.0","","9","N","N","","0","","0","0","0","0","0","","1410","1","0","0","0","0","0","0","2","0","1","","","","N","","","","","","","","","",""
"2012128510","","1","0","0","0","0","0","0","0","0","1","0","","02","12","2012","4","40.443747","-79.769079","1545","11","0","1","0","0","0","0","1","0","","0","0","0","15","","0","","0","","40 26:37.489","","0","79 46:08.684","0","0","0","0","2446","0","0","0","N","0","0","0","2","02446","0","","1.0","","1","N","N","","1","","0","0","0","0","0","","1545","2","0","0","0","0","0","0","2","0","2","","","","N","","","","","","","","","",""
"2012126058","","1","0","0","0","0","0","0","0","0","1","0","","02","12","2012","4","40.536859","-79.843898","0657","11","0","0","0","0","0","0","0","0","","0","0","0","06","","0","","0","","40 32:12.693","","0","79 50:38.033","9","0","0","0","2208","0","0","0","N","0","0","0","3","68D02","0","","1.0","","1","N","N","","0","","0","0","1","0","0","","0657","2","0","0","0","0","0","2","2","0","2","","","","N","","","","","","","","","",""
"2012126196","","2","0","0","0","0","0","0","0","0","4","0","","02","12","2012","6","40.47763","-79.952264","0239","11","0","0","1","0","0","0","0","0","","0","0","0","02","","1","","2","","40 28:39.468","","0","79 57:08.150","8","0","0","0","2301","0","0","0","N","0","0","0","1","02301","0","","1.0","","1","N","N","","0","","0","0","0","0","0","","0230","2","1","0","0","0","1","0","2","0","2","","","","N","","","","","","","","","",""
"2012126883","","1","0","0","0","0","0","0","0","0","4","0","","02","12","2012","2","40.449156","-79.762252","0645","11","0","0","0","0","0","1","0","0","","0","0","0","06","","0","","1","","40 26:56.961","","0","79 45:44.107","0","0","0","0","2446","0","0","0","","0","0","0","3","02446","0","","1.0","","1","","","","0","","0","0","0","3","3","","0645","2","0","1","0","0","0","0","2","1","2","","","","N","","","","","","","","","",""
"2012127690","","1","0","0","0","0","0","1","0","0","5","1","","02","12","2012","2","40.46831","-79.818926","1243","11","0","0","0","0","0","0","1","0","","0","0","0","12","","0","","0","","40 28:05.916","","7","79 49:08.133","0","0","0","0","2113","0","0","0","N","0","0","0","5","02113","0","","1.0","","9","Y","Y","","0","","0","0","0","0","0","","1242","2","0","0","0","0","0","0","2","0","2","","","","N","","","","","","","","","",""
"2012127768","","0","0","0","0","0","0","0","0","0","1","0","","02","12","2012","6","40.430236","-80.096559","1640","11","0","0","0","0","0","0","0","0","","0","0","0","16","","0","","2","","40 25:48.849","","0","80 05:47.612","0","0","0","0","2115","0","0","0","N","0","0","0","2","02115","0","","1.0","","1","N","N","","1","","0","0","1","0","0","","1640","2","0","0","0","0","0","0","2","0","2","","","","N","","","","","","","","","",""
"2012096073","","0","0","0","0","0","0","0","0","0","99","0","","02","9","2012","5","40.583039","-80.038941","1136","11","0","0","0","0","0","0","1","0","","0","0","0","11","","0","","0","","40 34:58.939","","0","80 02:20.189","0","0","0","0","2108","0","0","0","N","0","0","0","1","02108","0","","1.0","","9","N","N","","0","","0","0","1","0","0","","1132","1","0","0","0","0","0","0","2","0","1","","","","N","","","","","","","","","",""
"2012127624","","0","0","0","0","0","0","0","0","0","7","0","","02","12","2012","5","40.381313","-79.813544","1318","11","0","0","0","0","0","1","0","0","","0","0","0","13","","1","","0","","40 22:52.726","","0","79 48:48.758","4","0","0","0","2424","0","0","0","N","0","0","0","1","02424","1","","2.0","","1","N","N","","1","","0","0","0","0","0","","1314","1","1","0","0","0","0","0","2","0","1","","","","N","","","","","","","","","",""
"2012127769","","1","0","0","0","0","0","0","0","0","7","0","","02","12","2012","7","40.461092","-80.151506","0646","11","0","0","0","0","0","0","0","0","","0","0","0","06","","0","","3","","40 27:39.931","","0","80 09:05.422","0","0","0","0","2115","0","0","0","N","0","0","0","1","02115","0","","4.0","","1","N","N","","0","","0","0","0","0","0","","0646","1","0","1","0","0","0","0","2","0","1","","","","N","","","","","","","","","",""
"2012096074","","1","0","0","0","0","0","1","0","0","4","1","","02","9","2012","3","40.524133","-80.188297","1214","11","0","0","0","0","0","1","0","0","","0","0","0","12","","7","","0","","40 31:26.878","","0","80 11:17.869","4","0","0","0","2213","0","0","0","N","0","0","0","23","02213","3","","1.0","","9","Y","N","","0","","0","0","0","0","0","","1212","2","7","0","0","0","4","1","2","0","2","","","","N","","","","","","","","","",""
"2012096827","","1","0","0","0","0","0","0","0","0","8","0","","02","9","2012","5","40.417171","-79.986655","2237","11","0","0","0","0","0","0","0","1","","0","0","0","22","","1","","0","","40 25:01.815","","0","79 59:11.958","8","0","0","0","2447","1","0","0","N","1","0","0","2","02447","0","","1.0","","1","N","N","","0","","0","0","0","0","0","","2225","2","1","0","0","0","1","0","2","0","1","","","","N","","","","","","","","","",""
"2012127625","","3","0","0","0","0","0","0","0","0","1","0","","02","12","2012","2","40.502315","-79.9452","1220","11","0","0","0","0","0","2","0","0","","0","0","0","12","","0","","1","","40 30:08.333","","0","79 56:42.721","0","0","0","0","2430","0","0","0","N","0","0","0","3","02430","0","","1.0","","1","N","N","","0","","0","0","0","3","2","","1219","3","0","0","0","0","0","0","2","0","3","","","","N","","","","","","","","","",""
"2012127770","","1","0","0","0","0","0","0","0","0","1","0","","02","12","2012","2","40.446746","-80.168973","1529","11","0","0","0","0","0","0","0","0","2","0","0","0","15","","1","","3","","40 26:48.287","4","2","80 10:08.302","8","0","0","0","2115","0","0","0","N","0","0","0","2","02115","0","","1.0","","9","N","N","","1","","0","0","0","3","4","N","1529","2","1","0","0","0","1","0","2","0","2","","","","N","","","","","","","","","",""
"2012096075","","0","0","0","0","0","0","0","0","0","0","0","","02","8","2012","6","40.335794","-80.049738","1047","11","0","0","0","0","0","0","1","0","1","0","0","0","10","","0","","0","","40 20:08.858","6","0","80 02:59.056","0","0","0","0","2407","0","0","0","N","0","0","0","1","02407","0","","1.0","","1","N","N","","1","","0","0","0","0","0","Y","1047","1","0","0","0","0","0","0","2","0","1","","","","N","","","","","","","","","",""
"2012126822","","2","0","0","0","0","0","0","0","0","1","0","","02","12","2012","1","40.506767","-80.006989","2053","11","0","0","0","0","0","1","0","0","1","0","0","0","20","","0","","1","","40 30:24.360","2","0","80 00:25.161","0","0","0","0","2116","0","0","0","N","0","0","0","2","02116","0","","1.0","","9","N","N","","0","","0","0","0","3","2","Y","2051","2","0","1","0","0","0","0","2","0","2","","","","N","","","","","","","","","",""
"2012126886","","1","0","0","0","0","0","0","0","0","4","0","","02","12","2012","5","40.433422","-79.762539","0825","11","0","0","0","0","0","2","0","0","","0","0","0","08","","0","","0","","40 26:00.318","","0","79 45:45.139","0","0","0","0","2446","0","0","0","","0","0","0","3","02446","0","","1.0","","1","","","","1","","0","0","0","0","0","","0825","2","0","1","0","0","0","0","2","0","2","","","","N","","","","","","","","","",""
"2012126188","","0","0","0","0","0","0","0","0","0","7","0","","02","12","2012","6","40.484224","-79.907886","0130","11","0","0","0","0","0","0","0","0","","0","0","0","01","","6","","1","","40 29:03.206","","0","79 54:28.391","3","0","0","0","2301","0","0","0","N","0","0","0","6","02301","5","","4.0","","1","N","N","","0","","1","0","1","3","2","","0125","1","6","2","0","0","0","0","2","0","1","","","","N","","","","","","","","","",""
"2012127771","","3","0","0","0","0","0","0","0","0","1","0","","02","12","2012","6","40.473525","-80.199519","1647","11","0","0","1","0","0","0","0","0","1","0","0","0","16","","2","","0","","40 28:24.691","3","0","80 11:58.269","4","0","0","1","2213","0","0","0","N","0","0","0","5","02213","2","","1.0","","9","N","N","","0","","0","0","0","0","0","N","1646","4","2","0","0","0","0","0","2","0","4","","","","N","","","","","","","","","",""
"2012126823","","1","0","0","0","0","0","0","0","0","7","0","","02","12","2012","7","40.227155","-79.824774","1857","11","0","0","0","0","0","1","0","0","","0","0","0","18","","1","","0","","40 13:37.758","","0","79 49:29.186","8","0","0","0","2105","0","0","0","N","0","0","0","1","02105","0","","5.0","","1","N","N","","0","","0","0","0","0","0","","1855","1","1","0","0","0","1","0","1","0","1","","","","N","","","","","","","","","",""
"2012127772","","1","0","0","0","0","0","0","0","0","4","0","","02","12","2012","1","40.519726","-80.217799","1638","11","0","0","0","0","1","0","0","0","","0","0","0","16","","1","","1","","40 31:11.012","","0","80 13:04.075","8","0","0","0","2213","0","0","0","N","0","0","0","4","02213","0","","1.0","","9","N","N","","0","","0","0","1","3","2","","1638","2","1","0","0","0","1","0","2","0","2","","","","N","","","","","","","","","",""
"2012126264","","1","0","0","0","0","0","0","0","0","7","0","","02","12","2012","6","40.408833","-79.807389","0655","11","0","0","0","0","0","0","1","0","","0","0","0","06","","1","","0","","40 24:31.800","","0","79 48:26.600","8","0","0","0","2446","0","0","0","N","0","0","0","1","02446","0","","4.0","","1","N","N","","0","","0","0","0","0","0","","0655","1","1","0","0","0","1","0","2","0","1","","","","N","","","","","","","","","",""