"CRN","ARRIVAL_TM","AUTOMOBILE_COUNT","BELTED_DEATH_COUNT","BELTED_SUSP_SERIOUS_INJ_COUNT","BICYCLE_COUNT","BICYCLE_DEATH_COUNT","BICYCLE_SUSP_SERIOUS_INJ_COUNT","BUS_COUNT","CHLDPAS_DEATH_COUNT","CHLDPAS_SUSP_SERIOUS_INJ_COUNT","COLLISION_TYPE","COMM_VEH_COUNT","CONS_ZONE_SPD_LIM","COUNTY","CRASH_MONTH","CRASH_YEAR","DAY_OF_WEEK","DEC_LATITUDE","DEC_LONGITUDE","DISPATCH_TM","DISTRICT","DRIVER_COUNT_16YR","DRIVER_COUNT_17YR","DRIVER_COUNT_18YR","DRIVER_COUNT_19YR","DRIVER_COUNT_20YR","DRIVER_COUNT_50_64YR","DRIVER_COUNT_65_74YR","DRIVER_COUNT_75PLUS","EST_HRS_CLOSED","FATAL_COUNT","HEAVY_TRUCK_COUNT","HORSE_BUGGY_COUNT","HOUR_OF_DAY","ILLUMINATION","INJURY_COUNT","INTERSECTION_RELATED","INTERSECT_TYPE","LANE_CLOSED","LATITUDE","LN_CLOSE_DIR","LOCATION_TYPE","LONGITUDE","MAX_SEVERITY_LEVEL","MCYCLE_DEATH_COUNT","MCYCLE_SUSP_SERIOUS_INJ_COUNT","MOTORCYCLE_COUNT","MUNICIPALITY","NONMOTR_COUNT","NONMOTR_DEATH_COUNT","NONMOTR_SUSP_SERIOUS_INJ_COUNT","NTFY_HIWY_MAINT","PED_COUNT","PED_DEATH_COUNT","PED_SUSP_SERIOUS_INJ_COUNT","PERSON_COUNT","POLICE_AGCY","POSSIBLE_INJ_COUNT","RDWY_SURF_TYPE_CD","RELATION_TO_ROAD","ROADWAY_CLEARED","ROAD_CONDITION","SCH_BUS_IND","SCH_ZONE_IND","SECONDARY_CRASH","SMALL_TRUCK_COUNT","SPEC_JURIS_CD","SUSP_MINOR_INJ_COUNT","SUSP_SERIOUS_INJ_COUNT","SUV_COUNT","TCD_FUNC_CD","TCD_TYPE","TFC_DETOUR_IND","TIME_OF_DAY","TOTAL_UNITS","TOT_INJ_COUNT","UNBELTED_OCC_COUNT","UNB_DEATH_COUNT","UNB_SUSP_SERIOUS_INJ_COUNT","UNK_INJ_DEG_COUNT","UNK_INJ_PER_COUNT","URBAN_RURAL","VAN_COUNT","VEHICLE_COUNT","WEATHER1","WEATHER2","WORKERS_PRES","WORK_ZONE_IND","WORK_ZONE_LOC","WORK_ZONE_TYPE","WZ_CLOSE_DETOUR","WZ_FLAGGER","WZ_LAW_OFFCR_IND","WZ_LN_CLOSURE","WZ_MOVING","WZ_OTHER","WZ_SHLDER_MDN","WZ_WORKERS_INJ_KILLED"
"2012127241","","3","0","0","0","0","0","0","0","0","4","0","","02","12","2012","2","40.471061","-79.960035","1140","11","0","0","0","0","0","0","1","0","1","0","0","0","11","","0","","2","","40 28:15.821","3","0","79 57:36.126","0","0","0","0","2301","0","0","0","N","0","0","0","2","02301","0","","1.0","","1","N","N","","0","","0","0","0","3","3","N","1135","3","0","0","0","0","0","0","2","0","3","","","","N","","","","","","","","","",""
"2012125843","","1","0","0","0","0","0","0","0","0","6","0","","02","12","2012","6","40.596829","-80.093641","1209","11","0","0","0","0","0","0","0","0","2","0","0","0","12","","0","","0","","40 35:48.583","1","0","80 05:37.106","0","0","0","0","2481","0","0","0","Y","0","0","0","2","68B03","0","","1.0","","9","N","N","","0","","0","0","1","0","0","N","1207","2","0","0","0","0","0","0","2","0","2","","","","N","","","","","","","","","",""
"2012126601","","2","0","0","0","0","0","0","0","0","4","0","","02","12","2012","2","40.626083","-79.721091","1818","11","1","0","0","0","0","0","0","0","","0","0","0","18","","3","","2","","40 37:33.898","","0","79 43:15.927","4","0","0","0","2106","0","0","0","N","0","0","0","3","02106","2","","1.0","","9","N","N","","0","","0","0","0","3","3","","1816","2","3","0","0","0","1","0","2","0","2","","","","N","","","","","","","","","",""
"2012127091","","2","0","0","0","0","0","0","0","0","6","0","","02","12","2012","7","40.442196","-79.983277","0020","11","0","0","0","0","0","1","0","0","2","0","0","0","23","","2","","1","","40 26:31.905","3","0","79 58:59.797","3","0","0","0","2301","0","0","0","N","0","0","0","3","02301","0","","1.0","","1","N","N","","0","","2","0","0","3","3","N","2345","2","2","0","0","0","0","1","2","0","2","","","","N","","","","","","","","","",""
"2012127905","","2","0","0","0","0","0","0","0","0","4","0","","02","12","2012","3","40.454656","-79.897525","1726","11","0","0","0","0","0","2","0","0","","0","0","0","17","","0","","1","","40 27:16.761","","0","79 53:51.090","0","0","0","0","2301","0","0","0","N","0","0","0","2","02301","0","","1.0","","1","N","N","","0","","0","0","0","3","2","","1726","2","0","1","0","0","0","0","2","0","2","","","","N","","","","","","","","","",""
"2012128048","","1","0","0","0","0","0","0","0","0","4","0","","02","12","2012","3","40.472928","-80.072715","1106","11","0","0","0","0","0","0","1","1","","0","0","0","11","","0","","1","","40 28:22.541","","0","80 04:21.774","0","0","0","0","2122","0","0","0","N","0","0","0","2","02122","0","","1.0","","9","N","N","","1","","0","0","0","3","3","","1106","2","0","1","0","0","0","0","2","0","2","","","","N","","","","","","","","","",""
"2012125844","","1","0","1","0","0","0","0","0","0","1","0","","02","12","2012","2","40.446341","-80.170971","1323","11","0","0","0","0","0","0","0","1","","0","0","0","13","","1","","6","","40 26:46.826","","2","80 10:15.494","2","0","0","0","2115","0","0","0","N","0","0","0","3","68B03","0","","1.0","","9","N","N","","1","","0","1","0","0","0","","1310","2","1","0","0","0","0","0","2","0","2","","","","N","","","","","","","","","",""
"2012128049","","1","0","0","0","0","0","0","0","0","1","0","","02","12","2012","3","40.454805","-80.041186","1324","11","0","0","0","0","0","0","0","0","1","0","0","0","13","","1","","3","","40 27:17.298","4","0","80 02:28.271","8","0","0","0","2301","0","0","0","N","0","0","0","2","02301","0","","1.0","","1","N","N","","1","","0","0","0","0","0","N","1322","2","1","0","0","0","1","0","2","0","2","","","","N","","","","","","","","","",""
"2012126540","","2","0","0","0","0","0","0","0","0","4","0","","02","12","2012","6","40.358325","-80.071858","1651","11","0","0","0","0","0","1","0","0","1","0","0","0","16","","0","","3","","40 21:29.970","1","0","80 04:18.690","0","0","0","0","2123","0","0","0","N","0","0","0","6","02123","0","","1.0","","1","N","N","","0","","0","0","0","3","3","N","1651","2","0","0","0","0","0","0","2","0","2","","","","N","","","","","","","","","",""
"2012127973","","0","0","0","0","0","0","0","0","0","7","0","45","02","12","2012","2","40.576269","-80.221977","2318","11","0","0","0","0","0","1","0","0","1","0","0","0","23","","0","","0","","40 34:34.568","1","0","80 13:19.118","0","0","0","0","2441","0","0","0","N","0","0","0","3","02441","0","","1.0","","9","N","N","","0","","0","0","1","0","0","Y","2300","1","0","0","0","0","0","0","2","0","1","","","N","Y","5","1","","","N","Y","","","",""
"2012127244","","1","0","0","0","0","0","0","0","0","7","0","","02","12","2012","2","40.470534","-79.887636","1145","11","0","0","0","0","0","1","0","0","1","0","0","0","11","","1","","2","","40 28:13.922","4","0","79 53:15.489","8","0","0","0","2113","0","0","0","N","0","0","0","1","02113","0","","4.0","","9","N","N","","0","","0","0","0","0","0","N","1135","1","1","0","0","0","1","0","2","0","1","","","","N","","","","","","","","","",""
"2012125785","","2","0","0","0","0","0","0","0","0","2","0","","02","12","2012","7","40.393156","-79.805042","1950","11","1","0","0","0","0","0","0","0","","0","0","0","19","","0","","2","","40 23:35.360","","3","79 48:18.150","0","0","0","0","2111","0","0","0","N","0","0","0","3","02111","0","","1.0","","9","N","N","","0","","0","0","0","3","2","","1950","2","0","0","0","0","0","0","2","0","2","","","","N","","","","","","","","","",""
"2012126541","","1","0","0","0","0","0","0","0","0","2","0","","02","12","2012","6","40.445679","-79.994173","1806","11","0","0","0","0","0","1","0","1","","0","0","0","18","","0","","1","","40 26:44.444","","0","79 59:39.022","0","0","0","0","2301","0","0","0","N","0","0","0","3","02301","0","","1.0","","1","N","N","","0","","0","0","1","3","2","","1800","2","0","0","0","0","0","0","2","0","2","","","","N","","","","","","","","","",""
"2012127108","","0","0","0","0","0","0","0","0","0","7","0","","02","12","2012","6","40.576877","-79.917036","2332","11","0","1","0","0","0","0","0","0","","0","0","0","23","","0","","0","","40 34:36.757","","0","79 55:01.329","0","0","0","0","2207","0","0","0","N","0","0","0","2","02207","0","","5.0","","1","N","N","","0","","0","0","1","0","0","","2330","1","0","0","0","0","0","0","1","0","1","","","","N","","","","","","","","","",""
"2012127245","","1","0","0","0","0","0","0","0","0","8","0","","02","12","2012","6","40.323808","-79.892481","1511","11","0","0","0","0","0","1","0","0","1","0","0","0","15","","1","","0","","40 19:25.708","5","0","79 53:32.931","2","0","0","0","2433","1","0","1","N","1","0","1","2","02433","0","","6.0","","1","N","N","","0","","0","1","0","3","3","N","1511","2","1","0","0","0","0","0","2","0","1","","","","N","","","","","","","","","",""
"2012128133","","1","0","0","0","0","0","0","0","0","1","0","","02","12","2012","4","40.380058","-79.809019","1538","11","0","0","0","0","0","0","0","0","1","0","0","0","15","","3","","0","","40 22:48.207","3","0","79 48:32.468","4","0","0","0","2111","0","0","0","N","0","0","0","3","02111","3","","1.0","","1","N","N","","1","","0","0","0","0","0","N","1538","2","3","0","0","0","0","0","2","0","2","","","","N","","","","","","","","","",""
"2012128639","","1","0","0","0","0","0","0","0","0","4","1","","02","12","2012","4","40.436667","-79.836628","0723","11","0","0","0","0","0","0","0","0","2","0","0","0","07","","0","","1","","40 26:12.001","3","0","79 50:11.860","0","0","0","0","2419","0","0","0","N","0","0","0","7","02419","0","","1.0","","1","Y","N","","0","","0","0","0","3","3","N","0720","2","0","0","0","0","0","0","2","1","2","","","","N","","","","","","","","","",""
"2012128122","","0","0","0","0","0","0","0","0","0","4","0","","02","12","2012","4","40.406019","-79.825183","1429","11","0","0","0","0","1","0","0","0","","0","0","0","14","","1","","1","","40 24:21.668","","0","79 49:30.658","8","0","0","0","2467","0","0","0","N","0","0","0","3","02467","0","","1.0","","1","N","N","","0","","0","0","2","3","2","","1430","2","1","0","0","0","1","2","2","0","2","","","","N","","","","","","","","","",""
"2012125848","","0","0","0","0","0","0","0","0","0","7","0","","02","12","2012","4","40.533766","-79.84671","1638","11","0","0","0","0","0","0","0","0","2","0","0","0","16","","0","","0","","40 32:01.559","1","0","79 50:48.157","0","0","0","0","2208","0","0","0","N","0","0","0","1","68D02","0","","2.0","","1","N","N","","0","","0","0","1","0","0","N","1637","2","0","0","0","0","0","0","2","0","1","","","","N","","","","","","","","","",""
"2012127110","","0","0","0","0","0","0","0","0","0","7","0","","02","12","2012","2","40.454083","-79.993747","0308","11","0","0","0","0","0","0","0","0","","0","0","0","03","","0","","2","","40 27:14.697","","2","79 59:37.490","0","0","0","0","2301","0","0","0","N","0","0","0","1","02301","0","","4.0","","9","N","N","","0","","0","0","0","3","2","","0308","1","0","0","0","0","0","0","2","1","1","","","","N","","","","","","","","","",""
"2012126545","","2","0","0","0","0","0","0","0","0","4","0","","02","12","2012","6","40.396242","-79.998126","2030","11","0","0","0","0","0","0","0","0","1","0","0","0","20","","1","","1","","40 23:46.470","1","0","79 59:53.254","4","0","0","0","2301","0","0","0","N","0","0","0","2","02301","1","","1.0","","1","N","N","","0","","0","0","0","3","2","Y","2030","2","1","1","0","0","0","0","2","0","2","","","","N","","","","","","","","","",""
"2012128137","","1","0","0","0","0","0","0","0","0","1","0","","02","12","2012","4","40.475529","-79.848493","1614","11","1","0","0","0","0","1","0","0","","0","0","0","16","","2","","1","","40 28:31.904","","0","79 50:54.576","8","0","0","0","2113","0","0","0","N","0","0","0","3","02113","0","","1.0","","1","N","N","","0","","0","0","1","3","2","","1614","3","2","0","0","0","2","0","2","1","3","","","","N","","","","","","","","","",""
"2012127249","","0","0","0","0","0","0","0","0","0","7","0","","02","12","2012","1","40.377597","-79.921054","1633","11","0","0","0","0","0","0","0","0","1","0","0","0","16","","0","","0","","40 22:39.349","5","0","79 55:15.793","0","0","0","0","2301","0","0","0","N","0","0","0","1","02301","0","","5.0","","9","N","N","","1","","0","0","0","0","0","N","1630","1","0","0","0","0","0","0","2","0","1","","","","N","","","","","","","","","",""
"2012125790","","3","0","0","0","0","0","0","0","0","1","0","","02","12","2012","3","40.5171","-80.148171","2143","11","0","0","0","0","0","1","0","0","2","0","0","0","21","","0","","0","","40 31:01.560","1","0","80 08:53.415","0","0","0","0","2110","0","0","0","","0","0","0","1","02215","0","","2.0","","1","","","","1","","0","0","0","0","0","N","2141","4","0","0","0","0","0","0","2","0","4","","","","N","","","","","","","","","",""
"2012126546","","2","0","0","0","0","0","0","0","0","1","0","","02","12","2012","6","40.605525","-79.947192","1803","11","0","0","0","0","0","0","0","0","","0","0","0","18","","2","","2","","40 36:19.890","","0","79 56:49.892","4","0","0","0","2207","0","0","0","N","0","0","0","4","02207","2","","1.0","","1","N","N","","0","","0","0","0","3","2","","1803","2","2","0","0","0","0","0","2","0","2","","","","N","","","","","","","","","",""
"2012128125","","2","0","0","0","0","0","0","0","0","4","0","","02","12","2012","3","40.347643","-79.947279","1247","11","0","0","0","0","0","1","1","0","","0","0","0","12","","0","","1","","40 20:51.515","","0","79 56:50.206","0","0","0","0","2473","0","0","0","N","0","0","0","2","02473","0","","1.0","","9","N","N","","0","","0","0","0","3","3","","1247","2","0","0","0","0","0","0","2","0","2","","","","N","","","","","","","","","",""
"2012128138","","1","0","0","0","0","0","0","0","0","4","0","","02","12","2012","5","40.432592","-79.751806","1820","11","0","0","0","0","0","1","1","0","1","0","0","0","18","","0","","0","","40 25:57.331","1","0","79 45:06.500","0","0","0","0","2446","0","0","0","N","0","0","0","5","02446","0","","1.0","","1","N","N","","0","","0","0","1","0","0","N","1820","2","0","0","0","0","0","0","2","0","2","","","","N","","","","","","","","","",""
"2012127913","","1","0","0","0","0","0","0","0","0","2","0","","02","12","2012","3","40.346743","-79.986401","1812","11","0","0","0","0","0","0","0","0","","0","0","0","18","","0","","2","","40 20:48.276","","0","79 59:11.044","0","0","0","0","2476","0","0","0","N","0","0","0","2","02476","0","","1.0","","1","N","N","","0","","0","0","0","3","2","","1812","2","0","0","0","0","0","0","2","1","2","","","","N","","","","","","","","","",""
"2012126547","","1","0","0","0","0","0","0","0","0","8","0","","02","12","2012","6","40.347046","-80.055134","1950","11","1","0","0","0","0","0","0","0","1","0","0","0","19","","1","","1","","40 20:49.366","2","0","80 03:18.484","8","0","0","0","2123","1","0","0","N","1","0","0","3","02123","0","","1.0","","1","N","N","","0","","0","0","0","3","2","N","1950","2","1","0","0","0","1","0","2","0","1","","","","N","","","","","","","","","",""
"2012128139","","1","0","0","0","0","0","0","0","0","7","0","","02","12","2012","4","40.328517","-80.136206","1345","11","0","0","0","0","0","1","0","0","2","0","0","0","13","","1","","0","","40 19:42.660","2","0","80 08:10.341","8","0","0","0","2119","0","0","0","N","0","0","0","1","02119","0","","4.0","","1","N","N","","0","","0","0","0","0","0","N","1345","1","1","0","0","0","1","0","2","0","1","","","","N","","","","","","","","","",""
"2012128644","","2","0","0","0","0","0","0","0","0","1","0","","02","12","2012","3","40.414913","-79.752202","1338","11","0","0","0","0","0","0","2","0","","0","0","0","13","","0","","0","","40 24:53.686","","0","79 45:07.927","0","0","0","0","2446","0","0","0","N","0","0","0","2","02446","0","","1.0","","9","N","N","","0","","0","0","0","0","0","","1338","2","0","0","0","0","0","0","2","0","2","","","","N","","","","","","","","","",""
"2012125725","","0","0","0","0","0","0","0","0","0","7","0","","02","12","2012","2","40.626234","-79.944217","1909","11","0","0","0","0","0","0","0","0","","0","0","0","17","","0","","0","","40 37:34.442","","0","79 56:39.181","0","0","0","0","2217","0","0","0","N","0","0","0","1","02505","0","","2.0","","9","N","N","","0","","0","0","1","0","0","","1746","1","0","0","0","0","0","0","2","0","1","","","","N","","","","","","","","","",""
"2012128127","","1","0","0","0","0","0","0","0","0","7","0","","02","12","2012","4","40.624446","-79.942155","0949","11","0","0","0","0","0","0","0","0","","0","0","0","09","","0","","2","","40 37:28.005","","0","79 56:31.758","0","0","0","0","2217","0","0","0","N","0","0","0","1","02505","0","","5.0","","1","N","N","","0","","0","0","0","0","0","","0949","2","0","0","0","0","0","0","2","0","1","","","","N","","","","","","","","","",""
"2012126348","","0","0","0","0","0","0","0","0","0","4","0","","02","12","2012","6","40.614422","-80.091614","0857","11","0","0","0","0","0","0","0","1","1","0","0","0","08","","0","","0","","40 36:51.920","1","7","80 05:29.810","0","0","0","0","2481","0","0","0","N","0","0","0","2","02481","0","","1.0","","1","N","N","","1","","0","0","1","3","2","N","0854","2","0","0","0","0","0","0","2","0","2","","","","N","","","","","","","","","",""
"2012127252","","1","0","0","0","0","0","0","0","0","4","0","","02","12","2012","2","40.455869","-80.016672","1437","11","0","0","0","0","0","0","0","0","","0","0","0","14","","1","","0","","40 27:21.127","","0","80 01:00.020","4","0","0","0","2301","0","0","0","N","0","0","0","3","02301","1","","1.0","","9","N","N","","0","","0","0","1","0","0","","1430","2","1","0","0","0","0","0","2","0","2","","","","N","","","","","","","","","",""
"2012126549","","1","0","0","0","0","0","0","0","0","7","0","","02","12","2012","6","40.4556","-79.972921","2034","11","0","0","0","0","0","0","0","0","","0","0","0","20","","0","","2","","40 27:20.160","","0","79 58:22.515","0","0","0","0","2301","0","0","0","N","0","0","0","2","02301","0","","5.0","","1","N","N","","0","","0","0","0","0","0","","2034","1","0","0","0","0","0","0","2","0","1","","","","N","","","","","","","","","",""
"2012125794","","1","0","0","0","0","0","0","0","0","8","0","","02","12","2012","4","40.337715","-79.962236","0629","11","0","0","0","0","0","0","0","0","1","0","0","0","06","","2","","0","","40 20:15.773","6","0","79 57:44.050","8","0","0","0","2454","2","0","0","N","2","0","0","3","02454","0","","1.0","","1","N","N","","0","","0","0","0","0","0","Y","0629","3","2","0","0","0","2","0","2","0","1","","","","N","","","","","","","","","",""
"2012126550","","1","0","0","0","0","0","0","0","0","7","0","","02","12","2012","6","40.456567","-80.029179","2016","11","0","0","0","0","0","0","0","0","2","0","0","0","20","","0","","2","","40 27:23.641","3","0","80 01:45.045","0","0","0","0","2301","0","0","0","N","0","0","0","1","02301","0","","5.0","","1","N","N","","0","","0","0","0","0","0","N","2016","1","0","1","0","0","0","0","2","0","1","","","","N","","","","","","","","","",""
"2012128647","","2","0","0","0","0","0","0","0","0","6","0","","02","11","2012","7","40.541049","-79.784119","1300","11","0","0","0","0","0","1","0","0","","0","0","0","13","","1","","1","","40 32:27.776","","0","79 47:02.829","8","0","0","0","2462","0","0","0","N","0","0","0","4","02462","0","","1.0","","1","N","N","","0","","0","0","0","3","2","","1300","2","1","0","0","0","1","3","2","0","2","","","","N","","","","","","","","","",""
"2012125729","","0","0","0","1","0","0","1","0","0","5","1","","02","12","2012","4","40.444395","-79.948622","1630","11","0","0","0","0","0","1","0","0","2","0","0","0","16","","2","","2","","40 26:39.822","3","0","79 56:55.040","3","0","0","0","2301","1","0","0","N","0","0","0","3","02503","1","","1.0","","1","N","N","","0","","1","0","0","0","0","N","1630","2","2","0","0","0","0","0","2","0","1","","","","N","","","","","","","","","",""
"2012128061","","1","0","0","0","0","0","0","0","0","4","0","","02","12","2012","3","40.451509","-79.908149","1442","11","0","0","0","0","0","1","0","0","","0","0","0","14","","0","","1","","40 27:05.432","","0","79 54:29.335","9","0","0","0","2301","0","0","0","N","0","0","0","4","02301","0","","1.0","","1","N","N","","1","","0","0","0","3","2","","1442","3","0","0","0","0","0","2","2","1","3","","","","N","","","","","","","","","",""
"2012127037","","2","0","0","0","0","0","0","0","0","1","0","","02","12","2012","3","40.400801","-80.063902","1919","11","0","0","0","1","0","1","0","0","","0","0","0","19","","1","","0","","40 24:02.883","","0","80 03:50.047","8","0","0","0","2117","0","0","0","N","0","0","0","2","02117","0","","1.0","","1","N","N","","0","","0","0","0","0","0","","1917","2","1","0","0","0","1","0","2","0","2","","","","N","","","","","","","","","",""
"2012126286","","2","0","0","0","0","0","0","0","0","5","0","","02","12","2012","6","40.41958","-79.92716","0820","11","0","0","0","0","0","0","0","0","","0","0","0","08","","1","","0","","40 25:10.488","","0","79 55:37.776","4","0","0","0","2301","0","0","0","N","0","0","0","2","02301","1","","1.0","","1","N","N","","0","","0","0","0","0","0","","0820","2","1","0","0","0","0","0","2","0","2","","","","N","","","","","","","","","",""
"2012126352","","1","0","0","0","0","0","0","0","0","4","0","","02","12","2012","6","40.452412","-80.014017","1515","11","0","0","0","0","0","1","0","0","","0","0","0","15","","2","","1","","40 27:08.682","","0","80 00:50.461","4","0","0","0","2301","0","0","0","N","0","0","0","4","02301","1","","1.0","","1","N","N","","0","","0","0","0","3","2","","1515","3","2","0","0","0","1","1","2","2","3","","","","N","","","","","","","","","",""
"2012127920","","0","0","0","0","0","0","0","0","0","1","0","","02","12","2012","3","40.430269","-80.02846","1922","11","0","0","1","0","0","0","0","0","","0","0","0","19","","0","","3","","40 25:48.968","","0","80 01:42.455","0","0","0","0","2301","0","0","0","N","0","0","0","5","02301","0","","1.0","","1","N","N","","0","","0","0","2","3","4","","1920","2","0","1","0","0","0","0","2","0","2","","","","N","","","","","","","","","",""
"2012126552","","2","0","0","0","0","0","0","0","0","2","0","","02","12","2012","6","40.460221","-79.842652","2114","11","0","0","1","0","0","1","0","0","1","0","0","0","21","","0","","5","","40 27:36.794","6","0","79 50:33.548","0","0","0","0","2113","0","0","0","N","0","0","0","4","02113","0","","1.0","","1","N","N","","0","","0","0","0","3","2","Y","2114","2","0","0","0","0","0","0","2","0","2","","","","N","","","","","","","","","",""
"2012126274","","0","0","0","0","0","0","0","0","0","8","0","","02","12","2012","6","40.437842","-79.954177","0649","11","0","0","0","0","0","0","0","0","3","0","0","0","06","","1","","0","","40 26:16.231","7","0","79 57:15.037","2","0","0","0","2301","1","0","1","N","1","0","1","2","02301","0","","1.0","","1","N","N","","0","","0","1","0","0","0","Y","0649","2","1","0","0","0","0","1","2","0","1","","","","N","","","","","","","","","",""
"2012125731","","1","0","0","0","0","0","0","0","0","1","0","","02","12","2012","4","40.437157","-79.963045","1808","11","0","0","0","0","0","1","0","0","","0","0","0","18","","1","","1","","40 26:13.765","","0","79 57:46.962","8","0","0","0","2301","0","0","0","N","0","0","0","3","02301","0","","1.0","","1","N","N","","0","","0","0","1","3","2","","1808","2","1","0","0","0","1","0","2","0","2","","","","N","","","","","","","","","",""
"2012125797","","1","0","0","0","0","0","0","0","0","4","0","","02","12","2012","4","40.636713","-80.008575","0618","11","0","0","0","0","0","2","0","0","","0","0","0","06","","0","","2","","40 38:12.165","","0","80 00:30.870","0","0","0","0","2216","0","0","0","Y","0","0","0","2","02505","0","","1.0","","2","N","N","","0","","0","0","1","0","0","","0618","2","0","0","0","0","0","0","2","0","2","","","","N","","","","","","","","","",""
"2012126553","","1","0","0","0","0","0","0","0","0","0","0","","02","12","2012","6","40.426061","-79.926683","2040","11","0","0","0","0","0","0","0","0","2","0","0","0","20","","0","","0","","40 25:33.820","3","0","79 55:36.060","0","0","0","0","2301","0","0","0","N","0","0","0","3","02301","0","","1.0","","1","N","N","","0","","0","0","0","0","0","Y","2040","1","0","0","0","0","0","0","2","0","1","","","","N","","","","","","","","","",""
"2012128132","","2","0","0","0","0","0","0","0","0","4","0","","02","12","2012","4","40.434158","-79.751271","1812","11","0","0","0","0","0","0","1","0","1","0","0","0","18","","1","","0","","40 26:02.967","4","0","79 45:04.576","4","0","0","0","2446","0","0","0","N","0","0","0","3","02446","1","","1.0","","1","N","N","","0","","0","0","0","0","0","N","1812","2","1","1","0","0","0","0","2","0","2","","","","N","","","","","","","","","",""
"2012126354","","1","0","0","0","0","0","0","0","0","6","0","","02","12","2012","6","","","1530","11","0","0","0","0","0","0","0","0","1","0","0","0","15","","0","","7","","","1","2","","0","0","0","0","2301","0","0","0","N","0","0","0","3","02301","0","","1.0","","1","N","N","","0","","0","0","0","3","3","N","1515","2","0","0","0","0","0","0","1","1","2","","","","N","","","","","","","","","",""
"2012127120","","0","0","0","0","0","0","0","0","0","7","0","","02","12","2012","7","40.361124","-80.029831","2019","11","0","0","0","0","0","0","0","0","","0","0","0","20","","0","","0","","40 21:40.046","","0","80 01:47.391","0","0","0","0","2416","0","0","0","N","0","0","0","1","02416","0","","2.0","","9","N","N","","0","","0","0","1","0","0","","2019","1","0","1","0","0","0","0","2","0","1","","","","N","","","","","","","","","",""
"2012126026","","2","0","0","0","0","0","0","0","0","4","0","","02","12","2012","6","40.331276","-80.052771","0744","11","0","0","0","0","0","1","0","0","1","0","0","0","07","","0","","2","","40 19:52.594","2","0","80 03:09.976","0","0","0","0","2407","0","0","0","N","0","0","0","2","02407","0","","1.0","","9","N","N","","0","","0","0","0","3","3","N","0744","2","0","0","0","0","0","0","2","0","2","","","","N","","","","","","","","","",""
"2012132392","","1","0","0","0","0","0","0","0","0","7","0","","02","12","2012","2","40.525483","-79.988217","0015","11","0","0","0","0","0","0","0","0","1","0","0","0","99","","0","","0","","40 31:31.738","1","0","79 59:17.581","0","0","0","0","2118","0","0","0","N","0","0","0","1","02118","0","","5.0","","2","N","N","","0","","0","0","0","0","0","N","9999","1","0","0","0","0","0","0","2","0","1","","","","N","","","","","","","","","",""
"2012132446","","2","0","0","0","0","0","0","0","0","1","0","","02","12","2012","6","40.413151","-80.08041","1602","11","0","0","0","0","1","0","0","0","","0","0","0","16","","0","","0","","40 24:47.342","","3","80 04:49.477","0","0","0","0","2415","0","0","0","N","0","0","0","2","68B03","0","","1.0","","1","N","N","","0","","0","0","0","0","0","","1600","2","0","0","0","0","0","0","2","0","2","","","","N","","","","","","","","","",""
"2012131736","","1","0","0","0","0","0","0","0","0","7","0","","02","12","2012","4","40.651249","-80.040599","1710","11","0","0","0","0","0","0","0","0","","0","0","0","17","","0","","0","","40 39:04.496","","0","80 02:26.158","0","0","0","0","2216","0","0","0","N","0","0","0","1","68T02","0","","3.0","","6","N","N","","0","","0","0","0","0","0","","1710","1","0","0","0","0","0","0","2","0","1","","","","N","","","","","","","","","",""
"2012127464","","2","0","0","0","0","0","0","0","0","1","0","","02","12","2012","2","40.478909","-80.043021","1754","11","0","0","0","0","0","2","0","0","2","0","0","0","17","","1","","2","","40 28:44.074","3","3","80 02:34.876","8","0","0","0","2301","0","0","0","N","0","0","0","4","02301","0","","1.0","","9","N","N","","0","","0","0","2","0","0","N","1750","4","1","0","0","0","1","0","2","0","4","","","","N","","","","","","","","","",""
"2012126712","","2","0","0","0","0","0","0","0","0","4","0","","02","12","2012","7","40.40254","-79.907583","1145","11","0","0","0","0","0","0","0","0","2","0","0","0","11","","1","","1","","40 24:09.144","6","0","79 54:27.298","8","0","0","0","2438","0","0","0","N","0","0","0","2","02438","0","","1.0","","1","N","N","","0","","0","0","0","3","3","Y","1145","2","1","0","0","0","1","0","2","0","2","","","","N","","","","","","","","","",""
"2012126027","","1","0","0","0","0","0","0","0","0","4","0","","02","12","2012","1","40.32762","-80.029001","1815","11","0","0","0","0","0","0","0","0","","0","0","0","18","","1","","1","","40 19:39.432","","0","80 01:44.403","4","0","0","0","2407","0","0","0","N","0","0","0","3","02407","1","","1.0","","1","N","N","","1","","0","0","0","3","3","","1815","2","1","0","0","0","0","0","2","0","2","","","","N","","","","","","","","","",""
"2012132393","","0","0","0","0","0","0","0","0","0","1","1","","02","12","2012","2","40.414225","-80.009627","0349","11","0","0","0","0","0","1","0","0","","0","1","0","03","","0","","2","","40 24:51.211","","4","80 00:34.658","0","0","0","0","2301","0","0","0","N","0","0","0","2","02301","0","","1.0","","1","N","N","","0","","0","0","1","3","2","","0345","2","0","0","0","0","0","0","2","0","2","","","","N","","","","","","","","","",""
"2012131680","","1","0","0","0","0","0","0","0","0","4","0","","02","12","2012","7","40.423851","-80.009392","0322","11","0","0","0","0","0","0","0","0","","0","0","0","03","","1","","0","","40 25:25.863","","0","80 00:33.811","4","0","0","0","2301","0","0","0","N","0","0","0","1","02301","1","","2.0","","7","N","N","","0","","0","0","1","0","0","","0320","2","1","0","0","0","0","0","2","0","2","","","","N","","","","","","","","","",""