"CRN","ARRIVAL_TM","AUTOMOBILE_COUNT","BELTED_DEATH_COUNT","BELTED_SUSP_SERIOUS_INJ_COUNT","BICYCLE_COUNT","BICYCLE_DEATH_COUNT","BICYCLE_SUSP_SERIOUS_INJ_COUNT","BUS_COUNT","CHLDPAS_DEATH_COUNT","CHLDPAS_SUSP_SERIOUS_INJ_COUNT","COLLISION_TYPE","COMM_VEH_COUNT","CONS_ZONE_SPD_LIM","COUNTY","CRASH_MONTH","CRASH_YEAR","DAY_OF_WEEK","DEC_LATITUDE","DEC_LONGITUDE","DISPATCH_TM","DISTRICT","DRIVER_COUNT_16YR","DRIVER_COUNT_17YR","DRIVER_COUNT_18YR","DRIVER_COUNT_19YR","DRIVER_COUNT_20YR","DRIVER_COUNT_50_64YR","DRIVER_COUNT_65_74YR","DRIVER_COUNT_75PLUS","EST_HRS_CLOSED","FATAL_COUNT","HEAVY_TRUCK_COUNT","HORSE_BUGGY_COUNT","HOUR_OF_DAY","ILLUMINATION","INJURY_COUNT","INTERSECTION_RELATED","INTERSECT_TYPE","LANE_CLOSED","LATITUDE","LN_CLOSE_DIR","LOCATION_TYPE","LONGITUDE","MAX_SEVERITY_LEVEL","MCYCLE_DEATH_COUNT","MCYCLE_SUSP_SERIOUS_INJ_COUNT","MOTORCYCLE_COUNT","MUNICIPALITY","NONMOTR_COUNT","NONMOTR_DEATH_COUNT","NONMOTR_SUSP_SERIOUS_INJ_COUNT","NTFY_HIWY_MAINT","PED_COUNT","PED_DEATH_COUNT","PED_SUSP_SERIOUS_INJ_COUNT","PERSON_COUNT","POLICE_AGCY","POSSIBLE_INJ_COUNT","RDWY_SURF_TYPE_CD","RELATION_TO_ROAD","ROADWAY_CLEARED","ROAD_CONDITION","SCH_BUS_IND","SCH_ZONE_IND","SECONDARY_CRASH","SMALL_TRUCK_COUNT","SPEC_JURIS_CD","SUSP_MINOR_INJ_COUNT","SUSP_SERIOUS_INJ_COUNT","SUV_COUNT","TCD_FUNC_CD","TCD_TYPE","TFC_DETOUR_IND","TIME_OF_DAY","TOTAL_UNITS","TOT_INJ_COUNT","UNBELTED_OCC_COUNT","UNB_DEATH_COUNT","UNB_SUSP_SERIOUS_INJ_COUNT","UNK_INJ_DEG_COUNT","UNK_INJ_PER_COUNT","URBAN_RURAL","VAN_COUNT","VEHICLE_COUNT","WEATHER1","WEATHER2","WORKERS_PRES","WORK_ZONE_IND","WORK_ZONE_LOC","WORK_ZONE_TYPE","WZ_CLOSE_DETOUR","WZ_FLAGGER","WZ_LAW_OFFCR_IND","WZ_LN_CLOSURE","WZ_MOVING","WZ_OTHER","WZ_SHLDER_MDN","WZ_WORKERS_INJ_KILLED"
"2012123548","","0","0","0","0","0","0","0","0","0","4","0","","02","12","2012","6","40.452476","-80.172505","2053","11","0","0","0","0","1","1","0","0","2","0","0","0","","","1","","1","","40 27:08.912","4","2","80 10:21.017","4","0","0","0","2214","0","0","0","N","0","0","0","2","02214","1","","1.0","","9","N","N","","0","","0","0","2","3","2","N","","2","1","0","0","0","0","0","2","0","2","","","","N","","","","","","","","","",""
"2012131756","","2","0","0","0","0","0","0","0","0","5","0","","02","12","2012","7","40.384984","-79.803024","0718","11","0","0","0","0","0","0","0","0","1","0","0","0","","","0","","0","","40 23:05.942","1","0","79 48:10.887","0","0","0","0","2424","0","0","0","N","0","0","0","1","02424","0","","4.0","","6","N","N","","0","","0","0","1","0","0","Y","","3","0","0","0","0","0","0","2","0","3","","","","N","","","","","","","","","",""
"2012126667","","2","0","0","0","0","0","0","0","0","1","0","","02","12","2012","4","40.348806","-79.939996","1018","11","0","0","0","0","0","0","1","0","1","0","0","0","","","1","","0","","40 20:55.700","4","0","79 56:23.985","8","0","0","0","2473","0","0","0","N","0","0","0","3","02473","0","","1.0","","1","N","N","","0","","0","0","0","3","2","N","","2","1","0","0","0","1","0","2","0","2","","","","N","","","","","","","","","",""
"2012127515","","2","0","0","0","0","0","0","0","0","4","0","","02","12","2012","1","40.48289","-79.787706","0122","11","0","0","0","0","0","0","0","0","","0","0","0","","","0","","0","","40 28:58.404","","0","79 47:15.741","0","0","0","0","2113","0","0","0","N","0","0","0","1","02113","0","","4.0","","1","N","N","","0","","0","0","0","0","0","","","2","0","1","0","0","0","0","2","0","2","","","","N","","","","","","","","","",""
"2012132818","","1","0","0","0","0","0","0","0","0","7","0","","02","12","2012","7","40.64939","-80.037664","1123","11","0","0","0","0","0","0","0","0","2","0","0","0","","","2","","0","","40 38:57.803","3","0","80 02:15.591","4","0","0","0","2216","0","0","0","N","0","0","0","2","68T02","2","","3.0","","6","N","N","","0","","0","0","0","0","0","N","","1","2","0","0","0","0","0","2","0","1","","","","N","","","","","","","","","",""
"2012132210","","1","0","0","0","0","0","0","0","0","5","0","","02","12","2012","1","40.292225","-79.91545","1650","11","0","0","0","0","0","0","0","0","","0","0","0","","","1","","0","","40 17:32.011","","0","79 54:55.621","8","0","0","0","2440","0","0","0","N","0","0","0","2","02440","0","","1.0","","1","N","N","","0","","0","0","1","0","0","","","2","1","0","0","0","1","0","2","0","2","","","","N","","","","","","","","","",""
"2012132414","","1","0","0","0","0","0","0","0","0","7","0","","02","12","2012","1","40.515616","-79.832675","0051","11","0","0","0","0","0","0","0","0","","0","0","0","","","0","","0","","40 30:56.219","","0","79 49:57.630","0","0","0","0","2451","0","0","0","N","0","0","0","2","02451","0","","5.0","","9","N","N","","0","","0","0","0","0","0","","","1","0","2","0","0","0","0","2","0","1","","","","N","","","","","","","","","",""
"2012132415","","1","0","0","0","0","0","0","0","0","7","0","","02","12","2012","2","40.458103","-79.995496","0448","11","0","0","0","0","0","0","0","0","1","0","0","0","","","0","","1","","40 27:29.170","3","0","79 59:43.785","0","0","0","0","2301","0","0","0","N","0","0","0","3","02301","0","","5.0","","2","N","N","","0","","0","0","0","0","0","N","","1","0","3","0","0","0","0","2","0","1","","","","N","","","","","","","","","",""
"2012126670","","0","0","0","0","0","0","0","0","0","6","0","","02","12","2012","6","40.51722","-80.165018","1236","11","0","0","0","0","0","1","0","0","","0","0","0","","","1","","0","","40 31:01.992","","0","80 09:54.064","8","0","0","0","2420","0","0","0","N","0","0","0","1","02420","0","","4.0","","1","N","N","","0","","0","0","1","0","0","","","2","1","0","0","0","1","0","2","1","2","","","","N","","","","","","","","","",""
"2012110472","","2","0","0","0","0","0","0","0","0","4","0","","02","11","2012","7","40.388476","-79.909631","2049","11","1","0","0","0","0","0","0","0","1","0","0","0","","","3","","0","","40 23:18.512","1","7","79 54:34.671","4","0","0","0","2472","0","0","0","N","0","0","0","5","02472","3","","1.0","","1","N","N","","0","","0","0","0","0","0","N","","2","3","0","0","0","0","0","2","0","2","","","","N","","","","","","","","","",""
"2012131759","","1","0","0","0","0","0","0","0","0","7","0","","02","12","2012","7","","","0839","11","0","0","0","0","0","0","0","0","1","0","0","0","","","0","","2","","","2","0","","0","0","0","0","2301","0","0","0","N","0","0","0","2","02301","0","","2.0","","6","N","N","","1","","0","0","0","0","0","N","","2","0","1","0","0","0","0","1","0","2","","","","N","","","","","","","","","",""
"2012131461","","0","0","0","0","0","0","0","0","0","5","0","","02","12","2012","1","40.407751","-79.918632","1610","11","0","0","0","0","0","1","0","0","1","0","0","0","","","0","","2","","40 24:27.903","5","0","79 55:07.075","9","0","0","0","2472","0","0","0","N","0","0","0","2","02472","0","","1.0","","9","N","N","","0","","0","0","2","0","0","N","","2","0","0","0","0","0","1","2","0","2","","","","N","","","","","","","","","",""
"2012131760","","3","0","0","0","0","0","0","0","0","1","0","","02","12","2012","7","40.443652","-80.056276","0823","11","0","0","0","0","0","0","0","0","1","0","0","0","","","1","","0","","40 26:37.147","3","0","80 03:22.593","4","0","0","0","2301","0","0","0","N","0","0","0","1","02301","1","","1.0","","7","N","N","","0","","0","0","0","0","0","N","","3","1","1","0","0","0","0","2","0","3","","","","N","","","","","","","","","",""
"2012132577","","5","0","0","0","0","0","0","0","0","4","0","","02","12","2012","5","40.430589","-79.785508","1302","11","0","0","0","0","0","3","0","1","1","0","0","0","","","1","","0","","40 25:50.120","6","0","79 47:07.830","8","0","0","0","2446","0","0","0","N","0","0","0","7","02446","0","","1.0","","9","N","N","","0","","0","0","1","0","0","N","","6","1","0","0","0","1","0","2","0","6","","","","N","","","","","","","","","",""
"2012126743","","2","0","0","0","0","0","0","0","0","1","0","","02","12","2012","4","40.409675","-79.977397","1815","11","0","0","0","0","0","0","0","0","1","0","0","0","","","1","","2","","40 24:34.830","2","0","79 58:38.629","4","0","0","0","2301","0","0","0","N","0","0","0","1","02301","1","","1.0","","1","N","N","","0","","0","0","0","0","0","N","","2","1","0","0","0","0","0","2","0","2","","","","N","","","","","","","","","",""
"2012131761","","0","0","0","0","0","0","0","0","0","7","0","","02","12","2012","7","40.360039","-80.072687","0702","11","0","0","0","0","0","0","0","0","3","0","0","0","","","1","","0","","40 21:36.140","6","0","80 04:21.673","4","0","0","0","2123","0","0","0","N","0","0","0","1","02123","1","","5.0","","7","N","N","","0","","0","0","1","0","0","Y","","1","1","0","0","0","0","0","2","0","1","","","","N","","","","","","","","","",""
"2012125985","","2","0","0","0","0","0","0","0","0","1","0","","02","12","2012","4","40.443235","-79.991897","2226","11","0","0","0","0","0","0","0","0","","0","0","0","","","0","","0","","40 26:35.646","","0","79 59:30.830","0","0","0","0","2301","0","0","0","N","0","0","0","2","02301","0","","1.0","","1","N","N","","0","","0","0","0","0","0","","","2","0","0","0","0","0","0","2","0","2","","","","N","","","","","","","","","",""
"2012132216","","1","0","0","0","0","0","0","0","0","5","0","","02","12","2012","4","40.386693","-79.988972","1954","11","0","0","0","0","0","0","0","0","","0","0","0","","","0","","0","","40 23:12.094","","0","79 59:20.298","0","0","0","0","2301","0","0","0","N","0","0","0","1","02301","0","","1.0","","9","N","N","","0","","0","0","1","0","0","","","3","0","0","0","0","0","0","2","0","2","","","","N","","","","","","","","","",""
"2012126746","","1","0","0","0","0","0","0","0","0","5","0","","02","12","2012","6","40.425777","-80.019884","2140","11","0","0","0","0","0","0","0","0","1","0","0","0","","","0","","2","","40 25:32.796","4","0","80 01:11.584","0","0","0","0","2301","0","0","0","N","0","0","0","5","02301","0","","1.0","","1","N","N","","0","","0","0","1","3","2","N","","2","0","1","0","0","0","0","2","0","2","","","","N","","","","","","","","","",""
"2012127509","","1","0","0","0","0","0","0","0","0","7","0","","02","12","2012","1","40.535073","-80.072846","0341","11","0","0","0","0","0","0","0","0","","0","0","0","","","0","","0","","40 32:06.262","","7","80 04:22.245","0","0","0","0","2215","0","0","0","N","0","0","0","1","02215","0","","4.0","","1","N","N","","0","","0","0","0","0","0","","","1","0","0","0","0","0","0","2","0","1","","","","N","","","","","","","","","",""
"2012127522","","1","0","0","0","0","0","0","0","0","7","0","","02","12","2012","7","40.371724","-80.089051","1541","11","0","0","0","0","0","1","0","0","2","0","0","0","","","1","","0","","40 22:18.205","6","0","80 05:20.582","2","0","0","0","2117","0","0","0","N","0","0","0","1","02117","0","","2.0","","1","N","N","","0","","0","1","0","0","0","Y","","1","1","1","0","1","0","0","2","0","1","","","","N","","","","","","","","","",""
"2012132371","","1","0","0","0","0","0","0","0","0","7","0","","02","12","2012","5","40.493415","-79.914458","1657","11","0","0","0","0","0","0","0","1","1","0","0","0","","","0","","2","","40 29:36.293","6","0","79 54:52.050","0","0","0","0","2461","0","0","0","N","0","0","0","1","02461","0","","5.0","","2","N","N","","0","","0","0","0","0","0","N","","1","0","0","0","0","0","0","2","0","1","","","","N","","","","","","","","","",""
"2012132420","","1","0","0","0","0","0","0","0","0","7","0","","02","12","2012","2","40.369496","-80.221969","2126","11","0","0","0","0","0","0","0","0","","0","0","0","","","0","","0","","40 22:10.185","","0","80 13:19.087","0","0","0","0","2482","0","0","0","N","0","0","0","1","62422","0","","2.0","","9","N","N","","0","","0","0","0","0","0","","","1","0","0","0","0","0","0","2","0","1","","","","N","","","","","","","","","",""
"2012131827","","0","0","0","0","0","0","0","0","0","2","1","","02","12","2012","6","40.214865","-79.832062","1023","11","0","0","0","0","0","0","0","0","3","0","1","0","","","1","","0","","40 12:53.515","6","0","79 49:55.424","8","0","0","0","2105","0","0","0","N","0","0","0","2","02105","0","","2.0","","6","N","N","","0","","0","0","1","0","0","Y","","2","1","1","0","0","1","0","1","0","2","","","","N","","","","","","","","","",""
"2012126676","","1","0","0","0","0","0","0","0","0","99","0","","02","12","2012","3","40.630936","-80.078885","1657","11","0","0","0","0","0","1","0","0","","0","0","0","","","0","","0","","40 37:51.368","","0","80 04:43.986","0","0","0","0","2412","0","0","0","N","0","0","0","1","02505","0","","1.0","","1","N","N","","0","","0","0","0","0","0","","","1","0","0","0","0","0","0","2","0","1","","","","N","","","","","","","","","",""
"2012131766","","1","0","0","0","0","0","0","0","0","1","0","","02","12","2012","7","40.4238","-79.988646","0839","11","0","0","0","0","0","0","0","0","","0","0","0","","","0","","0","","40 25:25.680","","0","79 59:19.125","9","0","0","0","2301","0","0","0","N","0","0","0","1","02301","0","","2.0","","7","N","N","","1","","0","0","0","0","0","","","2","0","0","0","0","0","1","2","0","2","","","","N","","","","","","","","","",""
"2012131833","","1","0","0","0","0","0","0","0","0","7","0","","02","12","2012","7","40.518289","-80.044188","1427","11","0","0","0","0","0","0","0","0","2","0","0","0","","","1","","0","","40 31:05.842","4","0","80 02:39.078","4","0","0","0","2474","0","0","0","N","0","0","0","3","02474","1","","2.0","","1","N","N","","0","","0","0","0","0","0","N","","1","1","2","0","0","0","0","2","0","1","","","","N","","","","","","","","","",""
"2012132374","","0","0","0","0","0","0","0","0","0","1","0","","02","12","2012","1","40.494159","-79.961782","1943","11","0","0","0","0","0","1","0","0","1","0","0","0","","","0","","0","","40 29:38.971","5","0","79 57:42.416","0","0","0","0","2118","0","0","0","N","0","0","0","2","02118","0","","1.0","","1","N","N","","0","","0","0","2","0","0","Y","","2","0","0","0","0","0","0","2","0","2","","","","N","","","","","","","","","",""
"2012125991","","4","0","0","0","0","0","0","0","0","1","0","","02","12","2012","5","40.431158","-79.959208","1526","11","0","0","0","0","0","0","0","1","","0","0","0","","","1","","2","","40 25:52.168","","0","79 57:33.149","8","0","0","0","2301","0","0","0","N","0","0","0","5","02301","0","","1.0","","1","N","N","","0","","0","0","0","3","2","","","4","1","0","0","0","1","0","2","0","4","","","","N","","","","","","","","","",""
"2012126752","","4","0","0","0","0","0","0","0","0","5","0","","02","12","2012","6","40.367272","-79.856238","2347","11","0","0","0","0","0","0","0","0","2","0","0","0","","","0","","0","","40 22:02.179","7","0","79 51:22.456","0","0","0","0","2303","0","0","0","N","0","0","0","1","02303","0","","2.0","","1","N","N","","0","","0","0","0","0","0","Y","","4","0","0","0","0","0","0","2","0","4","","","","N","","","","","","","","","",""
"2012127514","","1","0","0","0","0","0","0","0","0","7","0","","02","12","2012","1","40.520923","-80.014443","2250","11","0","0","0","0","0","0","0","0","9","0","0","0","","","0","","2","","40 31:15.322","1","0","80 00:51.994","0","0","0","0","2116","0","0","0","N","0","0","0","1","02116","0","","5.0","","1","N","N","","0","","0","0","0","0","0","N","","1","0","0","0","0","0","0","2","0","1","","","","N","","","","","","","","","",""
"2012127527","","2","0","0","0","0","0","0","0","0","4","0","","02","12","2012","2","40.348358","-79.945831","1818","11","0","0","0","0","0","0","0","0","1","0","0","0","","","1","","0","","40 20:54.089","3","0","79 56:44.992","4","0","0","0","2473","0","0","0","N","0","0","0","4","02473","1","","1.0","","9","N","N","","0","","0","0","0","3","3","N","","2","1","0","0","0","0","0","2","0","2","","","","N","","","","","","","","","",""
"2012132170","","1","0","0","0","0","0","0","0","0","7","0","","02","12","2012","4","40.397156","-80.1148","1050","11","0","0","0","0","1","0","0","0","2","0","0","0","","","1","","0","","40 23:49.762","4","0","80 06:53.280","8","0","0","0","2102","0","0","0","N","0","0","0","1","02102","0","","5.0","","7","N","N","","0","","0","0","0","0","0","N","","1","1","0","0","0","1","0","2","0","1","","","","N","","","","","","","","","",""
"2012131771","","1","0","0","0","0","0","0","0","0","7","0","","02","12","2012","7","40.410444","-80.015599","0808","11","0","0","0","0","1","0","0","0","","0","0","0","","","2","","2","","40 24:37.599","","0","80 00:56.156","4","0","0","0","2301","0","0","0","N","0","0","0","2","02301","2","","2.0","","7","N","N","","0","","0","0","0","3","2","","","1","2","2","0","0","0","0","2","0","1","","","","N","","","","","","","","","",""
"2012125923","","1","0","0","0","0","0","0","0","0","2","0","","02","12","2012","5","40.457512","-79.917393","0836","11","0","0","0","0","0","1","0","0","","0","0","0","","","1","","1","","40 27:27.044","","0","79 55:02.616","8","0","0","0","2301","0","0","0","N","0","0","0","2","02301","0","","1.0","","1","Y","N","","0","","0","0","0","3","2","","","2","1","0","0","0","1","1","2","1","2","","","","N","","","","","","","","","",""
"2012126753","","2","0","0","0","0","0","0","0","0","4","0","","02","12","2012","7","40.45289","-79.920715","1709","11","0","0","0","0","0","1","0","1","2","0","0","0","","","0","","1","","40 27:10.404","4","0","79 55:14.574","0","0","0","0","2301","0","0","0","N","0","0","0","3","02301","0","","1.0","","1","N","N","","0","","0","0","0","3","2","N","","2","0","0","0","0","0","0","2","0","2","","","","N","","","","","","","","","",""
"2012132084","","1","0","0","0","0","0","0","0","0","4","0","","02","12","2012","1","40.444449","-79.995637","0720","11","0","0","0","0","0","0","0","0","","0","0","0","","","0","","1","","40 26:40.016","","0","79 59:44.293","0","0","0","0","2301","0","0","0","N","0","0","0","2","02301","0","","1.0","","9","N","N","","0","","0","0","0","3","2","","","2","0","0","0","0","0","0","2","1","2","","","","N","","","","","","","","","",""
"2012127529","","1","0","0","0","0","0","0","0","0","7","0","","02","12","2012","1","40.347284","-79.87977","0206","11","0","0","0","0","0","0","0","0","1","0","0","0","","","1","","0","","40 20:50.222","3","0","79 52:47.172","8","0","0","0","2304","0","0","0","N","0","0","0","1","02304","0","","2.0","","1","N","N","","0","","0","0","0","3","1","Y","","1","1","0","0","0","1","0","2","0","1","","","","N","","","","","","","","","",""
"2012132831","","2","0","0","0","0","0","0","0","0","1","0","","02","12","2012","2","40.432873","-79.936537","1810","11","0","0","0","0","0","0","0","0","","0","0","0","","","0","","1","","40 25:58.342","","0","79 56:11.533","0","0","0","0","2301","0","0","0","N","0","0","0","2","02301","0","","1.0","","7","N","N","","0","","0","0","0","3","2","","","2","0","0","0","0","0","0","2","0","2","","","","N","","","","","","","","","",""
"2012132172","","1","0","0","0","0","0","0","0","0","7","0","","02","12","2012","4","40.568927","-80.203222","1513","11","0","0","0","0","0","1","0","0","1","0","0","0","","","1","","0","","40 34:08.137","2","0","80 12:11.599","4","0","0","0","2107","0","0","0","N","0","0","0","1","02107","1","","2.0","","6","N","N","","0","","0","0","0","0","0","N","","1","1","0","0","0","0","0","1","0","1","","","","N","","","","","","","","","",""
"2012125926","","1","0","0","0","0","0","0","0","0","6","0","","02","12","2012","5","40.542632","-79.77309","1548","11","0","0","0","0","0","1","0","0","","0","0","0","","","0","","1","","40 32:33.475","","0","79 46:23.124","0","0","0","0","2462","0","0","0","N","0","0","0","2","02462","0","","1.0","","1","N","N","","1","","0","0","0","3","2","","","2","0","0","0","0","0","0","2","0","2","","","","N","","","","","","","","","",""
"2012132832","","1","0","0","0","0","0","0","0","0","2","0","","02","12","2012","2","40.413988","-80.078112","1746","11","0","0","0","0","1","1","0","0","1","0","0","0","","","0","","0","","40 24:50.356","5","0","80 04:41.203","0","0","0","0","2415","0","0","0","N","0","0","0","2","02415","0","","1.0","","7","N","N","","0","","0","0","1","0","0","Y","","2","0","0","0","0","0","0","2","0","2","","","","N","","","","","","","","","",""
"2012132175","","1","0","0","0","0","0","0","0","0","7","0","","02","12","2012","1","40.467516","-80.067014","1034","11","0","0","0","0","1","0","0","0","2","0","0","0","","","0","","2","","40 28:03.057","7","0","80 04:01.250","0","0","0","0","2444","0","0","0","N","0","0","0","1","02444","0","","5.0","","2","N","N","","0","","0","0","0","0","0","Y","","1","0","0","0","0","0","0","2","0","1","","","","N","","","","","","","","","",""
"2012132381","","1","0","0","0","0","0","0","0","0","1","0","","02","12","2012","7","","","0055","11","0","0","1","0","0","0","0","0","","0","0","0","","","0","","0","","","","0","","0","0","0","0","2119","0","0","0","N","0","0","0","1","02119","0","","1.0","","1","N","N","","0","","0","0","1","0","0","","","2","0","0","0","0","0","0","1","0","2","","","","N","","","","","","","","","",""
"2012131781","","0","0","0","0","0","0","0","0","0","7","0","","02","12","2012","7","40.522244","-79.947691","0957","11","0","0","0","0","0","0","0","0","2","0","0","0","","","0","","0","","40 31:20.077","1","0","79 56:51.687","0","0","0","0","2118","0","0","0","N","0","0","0","1","02118","0","","5.0","","7","N","N","","0","","0","0","1","0","0","N","","1","0","0","0","0","0","0","2","0","1","","","","N","","","","","","","","","",""
"2012127533","","0","0","0","0","0","0","0","0","0","4","0","","02","12","2012","5","40.307538","-79.936047","1127","11","0","0","0","0","0","0","0","0","","0","0","0","","","0","","0","","40 18:27.137","","0","79 56:09.769","0","0","0","0","2440","0","0","0","N","0","0","0","2","02440","0","","1.0","","1","N","N","","0","","0","0","2","0","0","","","2","0","0","0","0","0","0","2","0","2","","","","N","","","","","","","","","",""
"2012132091","","1","0","0","0","0","0","0","0","0","2","0","","02","12","2012","5","40.439687","-79.897627","0931","11","0","0","0","0","0","0","0","0","2","0","0","0","","","1","","0","","40 26:22.873","4","0","79 53:51.457","3","0","0","0","2301","0","0","0","N","0","0","0","3","02301","0","","1.0","","2","N","N","","1","","1","0","0","0","0","Y","","2","1","0","0","0","0","0","2","0","2","","","","N","","","","","","","","","",""
"2012132836","","0","0","0","0","0","0","0","0","0","7","0","","02","12","2012","4","40.481677","-79.828911","2312","11","0","0","0","0","0","0","0","0","","0","0","0","","","0","","0","","40 28:54.038","","0","79 49:44.081","0","0","0","0","2113","0","0","0","N","0","0","0","1","02113","0","","4.0","","7","N","N","","0","","0","0","1","0","0","","","1","0","0","0","0","0","0","2","0","1","","","","N","","","","","","","","","",""
"2012132148","","2","0","0","0","0","0","0","0","0","4","0","","02","12","2012","1","40.449706","-80.025099","1128","11","0","0","0","0","0","1","0","0","","0","0","0","","","0","","1","","40 26:58.940","","8","80 01:30.356","0","0","0","0","2301","0","0","0","N","0","0","0","3","02301","0","","1.0","","2","N","N","","0","","0","0","0","3","2","","","2","0","0","0","0","0","0","2","0","2","","","","N","","","","","","","","","",""
"2012125932","","2","0","0","0","0","0","0","0","0","1","0","","02","12","2012","1","40.395658","-79.997619","1226","11","0","0","0","0","0","0","0","0","2","0","0","0","","","1","","0","","40 23:44.370","1","0","79 59:51.427","8","0","0","0","2301","0","0","0","N","0","0","0","5","02301","0","","1.0","","1","N","N","","0","","0","0","0","0","0","N","","2","1","1","0","0","1","0","2","0","2","","","","N","","","","","","","","","",""
"2012132838","","2","0","0","0","0","0","0","0","0","1","0","","02","12","2012","2","40.482366","-80.005975","1810","11","0","0","0","0","0","0","1","0","1","0","0","0","","","0","","2","","40 28:56.518","2","0","80 00:21.510","0","0","0","0","2301","0","0","0","N","0","0","0","4","02301","0","","1.0","","6","N","N","","0","","0","0","0","0","0","N","","2","0","0","0","0","0","0","2","0","2","","","","N","","","","","","","","","",""
"2012127471","","1","0","0","0","0","0","0","0","0","4","0","","02","12","2012","7","40.345334","-80.15493","1520","11","0","0","0","0","0","0","1","0","","0","0","0","","","0","","1","","40 20:43.203","","0","80 09:17.747","0","0","0","0","2119","0","0","0","N","0","0","0","2","02119","0","","1.0","","1","N","N","","0","","0","0","0","3","3","","","2","0","0","0","0","0","0","2","1","2","","","","N","","","","","","","","","",""
"2012126020","","2","0","0","0","0","0","0","0","0","1","0","25","02","12","2012","4","40.585591","-80.036014","0900","11","0","0","0","0","1","0","1","0","","0","0","0","","","0","","0","","40 35:08.127","","0","80 02:09.650","0","0","0","0","2108","0","0","0","N","0","0","0","2","02108","0","","1.0","","1","N","N","","0","","0","0","0","3","8","","","2","0","0","0","0","0","0","2","0","2","","","N","Y","3","1","N","N","N","Y","N","N","N",""
"2012132437","","1","0","0","0","0","0","0","0","0","7","0","","02","11","2012","1","40.427251","-80.106298","0055","11","0","0","0","0","0","0","0","0","","0","0","0","","","0","","0","","40 25:38.105","","0","80 06:22.672","0","0","0","0","2115","0","0","0","N","0","0","0","1","68B03","0","","3.0","","1","N","N","","0","","0","0","0","0","0","","","1","0","0","0","0","0","0","2","0","1","","","","N","","","","","","","","","",""
"2012125935","","1","0","0","0","0","0","0","0","0","7","0","","02","12","2012","4","","","1442","11","0","0","0","0","0","0","0","0","1","0","0","0","","","0","","0","","","1","0","","0","0","0","0","2301","0","0","0","N","0","0","0","2","02301","0","","1.0","","1","N","N","","0","","0","0","0","0","0","N","","1","0","0","0","0","0","0","1","0","1","","","","N","","","","","","","","","",""
"2012127472","","1","0","0","0","0","0","0","0","0","1","0","","02","12","2012","2","40.391316","-79.986641","1836","11","0","0","0","0","0","1","0","0","","0","0","0","","","0","","2","","40 23:28.737","","0","79 59:11.907","0","0","0","0","2301","0","0","0","N","0","0","0","2","02301","0","","1.0","","9","N","N","","0","","0","0","1","3","2","","","2","0","0","0","0","0","0","2","0","2","","","","N","","","","","","","","","",""
"2012126021","","2","0","0","0","0","0","0","0","0","1","0","","02","11","2012","5","40.506291","-80.237747","2231","11","0","0","0","0","0","0","0","0","","0","0","0","","","0","","0","","40 30:22.646","","0","80 14:15.889","0","0","0","0","2213","0","0","0","N","0","0","0","2","02213","0","","1.0","","1","N","N","","0","","0","0","0","0","0","","","2","0","0","0","0","0","0","2","0","2","","","","N","","","","","","","","","",""
"2012132335","","1","0","0","0","0","0","0","0","0","4","0","","02","12","2012","1","40.454967","-79.945198","1745","11","0","0","0","0","0","0","1","0","1","0","0","0","","","1","","1","","40 27:17.882","3","0","79 56:42.711","8","0","0","0","2301","0","0","0","N","0","0","0","2","02301","0","","1.0","","9","N","N","","0","","0","0","1","3","2","N","","2","1","0","0","0","1","0","2","0","2","","","","N","","","","","","","","","",""
"2012132438","","1","0","0","0","0","0","0","0","0","1","0","","02","11","2012","6","40.434643","-79.987415","2301","11","0","0","0","0","0","0","0","0","","0","0","0","","","1","","0","","40 26:04.714","","0","79 59:14.693","4","0","0","0","2301","0","0","0","N","0","0","0","2","68B03","1","","1.0","","1","N","N","","0","","0","0","0","0","0","","","2","1","0","0","0","0","0","2","1","2","","","","N","","","","","","","","","",""
"2012132548","","1","0","0","0","0","0","0","0","0","7","0","","02","12","2012","4","40.441944","-80.038682","1010","11","0","0","0","0","0","0","0","0","1","0","0","0","","","0","","0","","40 26:30.998","3","0","80 02:19.255","0","0","0","0","2301","0","0","0","N","0","0","0","1","02301","0","","2.0","","2","N","N","","0","","0","0","0","0","0","N","","1","0","0","0","0","0","0","2","0","1","","","","N","","","","","","","","","",""
"2012126022","","1","0","0","0","0","0","0","0","0","99","0","","02","12","2012","7","40.457774","-80.174777","0052","11","0","0","0","0","0","0","0","0","","0","0","0","","","0","","0","","40 27:27.987","","0","80 10:29.197","0","0","0","0","2213","0","0","0","N","0","0","0","1","02213","0","","1.0","","1","N","N","","0","","0","0","0","0","0","","","1","0","0","0","0","0","0","2","0","1","","","","N","","","","","","","","","",""
"2012127542","","1","0","0","0","0","0","0","0","0","5","1","","02","12","2012","2","40.463586","-79.952975","0622","11","0","0","0","0","0","1","0","0","","0","1","0","","","0","","1","","40 27:48.909","","0","79 57:10.710","0","0","0","0","2301","0","0","0","N","0","0","0","2","02301","0","","1.0","","9","N","N","","0","","0","0","0","3","2","","","2","0","0","0","0","0","0","2","0","2","","","","N","","","","","","","","","",""