"CRN","ARRIVAL_TM","AUTOMOBILE_COUNT","BELTED_DEATH_COUNT","BELTED_SUSP_SERIOUS_INJ_COUNT","BICYCLE_COUNT","BICYCLE_DEATH_COUNT","BICYCLE_SUSP_SERIOUS_INJ_COUNT","BUS_COUNT","CHLDPAS_DEATH_COUNT","CHLDPAS_SUSP_SERIOUS_INJ_COUNT","COLLISION_TYPE","COMM_VEH_COUNT","CONS_ZONE_SPD_LIM","COUNTY","CRASH_MONTH","CRASH_YEAR","DAY_OF_WEEK","DEC_LATITUDE","DEC_LONGITUDE","DISPATCH_TM","DISTRICT","DRIVER_COUNT_16YR","DRIVER_COUNT_17YR","DRIVER_COUNT_18YR","DRIVER_COUNT_19YR","DRIVER_COUNT_20YR","DRIVER_COUNT_50_64YR","DRIVER_COUNT_65_74YR","DRIVER_COUNT_75PLUS","EST_HRS_CLOSED","FATAL_COUNT","HEAVY_TRUCK_COUNT","HORSE_BUGGY_COUNT","HOUR_OF_DAY","ILLUMINATION","INJURY_COUNT","INTERSECTION_RELATED","INTERSECT_TYPE","LANE_CLOSED","LATITUDE","LN_CLOSE_DIR","LOCATION_TYPE","LONGITUDE","MAX_SEVERITY_LEVEL","MCYCLE_DEATH_COUNT","MCYCLE_SUSP_SERIOUS_INJ_COUNT","MOTORCYCLE_COUNT","MUNICIPALITY","NONMOTR_COUNT","NONMOTR_DEATH_COUNT","NONMOTR_SUSP_SERIOUS_INJ_COUNT","NTFY_HIWY_MAINT","PED_COUNT","PED_DEATH_COUNT","PED_SUSP_SERIOUS_INJ_COUNT","PERSON_COUNT","POLICE_AGCY","POSSIBLE_INJ_COUNT","RDWY_SURF_TYPE_CD","RELATION_TO_ROAD","ROADWAY_CLEARED","ROAD_CONDITION","SCH_BUS_IND","SCH_ZONE_IND","SECONDARY_CRASH","SMALL_TRUCK_COUNT","SPEC_JURIS_CD","SUSP_MINOR_INJ_COUNT","SUSP_SERIOUS_INJ_COUNT","SUV_COUNT","TCD_FUNC_CD","TCD_TYPE","TFC_DETOUR_IND","TIME_OF_DAY","TOTAL_UNITS","TOT_INJ_COUNT","UNBELTED_OCC_COUNT","UNB_DEATH_COUNT","UNB_SUSP_SERIOUS_INJ_COUNT","UNK_INJ_DEG_COUNT","UNK_INJ_PER_COUNT","URBAN_RURAL","VAN_COUNT","VEHICLE_COUNT","WEATHER1","WEATHER2","WORKERS_PRES","WORK_ZONE_IND","WORK_ZONE_LOC","WORK_ZONE_TYPE","WZ_CLOSE_DETOUR","WZ_FLAGGER","WZ_LAW_OFFCR_IND","WZ_LN_CLOSURE","WZ_MOVING","WZ_OTHER","WZ_SHLDER_MDN","WZ_WORKERS_INJ_KILLED"
"2012130376","","2","0","0","0","0","0","0","0","0","5","0","","02","12","2012","2","40.491797","-79.905775","2033","11","0","0","0","0","0","0","0","0","1","0","0","0","","","0","","0","","40 29:30.470","3","0","79 54:20.790","0","0","0","0","2401","0","0","0","N","0","0","0","1","02401","0","","1.0","","1","N","N","","0","","0","0","0","0","0","Y","","2","0","0","0","0","0","0","2","0","2","","","","N","","","","","","","","","",""
"2012130971","","2","0","0","0","0","0","0","0","0","7","0","","02","12","2012","5","40.489338","-80.016093","0815","11","0","0","1","0","0","0","0","0","","0","0","0","","","1","","0","","40 29:21.616","","0","80 00:57.934","8","0","0","0","2301","0","0","0","N","0","0","0","2","02301","0","","5.0","","2","N","N","","0","","0","0","0","0","0","","","2","1","0","0","0","1","0","2","0","2","","","","N","","","","","","","","","",""
"2012128718","","1","0","0","0","0","0","0","0","0","7","0","","02","12","2012","5","40.348261","-79.890168","1515","11","0","0","0","0","0","1","0","0","1","0","0","0","","","0","","1","","40 20:53.741","4","8","79 53:24.603","0","0","0","0","2304","0","0","0","N","0","0","0","1","02304","0","","7.0","","9","N","N","","0","","0","0","0","0","0","Y","","1","0","0","0","0","0","0","2","0","1","","","","N","","","","","","","","","",""
"2012130169","","1","0","0","0","0","0","0","0","0","7","0","","02","12","2012","6","40.653027","-79.724727","2126","11","0","0","0","0","0","1","0","0","","0","0","0","","","0","","0","","40 39:10.898","","3","79 43:29.018","0","0","0","0","2106","0","0","0","Y","0","0","0","1","68D02","0","","4.0","","2","N","N","","0","","0","0","0","0","0","","","1","0","0","0","0","0","0","2","0","1","","","","N","","","","","","","","","",""
"2012131624","","1","0","0","0","0","0","0","0","0","7","0","","02","12","2012","6","40.477915","-79.941198","1647","11","0","0","0","0","0","0","0","0","","0","0","0","","","0","","0","","40 28:40.493","","0","79 56:28.313","0","0","0","0","2301","0","0","0","N","0","0","0","1","02301","0","","5.0","","6","N","N","","0","","0","0","0","0","0","","","1","0","0","0","0","0","0","2","0","1","","","","N","","","","","","","","","",""
"2012130093","","1","0","0","0","0","0","0","0","0","8","0","","02","12","2012","2","40.403637","-80.083362","1846","11","0","0","0","0","0","0","0","0","","0","0","0","","","1","","2","","40 24:13.093","","0","80 05:00.103","8","0","0","0","2415","1","0","0","N","1","0","0","2","02415","0","","1.0","","9","N","N","","0","","0","0","0","3","2","","","2","1","0","0","0","1","0","2","0","1","","","","N","","","","","","","","","",""
"2012129418","","1","0","0","0","0","0","0","0","0","4","0","","02","12","2012","7","40.452681","-79.91037","1501","11","0","0","0","0","0","1","0","1","3","0","0","0","","","1","","1","","40 27:09.653","7","0","79 54:37.332","8","0","0","0","2301","0","0","0","N","0","0","0","2","02301","0","","1.0","","1","N","N","","0","","0","0","0","3","2","Y","","2","1","0","0","0","1","0","2","1","2","","","","N","","","","","","","","","",""
"2012131048","","0","0","0","0","0","0","0","0","0","7","0","","02","12","2012","5","40.463758","-80.034389","0831","11","0","0","0","0","1","0","0","0","1","0","0","0","","","0","","0","","40 27:49.528","1","0","80 02:03.802","0","0","0","0","2301","0","0","0","N","0","0","0","1","02301","0","","5.0","","2","N","N","","0","","0","0","1","0","0","N","","1","0","0","0","0","0","0","2","0","1","","","","N","","","","","","","","","",""
"2012129639","","1","0","0","0","0","0","0","0","0","5","0","","02","11","2012","6","40.606236","-80.094107","1332","11","0","0","0","0","0","1","0","0","","0","0","0","","","0","","0","","40 36:22.449","","0","80 05:38.784","0","0","0","0","2481","0","0","0","N","0","0","0","2","68B03","0","","1.0","","1","N","N","","0","","0","0","1","0","0","","","2","0","0","0","0","0","0","2","0","2","","","","N","","","","","","","","","",""
"2012129338","","1","0","0","0","0","0","0","0","0","7","0","","02","12","2012","5","40.557164","-80.139914","2138","11","0","0","0","1","0","0","0","0","2","0","0","0","","","1","","0","","40 33:25.790","3","0","80 08:23.690","8","0","0","0","2459","0","0","0","N","0","0","0","1","02459","0","","2.0","","9","N","N","","0","","0","0","0","0","0","N","","1","1","1","0","0","1","0","1","0","1","","","","N","","","","","","","","","",""
"2012130987","","1","0","0","0","0","0","0","0","0","7","0","","02","12","2012","5","40.353006","-79.843915","0834","11","0","0","0","0","0","0","0","0","","0","0","0","","","0","","2","","40 21:10.823","","0","79 50:38.094","0","0","0","0","2304","0","0","0","N","0","0","0","1","02304","0","","4.0","","6","N","N","","0","","0","0","0","0","0","","","1","0","0","0","0","0","0","2","0","1","","","","N","","","","","","","","","",""
"2012129628","","1","0","0","0","0","0","0","0","0","7","0","","02","12","2012","1","40.24311","-79.871547","1633","11","0","0","0","0","0","1","0","0","","0","0","0","","","1","","0","","40 14:35.197","","0","79 52:17.568","4","0","0","0","2204","0","0","0","Y","0","0","0","1","02204","1","","2.0","","1","N","N","","0","","0","0","0","0","0","","","1","1","1","0","0","0","0","1","0","1","","","","N","","","","","","","","","",""
"2012130393","","2","0","0","0","0","0","0","0","0","1","0","","02","12","2012","2","40.647088","-79.937606","0028","11","0","0","0","0","0","0","0","0","1","0","0","0","","","0","","0","","40 38:49.516","1","0","79 56:15.381","0","0","0","0","2217","0","0","0","N","0","0","0","3","02505","0","","1.0","","9","N","N","","0","","0","0","0","0","0","N","","2","0","0","0","0","0","0","2","0","2","","","","N","","","","","","","","","",""
"2012131638","","0","0","0","0","0","0","0","0","0","1","0","","02","12","2012","6","40.482187","-79.870047","2000","11","0","0","0","0","0","1","1","0","","0","0","0","","","0","","0","","40 28:55.872","","0","79 52:12.170","0","0","0","0","2113","0","0","0","N","0","0","0","4","02113","0","","1.0","","1","N","N","","0","","0","0","2","0","0","","","2","0","0","0","0","0","0","2","0","2","","","","N","","","","","","","","","",""
"2012129421","","0","0","0","0","0","0","0","0","0","7","0","","02","12","2012","6","40.464871","-79.853252","2214","11","0","1","0","0","0","0","0","0","1","0","0","0","","","2","","2","","40 27:53.536","6","0","79 51:11.706","4","0","0","0","2113","0","0","0","N","0","0","0","4","02113","2","","5.0","","2","N","N","","1","","0","0","0","0","0","N","","1","2","0","0","0","0","0","2","0","1","","","","N","","","","","","","","","",""
"2012129484","","0","0","0","0","0","0","0","0","0","2","0","","02","12","2012","7","40.409069","-79.896468","1645","11","0","0","0","0","0","1","0","0","1","0","0","0","","","2","","0","","40 24:32.648","1","0","79 53:47.285","4","0","0","0","2448","0","0","0","N","0","0","0","3","02448","2","","1.0","","1","N","N","","0","","0","0","2","0","0","Y","","2","2","1","0","0","0","0","2","0","2","","","","N","","","","","","","","","",""
"2012129497","","2","0","0","0","0","0","0","0","0","4","0","","02","12","2012","7","40.320678","-80.087022","1824","11","0","0","0","0","0","1","0","0","2","0","0","0","","","4","","2","","40 19:14.440","2","0","80 05:13.278","3","0","0","0","2123","0","0","0","N","0","0","0","4","02123","1","","1.0","","1","N","N","","0","","3","0","1","3","3","N","","3","4","0","0","0","0","0","2","0","3","","","","N","","","","","","","","","",""
"2012130253","","2","0","0","0","0","0","0","0","0","2","0","","02","12","2012","3","40.4458","-79.998285","1546","11","0","0","0","0","0","0","0","0","1","0","0","0","","","2","","3","","40 26:44.880","2","0","79 59:53.827","8","0","0","0","2301","0","0","0","N","0","0","0","4","02301","0","","1.0","","1","N","N","","0","","0","0","0","3","2","Y","","2","2","0","0","0","2","0","2","0","2","","","","N","","","","","","","","","",""
"2012129422","","1","0","0","0","0","0","0","0","0","7","0","","02","12","2012","6","40.226132","-79.96567","2040","11","0","0","0","0","0","0","0","0","2","0","0","0","","","1","","0","","40 13:34.074","5","0","79 57:56.412","8","0","0","0","2204","0","0","0","Y","0","0","0","1","02204","0","","2.0","","7","N","N","","0","","0","0","0","0","0","N","","1","1","1","0","0","1","0","1","0","1","","","","N","","","","","","","","","",""
"2012129630","","1","0","0","0","0","0","0","0","0","7","0","","02","12","2012","1","40.591729","-79.888139","0909","11","0","0","0","0","0","0","0","0","","0","0","0","","","1","","0","","40 35:30.225","","0","79 53:17.300","4","0","0","0","2209","0","0","0","N","0","0","0","1","02209","1","","2.0","","98","N","N","","0","","0","0","0","0","0","","","1","1","0","0","0","0","0","1","0","1","","","","N","","","","","","","","","",""
"2012129341","","1","0","0","0","0","0","0","0","0","7","0","","02","12","2012","7","40.550072","-80.085726","0808","11","0","0","0","0","0","1","0","0","","0","0","0","","","0","","10","","40 33:00.259","","0","80 05:08.612","0","0","0","0","2215","0","0","0","","0","0","0","1","02215","0","","5.0","","2","","","","0","","0","0","0","0","0","","","1","0","0","0","0","0","0","2","0","1","","","","N","","","","","","","","","",""
"2012129354","","1","0","0","0","0","0","0","0","0","7","0","","02","12","2012","2","40.555425","-80.223178","1305","11","0","0","0","0","0","0","0","0","1","0","0","0","","","1","","0","","40 33:19.530","7","0","80 13:23.440","2","0","0","0","2103","0","0","0","N","0","0","0","1","02103","0","","2.0","","9","N","N","","0","","0","1","0","0","0","Y","","1","1","1","0","1","0","0","2","0","1","","","","N","","","","","","","","","",""
"2012130915","","0","0","0","0","0","0","0","0","0","7","0","","02","12","2012","5","40.519934","-79.963518","0228","11","0","0","0","0","0","0","0","0","3","0","0","0","","","1","","0","","40 31:11.763","5","0","79 57:48.666","4","0","0","0","2118","0","0","0","N","0","0","0","1","02118","1","","5.0","","7","N","N","","0","","0","0","1","0","0","Y","","1","1","0","0","0","0","0","2","0","1","","","","N","","","","","","","","","",""
"2012128726","","2","0","0","0","0","0","0","0","0","1","0","","02","12","2012","4","40.475864","-80.099965","1515","11","0","0","0","0","0","1","0","1","2","0","0","0","","","1","","0","","40 28:33.110","5","0","80 05:59.874","3","0","0","0","2126","0","0","0","N","0","0","0","3","02126","0","","1.0","","1","N","N","","0","","1","0","1","0","0","N","","3","1","0","0","0","0","0","2","0","3","","","","N","","","","","","","","","",""
"2012130990","","1","0","0","0","0","0","0","0","0","7","0","","02","12","2012","4","40.482019","-79.826698","1141","11","0","0","0","0","0","0","0","0","1","0","0","0","","","0","","0","","40 28:55.269","6","0","79 49:36.113","0","0","0","0","2113","0","0","0","N","0","0","0","1","02113","0","","2.0","","7","N","N","","0","","0","0","0","0","0","N","","1","0","0","0","0","0","0","2","0","1","","","","N","","","","","","","","","",""
"2012129567","","1","0","0","0","0","0","0","0","0","1","0","","02","12","2012","1","40.486208","-80.009723","0813","11","0","0","0","0","0","0","0","0","2","0","0","0","","","1","","3","","40 29:10.348","2","0","80 00:35.004","4","0","0","0","2301","0","0","0","N","0","0","0","7","02301","1","","1.0","","1","N","N","","0","","0","0","1","3","2","N","","2","1","0","0","0","0","0","2","0","2","","","","N","","","","","","","","","",""
"2012128863","","2","0","0","0","0","0","0","0","0","4","0","","02","12","2012","5","40.372199","-80.077376","1709","11","0","0","0","0","0","1","0","0","2","0","0","0","","","2","","2","","40 22:19.916","6","0","80 04:38.553","4","0","0","0","2109","0","0","0","N","0","0","0","5","02109","1","","1.0","","9","N","N","","0","","0","0","0","3","2","N","","2","2","0","0","0","1","0","2","0","2","","","","N","","","","","","","","","",""
"2012129631","","1","0","0","0","0","0","0","0","0","7","0","","02","12","2012","1","40.585364","-79.882322","1443","11","0","0","0","0","1","0","0","0","2","0","0","0","","","1","","0","","40 35:07.309","6","0","79 52:56.358","4","0","0","0","2209","0","0","0","N","0","0","0","1","02209","1","","5.0","","1","N","N","","0","","0","0","0","0","0","Y","","1","1","0","0","0","0","0","2","0","1","","","","N","","","","","","","","","",""
"2012129501","","1","0","0","0","0","0","0","0","0","6","0","","02","12","2012","7","40.412953","-80.010118","2034","11","0","0","0","0","0","0","0","0","1","0","0","0","","","0","","1","","40 24:46.629","2","0","80 00:36.426","0","0","0","0","2301","0","0","0","N","0","0","0","5","02301","0","","1.0","","1","N","N","","1","","0","0","0","3","2","N","","2","0","0","0","0","0","0","2","0","2","","","","N","","","","","","","","","",""
"2012131053","","0","0","0","0","0","0","0","0","0","7","0","","02","12","2012","5","40.449013","-79.964984","0920","11","0","0","0","0","0","0","0","0","","0","0","0","","","0","","0","","40 26:56.446","","0","79 57:53.942","0","0","0","0","2301","0","0","0","N","0","0","0","1","02301","0","","5.0","","7","N","N","","1","","0","0","0","0","0","","","1","0","0","0","0","0","0","2","0","1","","","","N","","","","","","","","","",""
"2012129568","","0","0","0","0","0","0","0","0","0","7","0","","02","12","2012","1","40.385202","-79.975841","0850","11","0","0","0","0","0","0","0","0","","0","0","0","","","0","","2","","40 23:06.727","","0","79 58:33.027","9","0","0","0","2413","0","0","0","N","0","0","0","1","02413","0","","5.0","","2","N","N","","0","","0","0","1","0","0","","","1","0","0","0","0","0","1","2","0","1","","","","N","","","","","","","","","",""
"2012129357","","0","0","0","0","0","0","0","0","0","7","0","","02","12","2012","7","40.391016","-79.902644","1008","11","0","0","0","0","0","0","0","0","","0","0","0","","","0","","0","","40 23:27.656","","0","79 54:09.519","0","0","0","0","2448","0","0","0","N","0","0","0","1","02448","0","","5.0","","9","N","N","","0","","0","0","1","0","0","","","1","0","0","0","0","0","0","2","0","1","","","","N","","","","","","","","","",""
"2012131055","","1","0","0","0","0","0","0","0","0","8","0","","02","12","2012","4","40.421632","-80.052208","1545","11","0","0","0","0","0","0","0","0","2","0","0","0","","","1","","0","","40 25:17.874","6","0","80 03:07.947","2","0","0","0","2435","1","0","1","N","1","0","1","2","02435","0","","1.0","","6","N","N","","0","","0","1","0","0","0","Y","","3","1","0","0","0","0","0","2","1","2","","","","N","","","","","","","","","",""
"2012129569","","1","0","0","0","0","0","0","0","0","0","0","","02","12","2012","1","40.435822","-79.966717","0822","11","0","0","0","0","0","0","0","0","","0","0","0","","","0","","6","","40 26:08.960","","2","79 58:00.182","0","0","0","0","2301","0","0","0","N","0","0","0","2","02301","0","","1.0","","1","N","N","","0","","0","0","0","0","0","","","1","0","0","0","0","0","0","2","0","1","","","","N","","","","","","","","","",""
"2012131643","","2","0","0","0","0","0","0","0","0","1","0","","02","12","2012","6","40.467515","-79.869527","1514","11","0","0","0","0","0","2","0","0","2","0","0","0","","","1","","0","","40 28:03.054","6","0","79 52:10.297","4","0","0","0","2113","0","0","0","N","0","0","0","2","02113","1","","1.0","","1","N","N","","0","","0","0","0","0","0","Y","","2","1","0","0","0","0","0","2","0","2","","","","N","","","","","","","","","",""
"2012128729","","2","0","0","0","0","0","0","0","0","1","0","","02","12","2012","5","40.421896","-80.004288","1543","11","0","0","0","0","0","0","0","0","1","0","0","0","","","1","","0","","40 25:18.827","4","4","80 00:15.437","4","0","0","0","2301","0","0","0","N","0","0","0","4","02301","1","","1.0","","9","N","N","","0","","0","0","1","0","0","Y","","3","1","0","0","0","0","0","2","0","3","","","","N","","","","","","","","","",""
"2012130193","","2","0","0","0","0","0","0","0","0","2","1","","02","12","2012","2","40.567102","-80.212318","0747","11","0","0","0","0","0","0","1","0","2","0","1","0","","","1","","3","","40 34:01.568","1","0","80 12:44.346","8","0","0","0","2441","0","0","0","","0","0","0","3","02441","0","","1.0","","9","N","N","","0","","0","0","0","3","2","Y","","3","1","0","0","0","1","0","2","0","3","","","","N","","","","","","","","","",""
"2012128741","","1","0","0","0","0","0","0","0","0","4","0","","02","12","2012","5","40.372939","-79.792797","1650","11","0","0","0","0","0","0","0","0","1","0","0","0","","","1","","2","","40 22:22.582","3","0","79 47:34.069","3","0","0","0","2111","0","0","0","N","0","0","0","2","02111","0","","1.0","","9","N","N","","0","","1","0","1","3","3","N","","2","1","0","0","0","0","0","2","0","2","","","","N","","","","","","","","","",""
"2012131644","","0","0","0","0","0","0","0","0","0","6","0","","02","12","2012","6","40.394767","-80.021401","1921","11","0","0","0","0","0","0","0","0","1","0","0","0","","","0","","0","","40 23:41.161","2","0","80 01:17.043","0","0","0","0","2301","0","0","0","N","0","0","0","2","02301","0","","1.0","","1","N","N","","2","","0","0","0","0","0","N","","2","0","1","0","0","0","0","2","0","2","","","","N","","","","","","","","","",""
"2012128730","","3","0","0","0","0","0","0","0","0","1","0","","02","12","2012","4","40.382205","-79.995981","1757","11","0","0","0","0","0","1","2","0","","0","0","0","","","0","","5","","40 22:55.939","","0","79 59:45.533","0","0","0","0","2301","0","0","0","N","0","0","0","3","02301","0","","1.0","","1","N","N","","0","","0","0","0","3","2","","","3","0","0","0","0","0","0","2","0","3","","","","N","","","","","","","","","",""
"2012128867","","1","0","0","0","0","0","0","0","0","99","0","","02","12","2012","5","40.273039","-79.896135","1557","11","0","0","0","0","0","0","0","0","1","0","0","0","","","0","","1","","40 16:22.939","1","0","79 53:46.086","0","0","0","0","2471","0","0","0","N","0","0","0","1","02428","0","","1.0","","9","N","N","","0","","0","0","0","0","0","N","","1","0","0","0","0","0","0","2","0","1","","","","N","","","","","","","","","",""
"2012128879","","2","0","0","0","0","0","0","0","0","4","0","","02","12","2012","5","40.346469","-79.891721","1448","11","0","0","0","0","0","1","0","1","1","0","0","0","","","1","","0","","40 20:47.288","5","0","79 53:30.194","8","0","0","0","2423","0","0","0","N","0","0","0","2","02304","0","","1.0","","9","N","N","","0","","0","0","0","3","3","Y","","2","1","0","0","0","1","0","2","0","2","","","","N","","","","","","","","","",""
"2012129647","","0","0","0","0","0","0","0","0","0","7","0","","02","12","2012","2","40.646624","-79.721245","1954","11","0","0","0","0","0","0","0","0","","0","0","0","","","1","","0","","40 38:47.845","","0","79 43:16.481","4","0","0","0","2106","0","0","0","N","0","0","0","1","68D02","1","","5.0","","9","N","N","","0","","0","0","0","0","0","","","1","1","0","0","0","0","0","2","1","1","","","","N","","","","","","","","","",""
"2012130983","","0","0","0","0","0","0","0","0","0","2","0","","02","12","2012","5","40.460244","-79.991015","0802","11","0","0","0","0","0","1","0","0","","0","0","0","","","0","","0","","40 27:36.878","","0","79 59:27.654","0","0","0","0","2301","0","0","0","N","0","0","0","2","02301","0","","1.0","","6","N","N","","1","","0","0","1","0","0","","","2","0","0","0","0","0","0","2","0","2","","","","N","","","","","","","","","",""
"2012130195","","1","0","0","0","0","0","0","0","0","1","0","","02","12","2012","2","40.491837","-79.897827","1228","11","0","1","0","0","0","0","0","0","","0","0","0","","","0","","2","","40 29:30.613","","0","79 53:52.177","0","0","0","0","2401","0","0","0","N","0","0","0","2","02401","0","","4.0","","1","N","N","","0","","0","0","1","0","0","","","2","0","0","0","0","0","0","2","0","2","","","","N","","","","","","","","","",""
"2012130995","","1","0","0","0","0","0","0","0","0","7","0","","02","12","2012","5","40.449697","-80.026508","0903","11","0","0","0","0","0","0","0","0","","0","0","0","","","0","","3","","40 26:58.910","","2","80 01:35.427","0","0","0","0","2301","0","0","0","N","0","0","0","1","02301","0","","2.0","","2","N","N","","0","","0","0","0","0","0","","","1","0","0","0","0","0","0","2","0","1","","","","N","","","","","","","","","",""
"2012130260","","3","0","0","0","0","0","0","0","0","5","0","","02","12","2012","3","40.427341","-79.980714","1544","11","0","0","0","0","0","0","0","0","","0","0","0","","","3","","0","","40 25:38.427","","0","79 58:50.570","3","0","0","0","2301","0","0","0","N","0","0","0","4","02301","1","","1.0","","1","N","N","","0","","2","0","0","0","0","","","3","3","0","0","0","0","0","2","0","3","","","","N","","","","","","","","","",""
"2012129584","","2","0","0","0","0","0","0","0","0","4","0","","02","12","2012","7","40.382926","-79.877904","2115","11","0","0","0","0","1","1","0","0","","0","0","0","","","0","","1","","40 22:58.535","","0","79 52:40.456","0","0","0","0","2473","0","0","0","N","0","0","0","4","02473","0","","1.0","","1","N","N","","0","","0","0","0","3","2","","","2","0","0","0","0","0","0","2","0","2","","","","N","","","","","","","","","",""
"2012130861","","1","0","0","0","0","0","0","0","0","7","0","","02","12","2012","5","40.66137","-80.109216","0347","11","0","0","0","0","0","0","0","0","1","0","0","0","","","0","","0","","40 39:40.932","6","0","80 06:33.177","0","0","0","0","2212","0","0","0","N","0","0","0","1","02505","0","","5.0","","7","N","N","","0","","0","0","0","0","0","N","","1","0","0","0","0","0","0","2","0","1","","","","N","","","","","","","","","",""
"2012131646","","1","0","0","0","0","0","0","0","0","8","0","","02","12","2012","6","40.448439","-79.899184","1951","11","0","0","0","0","0","0","0","0","3","0","0","0","","","3","","0","","40 26:54.380","6","0","79 53:57.064","2","0","0","0","2301","2","0","1","N","2","0","1","3","02301","0","","1.0","","9","N","N","","0","","2","1","0","3","2","Y","","3","3","0","0","0","0","0","2","0","1","","","","N","","","","","","","","","",""
"2012128881","","2","0","0","0","0","0","0","0","0","4","0","","02","12","2012","5","40.363788","-79.984067","1802","11","0","0","0","0","0","0","0","0","1","0","0","0","","","0","","1","","40 21:49.637","1","0","79 59:02.640","0","0","0","0","2413","0","0","0","N","0","0","0","2","02413","0","","1.0","","9","N","N","","0","","0","0","0","3","2","N","","2","0","0","0","0","0","0","2","0","2","","","","N","","","","","","","","","",""
"2012131647","","0","0","0","0","0","0","0","0","0","99","0","","02","12","2012","6","40.407374","-80.256721","2007","11","0","0","0","0","0","0","0","0","","0","0","0","","","1","","0","","40 24:26.547","","0","80 15:24.194","4","0","0","0","2214","0","0","0","N","0","0","0","1","02214","1","","1.0","","9","N","N","","0","","0","0","1","0","0","","","1","1","0","0","0","0","0","1","0","1","","","","N","","","","","","","","","",""
"2012129362","","0","0","0","0","0","0","0","0","0","7","0","","02","12","2012","5","40.432909","-80.021869","1401","11","0","0","0","0","0","1","0","0","","0","0","0","","","1","","2","","40 25:58.472","","0","80 01:18.728","4","0","0","0","2301","0","0","0","N","0","0","0","1","02301","1","","5.0","","9","N","N","","0","","0","0","1","0","0","","","1","1","1","0","0","0","0","2","0","1","","","","N","","","","","","","","","",""
"2012129363","","2","0","0","0","0","0","0","0","0","4","0","","02","12","2012","6","40.600113","-80.077982","1652","11","0","0","0","0","0","0","0","0","2","0","0","0","","","1","","2","","40 36:00.406","5","0","80 04:40.735","8","0","0","0","2481","0","0","0","N","0","0","0","10","02481","0","","1.0","","9","N","N","","0","","0","0","0","3","3","Y","","3","1","0","0","0","1","0","2","1","3","","","","N","","","","","","","","","",""
"2012129443","","1","0","0","0","0","0","0","0","0","7","0","","02","12","2012","6","40.608811","-80.094798","1657","11","0","0","0","0","0","0","0","0","","0","0","0","","","0","","0","","40 36:31.719","","0","80 05:41.271","0","0","0","0","2481","0","0","0","Y","0","0","0","1","68B03","0","","4.0","","9","N","N","","0","","0","0","0","0","0","","","1","0","0","0","0","0","0","2","0","1","","","","N","","","","","","","","","",""
"2012128746","","2","0","0","0","0","0","0","0","0","4","0","","02","12","2012","5","40.454909","-79.945388","1710","11","0","0","0","0","0","0","0","0","","0","0","0","","","0","","0","","40 27:17.672","","0","79 56:43.397","0","0","0","0","2301","0","0","0","N","0","0","0","2","02301","0","","1.0","","9","N","N","","0","","0","0","0","0","0","","","2","0","0","0","0","0","0","2","0","2","","","","N","","","","","","","","","",""
"2012129509","","1","0","0","0","0","0","0","0","0","7","0","","02","12","2012","7","40.456732","-80.066631","2135","11","0","0","1","0","0","0","0","0","","0","0","0","","","1","","0","","40 27:24.235","","0","80 03:59.871","8","0","0","0","2301","0","0","0","N","0","0","0","1","02301","0","","5.0","","2","N","N","","0","","0","0","0","0","0","","","1","1","0","0","0","1","0","2","0","1","","","","N","","","","","","","","","",""
"2012129575","","1","0","0","0","0","0","0","0","0","1","0","","02","12","2012","6","40.515354","-80.118886","1047","11","0","0","0","0","0","0","0","0","2","0","0","0","","","1","","0","","40 30:55.274","1","0","80 07:07.990","8","0","0","0","2211","0","0","0","N","0","0","0","2","02215","0","","1.0","","1","N","N","","1","","0","0","0","0","0","N","","2","1","0","0","0","1","0","2","0","2","","","","N","","","","","","","","","",""
"2012128885","","1","0","0","0","0","0","0","0","0","4","0","","02","12","2012","5","40.347643","-79.947298","2026","11","0","0","0","0","0","1","0","0","","0","0","0","","","1","","1","","40 20:51.514","","0","79 56:50.272","4","0","0","0","2473","0","0","0","N","0","0","0","3","02473","1","","1.0","","9","N","N","","0","","0","0","1","3","3","","","2","1","0","0","0","0","0","2","0","2","","","","N","","","","","","","","","",""
"2012129444","","0","0","0","0","0","0","0","0","0","7","0","","02","12","2012","6","40.397585","-80.104466","2011","11","0","0","0","0","0","0","0","0","","0","1","0","","","0","","6","","40 23:51.305","","2","80 06:16.078","0","0","0","0","2102","0","0","0","N","0","0","0","2","68B03","0","","4.0","","9","N","N","","0","","0","0","0","3","4","","","1","0","0","0","0","0","0","2","0","1","","","","N","","","","","","","","","",""
"2012129510","","1","0","0","0","0","0","0","0","0","7","0","","02","12","2012","7","40.353132","-79.901769","0305","11","0","0","0","0","0","0","0","0","3","0","0","0","","","1","","0","","40 21:11.275","6","0","79 54:06.368","4","0","0","0","2423","0","0","0","N","0","0","0","1","02304","1","","5.0","","7","N","N","","1","","0","0","0","0","0","Y","","2","1","0","0","0","0","0","2","0","2","","","","N","","","","","","","","","",""
"2012131001","","1","0","0","0","0","0","0","0","0","4","0","","02","12","2012","5","40.467943","-80.084297","0903","11","0","0","0","0","0","0","1","0","1","0","0","0","","","1","","0","","40 28:04.594","3","0","80 05:03.469","8","0","0","0","2126","0","0","0","N","0","0","0","3","02126","0","","1.0","","2","N","N","","0","","0","0","1","0","0","N","","2","1","2","0","0","1","0","2","0","2","","","","N","","","","","","","","","",""