"CRN","ARRIVAL_TM","AUTOMOBILE_COUNT","BELTED_DEATH_COUNT","BELTED_SUSP_SERIOUS_INJ_COUNT","BICYCLE_COUNT","BICYCLE_DEATH_COUNT","BICYCLE_SUSP_SERIOUS_INJ_COUNT","BUS_COUNT","CHLDPAS_DEATH_COUNT","CHLDPAS_SUSP_SERIOUS_INJ_COUNT","COLLISION_TYPE","COMM_VEH_COUNT","CONS_ZONE_SPD_LIM","COUNTY","CRASH_MONTH","CRASH_YEAR","DAY_OF_WEEK","DEC_LATITUDE","DEC_LONGITUDE","DISPATCH_TM","DISTRICT","DRIVER_COUNT_16YR","DRIVER_COUNT_17YR","DRIVER_COUNT_18YR","DRIVER_COUNT_19YR","DRIVER_COUNT_20YR","DRIVER_COUNT_50_64YR","DRIVER_COUNT_65_74YR","DRIVER_COUNT_75PLUS","EST_HRS_CLOSED","FATAL_COUNT","HEAVY_TRUCK_COUNT","HORSE_BUGGY_COUNT","HOUR_OF_DAY","ILLUMINATION","INJURY_COUNT","INTERSECTION_RELATED","INTERSECT_TYPE","LANE_CLOSED","LATITUDE","LN_CLOSE_DIR","LOCATION_TYPE","LONGITUDE","MAX_SEVERITY_LEVEL","MCYCLE_DEATH_COUNT","MCYCLE_SUSP_SERIOUS_INJ_COUNT","MOTORCYCLE_COUNT","MUNICIPALITY","NONMOTR_COUNT","NONMOTR_DEATH_COUNT","NONMOTR_SUSP_SERIOUS_INJ_COUNT","NTFY_HIWY_MAINT","PED_COUNT","PED_DEATH_COUNT","PED_SUSP_SERIOUS_INJ_COUNT","PERSON_COUNT","POLICE_AGCY","POSSIBLE_INJ_COUNT","RDWY_SURF_TYPE_CD","RELATION_TO_ROAD","ROADWAY_CLEARED","ROAD_CONDITION","SCH_BUS_IND","SCH_ZONE_IND","SECONDARY_CRASH","SMALL_TRUCK_COUNT","SPEC_JURIS_CD","SUSP_MINOR_INJ_COUNT","SUSP_SERIOUS_INJ_COUNT","SUV_COUNT","TCD_FUNC_CD","TCD_TYPE","TFC_DETOUR_IND","TIME_OF_DAY","TOTAL_UNITS","TOT_INJ_COUNT","UNBELTED_OCC_COUNT","UNB_DEATH_COUNT","UNB_SUSP_SERIOUS_INJ_COUNT","UNK_INJ_DEG_COUNT","UNK_INJ_PER_COUNT","URBAN_RURAL","VAN_COUNT","VEHICLE_COUNT","WEATHER1","WEATHER2","WORKERS_PRES","WORK_ZONE_IND","WORK_ZONE_LOC","WORK_ZONE_TYPE","WZ_CLOSE_DETOUR","WZ_FLAGGER","WZ_LAW_OFFCR_IND","WZ_LN_CLOSURE","WZ_MOVING","WZ_OTHER","WZ_SHLDER_MDN","WZ_WORKERS_INJ_KILLED"
"2012124667","","1","0","0","0","0","0","0","0","0","7","0","","02","11","2012","2","40.497558","-79.925587","1238","11","0","0","0","0","0","0","0","1","","0","0","0","12","1","0","","0","","40 29:51.210","","0","79 55:32.114","0","0","0","0","2461","0","0","0","N","0","0","0","1","68D02","0","","4.0","","1","N","N","","0","","0","0","0","","0","","1205","1","0","0","0","0","0","0","2","0","1","","","","N","","","","","","","","","",""
"2012123919","","1","0","0","0","0","0","0","0","0","8","0","","02","12","2012","4","40.443192","-79.953512","0634","11","0","0","0","0","0","0","0","0","","0","0","0","06","3","1","","1","","40 26:35.490","","0","79 57:12.644","4","0","0","0","2301","1","0","0","N","1","0","0","2","02301","1","","1.0","","1","N","N","","0","","0","0","0","","2","","0633","2","1","0","0","0","0","0","2","0","1","","","","N","","","","","","","","","",""
"2012124748","","1","0","0","0","0","0","0","0","0","7","0","","02","12","2012","2","40.507354","-79.851753","2150","11","0","0","0","0","0","1","0","0","","0","0","0","21","2","0","","2","","40 30:26.476","","0","79 51:06.310","0","0","0","0","2112","0","0","0","Y","0","0","0","1","02112","0","","1.0","","9","N","N","","0","","0","0","0","","0","","2150","1","0","0","0","0","0","0","2","0","1","","","","N","","","","","","","","","",""
"2012123240","","2","0","0","0","0","0","0","0","0","1","0","","02","12","2012","6","40.472623","-80.038263","0720","11","0","0","0","0","0","1","0","0","3","0","0","0","07","1","2","","0","","40 28:21.441","2","0","80 02:17.747","8","0","0","0","2301","0","0","0","N","0","0","0","2","02301","0","","1.0","","9","N","N","","0","","0","0","0","","0","Y","0720","2","2","0","0","0","2","0","2","0","2","","","","N","","","","","","","","","",""
"2012125613","","1","0","0","0","0","0","0","0","0","7","0","","02","11","2012","7","40.452667","-80.028186","2331","11","0","0","0","0","0","0","0","0","3","0","0","0","23","3","0","","0","","40 27:09.601","1","0","80 01:41.470","0","0","0","0","2301","0","0","0","Y","0","0","0","1","68B03","0","","3.0","","1","N","N","","0","","0","0","0","","0","N","2331","1","0","0","0","0","0","0","2","0","1","","","","N","","","","","","","","","",""
"2012123305","","1","0","0","0","0","0","0","0","0","2","0","","02","12","2012","6","40.408778","-79.907294","1442","11","0","0","0","0","0","0","0","0","1","0","0","0","14","1","0","","1","","40 24:31.600","3","0","79 54:26.260","9","0","0","0","2448","0","0","0","N","0","0","0","2","02448","0","","1.0","","9","N","N","","0","","0","0","1","","2","N","1442","2","0","0","0","0","0","1","2","0","2","","","","N","","","","","","","","","",""
"2012125368","","0","0","0","0","0","0","0","0","0","1","0","","02","12","2012","7","40.387509","-79.866525","1641","11","0","0","0","0","0","0","0","0","2","0","0","0","16","1","1","","2","","40 23:15.032","2","7","79 51:59.490","4","0","0","0","2473","0","0","0","N","0","0","0","3","02473","1","","1.0","","1","N","N","","0","","0","0","1","","0","N","1641","2","1","0","0","0","0","0","2","1","2","","","","N","","","","","","","","","",""
"2012125432","","1","0","0","0","0","0","0","0","0","4","0","","02","12","2012","6","40.409431","-79.876185","1300","11","0","0","0","0","0","0","0","0","","0","0","0","13","1","1","","2","","40 24:33.953","","2","79 52:34.267","8","0","0","0","2456","0","0","0","N","0","0","0","2","02456","0","","9.0","","9","N","N","","0","","0","0","1","","2","","1300","2","1","0","0","0","1","0","2","0","2","","","","N","","","","","","","","","",""
"2012123176","","1","0","0","0","0","0","0","0","0","7","0","","02","12","2012","1","40.460939","-79.892585","0710","11","0","0","0","0","0","0","0","0","","0","0","0","07","1","0","","10","","40 27:39.380","","0","79 53:33.306","0","0","0","0","2301","0","0","0","N","0","0","0","2","02301","0","","5.0","","1","N","N","","0","","0","0","0","","0","","0705","1","0","0","0","0","0","0","2","0","1","","","","N","","","","","","","","","",""
"2012124543","","1","0","0","0","0","0","0","0","0","7","0","","02","12","2012","7","40.442749","-80.138691","0904","11","0","0","0","0","0","0","0","0","1","0","0","0","09","1","0","","0","","40 26:33.898","5","0","80 08:19.287","0","0","0","0","2115","0","0","0","N","0","0","0","1","02115","0","","2.0","","9","N","N","","0","","0","0","0","","0","N","0901","1","0","0","0","0","0","0","2","0","1","","","","N","","","","","","","","","",""
"2012131236","","2","0","0","0","0","0","0","0","0","4","0","","02","12","2012","2","40.417292","-79.993124","1836","11","0","0","1","0","0","0","0","0","1","0","0","0","18","3","0","","1","","40 25:02.251","4","0","79 59:35.246","0","0","0","0","2301","0","0","0","N","0","0","0","5","02301","0","","1.0","","9","N","N","","0","","0","0","0","","3","N","1836","2","0","0","0","0","0","0","2","0","2","","","","N","","","","","","","","","",""
"2012130505","","0","0","0","0","0","0","0","0","0","7","0","","02","12","2012","4","40.520797","-79.901847","1025","11","0","0","0","0","0","0","0","0","","0","0","0","10","1","0","","0","","40 31:14.870","","0","79 54:06.650","0","0","0","0","2432","0","0","0","N","0","0","0","2","02432","0","","5.0","","7","N","N","","0","","0","0","1","","0","","1023","1","0","0","0","0","0","0","2","0","1","","","","N","","","","","","","","","",""
"2012124544","","2","0","0","0","0","0","0","0","0","1","0","","02","12","2012","2","40.339931","-80.051962","1225","11","0","0","0","0","0","1","1","0","2","0","0","0","12","1","2","","0","","40 20:23.751","1","0","80 03:07.063","4","0","0","0","2407","0","0","0","N","0","0","0","5","02407","1","","1.0","","1","N","N","","0","","0","0","0","","0","N","1225","4","2","0","0","0","1","0","2","2","4","","","","N","","","","","","","","","",""
"2012130506","","0","0","0","0","0","0","0","0","0","4","1","","02","12","2012","6","40.500905","-79.942184","1531","11","0","0","0","0","0","1","0","0","1","0","1","0","15","1","1","","0","","40 30:03.259","4","0","79 56:31.863","4","0","0","0","2430","0","0","0","N","0","0","0","2","02430","1","","1.0","","9","N","N","","1","","0","0","0","","0","N","1531","2","1","0","0","0","0","0","2","0","2","","","","N","","","","","","","","","",""
"2012129055","","1","0","0","0","0","0","0","0","0","4","0","","02","12","2012","6","40.392045","-79.885157","1612","11","0","0","0","0","0","0","0","0","","0","0","0","16","1","0","","3","","40 23:31.362","","0","79 53:06.565","0","0","0","0","2473","0","0","0","N","0","0","0","3","02473","0","","1.0","","7","N","N","","0","","0","0","1","","3","","1612","2","0","0","0","0","0","0","2","0","2","","","","N","","","","","","","","","",""
"2012125371","","2","0","0","0","0","0","0","0","0","1","0","","02","12","2012","3","40.455213","-79.885356","1320","11","0","0","0","0","0","0","0","0","","0","0","0","13","1","0","","1","","40 27:18.766","","0","79 53:07.281","0","0","0","0","2301","0","0","0","N","0","0","0","2","02301","0","","1.0","","1","N","N","","0","","0","0","0","","0","","1320","2","0","0","0","0","0","0","2","0","2","","","","N","","","","","","","","","",""
"2012123857","","0","0","0","0","0","0","0","0","0","99","0","","02","12","2012","7","40.501339","-79.883321","1631","11","0","0","0","0","0","0","0","0","","0","0","0","16","2","0","","0","","40 30:04.821","","0","79 52:59.956","0","0","0","0","2432","0","0","0","N","0","0","0","1","02432","0","","1.0","","1","N","N","","0","","0","0","1","","0","","1631","1","0","0","0","0","0","0","2","0","1","","","","N","","","","","","","","","",""
"2012124753","","1","0","0","0","0","0","0","0","0","7","0","","02","12","2012","2","40.63246","-79.936934","2219","11","0","0","0","0","0","0","0","0","1","0","0","0","22","2","0","","0","","40 37:56.855","4","0","79 56:12.963","0","0","0","0","2217","0","0","0","N","0","0","0","1","02505","0","","5.0","","9","N","N","","0","","0","0","0","","0","N","2219","1","0","0","0","0","0","0","2","0","1","","","","N","","","","","","","","","",""
"2012125436","","3","0","0","0","0","0","0","0","0","1","0","","02","12","2012","4","40.432104","-79.716627","1058","11","0","0","0","0","0","2","0","0","","0","0","0","10","1","0","","0","","40 25:55.573","","0","79 42:59.857","0","0","0","0","2446","0","0","0","N","0","0","0","4","02446","0","","1.0","","1","N","N","","0","","0","0","0","","0","","1058","3","0","0","0","0","0","0","2","0","3","","","","N","","","","","","","","","",""
"2012128990","","0","0","0","0","0","0","0","0","0","1","0","","02","12","2012","5","40.5903","-79.948386","1330","11","0","0","0","0","0","1","0","0","","0","0","0","13","1","4","","1","","40 35:25.080","","0","79 56:54.188","4","0","0","0","2207","0","0","0","N","0","0","0","7","02207","4","","1.0","","9","N","N","","0","","0","0","2","","2","","1325","3","4","0","0","0","0","0","2","1","3","","","","N","","","","","","","","","",""
"2012130508","","1","0","0","0","0","0","0","0","0","7","0","","02","12","2012","4","40.361427","-79.832023","1128","11","0","0","0","0","0","0","0","0","2","0","0","0","11","1","0","","1","","40 21:41.137","1","0","79 49:55.282","0","0","0","0","2304","0","0","0","N","0","0","0","1","02304","0","","5.0","","7","N","N","","0","","0","0","0","","0","Y","1128","1","0","0","0","0","0","0","2","0","1","","","","N","","","","","","","","","",""
"2012123182","","2","0","0","0","0","0","0","0","0","4","0","","02","12","2012","5","40.38275","-79.820863","1446","11","0","0","0","0","0","1","0","1","","0","0","0","14","1","0","","2","","40 22:57.900","","0","79 49:15.106","0","0","0","0","2111","0","0","0","N","0","0","0","2","02111","0","","1.0","","1","N","N","","0","","0","0","0","","3","","1446","2","0","0","0","0","0","0","2","0","2","","","","N","","","","","","","","","",""
"2012128991","","3","0","0","0","0","0","0","0","0","4","0","","02","12","2012","6","40.449819","-79.929656","1010","11","0","0","0","0","0","0","2","0","1","0","0","0","10","1","0","","1","","40 26:59.348","4","0","79 55:46.761","0","0","0","0","2301","0","0","0","N","0","0","0","3","02301","0","","1.0","","9","N","N","","0","","0","0","0","","2","N","1010","3","0","0","0","0","0","0","2","0","3","","","","N","","","","","","","","","",""
"2012123860","","1","0","0","0","0","0","0","0","0","5","0","","02","12","2012","7","40.462146","-79.949958","1850","11","0","0","0","0","0","0","0","0","2","0","0","0","18","3","0","","1","","40 27:43.725","2","0","79 56:59.848","0","0","0","0","2301","0","0","0","N","0","0","0","3","02301","0","","1.0","","1","N","N","","0","","0","0","1","","0","N","1850","2","0","0","0","0","0","0","2","0","2","","","","N","","","","","","","","","",""
"2012123105","","2","0","0","0","0","0","0","0","0","4","0","","02","10","2012","5","40.359924","-80.101721","1602","11","0","0","0","0","0","0","0","1","1","0","0","0","16","1","0","","2","","40 21:35.726","6","0","80 06:06.195","0","0","0","0","2414","0","0","0","N","0","0","0","2","02414","0","","1.0","","9","N","N","","0","","0","0","0","","0","Y","1602","2","0","0","0","0","0","0","2","0","2","","","","N","","","","","","","","","",""
"2012130511","","0","0","0","0","0","0","0","0","0","5","0","","02","12","2012","6","40.339509","-80.066853","1626","11","1","0","0","0","0","0","0","0","","0","0","0","16","1","0","","0","","40 20:22.233","","7","80 04:00.670","0","0","0","0","2123","0","0","0","N","0","0","0","2","02123","0","","1.0","","9","N","N","","0","","0","0","1","","3","","1626","2","0","0","0","0","0","0","2","1","2","","","","N","","","","","","","","","",""
"2012125315","","1","0","0","0","0","0","0","0","0","7","0","","02","12","2012","6","40.442221","-79.823989","2337","11","0","0","0","0","0","0","0","0","","0","0","0","23","3","0","","0","","40 26:31.996","","0","79 49:26.359","0","0","0","0","2478","0","0","0","N","0","0","0","1","68B03","0","","4.0","","9","N","N","","0","","0","0","0","","0","","2335","1","0","0","0","0","0","0","2","0","1","","","","N","","","","","","","","","",""
"2012123037","","0","0","0","0","0","0","0","0","0","4","0","","02","12","2012","5","40.359288","-80.175933","1800","11","0","0","0","0","0","0","0","0","2","0","0","0","18","3","0","","0","","40 21:33.438","5","99","80 10:33.359","0","0","0","0","2119","0","0","0","N","0","0","0","4","02119","0","","1.0","","1","N","N","","0","","0","0","2","","0","Y","1800","2","0","0","0","0","0","0","2","0","2","","","","N","","","","","","","","","",""
"2012123799","","2","0","0","0","0","0","0","0","0","1","0","","02","12","2012","7","40.444202","-80.028173","1648","11","0","0","0","0","0","0","0","0","1","0","0","0","16","4","0","","1","","40 26:39.126","2","3","80 01:41.424","0","0","0","0","2301","0","0","0","N","0","0","0","3","02301","0","","1.0","","9","N","N","","0","","0","0","1","","2","N","1645","3","0","1","0","0","0","0","2","0","3","","","","N","","","","","","","","","",""
"2012123106","","1","0","0","0","0","0","0","0","0","8","0","","02","10","2012","7","40.362384","-80.110563","2003","11","0","0","0","0","0","0","0","0","","0","0","0","20","3","1","","0","","40 21:44.584","","0","80 06:38.025","8","0","0","0","2414","1","0","0","N","1","0","0","2","02414","0","","1.0","","1","N","N","","0","","0","0","0","","0","","2002","2","1","0","0","0","1","0","2","0","1","","","","N","","","","","","","","","",""
"2012130512","","0","0","0","0","0","0","1","0","0","7","1","","02","12","2012","4","40.440079","-79.967332","1106","11","0","0","0","0","0","1","0","0","3","0","0","0","11","1","2","","0","","40 26:24.284","6","0","79 58:02.395","3","0","0","0","2301","0","0","0","Y","0","0","0","9","02301","0","","5.0","","2","N","N","","0","","2","0","0","","0","Y","1100","1","2","0","0","0","0","0","2","0","1","","","","N","","","","","","","","","",""
"2012129771","","1","0","0","0","0","0","0","0","0","1","0","","02","12","2012","6","40.426799","-80.289684","0608","11","0","0","0","0","0","1","0","0","2","0","0","0","06","2","1","","6","","40 25:36.478","3","2","80 17:22.862","4","0","0","0","2214","0","0","0","N","0","0","0","2","68B03","1","","1.0","","1","N","N","","1","","0","0","0","","0","N","0607","2","1","0","0","0","0","0","1","0","2","","","","N","","","","","","","","","",""
"2012123107","","1","0","0","0","0","0","0","0","0","4","0","","02","11","2012","2","40.359466","-80.110482","2156","11","0","0","0","0","1","0","1","0","1","0","0","0","21","3","1","","2","","40 21:34.077","4","0","80 06:37.735","4","0","0","0","2414","0","0","0","N","0","0","0","2","02414","1","","1.0","","1","N","N","","0","","0","0","1","","3","N","2156","2","1","0","0","0","0","0","2","0","2","","","","N","","","","","","","","","",""
"2012129772","","1","0","0","0","0","0","0","0","0","7","0","","02","12","2012","7","40.421257","-80.03117","0630","11","0","0","0","0","0","0","0","0","2","0","0","0","06","3","1","","0","","40 25:16.525","3","0","80 01:52.213","4","0","0","0","2301","0","0","0","N","0","0","0","1","68B03","1","","4.0","","1","N","N","","0","","0","0","0","","0","N","0629","1","1","0","0","0","0","0","2","0","1","","","","N","","","","","","","","","",""
"2012123108","","4","0","0","0","0","0","0","0","0","7","0","","02","11","2012","7","40.354784","-80.108095","0912","11","0","0","0","0","0","0","0","0","","0","0","0","03","3","0","","0","","40 21:17.224","","0","80 06:29.143","0","0","0","0","2414","0","0","0","N","0","0","0","1","02414","0","","4.0","","1","N","N","","0","","0","0","0","","0","","0300","4","0","0","0","0","0","0","2","0","4","","","","N","","","","","","","","","",""
"2012123944","","0","0","0","0","0","0","0","0","0","4","1","","02","12","2012","4","40.659524","-80.096195","0831","11","0","0","0","0","0","2","0","0","4","0","2","0","08","1","2","","0","","40 39:34.288","5","0","80 05:46.303","4","0","0","0","2212","0","0","0","N","0","0","0","2","02505","2","","1.0","","1","N","N","","0","","0","0","0","","0","Y","0831","2","2","0","0","0","0","0","2","0","2","","","","N","","","","","","","","","",""
"2012129773","","0","0","0","0","0","0","0","0","0","1","0","","02","12","2012","2","40.436857","-80.014968","0608","11","0","0","0","0","0","1","0","1","","0","0","0","06","3","0","","0","","40 26:12.684","","4","80 00:53.884","0","0","0","0","2301","0","0","0","N","0","0","0","2","68B03","0","","1.0","","9","N","N","","1","","0","0","0","","0","","0607","2","0","0","0","0","0","0","2","1","2","","","","N","","","","","","","","","",""
"2012123109","","1","0","0","0","0","0","0","0","0","4","0","","02","11","2012","2","40.349131","-80.104635","0742","11","0","0","0","0","0","1","1","0","1","0","0","0","07","1","0","","1","","40 20:56.873","3","0","80 06:16.687","0","0","0","0","2414","0","0","0","N","0","0","0","2","02414","0","","1.0","","1","N","N","","0","","0","0","1","","3","N","0742","2","0","0","0","0","0","0","2","0","2","","","","N","","","","","","","","","",""
"2012123945","","1","0","0","0","0","0","0","0","0","7","0","","02","12","2012","6","40.520287","-80.038044","1810","11","0","0","0","0","0","0","0","1","","0","0","0","18","3","0","","10","","40 31:13.033","","0","80 02:16.958","0","0","0","0","2474","0","0","0","N","0","0","0","1","02474","0","","2.0","","9","N","N","","0","","0","0","0","","0","","1810","1","0","0","0","0","0","0","2","0","1","","","","N","","","","","","","","","",""
"2012128931","","1","0","0","0","0","0","0","0","0","7","0","","02","12","2012","5","40.484224","-79.907886","0438","11","0","0","0","0","0","0","0","0","","0","0","0","04","3","0","","2","","40 29:03.206","","0","79 54:28.391","0","0","0","0","2301","0","0","0","N","0","0","0","1","02301","0","","1.0","","9","N","N","","0","","0","0","0","","0","","0438","1","0","0","0","0","0","0","2","0","1","","","","N","","","","","","","","","",""
"2012129774","","1","0","0","0","0","0","0","0","0","7","0","","02","12","2012","4","40.597708","-80.093418","1621","11","0","1","0","0","0","0","0","0","","0","0","0","16","1","0","","0","","40 35:51.750","","0","80 05:36.305","0","0","0","0","2481","0","0","0","N","0","0","0","1","68B03","0","","3.0","","1","N","N","","0","","0","0","0","","0","","1620","1","0","0","0","0","0","0","2","0","1","","","","N","","","","","","","","","",""
"2012123111","","2","0","0","0","0","0","0","0","0","5","0","","02","12","2012","2","40.366887","-80.116797","2355","11","0","0","0","0","0","0","0","0","2","0","0","0","23","3","1","","0","","40 22:00.793","5","0","80 07:00.469","4","0","0","0","2414","0","0","0","N","0","0","0","1","02414","1","","2.0","","1","N","N","","0","","0","0","0","","0","N","2355","2","1","1","0","0","0","0","2","0","2","","","","N","","","","","","","","","",""
"2012123869","","1","0","0","0","0","0","0","0","0","1","0","","02","12","2012","6","40.340675","-79.964437","2218","11","0","0","0","0","0","1","0","0","1","0","0","0","22","3","1","","1","","40 20:26.431","1","0","79 57:51.974","8","0","0","0","2454","0","0","0","N","0","0","0","2","02454","0","","1.0","","9","N","N","","1","","0","0","0","","2","N","2215","2","1","0","0","0","1","0","2","0","2","","","","N","","","","","","","","","",""
"2012129775","","1","0","0","0","0","0","0","0","0","7","0","","02","12","2012","2","40.418857","-80.089498","2205","11","0","0","0","0","0","0","0","0","","0","0","0","21","3","1","","0","","40 25:07.886","","0","80 05:22.191","4","0","0","0","2457","0","0","0","N","0","0","0","1","68B03","1","","4.0","","9","N","N","","0","","0","0","0","","0","","2149","1","1","0","0","0","0","0","2","0","1","","","","N","","","","","","","","","",""
"2012123046","","1","0","0","0","0","0","0","0","0","1","0","","02","12","2012","5","40.628508","-80.017329","1744","11","0","0","0","0","0","0","0","0","1","0","0","0","17","3","0","","2","","40 37:42.628","4","0","80 01:02.385","0","0","0","0","2216","0","0","0","N","0","0","0","2","02505","0","","1.0","","1","N","N","","0","","0","0","1","","0","N","1742","2","0","0","0","0","0","0","1","0","2","","","","N","","","","","","","","","",""
"2012123112","","1","0","0","0","0","0","0","0","0","8","0","","02","12","2012","1","40.362022","-80.011171","2140","11","0","0","0","0","0","1","0","0","1","0","0","0","21","3","1","","1","","40 21:43.279","1","0","80 00:40.215","4","0","0","0","2416","1","0","0","N","1","0","0","3","02416","1","","1.0","","9","N","N","","0","","0","0","0","","0","Y","2140","2","1","0","0","0","0","0","2","0","1","","","","N","","","","","","","","","",""
"2012130517","","0","0","0","0","0","0","0","0","0","7","0","","02","12","2012","4","40.352204","-79.896825","1009","11","0","0","0","0","0","0","0","0","","0","0","0","10","1","1","","0","","40 21:07.933","","0","79 53:48.571","4","0","0","0","2304","0","0","0","N","0","0","0","1","02304","1","","2.0","","7","N","N","","0","","0","0","1","","0","","1005","1","1","0","0","0","0","0","2","0","1","","","","N","","","","","","","","","",""
"2012129776","","2","0","0","0","0","0","0","0","0","1","0","","02","12","2012","5","40.428855","-79.93052","1558","11","0","0","0","0","0","1","0","0","","0","0","0","15","1","0","","0","","40 25:43.877","","4","79 55:49.873","0","0","0","0","2301","0","0","0","N","0","0","0","3","68B03","0","","1.0","","9","N","N","","0","","0","0","1","","0","","1557","3","0","0","0","0","0","0","2","0","3","","","","N","","","","","","","","","",""
"2012123807","","1","0","0","0","0","0","0","0","0","1","0","","02","12","2012","6","40.536897","-79.843601","1707","11","0","0","0","0","0","0","0","0","","0","0","0","17","2","0","","0","","40 32:12.829","","0","79 50:36.962","0","0","0","0","2208","0","0","0","N","0","0","0","3","68D02","0","","1.0","","9","N","N","","1","","0","0","1","","0","","1705","3","0","0","0","0","0","0","2","0","3","","","","N","","","","","","","","","",""
"2012125395","","1","0","0","0","0","0","0","0","0","8","0","25","02","12","2012","4","40.403895","-79.990181","0810","11","0","0","0","0","0","0","0","0","","0","0","0","08","1","1","","2","","40 24:14.022","","0","79 59:24.651","4","0","0","0","2301","1","0","0","N","1","0","0","2","02301","1","","1.0","","1","N","N","","0","","0","0","0","","2","","0805","2","1","0","0","0","0","0","2","0","1","","","Y","Y","4","1","","Y","N","Y","","","",""
"2012129698","","2","0","0","0","0","0","0","0","0","5","0","","02","12","2012","1","40.480998","-79.954051","1739","11","0","0","0","0","0","0","0","0","","0","0","0","17","3","0","","0","","40 28:51.592","","0","79 57:14.582","0","0","0","0","2301","0","0","0","N","0","0","0","2","02301","0","","6.0","","1","N","N","","1","","0","0","0","","0","","1731","3","0","0","0","0","0","0","2","0","3","","","","N","","","","","","","","","",""
"2012129003","","1","0","0","0","0","0","0","0","0","8","0","","02","12","2012","5","40.439165","-80.212884","1837","11","0","0","0","0","0","1","0","0","3","0","0","0","18","3","1","","0","","40 26:20.994","6","0","80 12:46.384","2","0","0","0","2214","1","0","1","N","1","0","1","2","02214","0","","1.0","","9","N","N","","0","","0","1","0","","0","Y","1837","2","1","0","0","0","0","0","2","0","1","","","","N","","","","","","","","","",""
"2012129777","","0","0","0","0","0","0","0","0","0","1","0","","02","12","2012","6","40.429881","-80.028378","1446","11","0","0","0","0","0","1","0","0","","0","0","0","14","1","0","","0","","40 25:47.573","","0","80 01:42.159","0","0","0","0","2301","0","0","0","N","0","0","0","6","68B03","0","","1.0","","9","N","N","","0","","0","0","2","","0","","1445","3","0","0","0","0","0","0","2","1","3","","","","N","","","","","","","","","",""
"2012130532","","2","0","0","0","0","0","0","0","0","2","0","","02","12","2012","4","40.596934","-79.98209","1032","11","0","0","1","0","0","1","0","0","1","0","0","0","10","1","1","","2","","40 35:48.963","3","0","79 58:55.525","4","0","0","0","2207","0","0","0","N","0","0","0","3","02207","1","","1.0","","7","N","N","","0","","0","0","0","","3","N","1032","2","1","0","0","0","0","0","2","0","2","","","","N","","","","","","","","","",""
"2012125462","","0","0","0","0","0","0","0","0","0","4","0","","02","12","2012","4","40.518717","-80.267008","1553","11","0","0","0","0","0","1","1","0","","0","0","0","15","1","0","","2","","40 31:07.380","","0","80 16:01.227","0","0","0","0","2203","0","0","0","N","0","0","0","2","02203","0","","1.0","","1","N","N","","1","","0","0","0","","0","","1543","2","0","0","0","0","0","0","2","1","2","","","","N","","","","","","","","","",""
"2012123192","","1","0","0","0","0","0","0","0","0","7","0","","02","12","2012","5","40.391481","-80.052584","1034","11","0","0","0","0","0","0","0","0","2","0","0","0","10","1","1","","0","","40 23:29.331","3","0","80 03:09.302","4","0","0","0","2109","0","0","0","N","0","0","0","1","02109","1","","5.0","","1","N","N","","0","","0","0","0","","0","N","1030","1","1","1","0","0","0","0","2","0","1","","","","N","","","","","","","","","",""
"2012123950","","0","0","0","0","0","0","0","0","0","4","0","","02","12","2012","7","40.54246","-79.80423","1002","11","0","0","0","0","0","1","1","0","","0","0","0","10","1","0","","10","","40 32:32.855","","0","79 48:15.227","0","0","0","0","2418","0","0","0","N","0","0","0","2","02418","0","","1.0","","1","N","N","","0","","0","0","2","","3","","1002","2","0","0","0","0","0","0","2","0","2","","","","N","","","","","","","","","",""
"2012129004","","1","0","0","0","0","0","0","0","0","7","0","","02","12","2012","6","40.513542","-79.781221","0943","11","0","0","0","0","0","0","0","0","1","0","0","0","09","1","0","","0","","40 30:48.751","2","0","79 46:52.397","0","0","0","0","2466","0","0","0","N","0","0","0","1","02466","0","","2.0","","9","N","N","","0","","0","0","0","","0","N","0943","1","0","0","0","0","0","0","2","0","1","","","","N","","","","","","","","","",""
"2012129778","","2","0","0","0","0","0","0","0","0","1","0","","02","12","2012","6","40.425683","-79.911116","1618","11","0","0","0","0","1","0","1","0","","0","0","0","16","3","1","","0","","40 25:32.460","","4","79 54:40.019","4","0","0","0","2301","0","0","0","N","0","0","0","5","68B03","1","","1.0","","9","N","N","","0","","0","0","1","","0","","1615","3","1","0","0","0","0","0","2","0","3","","","","N","","","","","","","","","",""
"2012125385","","2","0","0","0","0","0","0","0","0","2","0","","02","12","2012","3","40.34895","-80.073981","1120","11","0","0","0","0","0","0","1","0","2","0","0","0","11","1","2","","3","","40 20:56.219","1","0","80 04:26.332","8","0","0","0","2123","0","0","0","N","0","0","0","3","02123","0","","1.0","","1","N","N","","0","","0","0","0","","3","N","1120","2","2","0","0","0","2","0","2","0","2","","","","N","","","","","","","","","",""
"2012123874","","1","0","0","0","0","0","0","0","0","7","0","","02","12","2012","7","40.47658","-80.035133","1849","11","0","0","0","0","0","0","0","0","","0","0","0","18","4","0","","2","","40 28:35.688","","0","80 02:06.478","9","0","0","0","2301","0","0","0","N","0","0","0","2","02301","0","","5.0","","9","N","N","","0","","0","0","0","","0","","1849","1","0","1","0","0","0","1","2","0","1","","","","N","","","","","","","","","",""
"2012125397","","2","0","0","0","0","0","0","0","0","1","0","","02","12","2012","4","40.438245","-79.978997","0707","11","0","0","0","0","0","1","0","0","","0","0","0","07","5","1","","0","","40 26:17.682","","0","79 58:44.389","8","0","0","0","2301","0","0","0","N","0","0","0","2","02301","0","","6.0","","1","N","N","","2","","0","0","0","","0","","0706","4","1","0","0","0","1","0","2","0","4","","","","N","","","","","","","","","",""