"CRN","ARRIVAL_TM","AUTOMOBILE_COUNT","BELTED_DEATH_COUNT","BELTED_SUSP_SERIOUS_INJ_COUNT","BICYCLE_COUNT","BICYCLE_DEATH_COUNT","BICYCLE_SUSP_SERIOUS_INJ_COUNT","BUS_COUNT","CHLDPAS_DEATH_COUNT","CHLDPAS_SUSP_SERIOUS_INJ_COUNT","COLLISION_TYPE","COMM_VEH_COUNT","CONS_ZONE_SPD_LIM","COUNTY","CRASH_MONTH","CRASH_YEAR","DAY_OF_WEEK","DEC_LATITUDE","DEC_LONGITUDE","DISPATCH_TM","DISTRICT","DRIVER_COUNT_16YR","DRIVER_COUNT_17YR","DRIVER_COUNT_18YR","DRIVER_COUNT_19YR","DRIVER_COUNT_20YR","DRIVER_COUNT_50_64YR","DRIVER_COUNT_65_74YR","DRIVER_COUNT_75PLUS","EST_HRS_CLOSED","FATAL_COUNT","HEAVY_TRUCK_COUNT","HORSE_BUGGY_COUNT","HOUR_OF_DAY","ILLUMINATION","INJURY_COUNT","INTERSECTION_RELATED","INTERSECT_TYPE","LANE_CLOSED","LATITUDE","LN_CLOSE_DIR","LOCATION_TYPE","LONGITUDE","MAX_SEVERITY_LEVEL","MCYCLE_DEATH_COUNT","MCYCLE_SUSP_SERIOUS_INJ_COUNT","MOTORCYCLE_COUNT","MUNICIPALITY","NONMOTR_COUNT","NONMOTR_DEATH_COUNT","NONMOTR_SUSP_SERIOUS_INJ_COUNT","NTFY_HIWY_MAINT","PED_COUNT","PED_DEATH_COUNT","PED_SUSP_SERIOUS_INJ_COUNT","PERSON_COUNT","POLICE_AGCY","POSSIBLE_INJ_COUNT","RDWY_SURF_TYPE_CD","RELATION_TO_ROAD","ROADWAY_CLEARED","ROAD_CONDITION","SCH_BUS_IND","SCH_ZONE_IND","SECONDARY_CRASH","SMALL_TRUCK_COUNT","SPEC_JURIS_CD","SUSP_MINOR_INJ_COUNT","SUSP_SERIOUS_INJ_COUNT","SUV_COUNT","TCD_FUNC_CD","TCD_TYPE","TFC_DETOUR_IND","TIME_OF_DAY","TOTAL_UNITS","TOT_INJ_COUNT","UNBELTED_OCC_COUNT","UNB_DEATH_COUNT","UNB_SUSP_SERIOUS_INJ_COUNT","UNK_INJ_DEG_COUNT","UNK_INJ_PER_COUNT","URBAN_RURAL","VAN_COUNT","VEHICLE_COUNT","WEATHER1","WEATHER2","WORKERS_PRES","WORK_ZONE_IND","WORK_ZONE_LOC","WORK_ZONE_TYPE","WZ_CLOSE_DETOUR","WZ_FLAGGER","WZ_LAW_OFFCR_IND","WZ_LN_CLOSURE","WZ_MOVING","WZ_OTHER","WZ_SHLDER_MDN","WZ_WORKERS_INJ_KILLED"
"2012124769","","1","0","0","0","0","0","0","0","0","8","0","","02","12","2012","2","40.510415","-79.794384","0535","11","0","0","0","0","0","0","0","0","","0","0","0","16","1","1","","0","","40 30:37.494","","0","79 47:39.782","8","0","0","0","2113","1","0","0","N","1","0","0","2","02113","0","","2.0","","1","N","N","","0","","0","0","0","","0","","1630","2","1","0","0","0","1","0","2","0","1","","","","N","","","","","","","","","",""
"2012131252","","1","0","0","0","0","0","0","0","0","1","0","","02","12","2012","2","40.549239","-79.971809","1726","11","0","0","0","0","0","0","0","0","","0","0","0","99","3","0","","1","","40 32:57.260","","0","79 58:18.511","0","0","0","0","2118","0","0","0","N","0","0","0","6","02118","0","","1.0","","9","N","N","","0","","0","0","1","","0","","9999","2","0","0","0","0","0","0","2","0","2","","","","N","","","","","","","","","",""
"2012129005","","1","0","0","0","0","0","0","0","0","7","0","","02","12","2012","6","40.442856","-79.990872","1134","11","0","0","0","0","0","0","0","0","","0","0","0","11","1","0","","1","","40 26:34.283","","0","79 59:27.138","0","0","0","0","2301","0","0","0","N","0","0","0","2","02301","0","","5.0","","9","N","N","","0","","0","0","0","","2","","1134","1","0","0","0","0","0","0","2","0","1","","","","N","","","","","","","","","",""
"2012129779","","1","0","0","0","0","0","0","0","0","1","0","","02","12","2012","6","40.425683","-79.911116","1635","11","0","0","0","0","0","1","0","0","","0","0","0","16","3","0","","0","","40 25:32.460","","4","79 54:40.019","0","0","0","0","2301","0","0","0","N","0","0","0","4","68B03","0","","1.0","","9","N","N","","0","","0","0","1","","0","","1630","2","0","0","0","0","0","0","2","0","2","","","","N","","","","","","","","","",""
"2012129702","","2","0","0","0","0","0","0","0","0","1","0","","02","12","2012","1","40.442374","-80.029966","1811","11","0","0","0","0","0","0","0","0","1","0","0","0","18","3","1","","0","","40 26:32.548","2","0","80 01:47.879","8","0","0","0","2301","0","0","0","N","0","0","0","3","02301","0","","1.0","","1","N","N","","0","","0","0","0","","0","N","1810","2","1","0","0","0","1","0","2","0","2","","","","N","","","","","","","","","",""
"2012131253","","1","0","0","0","0","0","0","0","0","7","0","","02","12","2012","5","40.660984","-79.853658","2001","11","1","0","0","0","0","0","0","0","","0","0","0","19","2","0","","0","","40 39:39.542","","0","79 51:13.169","0","0","0","0","2220","0","0","0","N","0","0","0","2","02220","0","","5.0","","2","N","N","","0","","0","0","0","","0","","1951","1","0","0","0","0","0","0","1","0","1","","","","N","","","","","","","","","",""
"2012129780","","1","0","0","0","0","0","0","0","0","7","0","","02","12","2012","6","40.439317","-79.861189","2028","11","0","0","0","0","0","1","0","0","2","0","0","0","20","3","0","","0","","40 26:21.542","3","0","79 51:40.281","0","0","0","0","2419","0","0","0","N","0","0","0","1","68B03","0","","4.0","","9","N","N","","0","","0","0","0","","0","N","2025","1","0","0","0","0","0","0","2","0","1","","","","N","","","","","","","","","",""
"2012125387","","1","0","0","0","0","0","0","0","0","0","0","","02","12","2012","4","40.390192","-79.943486","0755","11","0","0","0","0","0","0","0","0","","0","0","0","07","1","0","","0","","40 23:24.691","","0","79 56:36.550","0","0","0","0","2301","0","0","0","N","0","0","0","1","02301","0","","1.0","","1","N","N","","0","","0","0","0","","0","","0745","1","0","0","0","0","0","0","2","0","1","","","","N","","","","","","","","","",""
"2012123195","","2","0","0","0","0","0","0","0","0","1","0","","02","12","2012","5","40.438378","-79.76917","1420","11","0","0","0","0","0","0","2","0","1","0","0","0","14","1","3","","0","","40 26:18.159","1","0","79 46:09.013","8","0","0","0","2446","0","0","0","N","0","0","0","6","02446","0","","1.0","","1","N","N","","0","","0","0","2","","2","N","1420","5","3","0","0","0","3","0","2","1","5","","","","N","","","","","","","","","",""
"2012128939","","1","0","0","0","0","0","0","0","0","7","0","","02","12","2012","5","40.392931","-80.015021","2331","11","0","0","0","0","0","0","0","0","2","0","0","0","23","3","0","","2","","40 23:34.551","5","0","80 00:54.075","0","0","0","0","2301","0","0","0","N","0","0","0","0","02301","0","","5.0","","9","N","N","","0","","0","0","0","","0","Y","2331","1","0","0","0","0","0","0","2","0","1","","","","N","","","","","","","","","",""
"2012129703","","2","0","0","0","0","0","0","0","0","1","0","","02","12","2012","1","40.379793","-79.808308","1719","11","0","0","0","1","0","0","0","0","","0","0","0","17","3","0","","2","","40 22:47.253","","0","79 48:29.908","0","0","0","0","2111","0","0","0","N","0","0","0","4","02111","0","","1.0","","1","N","N","","0","","0","0","0","","2","","1719","2","0","0","0","0","0","0","2","0","2","","","","N","","","","","","","","","",""
"2012129007","","2","0","0","0","0","0","0","0","0","2","0","","02","12","2012","6","40.417826","-79.997284","1130","11","0","0","0","0","0","1","0","1","","0","0","0","11","1","0","","0","","40 25:04.173","","0","79 59:50.222","0","0","0","0","2301","0","0","0","N","0","0","0","2","02301","0","","1.0","","9","N","N","","0","","0","0","0","","0","","1125","2","0","0","0","0","0","0","2","0","2","","","","N","","","","","","","","","",""
"2012129769","","0","0","0","0","0","0","0","0","0","7","0","","02","12","2012","2","40.543719","-80.082416","1403","11","0","0","0","0","0","1","0","0","2","0","0","0","14","1","0","","0","","40 32:37.388","1","0","80 04:56.696","0","0","0","0","2215","0","0","0","N","0","0","0","1","68B03","0","","2.0","","9","N","N","","0","","0","0","1","","0","N","1401","1","0","0","0","0","0","0","2","0","1","","","","N","","","","","","","","","",""
"2012129781","","1","0","0","0","0","0","0","0","0","7","0","","02","12","2012","1","40.521503","-80.130977","0914","11","0","0","0","0","0","0","0","0","","0","0","0","09","1","0","","0","","40 31:17.410","","2","80 07:51.516","0","0","0","0","2215","0","0","0","N","0","0","0","1","68B03","0","","2.0","","9","N","N","","0","","0","0","0","","0","","0900","1","0","0","0","0","0","0","2","0","1","","","","N","","","","","","","","","",""
"2012125400","","1","0","0","0","0","0","0","0","0","1","0","","02","12","2012","4","40.446434","-79.991317","0849","11","0","0","0","0","1","0","0","0","","0","0","0","08","1","0","","0","","40 26:47.163","","0","79 59:28.741","0","0","0","0","2301","0","0","0","N","0","0","0","3","02301","0","","1.0","","1","N","N","","0","","0","0","2","","0","","0845","3","0","0","0","0","0","0","2","0","3","","","","N","","","","","","","","","",""
"2012128940","","2","0","0","0","0","0","0","0","0","1","0","","02","12","2012","5","40.482009","-79.889818","2348","11","0","0","0","0","0","0","0","0","","0","0","0","23","3","1","","0","","40 28:55.234","","0","79 53:23.344","4","0","0","0","2301","0","0","0","N","0","0","0","2","02301","1","","1.0","","9","N","N","","0","","0","0","0","","0","","2345","2","1","0","0","0","0","1","2","0","2","","","","N","","","","","","","","","",""
"2012131255","","0","0","0","0","0","0","0","0","0","1","0","","02","12","2012","4","40.515699","-80.009602","1807","11","0","0","0","0","0","0","0","1","1","0","0","0","18","3","0","","2","","40 30:56.516","2","0","80 00:34.566","0","0","0","0","2116","0","0","0","N","0","0","0","2","02116","0","","1.0","","1","N","N","","0","","0","0","2","","2","N","1807","2","0","0","0","0","0","0","2","0","2","","","","N","","","","","","","","","",""
"2012129770","","2","0","0","0","0","0","0","0","0","1","0","","02","12","2012","3","40.420711","-80.093684","0628","11","0","0","0","0","0","0","0","0","","0","0","0","06","3","0","","0","","40 25:14.560","","0","80 05:37.264","0","0","0","0","2457","0","0","0","N","0","0","0","3","68B03","0","","1.0","","9","N","N","","1","","0","0","0","","0","","0627","3","0","0","0","0","0","0","2","0","3","","","","N","","","","","","","","","",""
"2012129782","","2","0","0","0","0","0","0","0","0","1","0","","02","12","2012","1","40.431651","-79.872193","1135","11","0","0","0","1","0","0","0","0","","0","0","0","11","1","1","","0","","40 25:53.943","","0","79 52:19.893","4","0","0","0","2411","0","0","0","N","0","0","0","3","68B03","1","","1.0","","1","N","N","","0","","0","0","0","","0","","1130","2","1","0","0","0","0","0","2","0","2","","","","N","","","","","","","","","",""
"2012125389","","1","0","0","0","0","0","0","0","0","7","0","","02","12","2012","4","40.298511","-80.015319","0708","11","0","0","1","0","0","0","0","0","2","0","0","0","07","5","1","","0","","40 17:54.640","5","0","80 00:55.148","3","0","0","0","2219","0","0","0","N","0","0","0","1","02219","0","","2.0","","2","N","N","","0","","1","0","0","","0","Y","0702","1","1","1","0","0","0","0","2","0","1","","","","N","","","","","","","","","",""
"2012129705","","1","0","0","0","0","0","0","0","0","4","0","","02","12","2012","1","40.390893","-80.073501","1803","11","0","0","0","0","0","0","0","1","1","0","0","0","18","3","1","","0","","40 23:27.214","4","0","80 04:24.605","8","0","0","0","2117","0","0","0","N","0","0","0","3","02117","0","","1.0","","1","N","N","","1","","0","0","0","","0","N","1803","2","1","0","0","0","1","0","2","0","2","","","","N","","","","","","","","","",""
"2012130473","","1","0","0","0","0","0","0","0","0","4","0","","02","12","2012","2","40.514896","-80.008143","1347","11","0","0","0","0","1","0","0","0","1","0","0","0","13","1","0","","0","","40 30:53.625","1","0","80 00:29.314","0","0","0","0","2116","0","0","0","N","0","0","0","2","02116","0","","1.0","","9","N","N","","1","","0","0","0","","0","N","1345","2","0","0","0","0","0","0","2","0","2","","","","N","","","","","","","","","",""
"2012123135","","1","0","0","0","0","0","0","0","0","7","0","","02","12","2012","4","40.491436","-79.87539","0802","11","0","0","0","0","0","0","0","0","2","0","0","0","08","1","1","","0","","40 29:29.169","2","0","79 52:31.404","4","0","0","0","2112","0","0","0","N","0","0","0","1","68D02","1","","4.0","","1","N","N","","0","","0","0","0","","0","N","0800","1","1","0","0","0","0","0","2","0","1","","","","N","","","","","","","","","",""
"2012131270","","1","0","0","0","0","0","0","0","0","7","0","","02","12","2012","7","40.519622","-80.061557","0534","11","0","0","0","0","0","0","0","0","1","0","0","0","05","3","0","","0","","40 31:10.639","3","0","80 03:41.605","0","0","0","0","2116","0","0","0","N","0","0","0","1","02116","0","","5.0","","1","N","N","","0","","0","0","0","","0","N","0534","1","0","0","0","0","0","0","2","0","1","","","","N","","","","","","","","","",""
"2012129707","","1","0","0","0","0","0","0","0","0","3","0","","02","12","2012","1","40.415555","-80.013508","1637","11","0","0","0","0","0","0","0","0","","0","0","0","16","1","0","","7","","40 24:55.997","","2","80 00:48.627","0","0","0","0","2301","0","0","0","N","0","0","0","4","02301","0","","1.0","","1","N","N","","0","","0","0","1","","2","","1637","2","0","1","0","0","0","0","2","0","2","","","","N","","","","","","","","","",""
"2012130475","","1","0","0","0","0","0","0","0","0","7","0","","02","12","2012","4","40.4346","-79.954632","1008","11","0","0","0","0","0","0","0","0","","0","0","0","10","1","0","","1","","40 26:04.560","","0","79 57:16.675","0","0","0","0","2301","0","0","0","N","0","0","0","1","02301","0","","5.0","","7","N","N","","0","","0","0","0","","2","","1005","1","0","0","0","0","0","0","2","0","1","","","","N","","","","","","","","","",""
"2012128945","","2","0","0","0","0","0","0","0","0","4","0","","02","12","2012","4","40.426187","-80.030997","0625","11","0","0","0","0","0","0","0","0","2","0","0","0","06","3","0","","0","","40 25:34.274","4","0","80 01:51.588","0","0","0","0","2301","0","0","0","N","0","0","0","2","68B03","0","","1.0","","1","N","N","","0","","0","0","0","","0","N","0620","2","0","0","0","0","0","0","2","0","2","","","","N","","","","","","","","","",""
"2012130476","","1","0","0","0","0","0","0","0","0","7","0","","02","12","2012","2","40.554775","-79.861358","2046","11","0","0","0","0","0","1","0","0","2","0","0","0","20","2","1","","0","","40 33:17.189","6","0","79 51:40.887","8","0","0","0","2208","0","0","0","N","0","0","0","1","02208","0","","2.0","","9","N","N","","0","","0","0","0","","0","Y","2048","1","1","0","0","0","1","0","2","0","1","","","","N","","","","","","","","","",""
"2012131272","","0","0","0","0","0","0","0","0","0","7","0","","02","12","2012","5","40.3379","-80.130172","0145","11","0","0","0","0","0","0","0","0","1","0","0","0","01","3","0","","0","","40 20:16.441","1","0","80 07:48.619","0","0","0","0","2119","0","0","0","N","0","0","0","1","02119","0","","5.0","","7","N","N","","0","","0","0","1","","0","N","0140","1","0","0","0","0","0","0","2","0","1","","","","N","","","","","","","","","",""
"2012125471","","2","0","0","0","0","0","0","0","0","1","0","","02","11","2012","2","40.402592","-80.189192","1815","11","0","0","0","0","0","0","0","0","","0","0","0","18","4","0","","0","","40 24:09.332","","0","80 11:21.090","0","0","0","0","2450","0","0","0","N","0","0","0","3","02450","0","","1.0","","1","N","N","","0","","0","0","1","","0","","1814","3","0","0","0","0","0","0","2","0","3","","","","N","","","","","","","","","",""
"2012128946","","1","0","0","0","0","0","0","0","0","7","0","","02","12","2012","5","40.372661","-80.108114","0053","11","0","0","0","0","0","1","0","0","","0","0","0","00","3","0","","0","","40 22:21.581","","0","80 06:29.209","0","0","0","0","2102","0","0","0","N","0","0","0","1","68B03","0","","4.0","","1","N","N","","0","","0","0","0","","0","","0052","1","0","0","0","0","0","0","2","0","1","","","","N","","","","","","","","","",""
"2012129723","","2","0","0","0","0","0","0","0","0","4","0","","02","12","2012","1","40.424146","-80.043428","1248","11","0","0","0","0","0","1","0","0","","0","0","0","12","1","0","","1","","40 25:26.926","","0","80 02:36.342","0","0","0","0","2435","0","0","0","N","0","0","0","4","02435","0","","1.0","","1","N","N","","0","","0","0","0","","2","","1248","2","0","0","0","0","0","0","2","0","2","","","","N","","","","","","","","","",""
"2012130477","","0","0","0","0","0","0","0","0","0","4","0","","02","12","2012","4","40.426975","-79.980753","0950","11","0","0","0","0","0","2","0","0","","0","0","0","09","1","1","","1","","40 25:37.110","","0","79 58:50.710","8","0","0","0","2301","0","0","0","N","0","0","0","2","02301","0","","1.0","","7","N","N","","2","","0","0","0","","2","","0949","2","1","0","0","0","1","0","2","0","2","","","","N","","","","","","","","","",""
"2012129787","","2","0","0","0","0","0","0","0","0","4","0","","02","12","2012","2","40.462482","-79.927828","0547","11","0","0","0","0","0","1","0","0","","0","0","0","05","3","0","","1","","40 27:44.935","","0","79 55:40.180","0","0","0","0","2301","0","0","0","N","0","0","0","2","02301","0","","1.0","","1","N","N","","0","","0","0","0","","1","","0545","2","0","1","0","0","0","0","2","0","2","","","","N","","","","","","","","","",""
"2012123207","","2","0","0","0","0","0","0","0","0","1","0","","02","12","2012","6","40.402012","-80.000594","0722","11","0","0","0","0","0","1","0","0","2","0","0","0","07","5","0","","2","","40 24:07.244","1","0","80 00:02.139","0","0","0","0","2301","0","0","0","N","0","0","0","2","02301","0","","1.0","","9","N","N","","0","","0","0","0","","2","N","0722","2","0","0","0","0","0","0","2","0","2","","","","N","","","","","","","","","",""
"2012129712","","1","0","0","0","0","0","0","0","0","5","0","","02","12","2012","1","40.3688","-79.86921","1854","11","0","0","0","0","0","0","0","0","","0","0","0","18","3","0","","0","","40 22:07.680","","0","79 52:09.156","0","0","0","0","2473","0","0","0","N","0","0","0","1","02473","0","","4.0","","1","N","N","","0","","0","0","1","","0","","1854","2","0","0","0","0","0","0","2","0","2","","","","N","","","","","","","","","",""
"2012130468","","2","0","0","0","0","0","0","0","0","1","0","","02","12","2012","1","40.521934","-80.005364","1014","11","0","0","0","0","1","0","0","0","2","0","0","0","10","1","0","","1","","40 31:18.962","2","0","80 00:19.311","0","0","0","0","2116","0","0","0","N","0","0","0","6","02116","0","","1.0","","1","N","N","","0","","0","0","1","","2","N","1013","3","0","0","0","0","0","0","2","0","3","","","","N","","","","","","","","","",""
"2012123221","","2","0","0","0","0","0","0","0","0","4","0","","02","12","2012","6","40.478909","-80.043021","0730","11","0","0","0","0","0","0","0","0","","0","0","0","07","1","0","","1","","40 28:44.074","","0","80 02:34.876","0","0","0","0","2301","0","0","0","N","0","0","0","2","02301","0","","1.0","","9","N","N","","0","","0","0","0","","2","","0730","2","0","1","0","0","0","0","2","0","2","","","","N","","","","","","","","","",""
"2012131277","","0","0","0","0","0","0","0","0","0","7","0","","02","12","2012","6","40.419581","-80.049528","0031","11","0","0","0","0","0","0","0","0","","0","0","0","00","3","0","","0","","40 25:10.491","","0","80 02:58.301","0","0","0","0","2435","0","0","0","N","0","0","0","0","02435","0","","2.0","","9","N","N","","0","","0","0","1","","0","","0031","1","0","0","0","0","0","0","2","0","1","","","","N","","","","","","","","","",""
"2012129715","","1","0","0","0","0","0","0","0","0","7","0","","02","12","2012","6","40.327184","-80.124631","2345","11","0","0","0","0","0","0","0","0","","0","0","0","23","3","0","","0","","40 19:37.862","","0","80 07:28.670","0","0","0","0","2119","0","0","0","N","0","0","0","1","02119","0","","5.0","","2","N","N","","0","","0","0","0","","0","","2345","1","0","0","0","0","0","0","2","0","1","","","","N","","","","","","","","","",""
"2012130482","","0","0","0","0","0","0","1","0","0","99","1","","02","12","2012","4","40.427457","-79.968425","0935","11","0","0","0","0","0","1","0","0","","0","0","0","09","1","5","","2","","40 25:38.846","","0","79 58:06.329","8","0","0","0","2301","0","0","0","N","0","0","0","15","02503","0","","1.0","","2","N","N","","0","","0","0","1","","2","","0935","2","5","0","0","0","5","0","2","0","2","","","","N","","","","","","","","","",""
"2012124714","","2","0","0","0","0","0","0","0","0","1","0","","02","12","2012","2","40.486781","-79.804624","1807","11","0","0","1","0","0","0","0","0","","0","0","0","18","2","0","","0","","40 29:12.413","","0","79 48:16.648","0","0","0","0","2113","0","0","0","N","0","0","0","3","02113","0","","1.0","","9","N","N","","0","","0","0","0","","0","","1807","2","0","0","0","0","0","0","2","0","2","","","","N","","","","","","","","","",""
"2012130548","","0","0","0","0","0","0","0","0","0","7","0","","02","12","2012","4","40.596404","-80.129983","1053","11","0","0","0","0","0","0","0","0","","0","0","0","10","1","0","","0","","40 35:47.053","","6","80 07:47.938","0","0","0","0","2481","0","0","0","N","0","0","0","2","02481","0","","5.0","","7","N","N","","0","","0","0","1","","0","","1050","1","0","0","0","0","0","0","1","0","1","","","","N","","","","","","","","","",""
"2012125413","","1","0","0","0","0","0","1","0","0","1","1","","02","12","2012","4","","","0657","11","0","0","0","0","0","0","0","0","","0","0","0","06","3","0","","0","","","","0","","0","0","0","0","2116","0","0","0","N","0","0","0","2","02503","0","","1.0","","1","N","N","","0","","0","0","0","","0","","0657","2","0","0","0","0","0","0","1","0","2","","","","N","","","","","","","","","",""
"2012123069","","0","0","0","0","0","0","0","0","0","7","0","","02","12","2012","1","40.611271","-79.903545","1226","11","0","1","0","0","0","0","0","0","1","0","0","0","12","1","0","","0","","40 36:40.576","1","0","79 54:12.762","0","0","0","0","2220","0","0","0","N","0","0","0","1","02220","0","","5.0","","9","N","N","","0","","0","0","1","","0","N","1220","2","0","0","0","0","0","0","2","0","1","","","","N","","","","","","","","","",""
"2012125414","","2","0","0","0","0","0","0","0","0","1","0","","02","12","2012","3","40.512184","-80.103889","1755","11","0","0","0","1","0","0","1","0","1","0","0","0","17","3","0","","1","","40 30:43.863","2","0","80 06:13.999","0","0","0","0","2429","0","0","0","N","0","0","0","3","02215","0","","1.0","","1","N","N","","0","","0","0","0","","2","N","1755","2","0","0","0","0","0","0","2","0","2","","","","N","","","","","","","","","",""
"2012123212","","0","0","0","0","0","0","0","0","0","0","1","","02","12","2012","5","40.324884","-79.909461","1003","11","0","0","0","0","0","1","0","0","","0","1","0","10","1","1","","0","","40 19:29.582","","0","79 54:34.059","2","0","0","0","2473","0","0","0","N","0","0","0","3","02473","0","","4.0","","1","N","N","","0","","0","1","0","","0","","1003","1","1","0","0","0","0","0","2","0","1","","","","N","","","","","","","","","",""
"2012125007","","1","0","0","0","0","0","0","0","0","1","0","","02","11","2012","5","40.528479","-80.007227","1833","11","0","0","0","0","0","0","0","0","1","0","0","0","18","3","0","","0","","40 31:42.523","1","0","80 00:26.017","0","0","0","0","2116","0","0","0","N","0","0","0","2","02116","0","","1.0","","1","N","N","","0","","0","0","1","","0","N","1833","2","0","0","0","0","0","0","2","0","2","","","","N","","","","","","","","","",""
"2012123367","","1","0","0","0","0","0","0","0","0","4","0","","02","11","2012","7","40.325868","-80.049323","2028","11","0","1","0","0","0","0","0","0","1","0","0","0","20","3","0","","1","","40 19:33.124","4","0","80 02:57.561","0","0","0","0","2407","0","0","0","N","0","0","0","2","02407","0","","1.0","","1","N","N","","1","","0","0","0","","2","N","2027","2","0","0","0","0","0","0","2","0","2","","","","N","","","","","","","","","",""
"2012123353","","2","0","0","0","0","0","0","0","0","1","0","","02","12","2012","6","40.405736","-79.823572","1701","11","0","0","0","0","0","2","0","0","1","0","0","0","17","3","1","","1","","40 24:20.648","3","0","79 49:24.858","8","0","0","0","2467","0","0","0","N","0","0","0","4","02467","0","","1.0","","9","N","N","","1","","0","0","0","","2","N","1700","3","1","0","0","0","1","0","2","0","3","","","","N","","","","","","","","","",""
"2012123368","","1","0","0","0","0","0","0","0","0","7","0","","02","12","2012","3","40.342545","-80.037053","1659","11","0","0","0","0","0","1","0","0","2","0","0","0","16","3","1","","0","","40 20:33.162","7","0","80 02:13.390","4","0","0","0","2407","0","0","0","N","0","0","0","1","02407","1","","4.0","","1","N","N","","0","","0","0","0","","0","Y","1658","1","1","0","0","0","0","0","2","0","1","","","","N","","","","","","","","","",""
"2012124274","","1","0","0","0","0","0","0","0","0","7","0","","02","12","2012","7","40.302253","-79.973537","0217","11","0","0","0","0","0","0","0","0","3","0","0","0","02","3","0","","0","","40 18:08.110","5","0","79 58:24.734","0","0","0","0","2440","0","0","0","N","0","0","0","1","02440","0","","5.0","","9","N","N","","0","","0","0","0","","0","Y","0208","1","0","1","0","0","0","0","2","0","1","","","","N","","","","","","","","","",""
"2012124875","","1","0","0","0","0","0","0","0","0","7","0","","02","12","2012","3","40.444571","-79.990969","0614","11","0","0","0","0","0","0","0","0","1","0","0","0","06","3","0","","0","","40 26:40.455","1","0","79 59:27.490","0","0","0","0","2301","0","0","0","N","0","0","0","1","02301","0","","4.0","","2","N","N","","0","","0","0","0","","0","N","0610","1","0","0","0","0","0","0","2","0","1","","","","N","","","","","","","","","",""
"2012122653","","0","0","0","0","0","0","0","0","0","7","0","","02","12","2012","3","40.551304","-79.829228","1451","11","0","0","0","0","0","1","0","0","","0","0","0","14","1","0","","0","","40 33:04.694","","0","79 49:45.222","0","0","0","0","2208","0","0","0","N","0","0","0","1","68T02","0","","2.0","","1","N","N","","0","","0","0","1","","0","","1440","1","0","0","0","0","0","0","2","0","1","","","","N","","","","","","","","","",""
"2012123370","","2","0","0","0","0","0","0","0","0","1","0","","02","12","2012","6","40.497174","-79.940556","0633","11","0","0","0","0","0","0","0","0","1","0","0","0","06","5","0","","3","","40 29:49.827","2","8","79 56:26.003","0","0","0","0","2430","0","0","0","N","0","0","0","2","02430","0","","1.0","","9","N","N","","0","","0","0","0","","0","N","0628","2","0","0","0","0","0","0","2","0","2","","","","N","","","","","","","","","",""
"2012123569","","2","0","0","0","0","0","0","0","0","1","0","","02","12","2012","6","40.44502","-79.828207","2228","11","0","0","0","0","0","0","0","0","1","0","0","0","22","3","3","","2","","40 26:42.073","5","0","79 49:41.545","3","0","0","0","2113","0","0","0","N","0","0","0","5","02113","0","","1.0","","9","N","N","","0","","3","0","0","","2","Y","2228","2","3","0","0","0","0","1","2","0","2","","","","N","","","","","","","","","",""
"2012124193","","1","0","0","0","0","0","0","0","0","1","0","","02","12","2012","1","40.434729","-79.995455","2019","11","0","0","0","0","0","1","0","0","1","0","0","0","20","3","1","","3","","40 26:05.026","2","2","79 59:43.638","8","0","0","0","2301","0","0","0","N","0","0","0","2","02301","0","","1.0","","9","N","N","","0","","0","0","1","","2","N","2019","2","1","0","0","0","1","0","2","0","2","","","","N","","","","","","","","","",""
"2012123504","","2","0","0","0","0","0","0","0","0","4","0","","02","12","2012","6","40.469073","-79.962824","1743","11","0","0","0","0","0","1","0","0","","0","0","0","17","3","0","","1","","40 28:08.662","","0","79 57:46.166","0","0","0","0","2301","0","0","0","N","0","0","0","2","02301","0","","1.0","","9","N","N","","0","","0","0","0","","0","","1742","2","0","0","0","0","0","0","2","0","2","","","","N","","","","","","","","","",""
"2012124878","","1","0","0","0","0","0","0","0","0","8","0","","02","12","2012","3","40.456241","-80.002641","0647","11","0","0","0","0","0","0","0","0","1","0","0","0","06","3","1","","2","","40 27:22.467","1","0","80 00:09.507","4","0","0","0","2301","1","0","0","N","1","0","0","2","02301","1","","1.0","","9","N","N","","0","","0","0","0","","2","N","0647","2","1","0","0","0","0","0","2","0","1","","","","N","","","","","","","","","",""
"2012124210","","0","0","0","0","0","0","0","0","0","7","0","","02","12","2012","1","40.435675","-79.993978","2050","11","0","0","0","0","0","0","0","0","1","0","0","0","20","3","0","","3","","40 26:08.429","1","2","79 59:38.320","0","0","0","0","2301","0","0","0","N","0","0","0","1","02301","0","","3.0","","3","N","N","","0","","0","0","0","","0","Y","2047","1","0","0","0","0","0","0","2","1","1","","","","N","","","","","","","","","",""
"2012124278","","2","0","0","0","0","0","0","0","0","1","0","","02","12","2012","2","40.427009","-79.753187","0429","11","0","0","0","0","0","0","0","0","","0","0","0","04","3","1","","0","","40 25:37.231","","0","79 45:11.472","8","0","0","0","2446","0","0","0","N","0","0","0","2","02446","0","","1.0","","9","N","N","","0","","0","0","0","","0","","0429","2","1","0","0","0","1","0","2","0","2","","","","N","","","","","","","","","",""