"CRN","ARRIVAL_TM","AUTOMOBILE_COUNT","BELTED_DEATH_COUNT","BELTED_SUSP_SERIOUS_INJ_COUNT","BICYCLE_COUNT","BICYCLE_DEATH_COUNT","BICYCLE_SUSP_SERIOUS_INJ_COUNT","BUS_COUNT","CHLDPAS_DEATH_COUNT","CHLDPAS_SUSP_SERIOUS_INJ_COUNT","COLLISION_TYPE","COMM_VEH_COUNT","CONS_ZONE_SPD_LIM","COUNTY","CRASH_MONTH","CRASH_YEAR","DAY_OF_WEEK","DEC_LATITUDE","DEC_LONGITUDE","DISPATCH_TM","DISTRICT","DRIVER_COUNT_16YR","DRIVER_COUNT_17YR","DRIVER_COUNT_18YR","DRIVER_COUNT_19YR","DRIVER_COUNT_20YR","DRIVER_COUNT_50_64YR","DRIVER_COUNT_65_74YR","DRIVER_COUNT_75PLUS","EST_HRS_CLOSED","FATAL_COUNT","HEAVY_TRUCK_COUNT","HORSE_BUGGY_COUNT","HOUR_OF_DAY","ILLUMINATION","INJURY_COUNT","INTERSECTION_RELATED","INTERSECT_TYPE","LANE_CLOSED","LATITUDE","LN_CLOSE_DIR","LOCATION_TYPE","LONGITUDE","MAX_SEVERITY_LEVEL","MCYCLE_DEATH_COUNT","MCYCLE_SUSP_SERIOUS_INJ_COUNT","MOTORCYCLE_COUNT","MUNICIPALITY","NONMOTR_COUNT","NONMOTR_DEATH_COUNT","NONMOTR_SUSP_SERIOUS_INJ_COUNT","NTFY_HIWY_MAINT","PED_COUNT","PED_DEATH_COUNT","PED_SUSP_SERIOUS_INJ_COUNT","PERSON_COUNT","POLICE_AGCY","POSSIBLE_INJ_COUNT","RDWY_SURF_TYPE_CD","RELATION_TO_ROAD","ROADWAY_CLEARED","ROAD_CONDITION","SCH_BUS_IND","SCH_ZONE_IND","SECONDARY_CRASH","SMALL_TRUCK_COUNT","SPEC_JURIS_CD","SUSP_MINOR_INJ_COUNT","SUSP_SERIOUS_INJ_COUNT","SUV_COUNT","TCD_FUNC_CD","TCD_TYPE","TFC_DETOUR_IND","TIME_OF_DAY","TOTAL_UNITS","TOT_INJ_COUNT","UNBELTED_OCC_COUNT","UNB_DEATH_COUNT","UNB_SUSP_SERIOUS_INJ_COUNT","UNK_INJ_DEG_COUNT","UNK_INJ_PER_COUNT","URBAN_RURAL","VAN_COUNT","VEHICLE_COUNT","WEATHER1","WEATHER2","WORKERS_PRES","WORK_ZONE_IND","WORK_ZONE_LOC","WORK_ZONE_TYPE","WZ_CLOSE_DETOUR","WZ_FLAGGER","WZ_LAW_OFFCR_IND","WZ_LN_CLOSURE","WZ_MOVING","WZ_OTHER","WZ_SHLDER_MDN","WZ_WORKERS_INJ_KILLED"
"2012120434","1826","3","0","0","0","0","0","0","0","0","2","0","","02","11","2012","4","40.387573","-80.090937","1824","11","0","0","0","0","0","0","0","0","","0","0","0","","","2","","1","","40 23:15.263","","0","80 05:27.374","8","0","0","0","2437","0","0","0","N","0","0","0","7","02437","0","","1.0","","1","N","N","","0","","0","0","0","","2","","","4","2","0","0","0","2","0","2","1","4","","","","N","","","","","","","","","",""
"2012119761","0645","1","0","0","0","0","0","0","0","0","1","0","","02","11","2012","6","40.498016","-79.865881","0620","11","0","0","0","0","0","0","0","0","","0","0","0","","","3","","0","","40 29:52.858","","0","79 51:57.172","2","0","0","0","2112","0","0","0","Y","0","0","0","4","68D02","2","","1.0","","1","Y","Y","","2","","0","1","0","","0","","","3","3","1","0","1","0","0","2","0","3","","","","N","","","","","","","","","",""
"2012120297","1859","1","0","0","0","0","0","0","0","0","2","0","","02","11","2012","4","40.617288","-79.832202","1853","11","0","0","0","0","0","2","0","0","1","0","0","0","","","1","","0","","40 37:02.236","4","0","79 49:55.926","8","0","0","0","2220","0","0","0","N","0","0","0","2","02220","0","","1.0","","1","N","N","","0","","0","0","0","","0","N","","2","1","1","0","0","1","0","2","1","2","","","","N","","","","","","","","","",""
"2012121068","1008","2","0","0","0","0","0","0","0","0","4","0","","02","12","2012","1","40.304049","-79.932942","1008","11","0","0","0","0","0","1","0","1","2","0","0","0","","","1","","0","","40 18:14.578","2","0","79 55:58.590","4","0","0","0","2440","0","0","0","N","0","0","0","4","02440","1","","1.0","","1","N","N","","0","","0","0","0","","0","N","","2","1","0","0","0","0","0","2","0","2","","","","N","","","","","","","","","",""
"2012119626","1335","1","0","0","0","0","0","0","0","0","4","0","","02","11","2012","2","40.305583","-79.892212","1334","11","0","0","0","0","0","1","0","0","","0","0","0","","","0","","1","","40 18:20.098","","0","79 53:31.964","0","0","0","0","2302","0","0","0","N","0","0","0","5","02302","0","","1.0","","1","N","N","","1","","0","0","0","","0","","","2","0","0","0","0","0","0","2","0","2","","","","N","","","","","","","","","",""
"2012119763","1747","1","0","0","0","0","0","0","0","0","1","0","","02","11","2012","3","40.497119","-79.922294","1738","11","0","0","0","0","0","0","0","0","2","0","0","0","","","0","","0","","40 29:49.628","1","0","79 55:20.257","0","0","0","0","2112","0","0","0","N","0","0","0","2","68D02","0","","1.0","","1","N","N","","0","","0","0","1","","0","N","","2","0","0","0","0","0","0","2","0","2","","","","N","","","","","","","","","",""
"2012121945","1255","0","0","0","0","0","0","0","0","0","1","0","","02","11","2012","4","40.428657","-79.88916","1238","11","0","0","0","0","0","0","0","0","","0","0","0","","","0","","0","","40 25:43.164","","0","79 53:20.975","0","0","0","0","2426","0","0","0","N","0","0","0","5","68B03","0","","1.0","","1","N","N","","2","","0","0","1","","0","","","3","0","0","0","0","0","0","2","0","3","","","","N","","","","","","","","","",""
"2012120505","1314","2","0","0","0","0","0","0","0","0","1","0","","02","11","2012","6","40.431114","-80.026428","1305","11","0","0","0","0","0","0","0","0","","0","0","0","","","0","","3","","40 25:52.012","","0","80 01:35.139","0","0","0","0","2301","0","0","0","N","0","0","0","3","02301","0","","1.0","","1","N","N","","0","","0","0","0","","0","","","2","0","0","0","0","0","0","2","0","2","","","","N","","","","","","","","","",""
"2012122091","1829","1","0","0","0","0","0","0","0","0","4","0","","02","12","2012","3","40.34553","-79.84604","1744","11","0","0","1","0","0","1","0","0","2","0","0","0","","","1","","2","","40 20:43.908","4","0","79 50:45.744","8","0","0","0","2304","0","0","0","N","0","0","0","7","02304","0","","1.0","","1","N","N","","0","","0","0","0","","0","N","","2","1","6","0","0","1","0","2","1","2","","","","N","","","","","","","","","",""
"2012121806","0815","2","0","0","0","0","0","0","0","0","4","0","","02","12","2012","3","40.427737","-79.98749","0808","11","0","0","0","0","0","0","0","0","","0","0","0","","","0","","2","","40 25:39.853","","0","79 59:14.964","0","0","0","0","2301","0","0","0","N","0","0","0","2","02301","0","","1.0","","1","N","N","","0","","0","0","0","","3","","","2","0","0","0","0","0","0","2","0","2","","","","N","","","","","","","","","",""
"2012121147","0800","1","0","0","0","0","0","0","0","0","99","0","","02","11","2012","5","40.613491","-79.962938","0754","11","0","0","0","0","0","0","0","0","","0","0","0","","","0","","0","","40 36:48.568","","0","79 57:46.577","0","0","0","0","2207","0","0","0","N","0","0","0","1","68T02","0","","1.0","","1","N","N","","0","","0","0","0","","0","","","1","0","0","0","0","0","0","2","0","1","","","","N","","","","","","","","","",""
"2012121946","0700","1","0","0","0","0","0","0","0","0","7","0","","02","11","2012","7","40.477742","-80.007758","0650","11","0","0","0","0","0","0","0","0","2","0","0","0","","","0","","0","","40 28:39.871","2","0","80 00:27.928","0","0","0","0","2301","0","0","0","N","0","0","0","1","68B03","0","","4.0","","2","N","N","","0","","0","0","0","","0","N","","1","0","0","0","0","0","0","2","0","1","","","","N","","","","","","","","","",""
"2012121739","1227","2","0","0","0","0","0","0","0","0","1","0","","02","12","2012","2","40.429854","-79.751251","1226","11","0","0","0","0","0","1","0","0","","0","0","0","","","1","","5","","40 25:47.476","","0","79 45:04.504","8","0","0","0","2446","0","0","0","N","0","0","0","2","02446","0","","1.0","","1","N","N","","0","","0","0","0","","2","","","2","1","0","0","0","1","0","2","0","2","","","","N","","","","","","","","","",""
"2012121885","1701","1","0","0","0","0","0","0","0","0","1","0","","02","12","2012","3","40.488059","-79.80153","1651","11","0","0","0","0","0","0","0","0","","0","0","0","","","1","","2","","40 29:17.011","","0","79 48:05.507","8","0","0","0","2113","0","0","0","N","0","0","0","3","02113","0","","1.0","","9","N","N","","1","","0","0","0","","0","","","2","1","0","0","0","1","0","2","0","2","","","","N","","","","","","","","","",""
"2012121947","0650","2","0","0","0","0","0","0","0","0","1","0","","02","11","2012","5","40.430199","-79.874161","0642","11","0","0","0","0","1","0","0","0","","0","0","0","","","0","","0","","40 25:48.715","","0","79 52:26.980","0","0","0","0","2411","0","0","0","N","0","0","0","2","68B03","0","","1.0","","1","N","N","","0","","0","0","0","","0","","","2","0","1","0","0","0","0","2","0","2","","","","N","","","","","","","","","",""
"2012121212","0235","2","0","0","0","0","0","0","0","0","2","0","","02","12","2012","1","40.360216","-79.869324","0230","11","0","0","0","0","0","0","0","0","2","0","0","0","","","1","","0","","40 21:36.776","3","0","79 52:09.568","3","0","0","0","2473","0","0","0","N","0","0","0","1","02473","0","","2.0","","1","N","N","","0","","1","0","0","","0","N","","2","1","1","0","0","0","0","2","0","2","","","","N","","","","","","","","","",""
"2012120522","1556","1","0","0","0","0","0","0","0","0","4","0","","02","11","2012","6","40.478383","-80.06697","1553","11","0","0","0","1","0","0","0","0","","0","0","0","","","0","","2","","40 28:42.180","","0","80 04:01.091","0","0","0","0","2122","0","0","0","N","0","0","0","4","02122","0","","1.0","","1","N","N","","1","","0","0","0","","3","","","2","0","0","0","0","0","0","2","0","2","","","","N","","","","","","","","","",""
"2012121886","1742","1","0","0","0","0","0","0","0","0","7","0","","02","12","2012","2","","","1736","11","0","0","0","0","0","0","0","0","1","0","0","0","","","1","","7","","","1","2","","8","0","0","0","2461","0","0","0","Y","0","0","0","1","02461","0","","3.0","","1","N","N","","0","","0","0","0","","0","N","","1","1","1","0","0","1","0","1","0","1","","","","N","","","","","","","","","",""
"2012121948","2232","0","0","0","0","0","0","0","0","0","99","0","","02","12","2012","7","40.639977","-80.097526","2213","11","0","0","0","0","0","0","0","0","","0","0","0","","","0","","0","","40 38:23.918","","0","80 05:51.092","0","0","0","0","2212","0","0","0","N","0","0","0","4","68B03","0","","1.0","","1","N","N","","0","","0","0","1","","0","","","1","0","0","0","0","0","0","2","0","1","","","","N","","","","","","","","","",""
"2012121005","1320","1","0","0","0","0","0","0","0","0","7","0","","02","11","2012","1","40.491308","-79.938035","1320","11","0","0","0","0","0","0","0","0","2","0","0","0","","","2","","0","","40 29:28.708","1","3","79 56:16.926","4","0","0","0","2461","0","0","0","N","0","0","0","2","02461","2","","2.0","","1","N","N","","0","","0","0","0","","0","Y","","1","2","0","0","0","0","0","2","0","1","","","","N","","","","","","","","","",""
"2012121074","1758","2","0","0","0","0","0","0","0","0","2","0","","02","12","2012","7","40.425918","-79.96616","1755","11","0","0","0","0","0","1","0","0","","0","0","0","","","0","","1","","40 25:33.304","","0","79 57:58.176","9","0","0","0","2301","0","0","0","N","0","0","0","3","02301","0","","1.0","","1","N","N","","0","","0","0","0","","3","","","2","0","2","0","0","0","1","2","0","2","","","","N","","","","","","","","","",""
"2012121086","1646","3","0","0","0","0","0","0","0","0","1","0","","02","11","2012","4","40.408961","-79.916281","1643","11","0","0","0","0","0","1","0","0","","0","0","0","","","0","","0","","40 24:32.260","","3","79 54:58.610","0","0","0","0","2438","0","0","0","N","0","0","0","3","02438","0","","1.0","","1","N","N","","0","","0","0","0","","0","","","3","0","0","0","0","0","0","2","0","3","","","","N","","","","","","","","","",""
"2012121150","2225","0","0","0","0","0","0","0","0","0","1","0","","02","12","2012","7","40.43875","-79.768939","2218","11","0","0","0","0","0","1","0","0","1","0","0","0","","","0","","1","","40 26:19.501","4","0","79 46:08.179","0","0","0","0","2446","0","0","0","N","0","0","0","4","02446","0","","1.0","","1","N","N","","0","","0","0","2","","2","N","","2","0","1","0","0","0","0","2","0","2","","","","N","","","","","","","","","",""
"2012120524","1718","2","0","0","0","0","0","0","0","0","1","0","","02","11","2012","2","40.516382","-80.161426","1715","11","0","0","0","0","0","1","0","0","","0","0","0","","","0","","0","","40 30:58.975","","0","80 09:41.132","0","0","0","0","2420","0","0","0","N","0","0","0","2","02420","0","","1.0","","1","N","N","","0","","0","0","0","","2","","","2","0","0","0","0","0","0","2","0","2","","","","N","","","","","","","","","",""
"2012121950","1419","1","0","0","0","0","0","0","0","0","7","0","","02","11","2012","6","40.635979","-79.726366","1419","11","0","0","0","0","0","0","0","0","","0","0","0","","","0","","0","","40 38:09.525","","0","79 43:34.918","0","0","0","0","2106","0","0","0","Y","0","0","0","1","68D02","0","","4.0","","1","N","N","","0","","0","0","0","","0","","","1","0","0","0","0","0","0","2","0","1","","","","N","","","","","","","","","",""
"2012121231","0119","1","0","0","0","0","0","0","0","0","7","0","","02","12","2012","2","40.442181","-79.994981","0117","11","0","0","0","0","0","0","0","0","2","0","0","0","","","1","","1","","40 26:31.851","3","0","79 59:41.931","3","0","0","0","2301","0","0","0","N","0","0","0","1","02301","0","","2.0","","9","N","N","","0","","1","0","0","","2","N","","1","1","0","0","0","0","0","2","0","1","","","","N","","","","","","","","","",""
"2012121732","2010","1","0","0","0","0","0","0","0","0","7","0","35","02","10","2012","3","40.443619","-79.991051","2004","11","0","0","0","0","0","0","0","0","","0","0","0","","","0","","0","","40 26:37.029","","3","79 59:27.785","0","0","0","0","2301","0","0","0","N","0","0","0","1","68B03","0","","1.0","","1","N","N","","0","","0","0","0","","0","","","1","0","0","0","0","0","0","2","0","1","","","N","Y","2","1","N","N","N","N","N","N","Y",""
"2012121008","1410","1","0","0","0","0","0","0","0","0","1","0","","02","12","2012","7","40.633319","-80.05961","1400","11","0","0","1","0","0","0","0","0","1","0","0","0","","","2","","1","","40 37:59.949","1","0","80 03:34.597","4","0","0","0","2216","0","0","0","N","0","0","0","4","02505","2","","1.0","","1","N","N","","1","","0","0","0","","2","N","","2","2","1","0","0","0","0","2","0","2","","","","N","","","","","","","","","",""
"2012121077","2142","0","0","0","0","0","0","0","0","0","7","0","","02","11","2012","5","40.397655","-79.820875","2139","11","0","0","0","0","0","1","0","0","3","0","0","0","","","1","","0","","40 23:51.558","5","0","79 49:15.150","8","0","0","0","2111","0","0","0","N","0","0","0","1","02111","0","","4.0","","1","N","N","","0","","0","0","0","","0","Y","","1","1","0","0","0","1","0","2","1","1","","","","N","","","","","","","","","",""
"2012121890","2121","0","0","0","0","0","0","0","0","0","7","0","","02","12","2012","1","40.582373","-80.061017","2117","11","0","0","0","0","0","0","0","0","","0","0","0","","","0","","0","","40 34:56.544","","0","80 03:39.662","0","0","0","0","2108","0","0","0","N","0","0","0","1","02108","0","","5.0","","9","N","N","","0","","0","0","0","","0","","","1","0","0","0","0","0","0","2","1","1","","","","N","","","","","","","","","",""
"2012121153","1732","1","0","0","0","0","0","0","0","0","7","0","","02","12","2012","1","40.346056","-79.98189","1730","11","0","0","0","0","0","1","0","0","2","0","0","0","","","1","","0","","40 20:45.800","3","0","79 58:54.803","4","0","0","0","2476","0","0","0","N","0","0","0","1","02476","1","","2.0","","9","N","N","","0","","0","0","0","","0","N","","1","1","0","0","0","0","0","2","0","1","","","","N","","","","","","","","","",""
"2012121090","1900","1","0","0","0","0","0","0","0","0","1","0","","02","11","2012","5","40.398523","-79.903765","1900","11","0","0","0","0","0","0","0","0","1","0","0","0","","","1","","0","","40 23:54.681","1","0","79 54:13.553","4","0","0","0","2448","0","0","0","N","0","0","0","5","02448","1","","1.0","","1","N","N","","1","","0","0","1","","0","N","","3","1","1","0","0","0","0","2","0","3","","","","N","","","","","","","","","",""
"2012121891","2320","1","0","0","0","0","0","0","0","0","1","0","","02","12","2012","7","40.558021","-80.01621","2315","11","0","0","0","0","0","1","0","0","","0","0","0","","","3","","2","","40 33:28.874","","0","80 00:58.356","4","0","0","0","2108","0","0","0","N","0","0","0","8","02108","3","","1.0","","1","N","N","","0","","0","0","0","","0","","","2","3","0","0","0","0","0","2","1","2","","","","N","","","","","","","","","",""
"2012121892","1420","1","0","0","0","0","0","0","0","0","8","0","","02","11","2012","5","40.504377","-80.173779","1415","11","0","0","0","0","0","0","0","0","","0","0","0","","","1","","0","","40 30:15.758","","0","80 10:25.606","3","0","0","0","2213","1","0","0","N","1","0","0","2","02213","0","","1.0","","1","N","N","","0","","1","0","0","","0","","","2","1","0","0","0","0","0","2","0","1","","","","N","","","","","","","","","",""
"2012121155","1539","0","0","0","0","0","0","0","0","0","4","0","","02","11","2012","6","40.489486","-79.90355","1539","11","0","0","0","0","0","0","0","1","","0","0","0","","","2","","2","","40 29:22.151","","0","79 54:12.781","4","0","0","0","2401","0","0","0","N","0","0","0","3","02401","2","","1.0","","1","N","N","","0","","0","0","2","","3","","","2","2","0","0","0","0","0","2","0","2","","","","N","","","","","","","","","",""
"2012121234","0040","0","0","0","0","0","0","0","0","0","7","0","","02","12","2012","2","40.42117","-80.015473","0032","11","0","0","0","0","0","0","0","0","2","0","0","0","","","1","","0","","40 25:16.211","2","0","80 00:55.702","3","0","0","0","2301","0","0","0","N","0","0","0","1","02301","0","","3.0","","1","N","N","","1","","1","0","0","","0","N","","1","1","1","0","0","0","0","2","0","1","","","","N","","","","","","","","","",""
"2012121011","0724","1","0","0","0","0","0","0","0","0","7","0","","02","11","2012","7","40.521651","-80.131246","0721","11","0","0","0","0","0","0","0","0","","0","0","0","","","0","","0","","40 31:17.945","","0","80 07:52.486","0","0","0","0","2125","0","0","0","","0","0","0","1","02215","0","","1.0","","7","","","","0","","0","0","0","","4","","","2","0","0","0","0","0","0","2","0","1","","","","N","","","","","","","","","",""
"2012121082","1500","1","0","0","0","0","0","0","0","0","7","0","","02","12","2012","1","40.461216","-80.030773","1451","11","0","0","0","0","0","0","0","0","1","0","0","0","","","1","","3","","40 27:40.379","3","2","80 01:50.781","3","0","0","0","2301","0","0","0","N","0","0","0","1","02301","0","","2.0","","9","N","N","","0","","1","0","0","","0","N","","1","1","0","0","0","0","0","2","0","1","","","","N","","","","","","","","","",""
"2012121095","1540","3","0","0","0","0","0","0","0","0","1","0","","02","12","2012","1","40.346743","-79.986401","1538","11","0","0","0","0","0","1","0","1","1","0","0","0","","","1","","2","","40 20:48.276","2","0","79 59:11.044","4","0","0","0","2476","0","0","0","N","0","0","0","4","02476","1","","1.0","","9","N","N","","0","","0","0","0","","2","N","","3","1","0","0","0","0","0","2","0","3","","","","N","","","","","","","","","",""
"2012120452","1227","1","0","0","0","0","0","0","0","0","4","0","","02","11","2012","5","40.361591","-80.063771","1225","11","0","0","0","0","0","1","0","1","1","0","0","0","","","1","","2","","40 21:41.729","3","0","80 03:49.575","8","0","0","0","2109","0","0","0","N","0","0","0","2","02109","0","","1.0","","1","N","N","","1","","0","0","0","","2","N","","2","1","0","0","0","1","0","2","0","2","","","","N","","","","","","","","","",""
"2012120466","0750","1","0","0","0","0","0","0","0","0","4","0","","02","11","2012","6","40.33798","-79.894971","0748","11","1","1","0","0","0","0","0","0","1","0","0","0","","","2","","2","","40 20:16.728","5","0","79 53:41.897","8","0","0","0","2473","0","0","0","N","0","0","0","2","02473","0","","1.0","","1","N","N","","0","","0","0","1","","2","N","","2","2","0","0","0","2","0","2","0","2","","","","N","","","","","","","","","",""
"2012121237","0603","1","0","0","0","0","0","0","0","0","1","0","","02","11","2012","5","40.651025","-79.937992","0557","11","0","0","0","0","0","0","0","0","2","0","0","0","","","0","","0","","40 39:03.691","4","0","79 56:16.772","0","0","0","0","2217","0","0","0","N","0","0","0","2","02505","0","","1.0","","1","N","N","","1","","0","0","0","","0","N","","2","0","0","0","0","0","0","2","0","2","","","","N","","","","","","","","","",""
"2012120326","2339","0","0","0","0","0","0","0","0","0","2","0","","02","11","2012","2","40.50599","-79.950454","2338","11","0","0","0","0","0","1","0","0","1","0","0","0","","","1","","0","","40 30:21.564","5","0","79 57:01.634","4","0","0","0","2430","0","0","0","N","0","0","0","3","02430","1","","1.0","","1","N","N","","0","","0","0","3","","0","Y","","3","1","0","0","0","0","0","2","0","3","","","","N","","","","","","","","","",""
"2012121238","0214","1","0","0","0","0","0","0","0","0","4","0","","02","12","2012","1","40.450916","-79.943053","0207","11","0","0","0","0","0","0","0","0","2","0","0","0","","","0","","1","","40 27:03.297","2","0","79 56:34.990","9","0","0","0","2301","0","0","0","N","0","0","0","2","02301","0","","1.0","","1","N","N","","0","","0","0","1","","2","N","","2","0","0","0","0","0","1","2","0","2","","","","N","","","","","","","","","",""
"2012119643","1453","1","0","0","0","0","0","0","0","0","1","0","","02","11","2012","4","40.351299","-79.829757","1449","11","0","0","0","0","0","1","0","0","1","0","0","0","","","3","","0","","40 21:04.677","1","0","79 49:47.124","4","0","0","0","2477","0","0","0","N","0","0","0","4","02477","2","","1.0","","1","N","N","","1","","0","0","0","","0","N","","2","3","0","0","0","1","0","2","0","2","","","","N","","","","","","","","","",""
"2012121239","0248","3","0","0","0","0","0","0","0","0","5","0","","02","12","2012","2","40.407385","-80.046176","0245","11","0","0","0","0","0","0","0","0","2","0","0","0","","","1","","0","","40 24:26.586","6","0","80 02:46.233","4","0","0","0","2301","0","0","0","N","0","0","0","1","02301","1","","2.0","","9","N","N","","1","","0","0","0","","0","Y","","4","1","1","0","0","0","0","2","0","4","","","","N","","","","","","","","","",""
"2012122562","0740","1","0","0","0","0","0","0","0","0","7","0","","02","11","2012","7","40.504394","-80.137544","0649","11","0","0","0","0","0","1","0","0","","0","0","0","","","0","","0","","40 30:15.820","","0","80 08:15.158","0","0","0","0","2115","0","0","0","Y","0","0","0","1","68B03","0","","4.0","","7","N","N","","0","","0","0","0","","0","","","1","0","0","0","0","0","0","2","0","1","","","","N","","","","","","","","","",""
"2012120455","0845","2","0","0","0","0","0","0","0","0","1","0","","02","11","2012","4","40.400789","-79.865222","0840","11","0","0","0","0","0","0","1","0","","0","0","0","","","0","","0","","40 24:02.840","","0","79 51:54.799","9","0","0","0","2410","0","0","0","N","0","0","0","2","02410","0","","1.0","","1","N","N","","0","","0","0","0","","2","","","2","0","0","0","0","0","1","2","0","2","","","","N","","","","","","","","","",""
"2012120317","0216","1","0","0","0","0","0","0","0","0","8","0","","02","11","2012","5","40.431028","-80.001612","0214","11","0","0","0","0","0","0","0","0","2","0","0","0","","","1","","0","","40 25:51.701","6","0","80 00:05.802","2","0","0","0","2301","1","0","1","N","1","0","1","1","02301","0","","1.0","","1","N","N","","0","","0","1","0","","2","N","","2","1","0","0","0","0","0","2","0","1","","","","N","","","","","","","","","",""
"2012121162","1736","3","0","0","0","0","0","0","0","0","4","0","","02","12","2012","1","40.439547","-79.919565","1730","11","0","0","0","0","0","0","0","0","","0","0","0","","","0","","0","","40 26:22.369","","0","79 55:10.434","0","0","0","0","2301","0","0","0","N","0","0","0","1","02301","0","","6.0","","9","N","N","","0","","0","0","0","","3","","","3","0","0","0","0","0","0","2","0","3","","","","N","","","","","","","","","",""
"2012120318","2345","1","0","0","0","0","0","0","0","0","7","0","","02","11","2012","5","40.443779","-80.054767","2340","11","0","0","0","0","0","0","0","0","2","0","0","0","","","0","","0","","40 26:37.604","6","0","80 03:17.161","9","0","0","0","2301","0","0","0","N","0","0","0","1","02301","0","","5.0","","1","N","N","","0","","0","0","0","","0","Y","","1","0","0","0","0","0","1","2","0","1","","","","N","","","","","","","","","",""
"2012119647","2119","1","0","0","0","0","0","0","0","0","7","0","","02","11","2012","4","40.451146","-80.185976","2119","11","0","0","1","0","0","0","0","0","","0","0","0","","","0","","0","","40 27:04.127","","0","80 11:09.514","0","0","0","0","2214","0","0","0","N","0","0","0","1","02214","0","","2.0","","1","N","N","","0","","0","0","0","","0","","","1","0","0","0","0","0","0","2","0","1","","","","N","","","","","","","","","",""
"2012121826","1542","2","0","0","0","0","0","0","0","0","1","0","","02","11","2012","6","40.405068","-79.871538","1538","11","0","0","0","0","0","1","0","0","","0","0","0","","","2","","1","","40 24:18.244","","0","79 52:17.536","8","0","0","0","2410","0","0","0","N","0","0","0","3","02410","0","","1.0","","1","N","Y","","0","","0","0","1","","2","","","3","2","2","0","0","2","0","2","0","3","","","","N","","","","","","","","","",""
"2012120473","0920","1","0","0","0","0","0","0","0","0","7","0","","02","11","2012","6","40.434762","-80.050305","0850","11","0","0","0","0","0","0","0","0","","0","0","0","","","0","","1","","40 26:05.142","","0","80 03:01.099","0","0","0","0","2301","0","0","0","N","0","0","0","1","02301","0","","2.0","","1","N","N","","0","","0","0","0","","0","","","1","0","1","0","0","0","0","2","0","1","","","","N","","","","","","","","","",""
"2012121180","1803","0","0","0","0","0","0","0","0","0","7","0","","02","12","2012","1","40.311283","-79.976511","1759","11","0","0","1","0","0","0","0","0","2","0","0","0","","","0","","0","","40 18:40.620","5","0","79 58:35.440","0","0","0","0","2440","0","0","0","N","0","0","0","1","02440","0","","2.0","","9","N","N","","1","","0","0","0","","0","N","","1","0","0","0","0","0","0","2","0","1","","","","N","","","","","","","","","",""
"2012121841","1013","2","0","0","0","0","0","0","0","0","4","0","","02","12","2012","2","40.491755","-80.059271","1011","11","0","0","0","0","0","0","1","1","","0","0","0","","","0","","1","","40 29:30.318","","0","80 03:33.375","0","0","0","0","2404","0","0","0","N","0","0","0","2","02404","0","","1.0","","1","N","N","","0","","0","0","0","","3","","","2","0","0","0","0","0","0","2","0","2","","","","N","","","","","","","","","",""
"2012121831","1229","2","0","0","0","0","0","0","0","0","1","0","","02","12","2012","3","40.326006","-79.793457","1224","11","0","0","0","1","0","0","0","0","1","0","0","0","","","0","","2","","40 19:33.622","4","0","79 47:36.446","0","0","0","0","2477","0","0","0","N","0","0","0","4","02477","0","","1.0","","1","N","N","","0","","0","0","0","","0","N","","2","0","0","0","0","0","0","2","0","2","","","","N","","","","","","","","","",""
"2012121040","2125","1","0","0","0","0","0","0","0","0","4","0","","02","11","2012","6","40.532111","-79.712764","2120","11","0","1","0","0","0","0","1","0","","0","0","0","","","0","","1","","40 31:55.601","","0","79 42:45.949","0","0","0","0","2466","0","0","0","N","0","0","0","5","02466","0","","1.0","","1","N","N","","0","","0","0","1","","3","","","2","0","0","0","0","0","0","1","0","2","","","","N","","","","","","","","","",""
"2012122507","1609","0","0","0","0","0","0","0","0","0","8","0","","02","12","2012","4","40.391316","-79.986641","1603","11","0","0","0","0","0","0","0","0","1","0","0","0","","","1","","2","","40 23:28.737","6","0","79 59:11.907","4","0","0","0","2301","1","0","0","N","1","0","0","2","02301","1","","1.0","","1","N","N","","0","","0","0","1","","2","Y","","2","1","0","0","0","0","0","2","0","1","","","","N","","","","","","","","","",""
"2012121041","0822","0","0","0","0","0","0","0","0","0","6","0","","02","12","2012","1","40.613636","-80.054761","0822","11","0","0","0","0","0","2","0","0","1","0","0","0","","","1","","0","","40 36:49.090","2","0","80 03:17.141","4","0","0","0","2216","0","0","0","N","0","0","0","2","02505","1","","1.0","","1","N","N","","0","","0","0","2","","0","N","","2","1","0","0","0","0","0","2","0","2","","","","N","","","","","","","","","",""
"2012121844","1155","2","0","0","0","0","0","0","0","0","4","0","","02","12","2012","3","40.429854","-79.751251","1151","11","0","0","0","0","0","0","0","1","1","0","0","0","","","1","","1","","40 25:47.476","1","0","79 45:04.504","4","0","0","0","2446","0","0","0","N","0","0","0","2","02446","1","","1.0","","1","N","N","","0","","0","0","0","","2","N","","2","1","0","0","0","0","0","2","0","2","","","","N","","","","","","","","","",""
"2012121171","1819","1","0","0","0","0","0","0","0","0","7","0","","02","12","2012","1","40.497905","-79.836978","1808","11","0","0","0","1","0","0","0","0","2","0","0","0","","","1","","0","","40 29:52.458","6","0","79 50:13.120","3","0","0","0","2113","0","0","0","N","0","0","0","1","02113","0","","5.0","","9","N","N","","0","","1","0","0","","0","N","","1","1","0","0","0","0","0","2","0","1","","","","N","","","","","","","","","",""