"CRN","ARRIVAL_TM","AUTOMOBILE_COUNT","BELTED_DEATH_COUNT","BELTED_SUSP_SERIOUS_INJ_COUNT","BICYCLE_COUNT","BICYCLE_DEATH_COUNT","BICYCLE_SUSP_SERIOUS_INJ_COUNT","BUS_COUNT","CHLDPAS_DEATH_COUNT","CHLDPAS_SUSP_SERIOUS_INJ_COUNT","COLLISION_TYPE","COMM_VEH_COUNT","CONS_ZONE_SPD_LIM","COUNTY","CRASH_MONTH","CRASH_YEAR","DAY_OF_WEEK","DEC_LATITUDE","DEC_LONGITUDE","DISPATCH_TM","DISTRICT","DRIVER_COUNT_16YR","DRIVER_COUNT_17YR","DRIVER_COUNT_18YR","DRIVER_COUNT_19YR","DRIVER_COUNT_20YR","DRIVER_COUNT_50_64YR","DRIVER_COUNT_65_74YR","DRIVER_COUNT_75PLUS","EST_HRS_CLOSED","FATAL_COUNT","HEAVY_TRUCK_COUNT","HORSE_BUGGY_COUNT","HOUR_OF_DAY","ILLUMINATION","INJURY_COUNT","INTERSECTION_RELATED","INTERSECT_TYPE","LANE_CLOSED","LATITUDE","LN_CLOSE_DIR","LOCATION_TYPE","LONGITUDE","MAX_SEVERITY_LEVEL","MCYCLE_DEATH_COUNT","MCYCLE_SUSP_SERIOUS_INJ_COUNT","MOTORCYCLE_COUNT","MUNICIPALITY","NONMOTR_COUNT","NONMOTR_DEATH_COUNT","NONMOTR_SUSP_SERIOUS_INJ_COUNT","NTFY_HIWY_MAINT","PED_COUNT","PED_DEATH_COUNT","PED_SUSP_SERIOUS_INJ_COUNT","PERSON_COUNT","POLICE_AGCY","POSSIBLE_INJ_COUNT","RDWY_SURF_TYPE_CD","RELATION_TO_ROAD","ROADWAY_CLEARED","ROAD_CONDITION","SCH_BUS_IND","SCH_ZONE_IND","SECONDARY_CRASH","SMALL_TRUCK_COUNT","SPEC_JURIS_CD","SUSP_MINOR_INJ_COUNT","SUSP_SERIOUS_INJ_COUNT","SUV_COUNT","TCD_FUNC_CD","TCD_TYPE","TFC_DETOUR_IND","TIME_OF_DAY","TOTAL_UNITS","TOT_INJ_COUNT","UNBELTED_OCC_COUNT","UNB_DEATH_COUNT","UNB_SUSP_SERIOUS_INJ_COUNT","UNK_INJ_DEG_COUNT","UNK_INJ_PER_COUNT","URBAN_RURAL","VAN_COUNT","VEHICLE_COUNT","WEATHER1","WEATHER2","WORKERS_PRES","WORK_ZONE_IND","WORK_ZONE_LOC","WORK_ZONE_TYPE","WZ_CLOSE_DETOUR","WZ_FLAGGER","WZ_LAW_OFFCR_IND","WZ_LN_CLOSURE","WZ_MOVING","WZ_OTHER","WZ_SHLDER_MDN","WZ_WORKERS_INJ_KILLED"
"2013000118","0950","1","0","0","0","0","0","0","0","0","4","0","","02","12","2012","7","40.393375","-80.05543","0945","11","0","0","0","0","0","0","0","0","","0","0","0","","","0","","0","","40 23:36.150","","0","80 03:19.547","0","0","0","0","2117","0","0","0","N","0","0","0","1","02117","0","","6.0","","2","N","N","","0","","0","0","1","","0","","","2","0","0","0","0","0","0","2","0","2","","","","N","","","","","","","","","",""
"2013000119","1729","1","0","0","0","0","0","0","0","0","2","0","","02","12","2012","2","40.42167","-80.049914","1729","11","0","0","1","0","0","0","0","0","1","0","0","0","","","0","","1","","40 25:18.012","1","0","80 02:59.690","0","0","0","0","2435","0","0","0","N","0","0","0","4","02435","0","","1.0","","7","N","N","","0","","0","0","1","","2","N","","2","0","0","0","0","0","0","2","0","2","","","","N","","","","","","","","","",""
"2013001711","1745","1","0","0","0","0","0","0","0","0","4","0","","02","12","2012","7","40.396023","-79.944737","1741","11","0","0","0","0","0","0","0","0","2","0","0","0","","","3","","0","","40 23:45.683","5","0","79 56:41.052","4","0","0","0","2403","0","0","0","Y","0","0","0","7","02403","2","","1.0","","2","N","N","","0","","0","0","1","","0","N","","2","3","1","0","0","1","0","2","0","2","","","","N","","","","","","","","","",""
"2013000060","0700","0","0","0","0","0","0","0","0","0","7","0","","02","12","2012","5","40.653479","-79.724776","0650","11","0","0","0","0","0","0","0","0","","0","0","0","","","1","","0","","40 39:12.525","","0","79 43:29.192","4","0","0","0","2106","0","0","0","N","0","0","0","1","68D02","1","","4.0","","7","N","N","","0","","0","0","1","","0","","","1","1","1","0","0","0","0","2","0","1","","","","N","","","","","","","","","",""
"2013001648","2105","2","0","0","0","0","0","0","0","0","1","0","","02","12","2012","6","40.494408","-79.94274","2101","11","0","0","0","0","0","1","0","0","2","0","0","0","","","0","","3","","40 29:39.868","2","3","79 56:33.865","0","0","0","0","2430","0","0","0","N","0","0","0","2","02430","0","","1.0","","2","N","N","","0","","0","0","0","","0","Y","","2","0","1","0","0","0","0","2","0","2","","","","N","","","","","","","","","",""
"2013000681","0243","1","0","0","0","0","0","0","0","0","7","0","","02","12","2012","2","40.390513","-79.951082","0240","11","0","0","0","0","0","0","0","0","","0","0","0","","","0","","0","","40 23:25.845","","0","79 57:03.896","0","0","0","0","2403","0","0","0","N","0","0","0","2","02403","0","","4.0","","9","N","N","","0","","0","0","0","","0","","","1","0","0","0","0","0","0","2","0","1","","","","N","","","","","","","","","",""
"2013001639","2105","3","0","0","0","0","0","0","0","0","1","0","","02","12","2012","6","40.494414","-79.942547","2101","11","0","0","0","0","0","1","0","0","2","0","0","0","","","0","","6","","40 29:39.889","2","8","79 56:33.170","0","0","0","0","2430","0","0","0","Y","0","0","0","6","02430","0","","1.0","","2","N","N","","0","","0","0","0","","0","Y","","3","0","1","0","0","0","0","2","0","3","","","","N","","","","","","","","","",""
"2013000749","0805","1","0","0","0","0","0","0","0","0","7","0","","02","12","2012","2","40.43446","-79.965062","0713","11","0","0","0","0","0","1","0","0","","0","0","0","","","1","","0","","40 26:04.056","","0","79 57:54.222","4","0","0","0","2301","0","0","0","N","0","0","0","3","68B03","1","","2.0","","9","N","N","","0","","0","0","1","","0","","","2","1","0","0","0","0","0","2","0","2","","","","N","","","","","","","","","",""
"2013000751","1238","1","0","0","0","0","0","0","0","0","7","0","","02","12","2012","1","40.530823","-80.12745","1221","11","0","0","0","0","0","0","0","0","1","0","0","0","","","0","","0","","40 31:50.961","2","0","80 07:38.819","0","0","0","0","2125","0","0","0","N","0","0","0","1","68B03","0","","2.0","","1","N","N","","0","","0","0","0","","0","N","","1","0","0","0","0","0","0","2","0","1","","","","N","","","","","","","","","",""
"2013000752","2353","0","0","0","0","0","0","0","0","0","7","0","","02","12","2012","4","40.487865","-80.009116","2326","11","0","0","0","0","0","0","0","0","","0","0","0","","","0","","0","","40 29:16.314","","0","80 00:32.816","0","0","0","0","2301","0","0","0","N","0","0","0","2","68B03","0","","3.0","","9","N","N","","0","","0","0","1","","0","","","1","0","0","0","0","0","0","2","0","1","","","","N","","","","","","","","","",""
"2013000753","0840","1","0","0","0","0","0","0","0","0","7","0","","02","12","2012","2","40.441567","-79.761522","0838","11","0","0","0","0","0","0","0","0","","0","0","0","","","0","","0","","40 26:29.641","","3","79 45:41.479","0","0","0","0","2446","0","0","0","N","0","0","0","1","68B03","0","","4.0","","1","N","N","","0","","0","0","0","","0","","","1","0","0","0","0","0","0","2","0","1","","","","N","","","","","","","","","",""
"2013000009","0140","1","0","0","0","0","0","0","0","0","2","0","","02","12","2012","2","40.339349","-80.142174","0135","11","0","0","0","0","0","0","0","0","","0","0","0","","","0","","0","","40 20:21.656","","0","80 08:31.826","0","0","0","0","2119","0","0","0","N","0","0","0","1","02119","0","","1.0","","1","N","N","","0","","0","0","1","","0","","","2","0","0","0","0","0","0","2","0","2","","","","N","","","","","","","","","",""
"2013001660","1615","1","0","0","0","0","0","0","0","0","7","0","","02","12","2012","4","40.441047","-79.830118","1505","11","0","0","0","0","0","0","0","0","","0","0","0","","","1","","0","","40 26:27.768","","0","79 49:48.423","4","0","0","0","2419","0","0","0","N","0","0","0","1","68B03","1","","2.0","","1","N","N","","0","","0","0","0","","0","","","1","1","0","0","0","0","0","2","0","1","","","","N","","","","","","","","","",""
"2013000012","2357","1","0","0","0","0","0","0","0","0","7","0","","02","12","2012","2","40.439597","-79.899102","2357","11","0","1","0","0","0","0","0","0","","0","0","0","","","0","","0","","40 26:22.549","","99","79 53:56.768","0","0","0","0","2301","0","0","0","","0","0","0","1","02301","0","","2.0","","2","","","","0","","0","0","0","","0","","","1","0","0","0","0","0","0","2","0","1","","","","N","","","","","","","","","",""
"2013002271","1016","2","0","0","0","0","0","0","0","0","5","0","","02","12","2012","4","40.514649","-80.004186","1011","11","0","0","0","0","0","0","0","0","2","0","0","0","","","0","","1","","40 30:52.735","2","0","80 00:15.071","0","0","0","0","2116","0","0","0","N","0","0","0","2","02116","0","","1.0","","7","N","N","","0","","0","0","0","","0","N","","2","0","0","0","0","0","0","2","0","2","","","","N","","","","","","","","","",""
"2013000697","0010","1","0","0","0","0","0","0","0","0","1","0","","02","12","2012","1","40.418847","-79.926698","0004","11","0","0","0","0","0","1","0","0","1","0","0","0","","","2","","0","","40 25:07.849","2","0","79 55:36.112","3","0","0","0","2301","0","0","0","N","0","0","0","8","02301","1","","1.0","","2","N","N","","0","","1","0","1","","2","N","","2","2","4","0","0","0","0","2","0","2","","","","N","","","","","","","","","",""
"2013002930","1742","0","0","0","0","0","0","0","0","0","4","0","","02","12","2012","5","40.366697","-80.105987","1735","11","0","0","0","0","0","1","0","0","","0","0","0","","","0","","0","","40 22:00.110","","7","80 06:21.552","0","0","0","0","2102","0","0","0","N","0","0","0","3","02102","0","","1.0","","9","N","N","","1","","0","0","1","","0","","","2","0","0","0","0","0","0","2","0","2","","","","N","","","","","","","","","",""
"2013001605","1902","1","0","0","0","0","0","0","0","0","7","0","","02","12","2012","7","40.448942","-80.019965","1854","11","0","0","0","0","0","0","0","0","2","0","0","0","","","0","","7","","40 26:56.191","2","2","80 01:11.874","0","0","0","0","2301","0","0","0","N","0","0","0","2","02301","0","","1.0","","9","N","N","","0","","0","0","0","","0","N","","1","0","0","0","0","0","0","2","0","1","","","","N","","","","","","","","","",""
"2013001454","1806","2","0","0","0","0","0","0","0","0","4","0","","02","12","2012","6","40.401173","-79.86575","1805","11","0","0","0","0","0","1","0","0","2","0","0","0","","","2","","2","","40 24:04.222","3","0","79 51:56.700","3","0","0","0","2410","0","0","0","N","0","0","0","5","02410","1","","1.0","","1","N","N","","0","","1","0","0","","2","N","","2","2","4","0","0","0","0","2","0","2","","","","N","","","","","","","","","",""
"2013006498","1445","0","0","0","0","0","0","0","0","0","7","0","","02","12","2012","4","40.521478","-80.065468","1429","11","0","0","0","0","0","0","0","0","","0","0","0","","","0","","0","","40 31:17.321","","0","80 03:55.685","0","0","0","0","2215","0","0","0","Y","0","0","0","1","68B03","0","","4.0","","6","N","N","","1","","0","0","0","","0","","","1","0","0","0","0","0","0","2","0","1","","","","N","","","","","","","","","",""
"2013006456","0344","1","0","0","0","0","0","0","0","0","7","0","","02","12","2012","5","40.412041","-80.046049","0342","11","0","0","0","0","0","0","0","0","","0","0","0","","","0","","0","","40 24:43.346","","0","80 02:45.777","9","0","0","0","2435","0","0","0","N","0","0","0","1","02435","0","","4.0","","1","N","N","","0","","0","0","0","","0","","","1","0","0","0","0","0","1","2","0","1","","","","N","","","","","","","","","",""
"2013006446","0248","0","0","0","0","0","0","0","0","0","7","0","","02","12","2012","1","40.636343","-79.88509","0245","11","0","0","0","0","0","1","0","0","3","0","0","0","","","0","","0","","40 38:10.834","5","0","79 53:06.324","0","0","0","0","2220","0","0","0","N","0","0","0","1","02220","0","","2.0","","1","N","N","","0","","0","0","1","","0","Y","","1","0","1","0","0","0","0","1","0","1","","","","N","","","","","","","","","",""
"2013007932","0627","1","0","0","0","0","0","0","0","0","1","0","","02","12","2012","7","40.368835","-80.118954","0627","11","0","0","0","0","0","0","0","0","","0","0","0","","","0","","0","","40 22:07.805","","0","80 07:08.236","0","0","0","0","2102","0","0","0","N","0","0","0","2","68B01","0","","1.0","","7","N","N","","0","","0","0","1","","0","","","2","0","0","0","0","0","0","2","0","2","","","","N","","","","","","","","","",""
"2013008075","0155","0","0","0","0","0","0","0","0","0","7","0","","02","12","2012","1","40.298433","-80.050792","0152","11","0","0","0","0","0","0","0","0","2","0","0","0","","","1","","0","","40 17:54.357","5","0","80 03:02.851","4","0","0","0","2407","0","0","0","N","0","0","0","1","02407","1","","4.0","","1","N","N","","0","","0","0","1","","0","N","","1","1","1","0","0","0","0","2","0","1","","","","N","","","","","","","","","",""
"2013007933","0853","2","0","0","0","0","0","0","0","0","1","0","","02","12","2012","2","40.428522","-80.030059","0830","11","0","0","0","0","0","0","0","0","1","0","0","0","","","0","","0","","40 25:42.679","4","0","80 01:48.213","0","0","0","0","2301","0","0","0","N","0","0","0","2","68B03","0","","1.0","","1","N","N","","0","","0","0","0","","0","N","","2","0","0","0","0","0","0","2","0","2","","","","N","","","","","","","","","",""
"2013008695","1400","2","0","0","0","0","0","0","0","0","1","0","","02","12","2012","4","40.445433","-80.009514","1339","11","0","0","0","0","0","0","1","1","","0","0","0","","","0","","3","","40 26:43.557","","8","80 00:34.249","0","0","0","0","2301","0","0","0","N","0","0","0","3","68B03","0","","1.0","","1","N","N","","0","","0","0","0","","0","","","2","0","0","0","0","0","0","2","0","2","","","","N","","","","","","","","","",""
"2013007934","1058","1","0","0","0","0","0","0","0","0","7","0","","02","12","2012","2","40.410829","-80.073738","1046","11","0","0","0","0","0","0","0","0","","0","0","0","","","1","","0","","40 24:38.984","","0","80 04:25.458","8","0","0","0","2117","0","0","0","N","0","0","0","1","68B03","0","","2.0","","1","N","N","","0","","0","0","0","","0","","","1","1","0","0","0","1","0","2","0","1","","","","N","","","","","","","","","",""
"2013008696","1858","2","0","0","0","0","0","0","0","0","4","0","","02","12","2012","7","40.489904","-80.009878","1822","11","0","0","0","1","1","0","0","0","","0","0","0","","","3","","0","","40 29:23.656","","0","80 00:35.560","4","0","0","0","2301","0","0","0","N","0","0","0","3","68B03","3","","1.0","","1","N","N","","0","","0","0","0","","0","","","2","3","0","0","0","0","0","2","0","2","","","","N","","","","","","","","","",""
"2013000336","2300","1","0","0","0","0","0","0","0","0","1","0","","02","12","2012","5","40.382515","-79.995922","2253","11","0","0","0","0","0","0","0","0","1","0","0","0","","","1","","2","","40 22:57.053","3","0","79 59:45.319","4","0","0","0","2301","0","0","0","N","0","0","0","2","02301","1","","1.0","","9","N","N","","0","","0","0","1","","2","N","","2","1","0","0","0","0","0","2","0","2","","","","N","","","","","","","","","",""
"2013006452","1831","1","0","0","0","0","0","0","0","0","2","0","","02","12","2012","2","40.405801","-79.859297","1825","11","0","0","0","0","0","0","0","0","","0","0","0","","","0","","0","","40 24:20.883","","0","79 51:33.469","0","0","0","0","2449","0","0","0","N","0","0","0","2","02449","0","","6.0","","7","N","N","","0","","0","0","1","","0","","","2","0","0","0","0","0","0","2","0","2","","","","N","","","","","","","","","",""
"2013000337","0133","1","0","0","0","0","0","0","0","0","7","0","","02","12","2012","5","40.379671","-79.911453","0131","11","0","0","0","0","1","0","0","0","","0","0","0","","","0","","0","","40 22:46.815","","0","79 54:41.230","0","0","0","0","2448","0","0","0","N","0","0","0","1","02448","0","","5.0","","1","N","N","","0","","0","0","0","","0","","","1","0","0","0","0","0","0","2","0","1","","","","N","","","","","","","","","",""
"2013001777","0226","0","0","0","0","0","0","0","0","0","7","0","","02","12","2012","2","40.439605","-80.009796","0205","11","0","0","0","0","0","0","0","0","2","0","0","0","","","0","","0","","40 26:22.579","4","0","80 00:35.266","0","0","0","0","2301","0","0","0","Y","0","0","0","1","68B03","0","","4.0","","1","N","N","","0","","0","0","1","","0","N","","1","0","0","0","0","0","0","2","0","1","","","","N","","","","","","","","","",""
"2013001778","1115","1","0","0","0","0","0","0","0","0","0","0","","02","12","2012","1","40.430444","-79.873559","1110","11","0","0","0","0","0","1","0","0","2","0","0","0","","","0","","0","","40 25:49.598","3","0","79 52:24.811","0","0","0","0","2411","0","0","0","N","0","0","0","1","68B03","0","","1.0","","1","N","N","","0","","0","0","0","","0","N","","1","0","0","0","0","0","0","2","0","1","","","","N","","","","","","","","","",""
"2013001779","1451","0","0","0","0","0","0","0","0","0","7","0","","02","12","2012","6","40.503116","-80.136856","1443","11","0","0","0","0","0","0","0","0","1","0","0","0","","","0","","0","","40 30:11.218","1","3","80 08:12.682","0","0","0","0","2115","0","0","0","N","0","0","0","1","68B03","0","","2.0","","1","N","N","","1","","0","0","0","","0","N","","1","0","0","0","0","0","0","2","0","1","","","","N","","","","","","","","","",""
"2013001039","1810","2","0","0","0","0","0","0","0","0","4","0","","02","10","2012","5","40.349131","-80.104635","1803","11","0","0","0","0","0","0","1","0","","0","0","0","","","1","","2","","40 20:56.873","","0","80 06:16.687","4","0","0","0","2414","0","0","0","N","0","0","0","3","02414","1","","1.0","","9","N","N","","0","","0","0","0","","3","","","2","1","0","0","0","0","0","2","0","2","","","","N","","","","","","","","","",""
"2013000341","0642","2","0","0","0","0","0","0","0","0","7","0","","02","12","2012","7","40.448252","-80.0116","0635","11","0","0","0","1","0","0","0","0","","0","0","0","","","0","","0","","40 26:53.706","","0","80 00:41.760","0","0","0","0","2301","0","0","0","N","0","0","0","3","02301","0","","3.0","","7","N","N","","0","","0","0","0","","0","","","2","0","0","0","0","0","0","2","0","2","","","","N","","","","","","","","","",""
"2013001040","0205","1","0","0","0","0","0","0","0","0","7","0","","02","12","2012","1","40.353702","-80.101086","0159","11","0","0","0","0","0","0","0","0","","0","0","0","","","1","","0","","40 21:13.328","","0","80 06:03.911","4","0","0","0","2414","0","0","0","Y","0","0","0","1","02414","1","","5.0","","1","N","N","","0","","0","0","0","","0","","","1","1","0","0","0","0","0","2","0","1","","","","N","","","","","","","","","",""
"2013001041","1253","3","0","0","0","0","0","0","0","0","1","0","","02","12","2012","1","40.358295","-80.105742","1250","11","0","0","0","0","0","2","0","0","1","0","0","0","","","1","","0","","40 21:29.862","3","0","80 06:20.671","8","0","0","0","2414","0","0","0","N","0","0","0","3","02414","0","","1.0","","1","N","N","","0","","0","0","0","","0","N","","3","1","1","0","0","1","0","2","0","3","","","","N","","","","","","","","","",""
"2013001036","1543","2","0","0","0","0","0","0","0","0","2","0","","02","12","2012","6","40.444174","-80.147117","1543","11","0","1","0","0","0","0","0","0","1","0","0","0","","","0","","2","","40 26:39.028","7","0","80 08:49.622","0","0","0","0","2115","0","0","0","N","0","0","0","2","02115","0","","1.0","","1","N","N","","0","","0","0","0","","2","N","","2","0","0","0","0","0","0","2","0","2","","","","N","","","","","","","","","",""
"2013000278","0202","1","0","0","0","0","0","0","0","0","7","0","","02","12","2012","2","40.52778","-79.806557","0155","11","0","0","0","0","0","0","0","0","","0","0","0","","","1","","2","","40 31:40.007","","0","79 48:23.604","2","0","0","0","2466","0","0","0","N","0","0","0","1","02466","0","","5.0","","1","N","N","","0","","0","1","0","","0","","","1","1","1","0","1","0","0","2","0","1","","","","N","","","","","","","","","",""
"2013001037","1730","2","0","0","0","0","0","0","0","0","5","0","","02","12","2012","2","40.468358","-80.13757","1722","11","0","0","0","0","0","0","0","0","2","0","0","0","","","0","","2","","40 28:06.088","4","0","80 08:15.252","0","0","0","0","2115","0","0","0","N","0","0","0","2","02115","0","","1.0","","7","N","N","","0","","0","0","0","","0","Y","","2","0","0","0","0","0","0","2","0","2","","","","N","","","","","","","","","",""
"2013000357","0345","0","0","0","0","0","0","0","0","0","7","0","","02","12","2012","1","40.441051","-79.829611","0310","11","0","0","0","0","0","0","0","0","","0","0","0","","","0","","0","","40 26:27.785","","0","79 49:46.598","0","0","0","0","2419","0","0","0","N","0","0","0","1","68B03","0","","2.0","","1","N","N","","0","","0","0","1","","0","","","1","0","0","0","0","0","0","2","0","1","","","","N","","","","","","","","","",""
"2013000358","1635","1","0","0","0","0","0","0","0","0","7","0","","02","12","2012","4","40.470623","-80.003464","1555","11","0","0","0","0","0","0","1","0","","0","0","0","","","0","","0","","40 28:14.241","","0","80 00:12.469","0","0","0","0","2301","0","0","0","N","0","0","0","2","68B03","0","","2.0","","2","N","N","","0","","0","0","0","","0","","","1","0","1","0","0","0","0","2","0","1","","","","N","","","","","","","","","",""
"2013000992","1749","1","0","0","0","0","0","0","0","0","4","0","","02","12","2012","3","40.400904","-79.983265","1739","11","0","0","0","0","0","0","1","0","","0","0","0","","","0","","1","","40 24:03.254","","0","79 58:59.754","0","0","0","0","2301","0","0","0","N","0","0","0","2","02301","0","","1.0","","2","N","N","","0","","0","0","1","","3","","","2","0","0","0","0","0","0","2","0","2","","","","N","","","","","","","","","",""
"2013002552","2255","1","0","0","0","0","0","0","0","0","1","1","","02","12","2012","2","40.412517","-79.882192","2255","11","0","0","0","0","0","0","1","0","2","0","1","0","","","1","","0","","40 24:45.060","6","0","79 52:55.890","4","0","0","0","2456","0","0","0","N","0","0","0","1","02456","1","","6.0","","9","N","N","","0","","0","0","0","","0","Y","","2","1","0","0","0","0","0","2","0","2","","","","N","","","","","","","","","",""
"2013000359","1716","1","0","0","0","0","0","0","0","0","7","0","","02","12","2012","1","40.466143","-80.000165","1648","11","0","0","0","0","0","0","0","0","1","0","0","0","","","0","","0","","40 27:58.113","1","0","80 00:00.595","0","0","0","0","2301","0","0","0","N","0","0","0","2","68B03","0","","4.0","","9","N","N","","0","","0","0","0","","0","N","","1","0","0","0","0","0","0","2","0","1","","","","N","","","","","","","","","",""
"2013006499","1728","2","0","0","0","0","0","0","0","0","1","0","","02","12","2012","4","40.426123","-79.896366","1725","11","0","0","0","0","0","2","1","0","1","0","0","0","","","1","","0","","40 25:34.042","4","0","79 53:46.919","4","0","0","0","2301","0","0","0","N","0","0","0","3","68B03","1","","1.0","","9","N","N","","1","","0","0","0","","0","N","","3","1","0","0","0","0","0","2","0","3","","","","N","","","","","","","","","",""
"2013000299","1901","0","0","0","0","0","0","0","0","0","7","0","","02","12","2012","2","40.606387","-80.164851","1901","11","0","0","0","0","1","0","0","0","2","0","0","0","","","0","","0","","40 36:22.993","3","0","80 09:53.465","0","0","0","0","2480","0","0","0","Y","0","0","0","1","02480","0","","5.0","","6","N","N","","0","","0","0","1","","0","N","","1","0","0","0","0","0","0","1","0","1","","","","N","","","","","","","","","",""
"2013007111","0736","1","0","0","0","0","0","0","0","0","4","0","","02","12","2012","5","40.56818","-80.089949","0703","11","0","0","0","0","0","0","0","0","","0","0","0","","","0","","0","","40 34:05.449","","0","80 05:23.817","0","0","0","0","2481","0","0","0","Y","0","0","0","2","68B03","0","","1.0","","9","N","N","","1","","0","0","0","","0","","","2","0","0","0","0","0","0","2","0","2","","","","N","","","","","","","","","",""
"2013001814","1443","1","0","0","0","0","0","0","0","0","7","0","","02","12","2012","2","40.668946","-79.922319","1432","11","0","0","0","0","0","0","0","0","","0","0","0","","","0","","0","","40 40:08.205","","0","79 55:20.348","0","0","0","0","2217","0","0","0","N","0","0","0","1","02505","0","","5.0","","1","N","N","","0","","0","0","0","","0","","","1","0","0","0","0","0","0","1","0","1","","","","N","","","","","","","","","",""
"2013007112","1035","0","0","0","0","0","0","0","0","0","7","0","","02","12","2012","7","40.455714","-80.185053","1026","11","0","0","0","0","0","0","0","0","2","0","0","0","","","2","","0","","40 27:20.569","4","0","80 11:06.190","4","0","0","0","2214","0","0","0","N","0","0","0","2","68B03","2","","5.0","","7","N","N","","0","","0","0","1","","0","N","","1","2","0","0","0","0","0","2","0","1","","","","N","","","","","","","","","",""
"2013008283","1030","1","0","0","0","0","0","0","0","0","7","0","","02","12","2012","4","40.549541","-80.086371","1026","11","0","0","0","0","0","0","0","0","2","0","0","0","","","0","","0","","40 32:58.347","2","0","80 05:10.934","0","0","0","0","2215","0","0","0","Y","0","0","0","2","68B03","0","","3.0","","2","N","N","","0","","0","0","0","","0","N","","1","0","0","0","0","0","0","2","0","1","","","","N","","","","","","","","","",""
"2013008907","","1","0","0","0","0","0","0","0","0","7","0","","02","11","2012","6","40.43945","-80.010298","0314","11","0","0","0","0","0","0","0","0","","0","0","0","","","0","","0","","40 26:22.021","","3","80 00:37.074","0","0","0","0","2301","0","0","0","N","0","0","0","1","68B03","0","","4.0","","1","N","N","","0","","0","0","0","","0","","","1","0","1","0","0","0","0","2","0","1","","","","N","","","","","","","","","",""
"2013008908","","1","0","0","0","0","0","0","0","0","7","0","","02","12","2012","7","40.550071","-80.086599","0112","11","0","0","0","0","0","0","0","0","","0","0","0","","","1","","0","","40 33:00.257","","0","80 05:11.757","4","0","0","0","2215","0","0","0","N","0","0","0","1","68B03","1","","4.0","","9","N","N","","0","","0","0","0","","0","","","1","1","1","0","0","0","0","2","0","1","","05","","N","","","","","","","","","",""
"2013008909","","1","0","0","0","0","0","0","0","0","7","0","","02","12","2012","6","40.489888","-80.125216","0145","11","0","0","0","0","0","0","0","0","","0","0","0","","","0","","0","","40 29:23.596","","0","80 07:30.777","0","0","0","0","2126","0","0","0","Y","0","0","0","1","68B03","0","","2.0","","9","N","N","","0","","0","0","0","","0","","","1","0","0","0","0","0","0","2","0","1","","","","N","","","","","","","","","",""
"2013006622","","0","0","0","0","0","0","0","0","0","7","0","","02","12","2012","5","40.546228","-79.770622","0530","11","0","0","1","0","0","0","0","0","","0","0","0","","","0","","0","","40 32:46.422","","0","79 46:14.238","0","0","0","0","2121","0","0","0","N","0","0","0","1","02121","0","","2.0","","6","N","N","","0","","0","0","1","","0","","","1","0","0","0","0","0","0","1","0","1","","","","N","","","","","","","","","",""
"2013007366","","0","0","0","0","0","0","0","0","0","7","0","","02","12","2012","1","40.543177","-79.837572","0206","11","1","0","0","0","0","0","0","0","","0","0","0","","","0","","6","","40 32:35.438","","2","79 50:15.260","0","0","0","0","2208","0","0","0","N","0","0","0","1","68D02","0","","4.0","","1","N","N","","1","","0","0","0","","0","","","1","0","0","0","0","0","0","2","0","1","","","","N","","","","","","","","","",""
"2013008470","","1","0","0","0","0","0","0","0","0","7","0","","02","12","2012","4","40.398164","-79.842089","0139","11","0","0","0","0","0","0","0","0","2","0","0","0","","","1","","0","","40 23:53.390","1","0","79 50:31.520","3","0","0","0","2425","0","0","0","N","0","0","0","1","02425","0","","5.0","","1","N","N","","0","","1","0","0","","7","N","","1","1","0","0","0","0","0","2","0","1","","","","N","","","","","","","","","",""
"2013007834","","2","0","0","0","0","0","0","0","0","1","0","","02","12","2012","1","40.491694","-79.87407","2245","11","0","0","0","0","0","1","0","0","","0","0","0","","","0","","0","","40 29:30.099","","0","79 52:26.651","0","0","0","0","2112","0","0","0","N","0","0","0","3","68D02","0","","1.0","","1","N","N","","0","","0","0","0","","0","","","2","0","0","0","0","0","0","2","0","2","","","","N","","","","","","","","","",""
"2013013878","","1","0","0","0","0","0","0","0","0","7","0","","02","12","2012","1","40.417498","-79.822338","1008","11","0","0","0","0","0","0","0","0","1","0","0","0","","","0","","0","","40 25:02.991","5","0","79 49:20.415","0","0","0","0","2124","0","0","0","N","0","0","0","1","02124","0","","5.0","","9","N","N","","0","","0","0","0","","0","N","","1","0","0","0","0","0","0","2","0","1","","","","N","","","","","","","","","",""
"2013013870","","1","0","0","0","0","0","0","0","0","4","0","","02","8","2012","2","","","1310","11","0","0","0","0","0","0","1","0","1","0","0","0","","","0","","0","","","2","0","","0","0","0","0","2124","0","0","0","N","0","0","0","1","02124","0","","1.0","","1","N","N","","1","","0","0","0","","0","N","","2","0","0","0","0","0","0","1","0","2","","","","N","","","","","","","","","",""
"2013013871","","1","0","0","0","0","0","0","0","0","7","0","","02","9","2012","4","40.410591","-79.834156","1756","11","0","0","0","0","0","0","0","0","3","0","0","0","","","0","","2","","40 24:38.127","6","0","79 50:02.961","0","0","0","0","2124","0","0","0","N","0","0","0","2","02124","0","","2.0","","1","N","N","","1","","0","0","0","","0","Y","","2","0","0","0","0","0","0","2","0","2","","","","N","","","","","","","","","",""