"CRN","ARRIVAL_TM","AUTOMOBILE_COUNT","BELTED_DEATH_COUNT","BELTED_SUSP_SERIOUS_INJ_COUNT","BICYCLE_COUNT","BICYCLE_DEATH_COUNT","BICYCLE_SUSP_SERIOUS_INJ_COUNT","BUS_COUNT","CHLDPAS_DEATH_COUNT","CHLDPAS_SUSP_SERIOUS_INJ_COUNT","COLLISION_TYPE","COMM_VEH_COUNT","CONS_ZONE_SPD_LIM","COUNTY","CRASH_MONTH","CRASH_YEAR","DAY_OF_WEEK","DEC_LATITUDE","DEC_LONGITUDE","DISPATCH_TM","DISTRICT","DRIVER_COUNT_16YR","DRIVER_COUNT_17YR","DRIVER_COUNT_18YR","DRIVER_COUNT_19YR","DRIVER_COUNT_20YR","DRIVER_COUNT_50_64YR","DRIVER_COUNT_65_74YR","DRIVER_COUNT_75PLUS","EST_HRS_CLOSED","FATAL_COUNT","HEAVY_TRUCK_COUNT","HORSE_BUGGY_COUNT","HOUR_OF_DAY","ILLUMINATION","INJURY_COUNT","INTERSECTION_RELATED","INTERSECT_TYPE","LANE_CLOSED","LATITUDE","LN_CLOSE_DIR","LOCATION_TYPE","LONGITUDE","MAX_SEVERITY_LEVEL","MCYCLE_DEATH_COUNT","MCYCLE_SUSP_SERIOUS_INJ_COUNT","MOTORCYCLE_COUNT","MUNICIPALITY","NONMOTR_COUNT","NONMOTR_DEATH_COUNT","NONMOTR_SUSP_SERIOUS_INJ_COUNT","NTFY_HIWY_MAINT","PED_COUNT","PED_DEATH_COUNT","PED_SUSP_SERIOUS_INJ_COUNT","PERSON_COUNT","POLICE_AGCY","POSSIBLE_INJ_COUNT","RDWY_SURF_TYPE_CD","RELATION_TO_ROAD","ROADWAY_CLEARED","ROAD_CONDITION","SCH_BUS_IND","SCH_ZONE_IND","SECONDARY_CRASH","SMALL_TRUCK_COUNT","SPEC_JURIS_CD","SUSP_MINOR_INJ_COUNT","SUSP_SERIOUS_INJ_COUNT","SUV_COUNT","TCD_FUNC_CD","TCD_TYPE","TFC_DETOUR_IND","TIME_OF_DAY","TOTAL_UNITS","TOT_INJ_COUNT","UNBELTED_OCC_COUNT","UNB_DEATH_COUNT","UNB_SUSP_SERIOUS_INJ_COUNT","UNK_INJ_DEG_COUNT","UNK_INJ_PER_COUNT","URBAN_RURAL","VAN_COUNT","VEHICLE_COUNT","WEATHER1","WEATHER2","WORKERS_PRES","WORK_ZONE_IND","WORK_ZONE_LOC","WORK_ZONE_TYPE","WZ_CLOSE_DETOUR","WZ_FLAGGER","WZ_LAW_OFFCR_IND","WZ_LN_CLOSURE","WZ_MOVING","WZ_OTHER","WZ_SHLDER_MDN","WZ_WORKERS_INJ_KILLED"
"2013012773","","1","0","0","0","0","0","0","0","0","7","0","","02","7","2012","3","40.521329","-80.274106","1536","11","0","0","0","0","0","0","0","0","","0","0","0","","","0","","0","","40 31:16.786","","0","80 16:26.780","0","0","0","0","2203","0","0","0","N","0","0","0","3","68B03","0","","2.0","","9","N","N","","0","","0","0","0","","0","","","1","0","0","0","0","0","0","2","0","1","","","","N","","","","","","","","","",""
"2013012833","","0","0","0","0","0","0","0","0","0","1","0","","02","12","2012","6","40.439847","-80.111819","0704","11","0","0","0","0","0","1","0","0","","0","0","0","","","0","","0","","40 26:23.449","","0","80 06:42.549","0","0","0","0","2115","0","0","0","N","0","0","0","2","68B03","0","","1.0","","1","N","N","","0","","0","0","2","","0","","","2","0","0","0","0","0","0","2","0","2","","","","N","","","","","","","","","",""
"2013012774","","1","0","0","0","0","0","0","0","0","1","0","","02","7","2012","5","40.442457","-80.159551","1030","11","0","0","0","0","0","0","0","1","1","0","0","0","","","0","","0","","40 26:32.844","4","0","80 09:34.384","0","0","0","0","2115","0","0","0","N","0","0","0","3","68B03","0","","1.0","","1","N","N","","1","","0","0","0","","0","N","","2","0","0","0","0","0","0","2","0","2","","","","N","","","","","","","","","",""
"2013012834","","2","0","0","0","0","0","0","0","0","1","0","","02","12","2012","6","40.450178","-79.999322","1702","11","0","0","0","1","0","0","0","0","","0","0","0","","","0","","6","","40 27:00.642","","0","79 59:57.560","0","0","0","0","2301","0","0","0","N","0","0","0","3","68B02","0","","1.0","","1","N","N","","0","","0","0","0","","0","","","2","0","0","0","0","0","0","2","0","2","","","","N","","","","","","","","","",""
"2013012775","","0","0","0","0","0","0","0","0","0","0","1","","02","7","2012","5","40.497872","-80.122354","1203","11","0","0","0","0","0","1","0","0","","0","1","0","","","0","","0","","40 29:52.338","","0","80 07:20.473","0","0","0","0","2126","0","0","0","N","0","0","0","1","68B03","0","","1.0","","1","N","N","","0","","0","0","0","","0","","","1","0","0","0","0","0","0","2","0","1","","","","N","","","","","","","","","",""
"2013012835","","1","0","0","0","0","0","0","0","0","7","0","","02","12","2012","7","40.57032","-80.090462","0855","11","0","0","0","0","0","0","0","0","1","0","0","0","","","1","","0","","40 34:13.153","2","0","80 05:25.664","8","0","0","0","2481","0","0","0","N","0","0","0","1","68B03","0","","2.0","","1","N","N","","0","","0","0","0","","0","N","","1","1","1","0","0","1","0","2","0","1","","","","N","","","","","","","","","",""
"2013012776","","2","0","0","0","0","0","0","0","0","1","0","","02","7","2012","3","40.431262","-80.025791","0824","11","0","0","0","0","0","1","0","0","","0","0","0","","","0","","0","","40 25:52.544","","3","80 01:32.849","0","0","0","0","2301","0","0","0","N","0","0","0","3","68B03","0","","1.0","","1","N","N","","0","","0","0","1","","0","","","3","0","0","0","0","0","0","2","0","3","","","","N","","","","","","","","","",""
"2013012836","","1","0","0","0","0","0","0","0","0","1","0","","02","12","2012","7","40.428816","-79.929636","1058","11","0","0","0","0","0","1","0","0","","0","0","0","","","0","","0","","40 25:43.737","","0","79 55:46.688","0","0","0","0","2301","0","0","0","N","0","0","0","4","68B03","0","","1.0","","1","N","N","","0","","0","0","2","","0","","","3","0","0","0","0","0","0","2","0","3","","","","N","","","","","","","","","",""
"2013012777","","1","0","0","0","0","0","0","0","0","4","1","","02","7","2012","6","40.590753","-80.097165","0725","11","0","0","0","0","0","2","0","0","","0","1","0","","","0","","0","","40 35:26.712","","0","80 05:49.794","0","0","0","0","2481","0","0","0","Y","0","0","0","2","68B03","0","","1.0","","9","N","N","","0","","0","0","0","","0","","","2","0","0","0","0","0","0","2","0","2","","","","N","","","","","","","","","",""
"2013012837","","1","0","0","0","0","0","0","0","0","1","0","","02","12","2012","3","40.426321","-79.893848","1119","11","0","0","0","0","0","1","0","0","","0","0","0","","","0","","6","","40 25:34.757","","2","79 53:37.854","0","0","0","0","2301","0","0","0","N","0","0","0","2","68B03","0","","1.0","","9","N","N","","1","","0","0","0","","4","","","2","0","0","0","0","0","0","2","0","2","","","","N","","","","","","","","","",""
"2013012778","","4","0","0","0","0","0","0","0","0","1","0","","02","7","2012","6","40.435366","-79.982292","1415","11","0","0","0","1","0","1","0","0","","0","0","0","","","1","","0","","40 26:07.316","","0","79 58:56.251","4","0","0","0","2301","0","0","0","N","0","0","0","5","68B03","1","","1.0","","9","N","N","","0","","0","0","0","","0","","","4","1","0","0","0","0","0","2","0","4","","","","N","","","","","","","","","",""
"2013012838","","1","0","0","0","0","0","0","0","0","7","0","","02","12","2012","7","40.435907","-79.975304","0943","11","0","0","0","0","0","0","0","0","","0","0","0","","","1","","0","","40 26:09.264","","0","79 58:31.093","4","0","0","0","2301","0","0","0","N","0","0","0","1","68B03","1","","4.0","","9","N","N","","0","","0","0","0","","0","","","1","1","0","0","0","0","0","2","0","1","","","","N","","","","","","","","","",""
"2013012779","","0","0","0","0","0","0","0","0","0","1","0","","02","7","2012","6","40.557299","-80.115874","1741","11","0","0","0","0","0","0","0","0","1","0","0","0","","","1","","0","","40 33:26.278","2","0","80 06:57.147","4","0","0","0","2460","0","0","0","N","0","0","0","2","68B03","1","","1.0","","9","N","N","","1","","0","0","1","","0","N","","2","1","0","0","0","0","0","1","0","2","","","","N","","","","","","","","","",""
"2013012839","","2","0","0","0","0","0","0","0","0","1","0","","02","12","2012","2","40.420989","-80.044476","1814","11","0","0","0","0","0","1","0","0","","0","0","0","","","1","","0","","40 25:15.559","","2","80 02:40.115","3","0","0","0","2435","0","0","0","N","0","0","0","2","68B03","0","","1.0","","9","N","N","","0","","1","0","0","","4","","","2","1","0","0","0","0","0","2","0","2","","","","N","","","","","","","","","",""
"2013012780","","1","0","0","0","0","0","0","0","0","1","0","","02","7","2012","6","40.531943","-80.072425","1749","11","0","0","0","0","0","0","0","0","1","0","0","0","","","0","","0","","40 31:54.994","1","0","80 04:20.729","0","0","0","0","2215","0","0","0","N","0","0","0","2","68B03","0","","1.0","","1","N","N","","0","","0","0","1","","0","N","","2","0","0","0","0","0","0","2","0","2","","","","N","","","","","","","","","",""
"2013012840","","2","0","0","0","0","0","0","0","0","1","0","","02","12","2012","7","40.438575","-80.244114","0915","11","0","0","0","0","0","0","0","0","1","0","0","0","","","1","","0","","40 26:18.871","3","0","80 14:38.812","3","0","0","0","2214","0","0","0","N","0","0","0","5","68B03","0","","1.0","","7","N","N","","2","","1","0","0","","0","N","","4","1","0","0","0","0","0","2","0","4","","","","N","","","","","","","","","",""
"2013012781","","1","0","0","0","0","0","0","0","0","7","0","","02","7","2012","6","40.549359","-80.120235","2301","11","0","0","0","0","0","0","0","0","1","0","0","0","","","0","","0","","40 32:57.691","2","0","80 07:12.845","0","0","0","0","2215","0","0","0","N","0","0","0","3","68B03","0","","2.0","","9","N","N","","0","","0","0","0","","0","N","","1","0","0","0","0","0","0","2","0","1","","","","N","","","","","","","","","",""
"2013012841","","1","0","0","0","0","0","0","0","0","7","0","","02","12","2012","7","40.441868","-79.827126","1006","11","0","0","0","0","0","0","0","0","1","0","0","0","","","0","","0","","40 26:30.723","4","0","79 49:37.655","0","0","0","0","2419","0","0","0","N","0","0","0","2","68B03","0","","4.0","","9","N","N","","0","","0","0","0","","0","N","","1","0","0","0","0","0","0","2","0","1","","","","N","","","","","","","","","",""
"2013012782","","3","0","0","0","0","0","0","0","0","4","0","","02","8","2012","4","40.362093","-80.119072","1753","11","0","0","0","0","0","2","0","0","2","0","0","0","","","0","","0","","40 21:43.534","2","0","80 07:08.660","0","0","0","0","2414","0","0","0","N","0","0","0","6","68B03","0","","1.0","","1","N","N","","0","","0","0","0","","0","N","","4","0","0","0","0","0","0","2","0","3","","","","N","","","","","","","","","",""
"2013012783","","1","0","0","0","0","0","0","0","0","7","0","","02","8","2012","1","40.50809","-80.136613","1336","11","0","0","0","0","1","0","0","0","","0","0","0","","","1","","7","","40 30:29.123","","0","80 08:11.805","4","0","0","0","2115","0","0","0","N","0","0","0","1","68B03","1","","4.0","","1","N","N","","0","","0","0","0","","0","","","1","1","0","0","0","0","0","2","0","1","","","","N","","","","","","","","","",""
"2013013747","","1","0","0","0","0","0","0","0","0","4","0","","02","12","2012","6","40.430897","-79.78685","0822","11","0","0","0","0","0","0","0","0","1","0","0","0","","","1","","0","","40 25:51.230","4","0","79 47:12.660","4","0","0","0","2446","0","0","0","N","0","0","0","2","02446","1","","1.0","","1","N","N","","0","","0","0","1","","3","N","","2","1","0","0","0","0","0","2","0","2","","","","N","","","","","","","","","",""
"2013011909","","0","0","0","1","0","0","0","0","0","8","0","","02","7","2012","1","40.494627","-79.859446","1248","11","0","0","0","0","0","0","0","0","","0","0","0","","","1","","2","","40 29:40.657","","0","79 51:34.007","8","0","0","0","2408","1","0","0","N","0","0","0","2","02408","0","","4.0","","1","N","N","","1","","0","0","0","","3","","","2","1","0","0","0","1","1","2","0","1","","","","N","","","","","","","","","",""
"2013013703","","1","0","0","0","0","0","0","0","0","1","0","","02","12","2012","6","40.427286","-79.891058","","11","0","0","0","0","0","2","0","0","","0","0","0","15","","1","","6","","40 25:38.231","","2","79 53:27.808","4","0","0","0","2301","0","0","0","N","0","0","0","3","68B03","1","","1.0","","1","N","N","","0","","0","0","1","0","0","","1551","2","1","0","0","0","0","0","2","0","2","","","","N","","","","","","","","","",""
"2013010135","","1","0","0","0","0","0","0","0","0","7","0","","02","11","2012","1","40.65334","-79.724769","","11","0","0","0","0","0","1","0","0","1","0","0","0","09","","0","","0","","40 39:12.024","1","3","79 43:29.167","0","0","0","0","2106","0","0","0","Y","0","0","0","1","68D02","0","","4.0","","2","N","N","","0","","0","0","0","0","0","N","0902","1","0","0","0","0","0","0","2","0","1","","","","N","","","","","","","","","",""
"2013014545","","1","0","0","0","0","0","0","0","0","1","0","","02","12","2012","6","40.492701","-79.897365","","11","0","0","0","0","0","1","0","0","2","0","0","0","07","","1","","0","","40 29:33.723","2","0","79 53:50.515","8","0","0","0","2112","0","0","0","N","0","0","0","5","68D02","0","","1.0","","1","N","N","","1","","0","0","0","0","0","N","0719","2","1","0","0","0","1","0","2","0","2","","","","N","","","","","","","","","",""
"2013009449","","1","0","0","0","0","0","0","0","0","7","0","","02","12","2012","6","40.485399","-79.910139","","11","0","0","0","0","0","0","0","0","2","0","0","0","03","","0","","0","","40 29:07.435","3","0","79 54:36.502","0","0","0","0","2301","0","0","0","N","0","0","0","1","02301","0","","2.0","","6","N","N","","0","","0","0","0","0","0","N","0327","1","0","0","0","0","0","0","2","0","1","","","","N","","","","","","","","","",""
"2013009062","","2","0","0","0","0","0","0","0","0","4","0","","02","12","2012","3","40.393024","-80.063374","","11","0","0","0","0","0","1","0","0","1","0","0","0","16","","2","","0","","40 23:34.886","3","0","80 03:48.148","8","0","0","0","2117","0","0","0","N","0","0","0","2","02117","0","","1.0","","1","N","N","","0","","0","0","0","0","0","Y","1623","2","2","0","0","0","2","0","2","0","2","","","","N","","","","","","","","","",""
"2013016991","","1","0","0","0","0","0","0","0","0","7","0","","02","12","2012","5","40.508085","-80.22101","","11","0","0","0","0","0","0","0","0","","0","0","0","15","","1","","0","","40 30:29.106","","0","80 13:15.636","8","0","0","0","2213","0","0","0","N","0","0","0","1","02213","0","","5.0","","9","N","N","","0","","0","0","0","0","0","","1520","1","1","0","0","0","1","0","2","0","1","","","","N","","","","","","","","","",""
"2013017623","","1","0","0","0","0","0","0","0","0","7","0","","02","12","2012","4","40.425562","-79.844483","","11","0","0","1","0","0","0","0","0","3","0","0","0","09","","0","","0","","40 25:32.024","5","0","79 50:40.139","0","0","0","0","2124","0","0","0","Y","0","0","0","1","02124","0","","4.0","","7","N","N","","0","","0","0","0","0","0","Y","0956","1","0","0","0","0","0","0","2","0","1","","","","N","","","","","","","","","",""
"2013017260","","1","0","0","0","0","0","0","0","0","7","0","","02","6","2012","3","40.559151","-79.849345","","11","0","1","0","0","0","0","0","0","1","0","0","0","06","","0","","0","","40 33:32.942","4","0","79 50:57.641","0","0","0","0","2208","0","0","0","N","0","0","0","1","68T02","0","","4.0","","8","N","N","","0","","0","0","0","0","0","N","0620","1","0","0","0","0","0","0","2","0","1","","","","N","","","","","","","","","",""
"2013017262","","0","0","0","0","0","0","0","0","0","7","0","55","02","6","2012","2","40.654999","-80.069671","","11","0","0","0","0","0","0","0","0","","0","0","0","13","","0","","0","","40 39:17.998","","0","80 04:10.815","0","0","0","0","2216","0","0","0","N","0","0","0","6","68T02","0","","4.0","","1","N","N","","0","","0","0","1","0","0","","1319","1","0","1","0","0","0","0","2","0","1","","","Y","Y","5","1","N","N","N","N","N","Y","N",""
"2013017267","0721","1","0","0","0","0","0","0","0","0","7","0","","02","7","2012","6","40.558392","-79.848941","0705","11","0","0","0","0","0","1","0","0","","0","0","0","07","","0","","0","","40 33:30.210","","0","79 50:56.189","0","0","0","0","2208","0","0","0","N","0","0","0","1","68T02","0","","3.0","","9","N","N","","0","","0","0","0","","0","","0701","1","0","0","0","0","0","0","2","0","1","","","","N","","","","","","","","","",""
"2013017268","1129","1","0","0","0","0","0","0","0","0","7","0","","02","8","2012","1","40.526405","-79.820562","1115","11","0","0","0","1","0","0","0","0","2","0","0","0","11","","1","","0","","40 31:35.057","4","0","79 49:14.024","4","0","0","0","2466","0","0","0","N","0","0","0","1","68T02","1","","4.0","","8","N","N","","0","","0","0","0","","0","N","1115","1","1","0","0","0","0","0","1","0","1","","","","N","","","","","","","","","",""
"2013017272","0609","1","0","0","0","0","0","0","0","0","99","0","","02","10","2012","5","40.463404","-79.761198","0540","11","0","0","0","0","0","0","0","0","","0","0","0","05","","0","","0","","40 27:48.255","","0","79 45:40.312","0","0","0","0","2466","0","0","0","N","0","0","0","1","68T02","0","","1.0","","1","N","N","","0","","0","0","0","","0","","0540","1","0","0","0","0","0","0","2","0","1","","","","N","","","","","","","","","",""
"2013017277","0131","1","0","0","0","0","0","0","0","0","7","0","","02","11","2012","2","40.554051","-79.836607","0122","11","0","0","0","0","0","1","0","0","","0","0","0","01","","1","","0","","40 33:14.585","","0","79 50:11.785","3","0","0","0","2208","0","0","0","Y","0","0","0","1","68T02","0","","4.0","","1","N","N","","0","","1","0","0","","0","","0121","1","1","0","0","0","0","0","2","0","1","","","","N","","","","","","","","","",""
"2013017281","0945","2","0","0","0","0","0","0","0","0","5","0","","02","12","2012","5","40.618435","-79.981072","0945","11","0","0","0","0","0","0","0","0","","0","0","0","09","","0","","0","","40 37:06.365","","0","79 58:51.858","0","0","0","0","2217","0","0","0","N","0","0","0","2","68T02","0","","1.0","","9","N","N","","0","","0","0","0","","0","","0945","2","0","0","0","0","0","0","1","0","2","","","","N","","","","","","","","","",""
"2013019989","","0","0","0","0","0","0","0","0","0","8","0","","02","12","2012","3","40.445721","-79.956418","","11","0","0","0","0","0","0","0","0","","0","0","0","20","","1","","1","","40 26:44.595","","0","79 57:23.104","8","0","0","0","2301","1","0","0","N","1","0","0","2","00000","0","","1.0","","1","N","N","","0","","0","0","1","","2","","2000","2","1","0","0","0","1","0","2","0","1","","","","N","","","","","","","","","",""
"2013018415","1835","2","0","0","0","0","0","0","0","0","1","0","","02","12","2012","6","40.431863","-79.871908","1830","11","0","0","0","0","0","1","0","0","2","0","0","0","18","","1","","6","","40 25:54.708","4","2","79 52:18.868","4","0","0","0","2411","0","0","0","N","0","0","0","3","68B03","1","","1.0","","1","N","N","","0","","0","0","0","","0","N","1829","3","1","0","0","0","0","1","2","0","3","","","","N","","","","","","","","","",""
"2013005684","2331","1","0","0","0","0","0","0","0","0","1","0","","02","12","2012","6","40.410819","-80.073953","2315","11","0","0","0","0","0","0","0","0","1","0","1","0","23","","1","","0","","40 24:38.950","3","0","80 04:26.229","3","0","0","0","2117","0","0","0","N","0","0","0","2","68B03","0","","1.0","","1","N","N","","0","","1","0","0","","0","N","2315","2","1","1","0","0","0","0","2","0","2","","","","N","","","","","","","","","",""
"2013020443","","1","0","0","0","0","0","0","0","0","7","0","","02","12","2012","2","40.519706","-79.939372","","11","0","0","0","0","0","0","0","0","","0","0","0","","","1","","0","","40 31:10.940","","0","79 56:21.738","4","0","0","0","2118","0","0","0","N","0","0","0","1","02118","1","","5.0","","9","N","N","","0","","0","0","0","","0","","","1","1","0","0","0","0","0","2","0","1","","","","N","","","","","","","","","",""
"2013005650","","1","0","0","0","0","0","0","0","0","8","0","","02","12","2012","5","40.342418","-80.059389","","11","0","0","0","0","0","0","0","0","1","0","0","0","","","1","","0","","40 20:32.705","5","0","80 03:33.801","2","0","0","0","2407","1","0","1","N","1","0","1","2","02407","0","","1.0","","1","N","N","","0","","0","1","0","","2","N","","2","1","0","0","0","0","0","2","0","1","","","","N","","","","","","","","","",""
"2013018151","","1","0","0","0","0","0","0","0","0","7","0","","02","12","2012","7","40.394817","-80.102165","","11","0","0","0","0","0","0","0","0","","0","0","0","","","0","","0","","40 23:41.341","","0","80 06:07.795","0","0","0","0","2102","0","0","0","N","0","0","0","1","68B03","0","","2.0","","7","N","N","","0","","0","0","0","","0","","","1","0","0","0","0","0","0","2","0","1","","","","N","","","","","","","","","",""
"2013005811","","1","0","0","0","0","0","0","0","0","1","0","","02","12","2012","1","40.458394","-79.758204","","11","0","0","0","0","0","1","0","0","","0","0","0","","","0","","0","","40 27:30.219","","0","79 45:29.534","0","0","0","0","2446","0","0","0","N","0","0","0","3","68T02","0","","1.0","","9","N","N","","0","","0","0","1","","0","","","3","0","0","0","0","0","0","2","0","3","","","","N","","","","","","","","","",""
"2013005065","","0","0","0","0","0","0","0","0","0","7","0","","02","11","2012","5","40.529992","-80.072092","","11","0","0","0","0","0","0","0","0","","0","0","0","","","1","","0","","40 31:47.970","","0","80 04:19.532","8","0","0","0","2215","0","0","0","N","0","0","0","1","68B03","0","","4.0","","1","N","N","","1","","0","0","0","","0","","","1","1","0","0","0","1","0","2","0","1","","","","N","","","","","","","","","",""
"2013005066","","2","0","0","0","0","0","0","0","0","1","0","","02","12","2012","4","40.427573","-79.950077","","11","0","0","1","0","0","0","1","0","","0","0","0","","","0","","0","","40 25:39.262","","0","79 57:00.278","0","0","0","0","2301","0","0","0","N","0","0","0","5","68B03","0","","1.0","","1","N","N","","0","","0","0","0","","0","","","2","0","0","0","0","0","0","2","0","2","","","","N","","","","","","","","","",""
"2013005067","","1","0","0","0","0","0","0","0","0","7","0","","02","12","2012","7","40.439019","-80.242143","","11","0","0","0","0","0","0","0","0","2","0","0","0","","","0","","0","","40 26:20.469","3","0","80 14:31.713","0","0","0","0","2214","0","0","0","N","0","0","0","1","68B03","0","","4.0","","7","N","N","","0","","0","0","0","","0","N","","1","0","0","0","0","0","0","2","0","1","","","","N","","","","","","","","","",""
"2013005068","","1","0","0","0","0","0","0","0","0","7","0","","02","12","2012","1","40.505793","-80.030816","","11","0","0","0","0","0","0","0","0","","0","0","0","","","0","","0","","40 30:20.853","","0","80 01:50.936","0","0","0","0","2116","0","0","0","N","0","0","0","1","68B03","0","","3.0","","1","N","N","","0","","0","0","0","","0","","","1","0","0","0","0","0","0","2","0","1","","","","N","","","","","","","","","",""
"2013004483","","1","0","0","0","0","0","0","0","0","1","0","","02","12","2012","1","40.428849","-79.956164","","11","0","0","0","0","0","1","0","0","","0","0","0","","","0","","3","","40 25:43.856","","2","79 57:22.191","0","0","0","0","2301","0","0","0","N","0","0","0","2","68B03","0","","1.0","","1","N","N","","1","","0","0","0","","4","","","2","0","0","0","0","0","0","2","0","2","","","","N","","","","","","","","","",""
"2013005167","","1","0","0","0","0","0","0","0","0","1","0","","02","12","2012","6","40.405144","-79.910974","","11","0","0","0","1","0","0","0","0","2","0","0","0","","","0","","0","","40 24:18.518","1","0","79 54:39.506","0","0","0","0","2438","0","0","0","N","0","0","0","2","02438","0","","1.0","","1","N","Y","","1","","0","0","0","","0","Y","","2","0","0","0","0","0","0","2","0","2","","","","N","","","","","","","","","",""
"2013005027","","1","0","0","0","0","0","0","0","0","7","0","","02","12","2012","2","40.320333","-79.836594","","11","0","0","0","0","1","0","0","0","","0","0","0","","","2","","0","","40 19:13.200","","0","79 50:11.740","4","0","0","0","2469","0","0","0","N","0","0","0","2","02469","1","","5.0","","7","N","N","","0","","0","0","0","","0","","","1","2","2","0","0","1","0","2","0","1","","","","N","","","","","","","","","",""
"2013004284","","0","0","0","0","0","0","0","0","0","7","0","","02","12","2012","6","40.522571","-79.817214","","11","0","0","0","0","0","0","0","0","1","0","0","0","","","0","","0","","40 31:21.256","3","3","79 49:01.972","0","0","0","0","2466","0","0","0","N","0","0","0","1","68T02","0","","3.0","","1","N","N","","0","","0","0","1","","0","N","","1","0","0","0","0","0","0","2","0","1","","","","N","","","","","","","","","",""
"2013003620","","0","0","0","0","0","0","0","0","0","7","0","","02","12","2012","7","40.643913","-79.782934","","11","0","0","0","0","0","0","0","0","1","0","0","0","","","0","","0","","40 38:38.087","6","0","79 46:58.561","0","0","0","0","2202","0","0","0","N","0","0","0","2","02202","0","","2.0","","7","N","N","","1","","0","0","0","","0","N","","1","0","0","0","0","0","0","1","0","1","","","","N","","","","","","","","","",""
"2013005113","","2","0","0","0","0","0","0","0","0","4","0","","02","12","2012","6","40.440423","-79.767688","","11","0","0","0","0","0","1","1","0","","0","0","0","","","0","","0","","40 26:25.522","","0","79 46:03.676","0","0","0","0","2446","0","0","0","N","0","0","0","3","02446","0","","1.0","","98","N","N","","0","","0","0","0","","0","","","2","0","1","0","0","0","0","2","0","2","","","","N","","","","","","","","","",""
"2013004234","","1","0","0","0","0","0","0","0","0","7","0","","02","12","2012","6","40.427644","-79.949791","","11","0","0","0","0","0","0","0","0","1","0","0","0","","","1","","0","","40 25:39.519","3","3","79 56:59.249","8","0","0","0","2301","0","0","0","N","0","0","0","1","68B03","0","","3.0","","9","N","N","","0","","0","0","0","","0","N","","1","1","0","0","0","1","0","2","0","1","","","","N","","","","","","","","","",""
"2013004235","","1","0","0","0","0","0","0","0","0","4","0","","02","12","2012","4","40.434563","-79.99683","","11","0","0","0","0","0","1","0","0","2","0","0","0","","","1","","6","","40 26:04.428","3","2","79 59:48.589","8","0","0","0","2301","0","0","0","N","0","0","0","2","68B03","0","","1.0","","1","N","N","","1","","0","0","0","","0","N","","2","1","0","0","0","1","0","2","0","2","","","","N","","","","","","","","","",""
"2013005469","","1","0","0","0","0","0","0","0","0","2","0","","02","12","2012","2","40.431713","-79.87211","","11","0","0","0","0","0","0","0","0","3","0","0","0","","","3","","0","","40 25:54.166","4","0","79 52:19.595","2","0","0","0","2431","0","0","0","N","0","0","0","3","68B03","2","","1.0","","1","N","N","","0","","0","1","1","","0","Y","","2","3","1","0","1","0","0","2","0","2","","","","N","","","","","","","","","",""
"2013005546","","1","0","0","0","0","0","0","0","0","2","0","","02","12","2012","4","40.40262","-80.061144","","11","0","0","0","0","0","0","0","0","1","0","0","0","","","1","","0","","40 24:09.431","5","0","80 03:40.120","3","0","0","0","2117","0","0","0","N","0","0","0","2","02117","0","","1.0","","7","N","N","","0","","1","0","2","","0","N","","3","1","0","0","0","0","0","2","0","3","","","","N","","","","","","","","","",""
"2013004753","","2","0","0","0","0","0","0","0","0","1","0","55","02","12","2012","2","40.438899","-80.011323","","11","0","0","0","0","0","0","0","0","","0","0","0","","","2","","0","","40 26:20.038","","3","80 00:40.764","4","0","0","0","2301","0","0","0","N","0","0","0","4","68B03","2","","1.0","","9","N","N","","0","","0","0","0","","0","","","2","2","0","0","0","0","0","2","0","2","","","U","Y","4","2","N","N","N","Y","N","N","N",""
"2013003259","","0","0","0","0","0","0","0","0","0","7","0","","02","11","2012","4","40.500524","-80.124391","","11","0","0","0","0","0","0","0","0","","0","0","0","","","1","","0","","40 30:01.887","","0","80 07:27.809","3","0","0","0","2115","0","0","0","N","0","0","0","1","68B03","0","","4.0","","1","N","N","","0","","1","0","1","","0","","","1","1","1","0","0","0","0","2","0","1","","","","N","","","","","","","","","",""
"2013003059","","1","0","0","0","0","0","0","0","0","0","0","","02","12","2012","6","40.522571","-79.817214","","11","0","0","0","0","0","0","0","0","1","0","0","0","","","0","","0","","40 31:21.256","3","3","79 49:01.972","0","0","0","0","2466","0","0","0","N","0","0","0","1","68T02","0","","3.0","","9","N","N","","0","","0","0","0","","0","N","","1","0","1","0","0","0","0","2","0","1","","","","N","","","","","","","","","",""
"2013003260","","1","0","0","0","0","0","0","0","0","5","2","","02","12","2012","2","40.418857","-80.089498","","11","0","0","0","0","0","0","0","0","","0","2","0","","","1","","0","","40 25:07.886","","0","80 05:22.191","4","0","0","0","2457","0","0","0","N","0","0","0","3","68B03","1","","1.0","","9","N","N","","0","","0","0","0","","0","","","3","1","0","0","0","0","1","2","0","3","","","","N","","","","","","","","","",""
"2013003060","","0","0","0","0","0","0","0","0","0","7","0","","02","12","2012","2","40.655886","-80.076775","","11","0","0","0","0","0","1","0","0","2","0","0","0","","","1","","0","","40 39:21.188","3","0","80 04:36.391","4","0","0","0","2212","0","0","0","N","0","0","0","1","68T02","1","","3.0","","6","N","N","","0","","0","0","1","","0","N","","1","1","0","0","0","0","0","2","0","1","","","","N","","","","","","","","","",""
"2013003261","","0","0","0","0","0","0","0","0","0","7","0","","02","12","2012","7","40.427056","-80.292508","","11","0","0","0","0","0","0","0","0","1","0","0","0","","","1","","0","","40 25:37.400","3","0","80 17:33.028","8","0","0","0","2214","0","0","0","N","0","0","0","1","68B03","0","","2.0","","6","N","N","","0","","0","0","1","","0","N","","1","1","0","0","0","1","0","1","0","1","","","","N","","","","","","","","","",""