"CRN","ARRIVAL_TM","AUTOMOBILE_COUNT","BELTED_DEATH_COUNT","BELTED_SUSP_SERIOUS_INJ_COUNT","BICYCLE_COUNT","BICYCLE_DEATH_COUNT","BICYCLE_SUSP_SERIOUS_INJ_COUNT","BUS_COUNT","CHLDPAS_DEATH_COUNT","CHLDPAS_SUSP_SERIOUS_INJ_COUNT","COLLISION_TYPE","COMM_VEH_COUNT","CONS_ZONE_SPD_LIM","COUNTY","CRASH_MONTH","CRASH_YEAR","DAY_OF_WEEK","DEC_LATITUDE","DEC_LONGITUDE","DISPATCH_TM","DISTRICT","DRIVER_COUNT_16YR","DRIVER_COUNT_17YR","DRIVER_COUNT_18YR","DRIVER_COUNT_19YR","DRIVER_COUNT_20YR","DRIVER_COUNT_50_64YR","DRIVER_COUNT_65_74YR","DRIVER_COUNT_75PLUS","EST_HRS_CLOSED","FATAL_COUNT","HEAVY_TRUCK_COUNT","HORSE_BUGGY_COUNT","HOUR_OF_DAY","ILLUMINATION","INJURY_COUNT","INTERSECTION_RELATED","INTERSECT_TYPE","LANE_CLOSED","LATITUDE","LN_CLOSE_DIR","LOCATION_TYPE","LONGITUDE","MAX_SEVERITY_LEVEL","MCYCLE_DEATH_COUNT","MCYCLE_SUSP_SERIOUS_INJ_COUNT","MOTORCYCLE_COUNT","MUNICIPALITY","NONMOTR_COUNT","NONMOTR_DEATH_COUNT","NONMOTR_SUSP_SERIOUS_INJ_COUNT","NTFY_HIWY_MAINT","PED_COUNT","PED_DEATH_COUNT","PED_SUSP_SERIOUS_INJ_COUNT","PERSON_COUNT","POLICE_AGCY","POSSIBLE_INJ_COUNT","RDWY_SURF_TYPE_CD","RELATION_TO_ROAD","ROADWAY_CLEARED","ROAD_CONDITION","SCH_BUS_IND","SCH_ZONE_IND","SECONDARY_CRASH","SMALL_TRUCK_COUNT","SPEC_JURIS_CD","SUSP_MINOR_INJ_COUNT","SUSP_SERIOUS_INJ_COUNT","SUV_COUNT","TCD_FUNC_CD","TCD_TYPE","TFC_DETOUR_IND","TIME_OF_DAY","TOTAL_UNITS","TOT_INJ_COUNT","UNBELTED_OCC_COUNT","UNB_DEATH_COUNT","UNB_SUSP_SERIOUS_INJ_COUNT","UNK_INJ_DEG_COUNT","UNK_INJ_PER_COUNT","URBAN_RURAL","VAN_COUNT","VEHICLE_COUNT","WEATHER1","WEATHER2","WORKERS_PRES","WORK_ZONE_IND","WORK_ZONE_LOC","WORK_ZONE_TYPE","WZ_CLOSE_DETOUR","WZ_FLAGGER","WZ_LAW_OFFCR_IND","WZ_LN_CLOSURE","WZ_MOVING","WZ_OTHER","WZ_SHLDER_MDN","WZ_WORKERS_INJ_KILLED"
"2013004768","","0","0","0","0","0","0","0","0","0","7","0","","02","12","2012","4","40.650912","-79.724078","","11","0","0","0","0","0","0","0","0","3","0","0","0","","","0","","0","","40 39:03.284","2","0","79 43:26.680","0","0","0","0","2106","0","0","0","N","0","0","0","1","68D02","0","","5.0","","7","N","N","","0","","0","0","1","","0","N","","1","0","0","0","0","0","0","2","0","1","","","","N","","","","","","","","","",""
"2013004082","","0","0","0","0","0","0","0","0","0","1","1","","02","11","2012","6","40.442899","-79.838619","","11","0","0","0","0","0","0","1","0","","0","1","0","","","2","","0","","40 26:34.436","","0","79 50:19.027","4","0","0","0","2419","0","0","0","N","0","0","0","3","68B03","2","","1.0","","1","N","N","","0","","0","0","1","","0","","","3","2","0","0","0","0","0","2","1","3","","","","N","","","","","","","","","",""
"2013004083","","0","0","0","0","0","0","0","0","0","7","0","","02","12","2012","4","40.668309","-80.093833","","11","0","0","0","0","0","0","0","0","","0","0","0","","","0","","0","","40 40:05.911","","0","80 05:37.799","0","0","0","0","2212","0","0","0","Y","0","0","0","1","68D01","0","","2.0","","7","N","N","","0","","0","0","1","","0","","","1","0","0","0","0","0","0","2","0","1","","","","N","","","","","","","","","",""
"2013003266","","1","0","0","0","0","0","0","0","0","7","0","","02","12","2012","2","40.491033","-79.875062","","11","0","0","0","0","0","0","0","0","2","0","0","0","","","0","","0","","40 29:27.717","1","0","79 52:30.222","0","0","0","0","2112","0","0","0","Y","0","0","0","1","68D02","0","","5.0","","1","N","N","","0","","0","0","0","","0","Y","","1","0","1","0","0","0","0","2","0","1","","","","N","","","","","","","","","",""
"2013005436","","1","0","0","0","0","0","0","0","0","4","0","","02","12","2012","7","40.385399","-79.821905","","11","0","1","0","0","0","0","1","0","","0","0","0","","","0","","2","","40 23:07.436","","0","79 49:18.858","0","0","0","0","2111","0","0","0","N","0","0","0","3","02111","0","","1.0","","9","N","N","","0","","0","0","1","","3","","","2","0","0","0","0","0","0","2","0","2","","","","N","","","","","","","","","",""
"2013003823","","0","0","0","0","0","0","0","0","0","8","0","","02","12","2012","6","40.437961","-79.991059","","11","0","0","0","0","0","0","0","0","","0","0","0","","","1","","1","","40 26:16.659","","0","79 59:27.812","4","0","0","0","2301","1","0","0","N","1","0","0","2","67301","1","","1.0","","9","N","N","","0","","0","0","1","","2","","","2","1","0","0","0","0","0","2","0","1","","","","N","","","","","","","","","",""
"2013004735","","1","0","0","0","0","0","0","0","0","1","0","","02","12","2012","5","40.399534","-79.767507","","11","0","0","0","0","0","1","0","0","","0","0","0","","","0","","0","","40 23:58.322","","7","79 46:03.024","0","0","0","0","2446","0","0","0","N","0","0","0","2","02446","0","","1.0","","9","N","N","","1","","0","0","0","","0","","","2","0","0","0","0","0","0","2","0","2","","","","N","","","","","","","","","",""
"2013005538","","0","0","0","0","0","0","0","0","0","7","0","","02","12","2012","1","40.540277","-79.938432","","11","0","0","0","0","0","0","0","0","2","0","0","0","","","0","","2","","40 32:24.997","7","0","79 56:18.355","0","0","0","0","2118","0","0","0","N","0","0","0","2","02118","0","","5.0","","9","N","N","","0","","0","0","1","","3","Y","","1","0","1","0","0","0","0","2","0","1","","","","N","","","","","","","","","",""
"2013005468","","1","0","0","0","0","0","0","0","0","7","0","45","02","12","2012","1","40.4301","-79.883492","","11","0","0","0","0","0","0","0","0","2","0","1","0","","","1","","0","","40 25:48.360","4","0","79 53:00.571","4","0","0","0","2426","0","0","0","Y","0","0","0","1","68B03","1","","2.0","","1","N","N","","0","","0","0","0","","0","N","","2","1","1","0","0","0","0","2","0","2","","","Y","Y","4","1","N","N","N","Y","N","N","N",""
"2013038134","","2","0","0","0","0","0","0","0","0","6","0","","02","5","2012","1","40.354094","-80.100369","","11","0","0","0","1","0","0","0","0","1","0","0","0","","","0","","0","","40 21:14.737","3","0","80 06:01.329","0","0","0","0","2414","0","0","0","N","0","0","0","2","02414","0","","1.0","","1","N","N","","0","","0","0","0","","0","N","","2","0","0","0","0","0","0","2","0","2","","","","N","","","","","","","","","",""
"2013038135","","0","0","0","0","0","0","0","0","0","5","0","25","02","6","2012","6","40.357485","-80.112658","","11","0","0","0","0","1","0","0","0","","0","0","0","","","1","","2","","40 21:26.945","","0","80 06:45.568","4","0","0","1","2414","0","0","0","N","0","0","0","2","02414","1","","1.0","","1","N","N","","0","","0","0","1","","0","","","2","1","0","0","0","0","0","2","0","2","","","U","Y","4","1","","","N","","","","Y",""
"2013038136","","2","0","0","0","0","0","0","0","0","4","0","","02","8","2012","6","40.359147","-80.109525","","11","0","0","0","0","1","0","1","0","","0","0","0","","","0","","2","","40 21:32.929","","0","80 06:34.290","0","0","0","0","2414","0","0","0","N","0","0","0","2","02414","0","","1.0","","1","N","N","","0","","0","0","0","","3","","","2","0","0","0","0","0","0","2","0","2","","","","N","","","","","","","","","",""
"2013037841","","2","0","0","0","0","0","0","0","0","4","0","","02","6","2012","5","40.466368","-80.156771","","11","0","0","0","0","1","0","0","0","","0","0","0","","","0","","2","","40 27:58.925","","0","80 09:24.377","0","0","0","0","2115","0","0","0","N","0","0","0","2","02115","0","","1.0","","1","N","N","","0","","0","0","0","","3","","","2","0","0","0","0","0","0","2","0","2","","","","N","","","","","","","","","",""
"2013037842","","2","0","0","0","0","0","0","0","0","4","0","","02","6","2012","5","40.450121","-80.110165","","11","0","0","0","0","0","0","0","0","2","0","0","0","","","1","","1","","40 27:00.436","4","0","80 06:36.594","8","0","0","0","2115","0","0","0","N","0","0","0","3","02115","0","","1.0","","1","N","N","","0","","0","0","0","","2","N","","2","1","0","0","0","1","0","2","0","2","","","","N","","","","","","","","","",""
"2013037854","","0","0","0","0","0","0","0","0","0","4","0","","02","7","2012","7","40.439808","-80.152447","","11","0","0","0","0","0","1","1","0","2","0","0","0","","","0","","1","","40 26:23.308","3","0","80 09:08.810","0","0","0","0","2115","0","0","0","N","0","0","0","2","02115","0","","1.0","","1","N","N","","1","","0","0","1","","2","N","","2","0","0","0","0","0","0","2","0","2","","","","N","","","","","","","","","",""
"2013037843","","2","0","0","0","0","0","0","0","0","1","0","","02","6","2012","3","40.447565","-80.164908","","11","0","1","0","0","0","0","0","0","1","0","0","0","","","2","","3","","40 26:51.233","4","2","80 09:53.667","8","0","0","0","2115","0","0","0","N","0","0","0","4","02115","0","","1.0","","1","N","N","","0","","0","0","0","","4","N","","2","2","1","0","0","2","0","2","0","2","","","","N","","","","","","","","","",""
"2013037855","","0","0","0","0","0","0","0","0","0","1","0","","02","7","2012","7","40.44209","-80.157041","","11","0","1","0","0","0","1","0","0","1","0","0","0","","","1","","0","","40 26:31.525","3","0","80 09:25.349","4","0","0","0","2115","0","0","0","N","0","0","0","3","02115","1","","1.0","","9","N","N","","1","","0","0","2","","0","N","","3","1","0","0","0","0","0","2","0","3","","","","N","","","","","","","","","",""
"2013037844","","1","0","0","0","0","0","0","0","0","4","0","","02","6","2012","4","40.45071","-80.164617","","11","0","0","0","0","0","1","0","0","","0","0","0","","","2","","1","","40 27:02.556","","0","80 09:52.621","8","0","0","0","2115","0","0","0","N","0","0","0","3","02115","0","","1.0","","1","N","N","","0","","0","0","1","","3","","","2","2","0","0","0","2","0","2","0","2","","","","N","","","","","","","","","",""
"2013037856","","2","0","0","0","0","0","0","0","0","4","0","","02","7","2012","2","40.447031","-80.1584","","11","0","0","0","1","0","0","1","0","1","0","0","0","","","0","","0","","40 26:49.313","1","0","80 09:30.241","0","0","0","0","2115","0","0","0","N","0","0","0","2","02115","0","","1.0","","1","N","N","","0","","0","0","0","","8","N","","2","0","0","0","0","0","0","2","0","2","","","","N","","","","","","","","","",""
"2013037845","","2","0","0","0","0","0","0","0","0","4","0","","02","6","2012","4","40.450121","-80.110165","","11","0","0","0","0","0","0","0","0","","0","0","0","","","1","","1","","40 27:00.436","","0","80 06:36.594","4","0","0","0","2115","0","0","0","N","0","0","0","2","02115","1","","1.0","","1","N","N","","0","","0","0","0","","2","","","2","1","0","0","0","0","0","2","0","2","","","","N","","","","","","","","","",""
"2013037857","","2","0","0","0","0","0","0","0","0","1","0","","02","11","2012","5","40.424052","-80.103422","","11","0","0","0","0","0","1","0","1","","0","0","0","","","0","","2","","40 25:26.587","","0","80 06:12.319","0","0","0","0","2115","0","0","0","N","0","0","0","3","02115","0","","1.0","","9","N","N","","0","","0","0","0","","0","","","2","0","0","0","0","0","0","2","0","2","","","","N","","","","","","","","","",""
"2013037846","","0","0","0","0","0","0","0","0","0","1","0","","02","6","2012","7","40.425692","-80.12033","","11","0","0","0","0","0","1","0","0","1","0","0","0","","","0","","2","","40 25:32.491","3","0","80 07:13.188","0","0","0","0","2115","0","0","0","N","0","0","0","4","02115","0","","1.0","","1","N","N","","1","","0","0","1","","0","N","","2","0","0","0","0","0","0","2","0","2","","","","N","","","","","","","","","",""
"2013037858","","1","0","0","0","0","0","0","0","0","7","0","","02","1","2012","5","40.468092","-80.234936","","11","0","0","0","1","0","0","0","0","1","0","0","0","","","1","","0","","40 28:05.130","4","0","80 14:05.770","3","0","0","0","2213","0","0","0","N","0","0","0","1","02213","0","","1.0","","9","N","N","","0","","1","0","0","","0","N","","1","1","0","0","0","0","0","2","0","1","","","","N","","","","","","","","","",""
"2013037847","","2","0","0","0","0","0","0","0","0","1","0","","02","7","2012","2","40.504165","-80.141988","","11","0","0","0","0","0","1","0","0","","0","0","0","","","0","","0","","40 30:14.993","","0","80 08:31.155","0","0","0","0","2115","0","0","0","N","0","0","0","2","02115","0","","1.0","","1","N","N","","0","","0","0","0","","0","","","2","0","0","0","0","0","0","2","0","2","","","","N","","","","","","","","","",""
"2013037859","","2","0","0","0","0","0","0","0","0","4","0","","02","2","2012","6","40.508146","-80.25077","","11","0","0","0","0","1","1","0","0","2","0","0","0","","","3","","2","","40 30:29.325","2","0","80 15:02.771","4","0","0","0","2213","0","0","0","N","0","0","0","3","02213","3","","1.0","","9","N","N","","0","","0","0","0","","3","N","","2","3","0","0","0","0","0","2","0","2","","","","N","","","","","","","","","",""
"2013037848","","2","0","0","0","0","0","0","0","0","1","0","","02","7","2012","6","40.447379","-80.165271","","11","0","0","0","0","0","1","0","0","2","0","0","0","","","0","","0","","40 26:50.565","3","0","80 09:54.974","0","0","0","0","2115","0","0","0","N","0","0","0","3","02115","0","","1.0","","1","N","N","","0","","0","0","1","","2","N","","3","0","0","0","0","0","0","2","0","3","","","","N","","","","","","","","","",""
"2013037860","","3","0","0","0","0","0","0","0","0","1","0","","02","4","2012","2","40.510148","-80.201618","","11","0","0","0","0","0","0","1","0","","0","0","0","","","0","","0","","40 30:36.532","","0","80 12:05.825","0","0","0","0","2213","0","0","0","N","0","0","0","3","02213","0","","1.0","","1","N","N","","0","","0","0","0","","0","","","3","0","0","0","0","0","0","2","0","3","","","","N","","","","","","","","","",""
"2013037849","","0","0","0","0","0","0","0","0","0","4","0","","02","7","2012","6","40.452053","-80.133863","","11","0","0","0","0","0","0","0","0","","0","0","0","","","1","","1","","40 27:07.390","","0","80 08:01.906","8","0","0","0","2115","0","0","0","N","0","0","0","2","02115","0","","1.0","","1","N","N","","0","","0","0","1","","2","","","2","1","0","0","0","1","0","2","1","2","","","","N","","","","","","","","","",""
"2013037861","","2","0","0","0","0","0","0","0","0","2","0","","02","7","2012","4","40.515982","-80.219784","","11","0","0","0","0","0","1","0","1","","0","0","0","","","2","","5","","40 30:57.536","","0","80 13:11.221","4","0","0","0","2213","0","0","0","N","0","0","0","2","02213","2","","1.0","","1","N","N","","0","","0","0","0","","0","","","2","2","0","0","0","0","0","2","0","2","","","","N","","","","","","","","","",""
"2013037850","","1","0","0","0","0","0","0","0","0","1","0","","02","7","2012","2","40.504748","-80.144193","","11","0","0","0","0","0","1","0","0","2","0","0","0","","","0","","0","","40 30:17.091","5","3","80 08:39.094","0","0","0","0","2115","0","0","0","N","0","0","0","3","02115","0","","1.0","","1","N","N","","0","","0","0","2","","0","N","","3","0","0","0","0","0","0","2","0","3","","","","N","","","","","","","","","",""
"2013037862","","2","0","0","0","0","0","0","0","0","5","0","","02","7","2012","6","40.505708","-80.147225","","11","0","0","0","0","0","2","0","0","","0","0","0","","","0","","2","","40 30:20.549","","0","80 08:50.010","0","0","0","0","2213","0","0","0","N","0","0","0","2","02213","0","","1.0","","1","N","N","","0","","0","0","0","","0","","","2","0","0","0","0","0","0","2","0","2","","","","N","","","","","","","","","",""
"2013037851","","1","0","0","0","0","0","0","0","0","4","0","","02","7","2012","5","40.446911","-80.167755","","11","0","0","0","1","0","1","0","0","2","0","0","0","","","0","","2","","40 26:48.878","3","0","80 10:03.918","0","0","0","0","2115","0","0","0","N","0","0","0","2","02115","0","","1.0","","1","N","N","","0","","0","0","1","","2","N","","2","0","0","0","0","0","0","2","0","2","","","","N","","","","","","","","","",""
"2013037863","","1","0","0","0","0","0","0","0","0","7","0","","02","7","2012","2","40.49701","-80.201654","","11","0","0","0","0","0","0","0","0","1","0","0","0","","","1","","0","","40 29:49.235","4","0","80 12:05.953","3","0","0","0","2213","0","0","0","N","0","0","0","1","02213","0","","4.0","","1","N","N","","0","","1","0","0","","0","N","","1","1","0","0","0","0","0","2","0","1","","","","N","","","","","","","","","",""
"2013037852","","2","0","0","0","0","0","0","0","0","6","0","","02","7","2012","1","40.449576","-80.125571","","11","0","0","0","0","0","0","1","0","","0","0","0","","","1","","1","","40 26:58.474","","0","80 07:32.054","4","0","0","0","2115","0","0","0","N","0","0","0","3","02115","1","","1.0","","1","N","N","","0","","0","0","0","","2","","","2","1","0","0","0","0","0","2","0","2","","","","N","","","","","","","","","",""
"2013037864","","0","0","0","0","0","0","0","0","0","4","0","","02","8","2012","7","40.529081","-80.187095","","11","0","0","0","0","0","1","0","0","","0","0","0","","","0","","2","","40 31:44.693","","3","80 11:13.541","0","0","0","0","2213","0","0","0","N","0","0","0","2","02213","0","","1.0","","1","N","N","","1","","0","0","1","","2","","","2","0","0","0","0","0","0","2","0","2","","","","N","","","","","","","","","",""
"2013037853","","2","0","0","0","0","0","0","0","0","1","0","","02","7","2012","3","40.465982","-80.137681","","11","0","0","1","1","0","1","0","0","","0","0","0","","","0","","1","","40 27:57.535","","0","80 08:15.651","0","0","0","0","2115","0","0","0","N","0","0","0","6","02115","0","","1.0","","1","N","N","","0","","0","0","2","","2","","","4","0","0","0","0","0","0","2","0","4","","","","N","","","","","","","","","",""
"2013037865","","2","0","0","0","0","0","0","0","0","4","0","","02","8","2012","4","40.533262","-80.229416","","11","0","0","0","1","0","0","0","0","","0","0","0","","","0","","0","","40 31:59.742","","0","80 13:45.898","0","0","0","0","2213","0","0","0","N","0","0","0","1","02213","0","","5.0","","1","N","N","","0","","0","0","0","","0","","","2","0","0","0","0","0","0","2","0","2","","","","N","","","","","","","","","",""
"2013037866","","0","0","0","0","0","0","0","0","0","4","0","","02","8","2012","4","40.472524","-80.166907","","11","0","0","0","0","0","0","0","0","2","0","0","0","","","1","","1","","40 28:21.086","4","0","80 10:00.865","3","0","0","1","2213","0","0","0","N","0","0","0","2","02213","0","","1.0","","1","N","N","","0","","1","0","1","","3","N","","2","1","0","0","0","0","0","2","0","2","","","","N","","","","","","","","","",""
"2013037868","","1","0","0","0","0","0","0","0","0","4","0","","02","9","2012","3","40.525518","-80.224473","","11","0","0","0","0","0","0","0","2","1","0","0","0","","","0","","2","","40 31:31.865","1","0","80 13:28.103","0","0","0","0","2213","0","0","0","N","0","0","0","2","02213","0","","1.0","","1","N","N","","0","","0","0","0","","2","N","","2","0","0","0","0","0","0","2","1","2","","","","N","","","","","","","","","",""
"2013037869","","1","0","0","0","0","0","0","0","0","4","0","","02","9","2012","5","40.50584","-80.223078","","11","0","0","0","0","0","1","0","0","","0","0","0","","","1","","2","","40 30:21.024","","0","80 13:23.082","4","0","0","0","2213","0","0","0","N","0","0","0","2","02213","1","","1.0","","1","N","N","","1","","0","0","0","","3","","","2","1","0","0","0","0","0","2","0","2","","","","N","","","","","","","","","",""
"2013037870","","1","0","0","0","0","0","0","0","0","1","0","","02","9","2012","4","40.513194","-80.222323","","11","0","0","0","0","0","0","0","0","1","0","0","0","","","1","","0","","40 30:47.497","1","0","80 13:20.363","8","0","0","0","2213","0","0","0","N","0","0","0","2","02213","0","","1.0","","9","N","N","","0","","0","0","1","","0","N","","2","1","0","0","0","1","0","2","0","2","","","","N","","","","","","","","","",""
"2013037871","","2","0","0","0","0","0","0","0","0","4","0","","02","9","2012","7","40.522518","-80.224318","","11","0","0","0","0","0","0","0","0","1","0","0","0","","","2","","2","","40 31:21.063","4","0","80 13:27.543","4","0","0","0","2213","0","0","0","N","0","0","0","2","02213","2","","2.0","","1","N","N","","0","","0","0","0","","3","N","","2","2","0","0","0","0","0","2","0","2","","","","N","","","","","","","","","",""
"2013037872","","1","0","0","0","0","0","0","0","0","4","0","","02","10","2012","3","40.498626","-80.207815","","11","0","0","0","0","0","0","0","0","2","0","0","0","","","1","","1","","40 29:55.053","3","0","80 12:28.134","8","0","0","0","2213","0","0","0","N","0","0","0","3","02213","0","","1.0","","1","N","N","","0","","0","0","2","","3","N","","3","1","0","0","0","1","0","2","0","3","","","","N","","","","","","","","","",""
"2013037873","","1","0","0","0","0","0","0","0","0","1","0","","02","10","2012","6","40.523137","-80.216734","","11","0","0","1","0","0","0","0","0","2","0","0","0","","","1","","0","","40 31:23.294","1","0","80 13:00.243","4","0","0","0","2213","0","0","0","N","0","0","0","4","02213","1","","1.0","","1","N","N","","1","","0","0","0","","0","N","","2","1","0","0","0","0","0","2","0","2","","","","N","","","","","","","","","",""
"2013037875","","1","0","0","0","0","0","0","0","0","1","1","","02","12","2012","3","40.456772","-80.177054","","11","0","0","0","0","0","2","0","0","1","0","0","0","","","1","","0","","40 27:24.380","6","0","80 10:37.396","4","0","0","0","2213","0","0","0","N","0","0","0","2","02213","1","","1.0","","1","N","N","","0","","0","0","0","","0","N","","2","1","0","0","0","0","0","2","1","2","","","","N","","","","","","","","","",""
"2013037876","","1","0","0","0","0","0","0","0","0","7","0","","02","12","2012","4","40.52174","-80.191136","","11","0","0","0","0","0","0","0","0","1","0","0","0","","","0","","0","","40 31:18.263","3","0","80 11:28.088","0","0","0","0","2213","0","0","0","N","0","0","0","1","02213","0","","2.0","","7","N","N","","0","","0","0","0","","0","N","","1","0","0","0","0","0","0","2","0","1","","","","N","","","","","","","","","",""
"2013037877","","1","0","0","0","0","0","0","0","0","0","0","","02","12","2012","2","40.497179","-80.207996","","11","0","0","0","0","0","0","0","0","","0","0","0","","","1","","3","","40 29:49.846","","2","80 12:28.786","4","0","0","0","2213","0","0","0","N","0","0","0","3","02213","1","","1.0","","9","N","N","","0","","0","0","0","","3","","","1","1","1","0","0","0","0","2","0","1","","","","N","","","","","","","","","",""
"2013037837","","2","0","0","0","0","0","0","0","0","4","0","","02","8","2012","3","40.582227","-80.062891","","11","0","0","1","1","0","0","0","0","1","0","0","0","","","0","","1","","40 34:56.017","5","0","80 03:46.409","0","0","0","0","2108","0","0","0","N","0","0","0","2","02108","0","","1.0","","1","N","N","","0","","0","0","0","","3","N","","2","0","0","0","0","0","0","2","0","2","","","","N","","","","","","","","","",""
"2013037840","","1","0","0","0","0","0","0","0","0","4","0","","02","6","2012","5","","","","11","0","0","0","0","0","0","0","0","","0","0","0","","","0","","2","","","","0","","0","0","0","0","2115","0","0","0","N","0","0","0","2","02115","0","","1.0","","1","N","N","","0","","0","0","1","","3","","","2","0","0","0","0","0","0","1","0","2","","","","N","","","","","","","","","",""
"2013038566","","1","0","0","0","0","0","0","0","0","4","0","","02","7","2012","5","40.517953","-80.219519","","11","0","0","0","0","0","1","0","1","","0","0","0","","","0","","2","","40 31:04.629","","0","80 13:10.268","0","0","0","0","2213","0","0","0","N","0","0","0","2","02213","0","","1.0","","1","N","N","","0","","0","0","1","","0","","","2","0","0","0","0","0","0","2","0","2","","","","N","","","","","","","","","",""
"2013038567","","2","0","0","0","0","0","0","0","0","1","0","","02","7","2012","6","40.523433","-80.177076","","11","0","0","0","0","0","1","0","1","","0","0","0","","","2","","1","","40 31:24.358","","0","80 10:37.474","4","0","0","0","2213","0","0","0","N","0","0","0","2","02213","2","","1.0","","9","N","N","","0","","0","0","0","","2","","","2","2","0","0","0","0","0","2","0","2","","","","N","","","","","","","","","",""
"2013038568","","2","0","0","0","0","0","0","0","0","1","0","","02","7","2012","3","40.456358","-80.179792","","11","0","0","0","0","0","0","0","0","","0","0","0","","","0","","0","","40 27:22.887","","0","80 10:47.250","0","0","0","0","2213","0","0","0","N","0","0","0","2","02213","0","","1.0","","1","N","N","","0","","0","0","0","","0","","","2","0","0","0","0","0","0","2","0","2","","","","N","","","","","","","","","",""
"2013038569","","1","0","0","0","0","0","0","0","0","8","0","","02","7","2012","3","40.512918","-80.226762","","11","0","0","0","0","0","0","0","0","","0","0","0","","","1","","0","","40 30:46.504","","0","80 13:36.344","3","0","0","0","2213","1","0","0","N","1","0","0","2","02213","0","","2.0","","1","N","N","","0","","1","0","0","","0","","","2","1","0","0","0","0","0","2","0","1","","","","N","","","","","","","","","",""
"2013038576","","1","0","0","0","0","0","0","0","0","7","0","","02","7","2012","5","40.350073","-80.030274","","11","0","0","1","0","0","0","0","0","","0","0","0","","","1","","0","","40 21:00.262","","0","80 01:48.986","8","0","0","0","2407","0","0","0","N","0","0","0","1","02407","0","","4.0","","1","N","N","","0","","0","0","0","","0","","","1","1","0","0","0","1","0","2","0","1","","","","N","","","","","","","","","",""
"2013028075","","1","0","0","0","0","0","0","0","0","7","0","","02","12","2012","1","40.476616","-80.067455","","11","0","0","0","0","0","0","0","0","","0","0","0","","","0","","0","","40 28:35.819","","4","80 04:02.838","0","0","0","0","2122","0","0","0","N","0","0","0","1","02122","0","","2.0","","9","N","N","","0","","0","0","0","","0","","","1","0","0","0","0","0","0","2","0","1","","","","N","","","","","","","","","",""
"2013023923","","1","0","0","0","0","0","0","0","0","2","0","","02","12","2012","4","40.37741","-80.139936","","11","0","0","0","0","0","0","0","0","2","0","0","0","","","2","","2","","40 22:38.676","4","0","80 08:23.769","4","0","0","0","2102","0","0","0","N","0","0","0","2","02102","2","","1.0","","9","N","N","","1","","0","0","0","","0","N","","2","2","0","0","0","0","0","2","0","2","","","","N","","","","","","","","","",""
"2013023963","","1","0","0","0","0","0","0","0","0","4","0","","02","3","2012","6","40.516312","-80.197355","","11","0","0","0","0","0","1","0","0","1","0","0","0","","","0","","2","","40 30:58.723","6","0","80 11:50.478","0","0","0","0","2213","0","0","0","N","0","0","0","3","02213","0","","1.0","","1","N","N","","1","","0","0","0","","3","N","","2","0","0","0","0","0","0","2","0","2","","","","N","","","","","","","","","",""
"2013023964","","1","0","0","0","0","0","0","0","0","4","0","","02","4","2012","4","40.501996","-80.204806","","11","0","0","0","0","0","1","0","0","","0","0","0","","","0","","1","","40 30:07.184","","0","80 12:17.303","0","0","0","0","2213","0","0","0","N","0","0","0","2","02213","0","","1.0","","1","N","N","","0","","0","0","1","","3","","","2","0","0","0","0","0","0","2","0","2","","","","N","","","","","","","","","",""
"2013023965","","1","0","0","0","0","0","0","0","0","4","0","","02","4","2012","6","40.499908","-80.219358","","11","0","0","0","0","0","1","0","0","2","0","0","0","","","2","","1","","40 29:59.669","4","0","80 13:09.690","3","0","0","0","2213","0","0","0","N","0","0","0","2","02213","1","","1.0","","1","N","N","","0","","1","0","0","","2","N","","2","2","0","0","0","0","0","2","1","2","","","","N","","","","","","","","","",""
"2012109296","1109","1","0","0","0","0","0","0","0","0","7","0","","02","11","2012","5","40.514441","-79.90618","1105","11","0","0","0","0","0","1","0","0","","0","0","0","","","1","","0","","40 30:51.987","","0","79 54:22.248","3","0","0","0","2432","0","0","0","N","0","0","0","1","02432","0","","2.0","","9","N","N","","0","","1","0","0","","0","","","1","1","0","0","0","0","0","2","0","1","","","","N","","","","","","","","","",""
"2016044404","1413","0","0","0","0","0","0","0","0","0","6","1","","02","11","2012","6","40.397778","-80.185486","1406","11","0","0","0","0","0","1","0","0","","0","1","0","","","0","","0","","40 23:51.999","","0","80 11:07.749","0","0","0","0","2450","0","0","0","N","0","0","0","2","02450","0","","1.0","","1","N","N","","0","","0","0","1","","0","","","2","0","0","0","0","0","0","2","0","2","","","","N","","","","","","","","","",""
"2017012786","1618","1","0","0","0","0","0","0","0","0","1","0","","02","8","2012","6","40.383385","-80.014959","1615","11","0","0","0","0","0","0","0","0","","0","0","0","","","0","","0","","40 23:00.185","","0","80 00:53.853","0","0","0","0","2101","0","0","0","","0","0","0","2","02101","0","","1.0","","1","N","N","","0","","0","0","1","","0","","","2","0","0","0","0","0","0","2","0","2","","","","N","","","","","","","","","",""
"2012109953","1212","1","0","0","0","0","0","0","0","0","6","0","","02","11","2012","5","40.527983","-80.244863","1206","11","0","0","0","0","0","0","1","0","1","0","0","0","","","0","","0","","40 31:40.737","4","0","80 14:41.505","0","0","0","0","2213","0","0","0","N","0","0","0","6","02213","0","","1.0","","9","N","N","","0","","0","0","1","","0","N","","2","0","0","0","0","0","0","2","0","2","","","","N","","","","","","","","","",""